keyword,impressions,category,month
cars24,566341,Cars24,2026-09
cars 24,195193,Cars24,2026-09
car 24,120515,Cars24,2026-09
car24,116739,Cars24,2026-09
cars24 challan,39201,Cars24 Challan,2026-09
car24 challan,22616,Cars24 Challan,2026-09
car 24 challan,16400,Cars24 Challan,2026-09
cars24 challan check,10459,Cars24 Challan,2026-09
e challan cars24,9628,Cars24 Challan,2026-09
cars24 pune,9208,Cars24 Cities,2026-09
cars 24 challan,8588,Cars24 Challan,2026-09
cars24 near me,7809,Cars24 Cities,2026-09
cars24 chennai,7642,Cars24 Cities,2026-09
cars24 ahmedabad,7566,Cars24 Cities,2026-09
car24 challan check,5929,Cars24 Challan,2026-09
cars24 bangalore,5831,Cars24 Cities,2026-09
cars 24 near me,5359,Cars24 Cities,2026-09
cars24 customer care number,5092,Cars24 Customer Care,2026-09
car 24 challan check,4762,Cars24 Challan,2026-09
24 cars,4612,Cars24,2026-09
cars24 hyderabad,4408,Cars24 Cities,2026-09
cars24 lucknow,3808,Cars24 Cities,2026-09
cars24 coimbatore,3733,Cars24 Cities,2026-09
cars 24 pune,3594,Cars24 Cities,2026-09
cars24 mumbai,3492,Cars24 Cities,2026-09
car 24 near me,3424,Cars24 Cities,2026-09
cars 24 chennai,3407,Cars24 Cities,2026-09
cars24 customer care,3257,Cars24 Customer Care,2026-09
cars24 jaipur,3143,Cars24 Cities,2026-09
cars 24 bangalore,3106,Cars24 Cities,2026-09
echallan cars24,3023,Cars24 Challan,2026-09
cars24 surat,2975,Cars24 Cities,2026-09
cars24 indore,2896,Cars24 Cities,2026-09
cars24 customer care mobile number,2893,Cars24 Customer Care,2026-09
cars 24 hyderabad,2864,Cars24 Cities,2026-09
cars24 patna,2820,Cars24 Cities,2026-09
car24 near me,2803,Cars24 Cities,2026-09
car 24 ahmedabad,2691,Cars24 Cities,2026-09
cars24 customer care toll free number,2638,Cars24 Customer Care,2026-09
car 24 customer care number,2544,Cars24 Customer Care,2026-09
cars 24 ahmedabad,2542,Cars24 Cities,2026-09
car24 customer care number,2505,Cars24 Customer Care,2026-09
cars24 e challan,2419,Cars24 Challan,2026-09
cars 24 customer care number,2392,Cars24 Customer Care,2026-09
car 24 lucknow,2338,Cars24 Cities,2026-09
car 24 pune,2332,Cars24 Cities,2026-09
challan cars24,2309,Cars24 Challan,2026-09
cars 24 mumbai,2229,Cars24 Cities,2026-09
car24 ahmedabad,2221,Cars24 Cities,2026-09
cars24 delhi,2212,Cars24 Cities,2026-09
cars24 customer care toll free number india 24x7 delhi,2195,Cars24 Customer Care,2026-09
car 24 delhi,2176,Cars24 Cities,2026-09
cars24 kolkata,2169,Cars24 Cities,2026-09
cars24 vadodara,2142,Cars24 Cities,2026-09
cars 24 coimbatore,2094,Cars24 Cities,2026-09
cars 24 customer care,2071,Cars24 Customer Care,2026-09
cars24 nagpur,1967,Cars24 Cities,2026-09
cars24 head office contact number,1915,Cars24 Customer Care,2026-09
car 24 jaipur,1832,Cars24 Cities,2026-09
car 24.com,1779,Cars24,2026-09
24 car,1754,Cars24,2026-09
cars24 gurgaon,1741,Cars24 Cities,2026-09
car24 lucknow,1677,Cars24 Cities,2026-09
car 24 patna,1609,Cars24 Cities,2026-09
cars 24 jaipur,1606,Cars24 Cities,2026-09
cars 24 lucknow,1581,Cars24 Cities,2026-09
cars24 kochi,1578,Cars24 Cities,2026-09
car 24 mumbai,1572,Cars24 Cities,2026-09
cars24 axle,1557,Cars24 Buy,2026-09
cars24 pdi,1537,PDI,2026-09
cars24 careers,1522,Others,2026-09
car24 delhi,1522,Cars24 Cities,2026-09
car24 pune,1520,Cars24 Cities,2026-09
cars 24 delhi,1501,Cars24 Cities,2026-09
car 24 indore,1486,Cars24 Cities,2026-09
ecco 2024 car price,1482,Cars24 Buy,2026-09
car24 patna,1409,Cars24 Cities,2026-09
cars24 rajkot,1346,Cars24 Cities,2026-09
car24 jaipur,1327,Cars24 Cities,2026-09
car 24 customer care,1277,Cars24 Customer Care,2026-09
cars 24 patna,1256,Cars24 Cities,2026-09
cars24 customer care toll free number india 24x7,1245,Cars24 Customer Care,2026-09
cars 24 check challan,1230,Cars24 Challan,2026-09
cars 24 indore,1167,Cars24 Cities,2026-09
cars24 chandigarh,1165,Cars24 Cities,2026-09
cars24 check challan,1154,Cars24 Challan,2026-09
carz 24,1136,Cars24,2026-09
car 24 surat,1115,Cars24 Cities,2026-09
cars24 kompally,1112,Cars24 Cities,2026-09
cars24 sell car,1102,Cars24 Sell,2026-09
car 24 chalan,1053,Cars24 Challan,2026-09
cars 24 surat,1053,Cars24 Cities,2026-09
cars 24 nagpur,1049,Cars24 Cities,2026-09
cars 24 gurgaon,1047,Cars24 Cities,2026-09
car24 indore,1031,Cars24 Cities,2026-09
challancheck car 24,1029,Cars24 Challan,2026-09
car24 mumbai,998,Cars24 Cities,2026-09
car 24 chandigarh,990,Cars24 Cities,2026-09
cars24 bhopal,961,Cars24 Cities,2026-09
cars24 noida,946,Cars24 Cities,2026-09
cars24 contact number,937,Cars24 Customer Care,2026-09
cars24 jakkur,931,Cars24 Cities,2026-09
car 24 gurgaon,925,Cars24 Cities,2026-09
car 24 e challan,901,Cars24 Challan,2026-09
cars24 faridabad,899,Cars24 Cities,2026-09
car24 chennai,897,Cars24 Cities,2026-09
cars24 india,884,Cars24,2026-09
cars 24 kolkata,882,Cars24 Cities,2026-09
car24 surat,880,Cars24 Cities,2026-09
car24 e challan,868,Cars24 Challan,2026-09
cars24 valuation,845,Cars24 Sell,2026-09
car 24 nagpur,836,Cars24 Cities,2026-09
cars24 helpline number,835,Cars24 Customer Care,2026-09
car24 bangalore,832,Cars24 Cities,2026-09
cars24 agra,819,Cars24 Cities,2026-09
cars24 customer care toll free number india 24x7 delhi just,818,Cars24 Customer Care,2026-09
car24 hyderabad,795,Cars24 Cities,2026-09
car 24 noida,785,Cars24 Cities,2026-09
cars 24 vadodara,784,Cars24 Cities,2026-09
car 24 bhopal,776,Cars24 Cities,2026-09
cars24 thiruverkadu,763,Cars24 Cities,2026-09
challan check cars24,746,Cars24 Challan,2026-09
cars 24 chandigarh,746,Cars24 Cities,2026-09
cars24 login,744,Others,2026-09
car 24 hyderabad,737,Cars24 Cities,2026-09
car 24 vadodara,737,Cars24 Cities,2026-09
cars 24 pdi,732,PDI,2026-09
challan check car 24,725,Cars24 Challan,2026-09
cars24 challan payment,724,Cars24 Challan,2026-09
cars24 nashik,720,Cars24 Cities,2026-09
cars24 vizag,716,Cars24 Cities,2026-09
cars 24 noida,715,Cars24 Cities,2026-09
car24 customer care,697,Cars24 Customer Care,2026-09
car 24 kolkata,675,Cars24 Cities,2026-09
cars24 buy car,669,Cars24 Buy,2026-09
cars24 kanpur,666,Cars24 Cities,2026-09
cars24 used cars,661,Cars24 Buy,2026-09
cars24 sholinganallur,647,Cars24 Cities,2026-09
cars24 ghaziabad,647,Cars24 Cities,2026-09
car 24 bangalore,646,Cars24 Cities,2026-09
cars24 naroda,643,Cars24 Cities,2026-09
cars24 dehradun,623,Cars24 Cities,2026-09
cars24 review,623,Others,2026-09
car 24 used car,619,Cars24 Buy,2026-09
cars24 bhubaneswar,617,Cars24 Cities,2026-09
cara 24,610,Cars24,2026-09
cars 24 kochi,591,Cars24 Cities,2026-09
car24 challan payment,585,Cars24 Challan,2026-09
car24 used car,584,Cars24 Buy,2026-09
cars24 tathawade pune,581,Cars24 Cities,2026-09
cars24 ranchi,579,Cars24 Cities,2026-09
cars 24 faridabad,574,Cars24 Cities,2026-09
car24 vadodara,573,Cars24 Cities,2026-09
car24 kolkata,566,Cars24 Cities,2026-09
cars 24 helpline number,564,Cars24 Customer Care,2026-09
car 24 sell car,560,Cars24 Sell,2026-09
cars 24 tathawade,554,Cars24 Cities,2026-09
cars24.com,552,Cars24,2026-09
car24 sell car,538,Cars24 Sell,2026-09
cars 24 e challan,537,Cars24 Challan,2026-09
car24 nagpur,536,Cars24 Cities,2026-09
car 24 rajkot,536,Cars24 Cities,2026-09
cars24 customer care toll free number india,535,Cars24 Customer Care,2026-09
traffic challan cars24,533,Cars24 Challan,2026-09
cars 24 bhopal,527,Cars24 Cities,2026-09
card24,525,Cars24,2026-09
cars24 loan customer care number,518,Cars24 Customer Care,2026-09
e challan car24,510,Cars24 Challan,2026-09
cars24.com challan,507,Cars24 Challan,2026-09
car24 kochi,503,Cars24 Cities,2026-09
cars24 owner,503,Cars24,2026-09
cars 24 contact number,500,Cars24 Customer Care,2026-09
cars24 raipur,496,Cars24 Cities,2026-09
car24 check challan,483,Cars24 Challan,2026-09
car 24 dehradun,483,Cars24 Cities,2026-09
car24 rajkot,478,Cars24 Cities,2026-09
check challan car 24,474,Cars24 Challan,2026-09
cars24 kakkanad,472,Cars24 Cities,2026-09
cars24 mysore,470,Cars24 Cities,2026-09
cars 24 sell car,467,Cars24 Sell,2026-09
cars24 thane,453,Cars24 Cities,2026-09
cars24 app,453,Cars24,2026-09
car 24 contact number,449,Cars24 Customer Care,2026-09
cars24 guwahati,448,Cars24 Cities,2026-09
cars24 bachupally,448,Cars24 Cities,2026-09
car24 used cars,440,Cars24 Buy,2026-09
challan car 24,438,Cars24 Challan,2026-09
cars24 showroom near me,422,Cars24 Cities,2026-09
cars 24 used car,412,Cars24 Buy,2026-09
car 24 chennai,411,Cars24 Cities,2026-09
cars24 dombivli,410,Cars24 Cities,2026-09
cars24 office gurgaon,407,Cars24 Cities,2026-09
cars24 vijayawada,398,Cars24 Cities,2026-09
cars 24 thiruverkadu,398,Cars24 Cities,2026-09
check challan cars24,397,Cars24 Challan,2026-09
car24 contact number,396,Cars24 Customer Care,2026-09
cars 24 kakkanad,390,Cars24 Cities,2026-09
cars 24 careers,384,Others,2026-09
car 24 helpline number,383,Cars24 Customer Care,2026-09
cars24 complaint number,381,Cars24 Customer Care,2026-09
car 24 agra,380,Cars24 Cities,2026-09
cars 24 rajkot,378,Cars24 Cities,2026-09
cars24 customer care number delhi,375,Cars24 Customer Care,2026-09
cars 24 owner,371,Cars24,2026-09
car24 gurgaon,370,Cars24 Cities,2026-09
cars 24 jakkur,367,Cars24 Cities,2026-09
cars 24 dehradun,363,Cars24 Cities,2026-09
cars24 ludhiana,360,Cars24 Cities,2026-09
cars 24 showroom near me,359,Cars24 Cities,2026-09
cars24 vehicle details,358,Others,2026-09
cars24 toll free number,357,Cars24 Customer Care,2026-09
car 24 ranchi,357,Cars24 Cities,2026-09
car24 bhopal,357,Cars24 Cities,2026-09
cars24 udaipur,355,Cars24 Cities,2026-09
cars24 mohali,353,Cars24 Cities,2026-09
cars 24 vizag,353,Cars24 Cities,2026-09
cars24 customer care number india,351,Cars24 Customer Care,2026-09
cars 24 kompally,350,Cars24 Cities,2026-09
car 24 challan status,347,Cars24 Challan,2026-09
24 cars challan,345,Cars24 Challan,2026-09
cars 24 nashik,344,Cars24 Cities,2026-09
cars24 used car,344,Cars24 Buy,2026-09
e challan 24 car,339,Cars24 Challan,2026-09
cars24 jodhpur,336,Cars24 Cities,2026-09
cars24 traffic challan,332,Cars24 Challan,2026-09
24 car challan,332,Cars24 Challan,2026-09
cars24 founder,331,Cars24,2026-09
car 24 kanpur,328,Cars24 Cities,2026-09
cars24 office near me,328,Cars24 Cities,2026-09
cars24 ahmedabad contact number,324,Cars24 Customer Care,2026-09
cars 24 trichy,322,Cars24 Cities,2026-09
cars24 echallan,315,Cars24 Challan,2026-09
car 24 second hand car,314,Cars24 Buy,2026-09
cars24 vadapalani,314,Cars24,2026-09
cars24 ceo,314,Cars24,2026-09
cars24 customer care toll free number india 24x7 near pune,310,Cars24 Customer Care,2026-09
cars24 second hand car,298,Cars24 Buy,2026-09
cars24 meerut,297,Cars24 Cities,2026-09
cars24 uae,296,Cars24,2026-09
cars24 tathawade,296,Cars24 Cities,2026-09
cars24 rajouri garden,296,Cars24 Cities,2026-09
car24 helpline number,294,Cars24 Customer Care,2026-09
car24 ranchi,294,Cars24 Cities,2026-09
car 24 coimbatore,293,Cars24 Cities,2026-09
cars24 goregaon,293,Cars24 Cities,2026-09
car24 dehradun,292,Cars24 Cities,2026-09
cars24 sales panel,292,Cars24,2026-09
cars24 challan up,289,Cars24 Challan,2026-09
cars24 madurai,288,Cars24 Cities,2026-09
cars 24 agra,287,Cars24 Cities,2026-09
cars 24 ghaziabad,287,Cars24 Cities,2026-09
cars24 amanora,287,Cars24,2026-09
cars24 mangalore,285,Cars24 Cities,2026-09
cars24 car valuation,284,Cars24 Sell,2026-09
cars24 aurangabad,282,Cars24 Cities,2026-09
24 cars near me,280,Cars24 Cities,2026-09
car24 chalan,279,Cars24 Challan,2026-09
cars24 number,278,Cars24,2026-09
24 car bazar,278,Cars24,2026-09
24 car sale,277,Cars24,2026-09
cars24 email id,272,Cars24,2026-09
e challan payment cars24,272,Cars24 Challan,2026-09
cars24 hub near me,270,Cars24 Cities,2026-09
cars 24 vijayawada,267,Cars24 Cities,2026-09
cars24 challan check online,259,Cars24 Challan,2026-09
car 24 kochi,259,Cars24 Cities,2026-09
cars24 jabalpur,258,Cars24 Cities,2026-09
cars 24 mohali,256,Cars24 Cities,2026-09
cars24 gandhinagar,256,Cars24 Cities,2026-09
cars24 delhi ncr,253,Cars24 Cities,2026-09
cars 24 pdi cost,253,PDI,2026-09
cars24 fine check,250,Cars24 Challan,2026-09
challan 24 car,250,Cars24 Challan,2026-09
car24 mohali,248,Cars24 Cities,2026-09
cars 24 toll free number,245,Cars24 Customer Care,2026-09
car 24 delhi ncr,244,Cars24 Cities,2026-09
cars24 salem,240,Cars24 Cities,2026-09
cars24 customer care toll free number india 24x7 ahmedabad,238,Cars24 Customer Care,2026-09
car 24 toll free number,236,Cars24 Customer Care,2026-09
cars24 logo,236,Others,2026-09
cars 24 vadapalani,236,Cars24,2026-09
cars24 challan customer care number,230,Cars24 Challan,2026-09
cars 24 challan check,230,Cars24 Challan,2026-09
cars24 goa,230,Cars24 Cities,2026-09
cars24 prayagraj,230,Cars24 Cities,2026-09
cars24 challan status,228,Cars24 Challan,2026-09
cars 24 ludhiana,228,Cars24 Cities,2026-09
cars24 hubli,227,Cars24 Cities,2026-09
cars 24 india,226,Cars24,2026-09
car 24 chalan check,226,Cars24 Challan,2026-09
cars24 finance customer care number,225,Cars24 Customer Care,2026-09
echallan car24,225,Cars24 Challan,2026-09
e challan car 24,220,Cars24 Challan,2026-09
car24 customer care number india 24x7,218,Cars24 Customer Care,2026-09
rto challan cars24,218,Cars24 Challan,2026-09
car 24 ludhiana,218,Cars24 Cities,2026-09
cars 24 singanallur,218,Cars24,2026-09
cars24 services private limited,218,Others,2026-09
cars 24 bhubaneswar,217,Cars24 Cities,2026-09
cars24 attapur,217,Cars24,2026-09
cars24 trichy,216,Cars24 Cities,2026-09
car 24 nashik,212,Cars24 Cities,2026-09
cars24 gwalior,210,Cars24 Cities,2026-09
car 24 gwalior,209,Cars24 Cities,2026-09
car24 coimbatore,209,Cars24 Cities,2026-09
challan 24 cars,208,Cars24 Challan,2026-09
cars24 vehicle info,205,Others,2026-09
cars24india,203,Cars24,2026-09
cars24 varanasi,201,Cars24 Cities,2026-09
car 24 kerala,201,Cars24 Cities,2026-09
cars24 memo check,200,Cars24 Challan,2026-09
car 24 raipur,200,Cars24 Cities,2026-09
cars24 elite,199,ELITE,2026-09
car24 agra,198,Cars24 Cities,2026-09
cars24 e challan check,196,Cars24 Challan,2026-09
car24 kanpur,195,Cars24 Cities,2026-09
cars24 belapur,195,Cars24,2026-09
cars24 customer care number bangalore,194,Cars24 Customer Care,2026-09
cars24 head office,194,Cars24 Customer Care,2026-09
cars24 pay challan,193,Cars24 Challan,2026-09
car 24 callan,191,Cars24 Challan,2026-09
cars 24 raipur,191,Cars24 Cities,2026-09
cars24 toll free number india 24 7 mumbai,190,Cars24 Customer Care,2026-09
cars24 gulbarga,188,Cars24 Cities,2026-09
cars24 chennai used cars,188,Cars24 Buy,2026-09
cars 24 ranchi,188,Cars24 Cities,2026-09
car 24 kakkanad,188,Cars24 Cities,2026-09
cars24 jobs,187,Others,2026-09
car 24 mohali,187,Cars24 Cities,2026-09
car 24 mansarovar jaipur,187,Cars24 Cities,2026-09
car 24 karnavati club,187,Cars24,2026-09
car24 vehicle details,182,Others,2026-09
cars24 financial services private limited,182,Cars24 Buy,2026-09
cars24 lucknow contact number,182,Cars24 Customer Care,2026-09
car24 noida,181,Cars24 Cities,2026-09
car 24 office near me,181,Cars24 Cities,2026-09
car 24 pdi service,180,PDI,2026-09
car 24 check challan,179,Cars24 Challan,2026-09
cars24 rto check,178,Others,2026-09
cars 24 thane,177,Cars24 Cities,2026-09
cars24 job vacancy,176,Others,2026-09
car 24 showroom near me,176,Cars24 Cities,2026-09
cars 24 mysore,175,Cars24 Cities,2026-09
cars24 inspection,174,Cars24,2026-09
cars24 online challan check,172,Cars24 Challan,2026-09
car24.com india,172,Cars24,2026-09
car24 pdi,172,PDI,2026-09
cars24 all india,171,Cars24,2026-09
cars24 loan,171,Cars24 Buy,2026-09
cars24 karnal,171,Cars24 Cities,2026-09
cars24 ahmedabad address,170,Cars24 Cities,2026-09
cars24 whitefield,170,Cars24,2026-09
cars24 korum mall,169,Cars24,2026-09
cars24 email id for complaint,168,Cars24 Customer Care,2026-09
car24 raipur,168,Cars24 Cities,2026-09
car24 buy car,167,Cars24 Buy,2026-09
cars24 owner details,165,Others,2026-09
cars24 sector 18,165,Cars24,2026-09
cars24 helpline,163,Cars24 Customer Care,2026-09
cars 24 kanpur,163,Cars24 Cities,2026-09
online challan cars24,161,Cars24 Challan,2026-09
car 24 ghaziabad,161,Cars24 Cities,2026-09
cars 24 noida sector 18,161,Cars24 Cities,2026-09
cars24 reviews,160,Others,2026-09
cars24 app download,160,Cars24,2026-09
cars24 support number,158,Cars24 Customer Care,2026-09
car24 bhubaneswar,157,Cars24 Cities,2026-09
cars 24 goregaon,155,Cars24 Cities,2026-09
cars24 vapi,154,Cars24,2026-09
car 24 varanasi,154,Cars24 Cities,2026-09
car 24 jabalpur,154,Cars24 Cities,2026-09
cars24 financial services,152,Cars24 Buy,2026-09
car24 toll free number,150,Cars24 Customer Care,2026-09
cars24 customer care email id,149,Cars24 Customer Care,2026-09
cars24 kolhapur,149,Cars24 Cities,2026-09
thar cars24,147,Cars24 + Car Model,2026-09
cars24 toll free number india 24 7,147,Cars24 Customer Care,2026-09
cars24 ceo email id,146,Cars24,2026-09
cars 24 chalan,145,Cars24 Challan,2026-09
cars24 pdi charges,145,PDI,2026-09
cars24 jamshedpur,144,Cars24 Cities,2026-09
"cars24 - buy, sell used cars in rohini, delhi sector 10, rohini reviews",144,Cars24 Sell,2026-09
24 car challan check,143,Cars24 Challan,2026-09
cars 24 guwahati,143,Cars24 Cities,2026-09
cars 24 kolhapur,143,Cars24 Cities,2026-09
cars 24 helpline,142,Cars24 Customer Care,2026-09
cars 24 second hand car,142,Cars24 Buy,2026-09
cars24 customer care number hyderabad,142,Cars24 Customer Care,2026-09
vehicle challan cars24,141,Cars24 Challan,2026-09
cars24 jalandhar,141,Cars24 Cities,2026-09
cars 24 hr contact number,141,Cars24 Customer Care,2026-09
car24 challan customer care number,140,Cars24 Challan,2026-09
cars 24.com,140,Cars24,2026-09
cars24 rohini,140,Cars24,2026-09
car 24 vehicle details,139,Others,2026-09
car 24 sonipat,139,Cars24,2026-09
ecco 2024 car price 7 seater,139,Cars24 Buy,2026-09
car 24 complaint number,138,Cars24 Customer Care,2026-09
cars 24 karnal,136,Cars24 Cities,2026-09
cars24 rohini metro walk,136,Cars24,2026-09
care@cars24.com,134,Cars24,2026-09
how to delete cars24 account,134,Cars24,2026-09
car24 ludhiana,133,Cars24 Cities,2026-09
cars24 bhavnagar,133,Cars24 Cities,2026-09
car 24 jodhpur,132,Cars24 Cities,2026-09
cars 24 bachupally,132,Cars24 Cities,2026-09
www.cars24.com india,131,Cars24,2026-09
24 cars pune,130,Cars24 Cities,2026-09
cars24 astra tower,129,Cars24,2026-09
cars24 registration check,128,Others,2026-09
cars24 customer care toll free number india 24x7 chennai,128,Cars24 Customer Care,2026-09
cars24 gorakhpur,128,Cars24 Cities,2026-09
car24 car details,126,Others,2026-09
car24 echallan,126,Cars24 Challan,2026-09
cars24 customer care toll free number india 24x7 near bengaluru,126,Cars24 Customer Care,2026-09
car 24 patna bihar,126,Cars24 Cities,2026-09
car24 online challan,125,Cars24 Challan,2026-09
cars24 kerala,125,Cars24 Cities,2026-09
cars24 chennai contact number,125,Cars24 Customer Care,2026-09
cars24 gaur city mall,125,Cars24,2026-09
cars24 uppal,124,Cars24,2026-09
how to stop cars24 calls,124,Cars24,2026-09
cars24 corporate support office sector 38,124,Cars24 Customer Care,2026-09
cars24 pdi contact number,123,PDI,2026-09
car 24 karnal,123,Cars24 Cities,2026-09
cars24 siliguri,123,Cars24 Cities,2026-09
cars24 delhi near me,123,Cars24 Cities,2026-09
car24 loan customer care number,122,Cars24 Customer Care,2026-09
cars 24 mangalore,122,Cars24 Cities,2026-09
car 24 pdi,121,PDI,2026-09
cars24 sonipat,120,Cars24,2026-09
cars24.,119,Cars24,2026-09
cars24 bareilly,119,Cars24 Cities,2026-09
cars24 gurgaon office,119,Cars24 Cities,2026-09
cars24 rc transfer,118,Others,2026-09
cars24 career,118,Others,2026-09
"cars24 - buy used car in ambegaon budruk-narhe, pune",118,Cars24 Buy,2026-09
cars24 faridabad piyush mahendra mall,117,Cars24 Cities,2026-09
cars24 emi calculator,116,Cars24 Buy,2026-09
car24challan,116,Cars24 Challan,2026-09
cars24 noida sector 18,116,Cars24 Cities,2026-09
cars24 pdi service contact number,115,PDI,2026-09
cars 24 delhi ncr,115,Cars24 Cities,2026-09
cars24 navi mumbai,115,Cars24 Cities,2026-09
cars24 mansarovar,115,Cars24,2026-09
what is cars24,115,Cars24,2026-09
car 24 e challan check,114,Cars24 Challan,2026-09
challan status car 24,114,Cars24 Challan,2026-09
car24 naroda,114,Cars24 Cities,2026-09
car24 careers,113,Others,2026-09
cars24 customer care number mumbai,113,Cars24 Customer Care,2026-09
cars24 in pune,112,Cars24 Cities,2026-09
cars24 number plate check,112,Cars24,2026-09
cars24 insurance check,112,Cars24 Buy,2026-09
cars 24 head office,110,Cars24 Customer Care,2026-09
cars24 c2c customer care number,109,Cars24 Customer Care,2026-09
cars24 kota,109,Cars24 Cities,2026-09
car24 e challan check,108,Cars24 Challan,2026-09
cars24 support,107,Cars24 Customer Care,2026-09
cars24 coimbatore singanallur,107,Cars24 Cities,2026-09
cars 24 office,107,Cars24,2026-09
cars24 चालान,106,Cars24 Challan,2026-09
cars24 challan pay,106,Cars24 Challan,2026-09
car 24 rohtak,106,Cars24 Cities,2026-09
nearby cars24,106,Cars24,2026-09
"cars24 mumbai support office godrej & boyce industry estate, vikhroli west",106,Cars24 Customer Care,2026-09
cars24 pondicherry,105,Cars24 Cities,2026-09
car24 india,104,Cars24,2026-09
honda civic cars24,103,Cars24 + Car Model,2026-09
cars24 auction,103,Cars24 Buy,2026-09
cars24 mumbai contact number,103,Cars24 Customer Care,2026-09
car 24 thane,103,Cars24 Cities,2026-09
cars24 mail id,102,Cars24,2026-09
www.car24.com india,102,Cars24,2026-09
e challan check cars24,101,Cars24 Challan,2026-09
cars 24 pdi service,101,PDI,2026-09
cars 24 amanora,101,Cars24,2026-09
car24.com,99,Cars24,2026-09
car24 jodhpur,99,Cars24 Cities,2026-09
cars24 moradabad,99,Cars24 Cities,2026-09
cars24 bangalore contact number,99,Cars24 Customer Care,2026-09
cars24 grievance email,98,Cars24,2026-09
swift cars24,98,Cars24 + Car Model,2026-09
car24 customer care number delhi delhi 24x7,98,Cars24 Customer Care,2026-09
cars24 hosur,98,Cars24,2026-09
cars24 website,98,Cars24,2026-09
car 24 bhubaneswar,98,Cars24 Cities,2026-09
cars24 customer care number delhi delhi 24x7,97,Cars24 Customer Care,2026-09
car247,97,Cars24,2026-09
cars24 scorpio,96,Cars24 + Car Model,2026-09
cars24 dhanbad,96,Cars24 Cities,2026-09
cars24 fortuner,95,Cars24 + Car Model,2026-09
cars24 memo,94,Cars24 Challan,2026-09
cars 24 complaint,94,Cars24 Customer Care,2026-09
cars 24 uae,94,Cars24,2026-09
cars24 jammu,94,Cars24 Cities,2026-09
cars24 service history,94,Others,2026-09
cars 24 challan pay,93,Cars24 Challan,2026-09
car24 gwalior,93,Cars24 Cities,2026-09
pay challan online cars24,93,Cars24 Challan,2026-09
cars24 surat contact number,93,Cars24 Customer Care,2026-09
cars24 sell car contact number,92,Cars24 Customer Care,2026-09
car 24 com,92,Cars24,2026-09
cars24 thrissur,91,Cars24 Cities,2026-09
car24 kompally,91,Cars24 Cities,2026-09
cars24 phone number,91,Cars24,2026-09
is cars24 reliable for challan payment,91,Cars24 Challan,2026-09
bike challancheck cars24,90,Cars24 Challan,2026-09
car24 patna used cars,90,Cars24 Buy,2026-09
car 24 tathawade,90,Cars24 Cities,2026-09
honda city cars24,89,Cars24 + Car Model,2026-09
e challan check car 24,89,Cars24 Challan,2026-09
cars24 haridwar,89,Cars24 Cities,2026-09
cars24 buy used cars,89,Cars24 Buy,2026-09
cars24 rto details,88,Others,2026-09
fortuner cars24,88,Cars24 + Car Model,2026-09
cars24 amritsar,88,Cars24 Cities,2026-09
cars24 kalyan,88,Cars24,2026-09
24 cars hyderabad,88,Cars24 Cities,2026-09
cars24 gt mall,88,Cars24,2026-09
cars 24 echallan,87,Cars24 Challan,2026-09
cars24 dwarka sector 13,87,Cars24,2026-09
cars 24 used cars,86,Cars24 Buy,2026-09
cars24challan,85,Cars24 Challan,2026-09
cars 24 kandivali,85,Cars24,2026-09
cars 24 meerut,85,Cars24 Cities,2026-09
car 24 valuation,85,Cars24 Sell,2026-09
cars24 challan with photo,84,Cars24 Challan,2026-09
cars24 gurugram,84,Cars24 Cities,2026-09
car24 jabalpur,84,Cars24 Cities,2026-09
cars24 buy,84,Cars24 Buy,2026-09
car24 guwahati,83,Cars24 Cities,2026-09
cars 24 udaipur,83,Cars24 Cities,2026-09
car24 second hand car,83,Cars24 Buy,2026-09
car 24 aligarh,83,Cars24 Cities,2026-09
cars24 coimbatore contact number,83,Cars24 Customer Care,2026-09
cars 24 metro walk,82,Cars24,2026-09
24 cars coimbatore,82,Cars24 Cities,2026-09
cars 24 aligarh,82,Cars24 Cities,2026-09
car24 memo check,81,Cars24 Challan,2026-09
cars24 online challan,81,Cars24 Challan,2026-09
cars 24 madurai,81,Cars24 Cities,2026-09
cars 24 attapur,81,Cars24,2026-09
cars24 dubai,80,Cars24 Cities,2026-09
car 24 aurangabad,80,Cars24 Cities,2026-09
"cars24 - buy used cars in mathura road, agra",80,Cars24 Buy,2026-09
cars24 customer care toll free number hyderabad,79,Cars24 Customer Care,2026-09
cars24 india app,79,Cars24,2026-09
second hand cars 24,78,Cars24 Buy,2026-09
cars24 new car,78,Cars24 Buy,2026-09
cars24 complaint mail id,78,Cars24 Customer Care,2026-09
cars24 guntur,78,Cars24 Cities,2026-09
car 24 amritsar,78,Cars24 Cities,2026-09
car24 karnal,78,Cars24 Cities,2026-09
cars24 rajkot contact number,78,Cars24 Customer Care,2026-09
cars 24 job vacancy,77,Others,2026-09
cars24 honda city,77,Cars24 + Car Model,2026-09
car 24 jalandhar,77,Cars24 Cities,2026-09
cars24 belgaum,77,Cars24 Cities,2026-09
cars24 mehsana,77,Cars24 Cities,2026-09
car 24 prayagraj,77,Cars24 Cities,2026-09
cars24 office,77,Cars24,2026-09
car 24 gorakhpur,76,Cars24 Cities,2026-09
car24.com traffic challan,76,Cars24 Challan,2026-09
cars 24 aurangabad,76,Cars24 Cities,2026-09
cars24 company,76,Cars24,2026-09
"(""mytvs"" or ""tvs automobile solutions"" or ""gomechanic"" or ""cars24"" or ""automovill"" or ""pitstop"" or ""allev"" or ""carxpert"" or ""vehiclecare"") and (""auto service"" or ""garages"" or ""aftersales"" or ""maintenance"" or ""repair"")",76,Cars24,2026-09
challan details cars24,75,Cars24 Challan,2026-09
cars24 visakhapatnam,75,Cars24 Cities,2026-09
cars24 loan login,75,Cars24 Buy,2026-09
cars24 bangalore address,75,Cars24 Cities,2026-09
cars24 rc check,74,Others,2026-09
customer care number cars24,74,Cars24 Customer Care,2026-09
swift car 24,74,Cars24 + Car Model,2026-09
cars24 pune tathawade,74,Cars24 Cities,2026-09
cars24 kochi contact number,74,Cars24 Customer Care,2026-09
cars24 kya hai,74,Cars24,2026-09
car 24 challan toll free number,73,Cars24 Challan,2026-09
car24 whitefield,73,Cars24,2026-09
car24 navi mumbai,73,Cars24 Cities,2026-09
cars24 aligarh,73,Cars24 Cities,2026-09
cars24 muzaffarpur,73,Cars24 Cities,2026-09
cars24 bilaspur,73,Cars24,2026-09
cars 24 trivandrum,73,Cars24 Cities,2026-09
cars24axle,73,Cars24 Buy,2026-09
cars24 wagon r,72,Cars24 + Car Model,2026-09
car24 mansarovar,72,Cars24,2026-09
cars24 check vehicle details,71,Others,2026-09
customer care cars24,71,Cars24 Customer Care,2026-09
cars24 thar,71,Cars24 + Car Model,2026-09
cars 24 jobs,71,Others,2026-09
cars24 whatsapp number,71,Cars24,2026-09
used cars24,71,Cars24 Buy,2026-09
car24 nashik,71,Cars24 Cities,2026-09
cars 24 logo,71,Others,2026-09
cars24 bangalore near me,71,Cars24 Cities,2026-09
cars24 car details,70,Others,2026-09
online challan check cars24,70,Cars24 Challan,2026-09
challan check 24 car,70,Cars24 Challan,2026-09
cars24 customer care toll free number india 24x7 near mumbai,70,Cars24 Customer Care,2026-09
cars24 kandivali,70,Cars24,2026-09
cars24 showroom,70,Cars24,2026-09
cars24 used cars pune,69,Cars24 Buy,2026-09
car 24 echallan,69,Cars24 Challan,2026-09
cars 24 goa,69,Cars24 Cities,2026-09
cars 24 salem,69,Cars24 Cities,2026-09
car24 jamshedpur,69,Cars24 Cities,2026-09
cars 24 belapur,69,Cars24,2026-09
car24 valuation,69,Cars24 Sell,2026-09
cars24 support email,68,Cars24 Customer Care,2026-09
cars 24 email id,68,Cars24,2026-09
echallan car 24,68,Cars24 Challan,2026-09
cars24 customer care toll free number india 24x7 kolkata,68,Cars24 Customer Care,2026-09
car24 in chandigarh,68,Cars24 Cities,2026-09
cars24 loan statement download,68,Cars24 Buy,2026-09
cars 24 hubli,68,Cars24 Cities,2026-09
cars 24 uppal,68,Cars24,2026-09
car 24 guwahati,68,Cars24 Cities,2026-09
cars24 faridabad contact number,68,Cars24 Customer Care,2026-09
cars24 yeshwanthpur,68,Cars24,2026-09
cars 24 founder,68,Cars24,2026-09
cars 24 jabalpur,67,Cars24 Cities,2026-09
cars 24 loan,67,Cars24 Buy,2026-09
cars24 indore contact number,67,Cars24 Customer Care,2026-09
cars 24 ceo,67,Cars24,2026-09
creta cars24,66,Cars24 + Car Model,2026-09
car24 challan status,66,Cars24 Challan,2026-09
cars24 customer care number india 24x7,66,Cars24 Customer Care,2026-09
challan payment car24,66,Cars24 Challan,2026-09
baleno cars24,66,Cars24 + Car Model,2026-09
cars24 karimnagar,66,Cars24 Cities,2026-09
car 24 jamshedpur,66,Cars24 Cities,2026-09
cars24 bike,66,Cars24,2026-09
cars24 bihar,65,Cars24,2026-09
how to stop calls from cars24,65,Cars24,2026-09
cars24 chandigarh contact number,65,Cars24 Customer Care,2026-09
car24 showroom near me,65,Cars24 Cities,2026-09
cars24 rohtak,65,Cars24 Cities,2026-09
cars24 e challan customer care number,64,Cars24 Challan,2026-09
vehicle info cars24,64,Others,2026-09
car 24 dhanbad,64,Cars24 Cities,2026-09
cars 24 jodhpur,64,Cars24 Cities,2026-09
cars24 vellore,64,Cars24 Cities,2026-09
car 24 jammu,64,Cars24 Cities,2026-09
vikram chopra cars24,64,Cars24,2026-09
cars24 price check,64,Cars24 Buy,2026-09
cars24 lucknow address,64,Cars24 Cities,2026-09
cars24 rc details,63,Others,2026-09
cars24 details,63,Cars24,2026-09
car 24 customer care no,63,Cars24 Customer Care,2026-09
car24 email id,63,Cars24,2026-09
cars 24 jammu,63,Cars24 Cities,2026-09
cars 24.,63,Cars24,2026-09
cars24 erode,63,Cars24 Cities,2026-09
cars 24 whitefield,63,Cars24,2026-09
car24 sell,63,Cars24 Sell,2026-09
cars24 online,63,Cars24,2026-09
cars24 raj nagar extension,63,Cars24,2026-09
cars 24 amritsar,62,Cars24 Cities,2026-09
cars24 pdi cost,62,PDI,2026-09
cars24 jamnagar,62,Cars24 Cities,2026-09
cars24 junagadh,62,Cars24,2026-09
cars24 sale car,62,Cars24,2026-09
cars24 near me location,62,Cars24 Cities,2026-09
cars24 rc transfer status,61,Others,2026-09
cars 24 support,61,Cars24 Customer Care,2026-09
car24 login,61,Others,2026-09
cars 24 kerala,61,Cars24 Cities,2026-09
honda city cars 24,61,Cars24 + Car Model,2026-09
cars24 haldwani,61,Cars24,2026-09
cars24 pune used cars,61,Cars24 Buy,2026-09
cars 24 thrissur,61,Cars24 Cities,2026-09
cars24 ahmedabad naroda,61,Cars24 Cities,2026-09
cars 24 navalur,61,Cars24,2026-09
cars24 indore address,61,Cars24 Cities,2026-09
axle cars24,61,Cars24 Buy,2026-09
cars24 partner login,60,Others,2026-09
fronx cars24,60,Cars24 + Car Model,2026-09
cars 24 gwalior,60,Cars24 Cities,2026-09
cars24 challan helpline number,59,Cars24 Challan,2026-09
cars 24 login,59,Others,2026-09
cars24 job,59,Others,2026-09
car 24 loan,59,Cars24 Buy,2026-09
cars24 automatic cars,59,Cars24 Buy,2026-09
cars 24 latur,59,Cars24,2026-09
cars24 car inspection,59,Cars24,2026-09
cars24 anand,59,Cars24 Cities,2026-09
"cars24 - sell used cars in shalimar bagh, delhi block b, shalimar bagh",59,Cars24 Sell,2026-09
car24 complaint number,58,Cars24 Customer Care,2026-09
cars24 in ahmedabad,58,Cars24 Cities,2026-09
cars 24 auction,58,Cars24 Buy,2026-09
cars 24 kota,58,Cars24 Cities,2026-09
car24 traffic challan,58,Cars24 Challan,2026-09
cars24 complaint email id india,58,Cars24 Customer Care,2026-09
cars24 bengaluru,58,Cars24 Cities,2026-09
car24 thane,58,Cars24 Cities,2026-09
cars24 hyderabad contact number,58,Cars24 Customer Care,2026-09
cars24 car sell,58,Cars24 Sell,2026-09
cars24 nagpur address,58,Cars24 Cities,2026-09
cars24 vadodara contact number,58,Cars24 Customer Care,2026-09
cars 24 rc check,57,Others,2026-09
thar roxx cars24,57,Cars24 + Car Model,2026-09
challan car24,57,Cars24 Challan,2026-09
car24 complaint email id,57,Cars24 Customer Care,2026-09
cars24 complaint email id,57,Cars24 Customer Care,2026-09
cars24 ev cars,57,Cars24 Buy,2026-09
2nd hand ertiga in kolkata car24,57,Cars24 + Car Model,2026-09
cars24 cng car,57,Cars24 Buy,2026-09
cars24 used cars bangalore,57,Cars24 Buy,2026-09
cars247,57,Cars24,2026-09
cars 24 pune address,57,Cars24 Cities,2026-09
cars24 koramangala,57,Cars24,2026-09
cars24 careers india,56,Others,2026-09
cars24 scrap,56,Cars24,2026-09
car 24 in patna,56,Cars24 Cities,2026-09
care@cars24,56,Cars24,2026-09
car 24 india,56,Cars24,2026-09
cars 24 sell my car,56,Cars24 Sell,2026-09
cars24 kompally reviews,56,Others,2026-09
site:www.cars24.com,56,Cars24,2026-09
car24 rc details,55,Others,2026-09
scorpio n cars24,55,Cars24 + Car Model,2026-09
car 24 job,55,Others,2026-09
24 cars kochi,55,Cars24 Cities,2026-09
cars24 nellore,55,Cars24 Cities,2026-09
car 24 sale,55,Cars24,2026-09
second hand car 24,55,Cars24 Buy,2026-09
cars24 atal path,55,Cars24,2026-09
sales panel cars24,55,Cars24,2026-09
cars 24 fortuner,54,Cars24 + Car Model,2026-09
car 24/7,54,Cars24,2026-09
cars 24 vellore,54,Cars24 Cities,2026-09
cars24 noida address sector 18,54,Cars24 Cities,2026-09
cars24 jobs for freshers,54,Others,2026-09
car 24 vapi,54,Cars24,2026-09
cars24 e-challan,54,Cars24 Challan,2026-09
car 24 ahemdabad,54,Cars24,2026-09
cars24 avani mall,54,Cars24,2026-09
cars24.com india,54,Cars24,2026-09
cars24 hub,54,Cars24,2026-09
cars24 owner name,54,Cars24,2026-09
jimny cars24,53,Cars24 + Car Model,2026-09
cars24 jaipur used cars,53,Cars24 Buy,2026-09
cars 24 honda city,53,Cars24 + Car Model,2026-09
cars24 vadodara address,53,Cars24 Cities,2026-09
car24 office near me,53,Cars24 Cities,2026-09
cars24 yelahanka,53,Cars24,2026-09
cars24 jaipur contact number,53,Cars24 Customer Care,2026-09
car 24 rto check,52,Others,2026-09
cars24 customer support number,52,Cars24 Customer Care,2026-09
car24 pay challan,52,Cars24 Challan,2026-09
jeep compass cars24,52,Cars24 + Car Model,2026-09
cars24 coimbatore used cars,52,Cars24 Buy,2026-09
cars 24 jalandhar,52,Cars24 Cities,2026-09
cars 24 vapi,52,Cars24,2026-09
cars24 price,52,Cars24 Buy,2026-09
cars24 jhansi,51,Cars24,2026-09
cars24 surat cng car,51,Cars24 Buy,2026-09
car24 varanasi,51,Cars24 Cities,2026-09
cars 24 newtown,51,Cars24,2026-09
cars24 greater noida,51,Cars24 Cities,2026-09
cars24 tirupati,51,Cars24 Cities,2026-09
car 24 jakkur,51,Cars24 Cities,2026-09
cars24 pune contact number,51,Cars24 Customer Care,2026-09
cars24 new cars,50,Cars24 + Car Model,2026-09
cars24 fine,50,Cars24,2026-09
car24 kakkanad,50,Cars24 Cities,2026-09
cars24 rajahmundry,50,Cars24 Cities,2026-09
cars 24 pondicherry,50,Cars24 Cities,2026-09
car 24 dombivali,50,Cars24,2026-09
car 24 kota,50,Cars24 Cities,2026-09
cars24 location,50,Cars24,2026-09
car24 fine check,49,Cars24 Challan,2026-09
nexon cars24,49,Cars24 + Car Model,2026-09
cars24 alto k10,49,Cars24 + Car Model,2026-09
car24 dombivli,49,Cars24 Cities,2026-09
verna cars24,49,Cars24 + Car Model,2026-09
cars 24 sonipat,49,Cars24,2026-09
how to block cars24 calls,49,Cars24,2026-09
cars24 sector 18 gurgaon,49,Cars24 Cities,2026-09
car24 insurance check,48,Cars24 Buy,2026-09
cars24 creta,48,Cars24 + Car Model,2026-09
car24 challan details,48,Cars24 Challan,2026-09
cars 24 dubai,48,Cars24 Cities,2026-09
cars24 kozhikode,48,Cars24 Cities,2026-09
used cars cars24,48,Cars24 Buy,2026-09
cars24 delhi car value,48,Cars24 Sell,2026-09
cars24 used cars hyderabad,48,Cars24 Buy,2026-09
car24 gorakhpur,48,Cars24 Cities,2026-09
car24 meerut,48,Cars24 Cities,2026-09
cars24 in bangalore,48,Cars24 Cities,2026-09
cars24 vadodara akshar chowk,48,Cars24 Cities,2026-09
24 cars chennai,48,Cars24 Cities,2026-09
cars 24 rohini,48,Cars24,2026-09
cars24 bmw,47,Cars24 + Car Model,2026-09
scorpio cars24,47,Cars24 + Car Model,2026-09
cars24 challan app,47,Cars24 Challan,2026-09
cars24 escalation email id,47,Cars24,2026-09
cars24 customer care number mumbai 24x7,47,Cars24 Customer Care,2026-09
car 24 in ahmedabad,47,Cars24 Cities,2026-09
cars24 innova crysta,47,Cars24 + Car Model,2026-09
cars24 loan against car,47,Cars24 Buy,2026-09
cars24 pending challan,47,Cars24 Challan,2026-09
cars24 cars,47,Cars24,2026-09
car24 udaipur,47,Cars24 Cities,2026-09
cars24 delhi contact number,47,Cars24 Customer Care,2026-09
cars24 customer care number gurgaon,47,Cars24 Customer Care,2026-09
cars24 near me used cars,47,Cars24 Buy,2026-09
"cars24 - sell used cars in shalimar bagh, delhi block b, shalimar bagh reviews",47,Cars24 Sell,2026-09
cars 24 maharashtra,46,Cars24 Cities,2026-09
challan check cars 24,46,Cars24 Challan,2026-09
cars24 hiring,46,Others,2026-09
cars24 jobs work from home,46,Others,2026-09
cars 24 bareilly,46,Cars24 Cities,2026-09
pdi cars24,46,PDI,2026-09
cars 24 kalyan,46,Cars24,2026-09
cars24 kolkata contact number,46,Cars24 Customer Care,2026-09
cars24 sale,46,Cars24,2026-09
cars24 singanallur,46,Cars24,2026-09
cars24 rajkot address,46,Cars24 Cities,2026-09
car24 owner details,45,Others,2026-09
seltos cars24,45,Cars24,2026-09
car 24 hisar,45,Cars24 Cities,2026-09
thar cars 24,45,Cars24 + Car Model,2026-09
cars24 tata tiago,45,Cars24 + Car Model,2026-09
cars24 ambala,45,Cars24 Cities,2026-09
car24 auction,45,Cars24 Buy,2026-09
cars24 assam,45,Cars24,2026-09
car24 vapi,45,Cars24,2026-09
cars24 bhilwara,45,Cars24,2026-09
cars24 2nd hand cars,45,Cars24,2026-09
car24 dhanbad,45,Cars24 Cities,2026-09
car 24 faridabad,45,Cars24 Cities,2026-09
cars 24 mulund,45,Cars24,2026-09
cars24 panvel,45,Cars24,2026-09
cars24 pune near me,45,Cars24 Cities,2026-09
car24 app,45,Cars24,2026-09
cars24 camry,44,Cars24 + Car Model,2026-09
challan status cars24,44,Cars24 Challan,2026-09
e-challan cars24,44,Cars24 Challan,2026-09
cars24 patna bihar,44,Cars24 Cities,2026-09
cars24 chalan,44,Cars24 Challan,2026-09
car 24 chllan,44,Cars24,2026-09
cars24 mumbai used cars,44,Cars24 Buy,2026-09
tata punch cars24,44,Cars24 + Car Model,2026-09
cars 24 website,44,Cars24,2026-09
cars24 bellahalli,44,Cars24 Cities,2026-09
cars24 inspection charges,44,Cars24,2026-09
cars24 value check,44,Cars24,2026-09
cars24 m3m urbana,44,Cars24,2026-09
"cars24 - buy, sell, finance used cars in kandivali, mumbai co-operative housing society, कांदिवली ईस्ट",44,Cars24 Sell,2026-09
cars24 pdi customer care number,43,PDI,2026-09
cars24 loan calculator,43,Cars24 Buy,2026-09
cars24 mercedes,43,Cars24 + Car Model,2026-09
cars24 commercial vehicle,43,Cars24 Buy,2026-09
echallan cars 24,43,Cars24 Challan,2026-09
alto k10 cars24,43,Cars24 + Car Model,2026-09
cars 24 elite,43,ELITE,2026-09
car 24 costumer care number,43,Cars24 Customer Care,2026-09
cars24 customer care toll free number hyderabad 24x7,43,Cars24 Customer Care,2026-09
cars 24 jamshedpur,43,Cars24 Cities,2026-09
cars24 return policy,43,Cars24,2026-09
cars 24 finance,43,Cars24,2026-09
sell cars24,43,Cars24 Sell,2026-09
car24 pdi charges,43,PDI,2026-09
cars 24 gandhinagar,43,Cars24 Cities,2026-09
cars24 uppal hyderabad,43,Cars24 Cities,2026-09
cars24 mulund,43,Cars24,2026-09
cars24 karnavati,43,Cars24,2026-09
cars24 rto,42,Others,2026-09
cars24 gujarat,42,Cars24 Cities,2026-09
cars24 insurance,42,Cars24 Buy,2026-09
cars24 lifetime warranty,42,Cars24,2026-09
car 24 bhavnagar,42,Cars24 Cities,2026-09
cars24 check challan online,42,Cars24 Challan,2026-09
car 24 naroda,42,Cars24 Cities,2026-09
cars24 pune hadapsar,42,Cars24 Cities,2026-09
cars24 call number,42,Cars24,2026-09
cars 24 gorakhpur,42,Cars24 Cities,2026-09
cars24 coimbatore address,42,Cars24 Cities,2026-09
car 24 buy car,42,Cars24 Buy,2026-09
cars24 network,42,Cars24,2026-09
"cars24 - buy, sell, finance used cars in korum mall, mumbai samata nagar reviews",42,Cars24 Sell,2026-09
cars 24 car details,41,Others,2026-09
cars24 warranty customer care number,41,Cars24 Customer Care,2026-09
cars24 call center number,41,Cars24,2026-09
cars 24 thar,41,Cars24 + Car Model,2026-09
cars24 ertiga,41,Cars24 + Car Model,2026-09
cars24 jeep compass,41,Cars24 + Car Model,2026-09
cars24 tirupur,41,Cars24 Cities,2026-09
cars24 trivandrum,41,Cars24 Cities,2026-09
car 24 thiruverkadu,41,Cars24 Cities,2026-09
cars24 kanpur contact number,41,Cars24 Customer Care,2026-09
car 24 bareilly,41,Cars24 Cities,2026-09
car24 review,41,Others,2026-09
cars24 jimny,40,Cars24 + Car Model,2026-09
cars24 customer care number bangalore 24x7,40,Cars24 Customer Care,2026-09
cars24 bharuch,40,Cars24,2026-09
tata tiago cars24,40,Cars24 + Car Model,2026-09
cars 24 panchkula,40,Cars24,2026-09
cars24 financial services pvt ltd,40,Cars24 Buy,2026-09
cars24 raipur chhattisgarh,40,Cars24 Cities,2026-09
cars24 satara,40,Cars24,2026-09
car 24 siliguri,40,Cars24 Cities,2026-09
kompally cars24,40,Cars24 Cities,2026-09
cars 24 owner name,40,Cars24,2026-09
car24 near me location,40,Cars24 Cities,2026-09
car24 customer care email id,39,Cars24 Customer Care,2026-09
bmw cars24,39,Cars24 + Car Model,2026-09
cars24 contact,39,Cars24,2026-09
cars24 challan bike,39,Cars24 Challan,2026-09
second hand cars24,39,Cars24 Buy,2026-09
car 24 jhansi,39,Cars24,2026-09
car24/7,39,Cars24,2026-09
car24 online challan check,39,Cars24 Challan,2026-09
www.cars24.com,39,Cars24,2026-09
car24 kota,39,Cars24 Cities,2026-09
24 cars surat,39,Cars24 Cities,2026-09
car 24 sell,39,Cars24 Sell,2026-09
is cars24 reliable,39,Cars24,2026-09
customer care number of cars24,38,Cars24 Customer Care,2026-09
honda elevate cars24,38,Cars24 + Car Model,2026-09
online challan check car 24,38,Cars24 Challan,2026-09
tata altroz cars24,38,Cars24 + Car Model,2026-09
cars24 verna,38,Cars24 + Car Model,2026-09
i20 cars24,38,Cars24 + Car Model,2026-09
mg hector cars24,38,Cars24 + Car Model,2026-09
cars24 partner,38,Cars24,2026-09
car24 rohtak,38,Cars24 Cities,2026-09
cars 24 banglore,38,Cars24,2026-09
car24 jammu,38,Cars24 Cities,2026-09
cars 24 rto,37,Others,2026-09
cars 24 bmw,37,Cars24 + Car Model,2026-09
challan check car24,37,Cars24 Challan,2026-09
ford endeavour cars24,37,Cars24 + Car Model,2026-09
challan cars 24,37,Cars24 Challan,2026-09
honda amaze cars24,37,Cars24 + Car Model,2026-09
cars 24 customer care no,37,Cars24 Customer Care,2026-09
cars24 dehgam,37,Cars24,2026-09
delete cars24 account,37,Cars24,2026-09
cars24 helpline number india,37,Cars24 Customer Care,2026-09
car24 aurangabad,37,Cars24 Cities,2026-09
car 24 muzaffarpur,37,Cars24 Cities,2026-09
car24 muzaffarpur,37,Cars24 Cities,2026-09
cars 24 siliguri,37,Cars24 Cities,2026-09
car24 jalandhar,37,Cars24 Cities,2026-09
cars24 dwarka,37,Cars24,2026-09
cars 24 mansarovar,37,Cars24,2026-09
"cars24 - buy, sell used cars in karnavati ahmedabad mumatpura",37,Cars24 Sell,2026-09
vehicle details cars24,36,Others,2026-09
cars24 swift,36,Cars24 + Car Model,2026-09
cars24 panipat,36,Cars24 Cities,2026-09
cars24 30 days return policy,36,Cars24,2026-09
car24 loan,36,Cars24 Buy,2026-09
cars24 allahabad,36,Cars24 Cities,2026-09
cars24 pdi service,36,PDI,2026-09
cars24 pdi price,36,PDI,2026-09
cars24 patna contact number,36,Cars24 Customer Care,2026-09
"cars24 - buy, sell, finance used cars in vaishnavi sapphire centre, bangalore phase 1, yeswanthpur",36,Cars24 Sell,2026-09
cars24 luxury cars,35,Cars24 Buy,2026-09
tata hexa cars24,35,Cars24 + Car Model,2026-09
cars24 call center,35,Cars24,2026-09
kia seltos cars24,35,Cars24 + Car Model,2026-09
cars24 loan customer care,35,Cars24 Customer Care,2026-09
car24 job vacancy,35,Others,2026-09
cars24 tamil nadu,35,Cars24,2026-09
cars 24 m3m urbana,35,Cars24,2026-09
cars24 car info,34,Others,2026-09
cars24 challan delhi,34,Cars24 Challan,2026-09
cars24 complaint email,34,Cars24 Customer Care,2026-09
cars24 customer support,34,Cars24 Customer Care,2026-09
innova crysta cars24,34,Cars24 + Car Model,2026-09
cars24 diesel cars,34,Cars24,2026-09
cars24uae,34,Cars24,2026-09
grand vitara cars24,34,Cars24 + Car Model,2026-09
cars24 loan foreclosure,34,Cars24 Buy,2026-09
cars24 loan status,34,Cars24 Buy,2026-09
cars 24 dhanbad,34,Cars24 Cities,2026-09
cars24 durgapur,34,Cars24,2026-09
cars 24 in madurai,34,Cars24 Cities,2026-09
cars24 ranchi contact number,34,Cars24 Customer Care,2026-09
cars24 rewari,34,Cars24,2026-09
cars24 in indore,34,Cars24 Cities,2026-09
cars24 sell,34,Cars24 Sell,2026-09
cars24 malhar mega mall indore,34,Cars24 Cities,2026-09
cars 24 chellan check,33,Cars24,2026-09
cars24 xuv700,33,Cars24 + Car Model,2026-09
car24 emi calculator,33,Cars24 Buy,2026-09
cars24 indore used cars,33,Cars24 Buy,2026-09
car24 finance customer care number,33,Cars24 Customer Care,2026-09
cars 24 honda amaze,33,Cars24 + Car Model,2026-09
cars24 channel partner customer care number,33,Cars24 Customer Care,2026-09
cars24 loan customer care toll free number,33,Cars24 Customer Care,2026-09
cars24 brezza,33,Cars24 + Car Model,2026-09
e-challan car 24,33,Cars24 Challan,2026-09
verna cars 24,33,Cars24 + Car Model,2026-09
cars24 palakkad,33,Cars24 Cities,2026-09
car 24 haridwar,33,Cars24 Cities,2026-09
cars 24 jharkhand,33,Cars24,2026-09
car24 amritsar,33,Cars24 Cities,2026-09
cars 24 varanasi,33,Cars24 Cities,2026-09
cars24 sangli,33,Cars24,2026-09
cars 24 sangli,33,Cars24,2026-09
cars24 address,33,Cars24,2026-09
24 cars for sale,33,Cars24,2026-09
car 24 7,33,Cars24,2026-09
vehicleinfo.support@cars24.com,33,Cars24 Customer Care,2026-09
cars24 ford endeavour,32,Cars24 + Car Model,2026-09
cars 24 career,32,Others,2026-09
cars24 customer care no,32,Cars24 Customer Care,2026-09
cars 24 new car,32,Cars24 Buy,2026-09
cars24 partner helpline number,32,Cars24 Customer Care,2026-09
cars24 complaint,32,Cars24 Customer Care,2026-09
cars24 scrap car,32,Cars24,2026-09
cars 24 toll free,32,Cars24 Customer Care,2026-09
cars24 job apply online,32,Others,2026-09
e challan surat cars24,32,Cars24 Challan,2026-09
ertiga cars24,32,Cars24 + Car Model,2026-09
"cars24, second hand car price",32,Cars24 Buy,2026-09
cars 24 haridwar,32,Cars24 Cities,2026-09
cars24 zirakpur,32,Cars24,2026-09
cars24 hyd,32,Cars24,2026-09
cars24 kompally contact number,32,Cars24 Customer Care,2026-09
cars24 loan payment online,32,Cars24 Buy,2026-09
cars24 network - sell car in erode photos,32,Cars24 Sell,2026-09
cars 24 car sell,32,Cars24 Sell,2026-09
car24 details,31,Cars24,2026-09
tata harrier cars24,31,Cars24 + Car Model,2026-09
cars24 maruti suzuki,31,Cars24,2026-09
brezza cars24,31,Cars24 + Car Model,2026-09
challan check online cars24,31,Cars24 Challan,2026-09
tata nexon cars24,31,Cars24 + Car Model,2026-09
cars24 baleno,31,Cars24 + Car Model,2026-09
cars24 challan payment receipt download,31,Cars24 Challan,2026-09
honda accord cars24,31,Cars24,2026-09
cars 24 haldwani,31,Cars24,2026-09
cars 24 belgaum,31,Cars24 Cities,2026-09
cars24 nanded,31,Cars24 Cities,2026-09
cars24 saharanpur,31,Cars24 Cities,2026-09
car24 metro walk,31,Cars24,2026-09
cars 24 buy car,31,Cars24 Buy,2026-09
cars24 pdi cost for new car,31,PDI,2026-09
cars24 agartala,31,Cars24 Cities,2026-09
car24 goregaon,31,Cars24 Cities,2026-09
cars 24 naroda,31,Cars24 Cities,2026-09
cars24 gajuwaka,31,Cars24,2026-09
cars24 mohali contact number,31,Cars24 Customer Care,2026-09
cars24 thrissur contact number,31,Cars24 Customer Care,2026-09
sell car on cars24,31,Cars24 Sell,2026-09
cars24 bhopal address,31,Cars24 Cities,2026-09
cars24 near by me,31,Cars24,2026-09
cars24 all cars in india,30,Cars24,2026-09
cars24 com,30,Cars24,2026-09
cars24 ecosport,30,Cars24,2026-09
car24 email id for complaint,30,Cars24 Customer Care,2026-09
cars24 wagon r cng,30,Cars24 + Car Model,2026-09
cars24 franchise,30,Cars24,2026-09
cars24 call,30,Cars24,2026-09
cars24 finance,30,Cars24,2026-09
cars24 rudrapur,30,Cars24,2026-09
cars24 tirunelveli,30,Cars24 Cities,2026-09
cars 24 number,30,Cars24,2026-09
cars 24 scorpio,30,Cars24 + Car Model,2026-09
car 24 head office,30,Cars24 Customer Care,2026-09
car24 delhi ncr,30,Cars24 Cities,2026-09
cars 24 reviews,30,Others,2026-09
cars24 vijaya mall,30,Cars24,2026-09
cars24 dombivli address,30,Cars24 Cities,2026-09
cars24 thane address,30,Cars24 Cities,2026-09
cars 24 app,30,Cars24,2026-09
cars24 tathawade reviews,30,Others,2026-09
honda civic cars 24,29,Cars24 + Car Model,2026-09
cars24 under 2 lakh,29,Cars24,2026-09
kia seltos cars 24,29,Cars24 + Car Model,2026-09
cars24 google reviews,29,Others,2026-09
mg hector cars 24,29,Cars24 + Car Model,2026-09
car 24 car,29,Cars24,2026-09
car24 tathawade,29,Cars24 Cities,2026-09
cars 24 mail id,29,Cars24,2026-09
cars 24 price,29,Cars24 Buy,2026-09
car24 attapur,29,Cars24,2026-09
cars24 patna atal path,29,Cars24 Cities,2026-09
car24 owner,29,Cars24,2026-09
cars24 honda civic,28,Cars24 + Car Model,2026-09
cars24 fronx,28,Cars24 + Car Model,2026-09
cars24 bike challan,28,Cars24 Challan,2026-09
cars24 loan department contact number,28,Cars24 Customer Care,2026-09
car 24 pay challan,28,Cars24 Challan,2026-09
car24 finance,28,Cars24,2026-09
cars 24 in ranchi,28,Cars24 Cities,2026-09
24 car sell,28,Cars24 Sell,2026-09
cars 24 bhilwara,28,Cars24,2026-09
car24 prayagraj,28,Cars24 Cities,2026-09
cars24 gandhidham,28,Cars24,2026-09
cars 24 kottayam,28,Cars24,2026-09
cars24 bike sell,28,Cars24 Sell,2026-09
cars24 deoghar,28,Cars24,2026-09
cars24 hyderabad location,28,Cars24 Cities,2026-09
cars24 .com,28,Cars24,2026-09
cars24 patna address,28,Cars24 Cities,2026-09
cars24 surat address,28,Cars24 Cities,2026-09
cars24 audi,27,Cars24 + Car Model,2026-09
car24 rto check,27,Others,2026-09
scorpio n cars 24,27,Cars24 + Car Model,2026-09
cars24 account delete,27,Cars24,2026-09
renault triber cars24,27,Cars24 + Car Model,2026-09
car24 in faridabad,27,Cars24 Cities,2026-09
cars24 bangalore used cars,27,Cars24 Buy,2026-09
bolero cars24,27,Cars24 + Car Model,2026-09
car24 haridwar,27,Cars24 Cities,2026-09
cars24 car loan,27,Cars24 Buy,2026-09
cars24 omni van,27,Cars24,2026-09
car 24 swift,27,Cars24 + Car Model,2026-09
cars24 bhagalpur,27,Cars24 Cities,2026-09
delhi traffic challan car 24,27,Cars24 Challan,2026-09
cars24 panchkula,27,Cars24,2026-09
cars24 raipur contact number,27,Cars24 Customer Care,2026-09
car 24 online challan,27,Cars24 Challan,2026-09
cars 24 i20,27,Cars24 + Car Model,2026-09
cars24 baroda,27,Cars24,2026-09
cars24 palanpur,27,Cars24,2026-09
car 24 bihar,27,Cars24,2026-09
cars 24 hisar,27,Cars24 Cities,2026-09
cars 24 rohtak,27,Cars24 Cities,2026-09
car24 madurai,27,Cars24 Cities,2026-09
cars24 hours,27,Cars24,2026-09
cars 24 sell,27,Cars24 Sell,2026-09
"cars24 - buy, sell, finance used cars in naroda, ahmedabad photos",26,Cars24 Sell,2026-09
cars24 info,26,Cars24,2026-09
car24 career,26,Others,2026-09
cars 24 luxury cars,26,Cars24 Buy,2026-09
car 24 honda city,26,Cars24 + Car Model,2026-09
cars 24 inspection,26,Cars24,2026-09
virtus cars24,26,Cars24 + Car Model,2026-09
cars 24 job,26,Others,2026-09
kia sonet cars24,26,Cars24 + Car Model,2026-09
cars 24 bengaluru,26,Cars24 Cities,2026-09
cars24 ahmedabad s.g. highway,26,Cars24 Cities,2026-09
cars24 in hyderabad,26,Cars24 Cities,2026-09
car24 service history,26,Others,2026-09
cars 24 amravati,26,Cars24 Cities,2026-09
cars24 check car value,26,Cars24 Sell,2026-09
cars24 navalur,26,Cars24,2026-09
cars24 ajmer,26,Cars24 Cities,2026-09
cars24 branch near me,26,Cars24 Cities,2026-09
cars24 faridabad office,26,Cars24 Cities,2026-09
team cars24,26,Cars24,2026-09
cars24 network - sell car in erode used cars,26,Cars24 Sell,2026-09
car 24 app,26,Cars24,2026-09
"cars24 - udyog vihar, sector 18, gurgaon",26,Cars24 Cities,2026-09
cars24',26,Cars24,2026-09
"cars24 - buy, sell, finance used cars in gandhi nagar, bangalore",26,Cars24 Sell,2026-09
fortuner cars 24,25,Cars24 + Car Model,2026-09
check challan online cars24,25,Cars24 Challan,2026-09
cars 24 email,25,Cars24,2026-09
ford ecosport cars24,25,Cars24 + Car Model,2026-09
cars24 thar roxx,25,Cars24 + Car Model,2026-09
ignis cars24,25,Cars24 + Car Model,2026-09
cars24 email address,25,Cars24,2026-09
cars24 vacancy,25,Others,2026-09
customer care cars 24,25,Cars24 Customer Care,2026-09
24 cars bangalore,25,Cars24 Cities,2026-09
cars 24 navi mumbai,25,Cars24 Cities,2026-09
cars24 asansol,25,Cars24,2026-09
cars24 challan is real or fake,25,Cars24 Challan,2026-09
cars24 kia seltos,25,Cars24 + Car Model,2026-09
cars24 under 1 lakh,25,Cars24,2026-09
care.loans@cars24.com,25,Cars24 Buy,2026-09
car 24 anand,25,Cars24 Cities,2026-09
car24 anand,25,Cars24 Cities,2026-09
car24 delhi used cars,25,Cars24 Buy,2026-09
cars24 channel partner,25,Cars24,2026-09
cars24 jabalpur contact number,25,Cars24 Customer Care,2026-09
car 24 bharuch,25,Cars24,2026-09
car 24 kolhapur,25,Cars24 Cities,2026-09
cars24 noida contact number,25,Cars24 Customer Care,2026-09
does cars24 negotiate while buying,25,Cars24,2026-09
car 24 car sale,25,Cars24,2026-09
car 24 bhilwara,25,Cars24,2026-09
car 24 number,25,Cars24,2026-09
cars24 contact number near me,25,Cars24 Customer Care,2026-09
car 24 mysore,25,Cars24 Cities,2026-09
cars24 chandigarh address,25,Cars24 Cities,2026-09
cars24 hinjewadi,25,Cars24,2026-09
"cars24 - buy, sell, finance used cars in korum mall, mumbai samata nagar",25,Cars24 Sell,2026-09
cars24 endeavour,24,Cars24,2026-09
cars24 financial services customer care number,24,Cars24 Customer Care,2026-09
cars24 financial services pvt ltd customer care number,24,Cars24 Customer Care,2026-09
kwid cars24,24,Cars24 + Car Model,2026-09
cars24 honda jazz,24,Cars24 + Car Model,2026-09
cars24 i20,24,Cars24 + Car Model,2026-09
cars24 barasat,24,Cars24,2026-09
cars24 chennai customer care number,24,Cars24 Customer Care,2026-09
tata nano cars24,24,Cars24 + Car Model,2026-09
verna car 24,24,Cars24 + Car Model,2026-09
baleno cars 24,24,Cars24 + Car Model,2026-09
car24 toll free number india 24 7,24,Cars24 Customer Care,2026-09
cars 24 insurance,24,Cars24 Buy,2026-09
car24 goa,24,Cars24 Cities,2026-09
cars 24 brezza,24,Cars24 + Car Model,2026-09
cars24 eeco 7 seater cng price,24,Cars24 Buy,2026-09
cars24 swift dzire,24,Cars24 + Car Model,2026-09
cars24 dealership,24,Cars24,2026-09
cars24 naroda ahmedabad,24,Cars24 Cities,2026-09
car24 old car,24,Cars24,2026-09
cars24 pdi review,24,PDI,2026-09
car 24 latur,24,Cars24,2026-09
car24 car,24,Cars24,2026-09
car24 trivandrum,24,Cars24 Cities,2026-09
cars24 pdi booking,24,PDI,2026-09
car24 patiala,24,Cars24 Cities,2026-09
cars 24 saket,24,Cars24,2026-09
cars24 office bangalore,24,Cars24 Cities,2026-09
cars24 resale value,24,Cars24,2026-09
cars24 ahmedabad karnavati club,24,Cars24 Cities,2026-09
cars24 sell my car,24,Cars24 Sell,2026-09
car24 rc transfer status,23,Others,2026-09
memo check cars24,23,Cars24 Challan,2026-09
car 24 car details,23,Others,2026-09
cars24 bike details,23,Cars24,2026-09
cars24 challan toll free number,23,Cars24 Challan,2026-09
hyundai exter cars24,23,Cars24,2026-09
car24 bareilly,23,Cars24 Cities,2026-09
cars24 darbhanga,23,Cars24 Cities,2026-09
car24 brezza,23,Cars24 + Car Model,2026-09
cars24 warranty policy,23,Cars24,2026-09
jobs in cars24,23,Others,2026-09
car24 customer care number delhi,23,Cars24 Customer Care,2026-09
car24 jamnagar,23,Cars24 Cities,2026-09
cars24 newtown,23,Cars24,2026-09
cars24new,23,Cars24,2026-09
car24 chllan,23,Cars24,2026-09
car 24 jamnagar,23,Cars24 Cities,2026-09
cars24 bhubaneswar contact number,23,Cars24 Customer Care,2026-09
cars 24 jamnagar,23,Cars24 Cities,2026-09
cars 24 buy,23,Cars24 Buy,2026-09
cars 24 kompally hyderabad,23,Cars24 Cities,2026-09
cars24 ghaziabad contact number,23,Cars24 Customer Care,2026-09
car 24 hubli,23,Cars24 Cities,2026-09
car24 jakkur,23,Cars24 Cities,2026-09
cars24 locations,23,Cars24,2026-09
ecco 2024 car price cng,23,Cars24 Buy,2026-09
near me cars24,23,Cars24 Cities,2026-09
cars24 revenue,23,Cars24,2026-09
cars24#2 group link :- https://www.cars24.com/sell-marketing/?utm_source=affiliate&utm_medium=email_ob&utm_campaign=sglobal_34&utm_term=nr_5,23,Cars24 Sell,2026-09
cars24 vehicle information,22,Others,2026-09
cars24 vahan details,22,Cars24,2026-09
cars 24 call center,22,Cars24,2026-09
cars 24 challan details,22,Cars24 Challan,2026-09
cars24 loan foreclosure contact number,22,Cars24 Customer Care,2026-09
cars24 scorpio n,22,Cars24 + Car Model,2026-09
wagon r cars24,22,Cars24 + Car Model,2026-09
car24 insurance,22,Cars24 Buy,2026-09
cars24 electric car,22,Cars24 Buy,2026-09
cars24 khammam,22,Cars24,2026-09
cars24 rto challan,22,Cars24 Challan,2026-09
challan online cars24,22,Cars24 Challan,2026-09
cars24 bike challan check,22,Cars24 Challan,2026-09
cars24 car challan,22,Cars24 Challan,2026-09
cars24 patna used cars,22,Cars24 Buy,2026-09
alto cars24,22,Cars24 + Car Model,2026-09
24 cars mumbai,22,Cars24 Cities,2026-09
cars24 in navi mumbai,22,Cars24 Cities,2026-09
pay challan cars24,22,Cars24 Challan,2026-09
car24 rajouri garden,22,Cars24 Cities,2026-09
cars 24 franchise,22,Cars24,2026-09
cars24 sale contact number,22,Cars24 Customer Care,2026-09
cars 24 avani mall,22,Cars24,2026-09
cars 24 gt mall,22,Cars24,2026-09
cars24 customer care number noida,22,Cars24 Customer Care,2026-09
cars24 logo png,22,Others,2026-09
car 24 agra contact number,22,Cars24 Customer Care,2026-09
car24 aligarh,22,Cars24 Cities,2026-09
cars 24 tirupati,22,Cars24 Cities,2026-09
cars 24 dwarka,22,Cars24,2026-09
cars24 agra location,22,Cars24 Cities,2026-09
cars24 trichy contact number,22,Cars24 Customer Care,2026-09
cars24 gurgaon head office,22,Cars24 Customer Care,2026-09
used cars 24,22,Cars24 Buy,2026-09
cars24 corporate office,22,Cars24,2026-09
bike challan check cars24,21,Cars24 Challan,2026-09
cars24 xuv500,21,Cars24 + Car Model,2026-09
car 24 details,21,Cars24,2026-09
cars24 support number india 24 7,21,Cars24 Customer Care,2026-09
challan payment cars24,21,Cars24 Challan,2026-09
cars24 new car pdi,21,PDI,2026-09
creta cars 24,21,Cars24 + Car Model,2026-09
polo cars24,21,Cars24 + Car Model,2026-09
swift dzire cars24,21,Cars24 + Car Model,2026-09
cars24 rc transfer complaints,21,Cars24 Customer Care,2026-09
cars24 solapur,21,Cars24 Cities,2026-09
car24 panipat,21,Cars24 Cities,2026-09
cars 24 rudrapur,21,Cars24,2026-09
cars24 regency anantam dombivli east,21,Cars24 Cities,2026-09
job in cars24,21,Others,2026-09
cars24 agra contact number,21,Cars24 Customer Care,2026-09
cars24 himatnagar,21,Cars24,2026-09
cars 24 solapur,21,Cars24 Cities,2026-09
cars24 chennai vadapalani,21,Cars24 Cities,2026-09
cars24 maharashtra,21,Cars24 Cities,2026-09
cars24 muzaffarnagar,21,Cars24,2026-09
cars24 punjab,21,Cars24 Cities,2026-09
car24 bihar,21,Cars24,2026-09
car24 kolhapur,21,Cars24 Cities,2026-09
cars 24 in dehradun,21,Cars24 Cities,2026-09
cars 24 nanded,21,Cars24 Cities,2026-09
cars24 chennai used cars price list,21,Cars24 Buy,2026-09
cars24. com,21,Cars24,2026-09
cars 24 punjab,21,Cars24 Cities,2026-09
c24 car,21,Cars24,2026-09
car24 mehsana,21,Cars24 Cities,2026-09
cars 24 sector 18,21,Cars24,2026-09
cars24 surat adajan,21,Cars24 Cities,2026-09
cars24 kakkanad contact number,21,Cars24 Customer Care,2026-09
cars24 news,21,Cars24,2026-09
cars24 nexus mall whitefield,21,Cars24,2026-09
car24 car valuation,21,Cars24 Sell,2026-09
cars24 network - sell car in erode reviews,21,Cars24 Sell,2026-09
car 24 kottayam,21,Cars24,2026-09
cars24 coupon code,21,Cars24,2026-09
"cars24 - sell used cars in haralur, bengaluru",21,Cars24 Sell,2026-09
cars24 car owner details,20,Others,2026-09
ahmedabad e memo cars 24,20,Cars24 Challan,2026-09
car24 new car,20,Cars24 Buy,2026-09
cars24 used cars chennai,20,Cars24 Buy,2026-09
cars 24 escalation matrix,20,Cars24,2026-09
cars 24 ev cars,20,Cars24 Buy,2026-09
cars 24 bike sell,20,Cars24 Sell,2026-09
cars 24 jhansi,20,Cars24,2026-09
cars24 alto 800,20,Cars24 + Car Model,2026-09
cars24 bolero,20,Cars24 + Car Model,2026-09
cars24 customer care contact number,20,Cars24 Customer Care,2026-09
cars24 grand vitara,20,Cars24 + Car Model,2026-09
cars24 jalgaon,20,Cars24,2026-09
cars24 tata punch,20,Cars24 + Car Model,2026-09
lucknow cars24,20,Cars24 Cities,2026-09
second hand cars cars24,20,Cars24 Buy,2026-09
car 24 ujjain,20,Cars24 Cities,2026-09
car24 jhansi,20,Cars24,2026-09
car24india,20,Cars24,2026-09
www.car 24.com,20,Cars24,2026-09
car 24 moradabad,20,Cars24 Cities,2026-09
car24 hyderabad used cars,20,Cars24 Buy,2026-09
cars 24 valuation,20,Cars24 Sell,2026-09
cars24 ceo email id for complaint,20,Cars24 Customer Care,2026-09
cars24 company details,20,Cars24,2026-09
cars24 gurgaon contact number,20,Cars24 Customer Care,2026-09
cars24 telangana,20,Cars24,2026-09
bachupally cars24,20,Cars24 Cities,2026-09
car 24 ajmer,20,Cars24 Cities,2026-09
car 24 rudrapur,20,Cars24,2026-09
car24new,20,Cars24,2026-09
cars 24 memo,20,Cars24 Challan,2026-09
cars24 hajipur,20,Cars24,2026-09
car 24 meerut,20,Cars24 Cities,2026-09
cars 24 showroom,20,Cars24,2026-09
cars 24 gvk mall,20,Cars24,2026-09
"cars24 - buy, sell, finance used cars in nexus mall koramangala, bangalore reviews",20,Cars24 Sell,2026-09
cars 24 customer care email,19,Cars24 Customer Care,2026-09
cars 24 customer support,19,Cars24 Customer Care,2026-09
cars24 ncr,19,Cars24,2026-09
cars24 tata nano,19,Cars24 + Car Model,2026-09
toyota camry cars24,19,Cars24 + Car Model,2026-09
kia carens cars24,19,Cars24 + Car Model,2026-09
skoda octavia cars24,19,Cars24 + Car Model,2026-09
car24 helpline,19,Cars24 Customer Care,2026-09
cars24 venue,19,Cars24 + Car Model,2026-09
honda jazz cars24,19,Cars24 + Car Model,2026-09
mg comet cars24,19,Cars24 + Car Model,2026-09
cars24 agra used cars,19,Cars24 Buy,2026-09
cars24 information,19,Cars24,2026-09
cars24 tata harrier,19,Cars24 + Car Model,2026-09
celerio cars24,19,Cars24 + Car Model,2026-09
xl6 cars24,19,Cars24 + Car Model,2026-09
cars 24 swift,19,Cars24 + Car Model,2026-09
cars24 loan eligibility,19,Cars24 Buy,2026-09
swift cars 24,19,Cars24 + Car Model,2026-09
car 24 haldwani,19,Cars24,2026-09
cars 24 history,19,Cars24,2026-09
cars24 in kanpur,19,Cars24 Cities,2026-09
cars24 sambalpur,19,Cars24,2026-09
car24 gandhidham,19,Cars24,2026-09
cars24 dzire,19,Cars24 + Car Model,2026-09
cars24 kurukshetra,19,Cars24,2026-09
cars24pdi,19,Cars24,2026-09
car 24 in pune,19,Cars24 Cities,2026-09
car 24 insurance,19,Cars24 Buy,2026-09
car24 thrissur,19,Cars24 Cities,2026-09
cars24 vapi contact number,19,Cars24 Customer Care,2026-09
care cars24 com,19,Cars24,2026-09
cars 24 buy used car,19,Cars24 Buy,2026-09
cars24 second hand cars,19,Cars24 Buy,2026-09
cars24 ernakulam,19,Cars24,2026-09
cars24 noida sector 18 contact number,19,Cars24 Customer Care,2026-09
cars24 visakhapatnam address,19,Cars24 Cities,2026-09
car24 vijayawada,19,Cars24 Cities,2026-09
cars24 amanora mall,19,Cars24,2026-09
cars24 kandivali east,19,Cars24,2026-09
cars24 saket,19,Cars24,2026-09
cars24 varanasi contact number,19,Cars24 Customer Care,2026-09
cars24 raichur,19,Cars24,2026-09
sell car at cars24,19,Cars24 Sell,2026-09
"cars24 - buy, sell, finance used cars in dombivli east, mumbai",19,Cars24 Sell,2026-09
car 24 app download,19,Cars24,2026-09
check vehicle details cars24,18,Others,2026-09
cars24 career page,18,Others,2026-09
challan pay cars24,18,Cars24 Challan,2026-09
endeavour cars24,18,Cars24,2026-09
cars24 bidding,18,Cars24,2026-09
cars24 customer care email,18,Cars24 Customer Care,2026-09
nissan kicks cars24,18,Cars24,2026-09
cars24 customer service number,18,Cars24 Customer Care,2026-09
xuv 500 cars24,18,Cars24,2026-09
24 car bazar lucknow,18,Cars24 Cities,2026-09
cars24 investor relations,18,Cars24,2026-09
cars24 s presso,18,Cars24,2026-09
cars24 ahmedabad used cars,18,Cars24 Buy,2026-09
cars24 chhindwara,18,Cars24,2026-09
cars24 odisha,18,Cars24,2026-09
cars 24 bangalore office,18,Cars24 Cities,2026-09
cars 24 scrap,18,Cars24,2026-09
cars24 channel partner login,18,Others,2026-09
cars24 wagon r cng price,18,Cars24 + Car Model,2026-09
kia sonet cars 24,18,Cars24 + Car Model,2026-09
car 24 rewari,18,Cars24,2026-09
cars24 innova,18,Cars24 + Car Model,2026-09
cars24 internship,18,Others,2026-09
cars24 tathawade used cars,18,Cars24 Buy,2026-09
cars24 toll free number india,18,Cars24 Customer Care,2026-09
cars 24 nagpur maharashtra,18,Cars24 Cities,2026-09
cars24 customer care toll free number india 24x7 ahmedabad near,18,Cars24 Customer Care,2026-09
cars24 ludhiana contact number,18,Cars24 Customer Care,2026-09
cars24 official website,18,Cars24,2026-09
cars24 pathankot,18,Cars24,2026-09
cars24 urbana,18,Cars24,2026-09
car 24 mathura,18,Cars24 Cities,2026-09
cars 24 bangalore contact number,18,Cars24 Customer Care,2026-09
cars 24 guntur,18,Cars24 Cities,2026-09
cars24 chennai address,18,Cars24 Cities,2026-09
cars24 srinagar,18,Cars24 Cities,2026-09
car 24 hours,18,Cars24,2026-09
car 24 panchkula,18,Cars24,2026-09
cars24 bestech mall mohali,18,Cars24 Cities,2026-09
cars24 bhopal contact number,18,Cars24 Customer Care,2026-09
cars24 buy used car,18,Cars24 Buy,2026-09
cars24 sell bike,18,Cars24 Sell,2026-09
cars24 rohini sector 10,18,Cars24,2026-09
jakkur cars24,18,Cars24 Cities,2026-09
car 24 old car buy,18,Cars24 Buy,2026-09
cars24 in patna,18,Cars24 Cities,2026-09
cars24 kottayam,18,Cars24,2026-09
cars24 jobs in hyderabad,18,Others,2026-09
near by cars24 showroom,18,Cars24,2026-09
cars24 bachupally reviews,18,Others,2026-09
"cars24 - buy, sell, finance used cars in bachupally, hyderabad reviews",18,Cars24 Sell,2026-09
"cars24 - buy, sell, finance used cars in belapur, mumbai navi mumbai reviews",18,Cars24 Sell,2026-09
cars24 rc status,17,Cars24,2026-09
cars24 nano,17,Cars24 + Car Model,2026-09
camry cars24,17,Cars24 + Car Model,2026-09
cars24 carrers,17,Cars24,2026-09
ciaz cars24,17,Cars24 + Car Model,2026-09
harrier cars24,17,Cars24 + Car Model,2026-09
skoda superb cars24,17,Cars24 + Car Model,2026-09
car24 mumbai used cars,17,Cars24 Buy,2026-09
cars 24 verna,17,Cars24 + Car Model,2026-09
cars24 challans,17,Cars24 Challan,2026-09
cars24 sell car customer care number,17,Cars24 Customer Care,2026-09
how to unsubscribe cars24 calls,17,Cars24,2026-09
alto cars 24,17,Cars24 + Car Model,2026-09
car 24 ertiga,17,Cars24 + Car Model,2026-09
cars24 in jaipur,17,Cars24 Cities,2026-09
cars24 silchar,17,Cars24 Cities,2026-09
scorpio classic cars24,17,Cars24 + Car Model,2026-09
cars24 customer care phone number,17,Cars24 Customer Care,2026-09
cars24 kannur,17,Cars24 Cities,2026-09
cars24 live auction,17,Cars24 Buy,2026-09
cars24 rourkela,17,Cars24 Cities,2026-09
cars24 thar price,17,Cars24 + Car Model,2026-09
e cars24,17,Cars24,2026-09
skoda kylaq cars24,17,Cars24,2026-09
cars 24 details,17,Cars24,2026-09
cars24 customer care toll free number india 24x7 hyderabad,17,Cars24 Customer Care,2026-09
cars24 madurai address,17,Cars24 Cities,2026-09
car 24 lucknow contact number,17,Cars24 Customer Care,2026-09
car24 mysore,17,Cars24 Cities,2026-09
cars 24 erode,17,Cars24 Cities,2026-09
cars 24 in pune,17,Cars24 Cities,2026-09
cars 24 undri,17,Cars24,2026-09
cars24 customer care number chennai,17,Cars24 Customer Care,2026-09
cars24 loan statement,17,Cars24 Buy,2026-09
cars24 surat challan,17,Cars24 Challan,2026-09
car 24 .com,17,Cars24,2026-09
car24 siliguri,17,Cars24 Cities,2026-09
cars24 gandhinagar bangalore,17,Cars24 Cities,2026-09
cars24 nadiad,17,Cars24 Cities,2026-09
sell car cars24,17,Cars24 Sell,2026-09
used car 24,17,Cars24 Buy,2026-09
cars 24 sale,17,Cars24,2026-09
cars24 ceo name,17,Cars24,2026-09
car 24 mehsana,17,Cars24 Cities,2026-09
cars24 home inspection,17,Cars24,2026-09
24 car indore,17,Cars24 Cities,2026-09
cars 24 koramangala,17,Cars24,2026-09
cars24 australia,17,Cars24,2026-09
cars24 ciaz ahmedabad,16,Cars24 + Car Model,2026-09
cars24 annual report,16,Cars24,2026-09
bolero neo cars24,16,Cars24 + Car Model,2026-09
cars24 compare cars,16,Cars24,2026-09
cars24 elantra,16,Cars24 + Car Model,2026-09
cars24 mg hector,16,Cars24 + Car Model,2026-09
dzire cars24,16,Cars24 + Car Model,2026-09
brezza car24,16,Cars24 + Car Model,2026-09
cars24 challan contact number,16,Cars24 Challan,2026-09
cars24 kochi used cars,16,Cars24 Buy,2026-09
car loan emi calculator cars24,16,Cars24 Buy,2026-09
car24 pune used cars,16,Cars24 Buy,2026-09
ecosport cars24,16,Cars24,2026-09
skoda slavia cars24,16,Cars24 + Car Model,2026-09
cars24 dealer registration online,16,Cars24,2026-09
cars24 grievance officer,16,Cars24,2026-09
cars24 job openings,16,Others,2026-09
xuv 700 cars24,16,Cars24 + Car Model,2026-09
cars 24 xuv 700,16,Cars24 + Car Model,2026-09
cars24 tumkur,16,Cars24 Cities,2026-09
how to delete account in cars24,16,Cars24,2026-09
car 24 new delhi,16,Cars24 Cities,2026-09
car24 head office contact number,16,Cars24 Customer Care,2026-09
cars 24 tamilnadu,16,Cars24,2026-09
cars24 bokaro,16,Cars24 Cities,2026-09
cars24 gwalior contact number,16,Cars24 Customer Care,2026-09
car 24 bathinda,16,Cars24 Cities,2026-09
car24 gurgaon office,16,Cars24 Cities,2026-09
car24 loan login,16,Cars24 Buy,2026-09
car24 sell car contact number,16,Cars24 Customer Care,2026-09
thar car 24,16,Cars24 + Car Model,2026-09
car 24 bilaspur,16,Cars24,2026-09
car24 karnavati club,16,Cars24,2026-09
cars24 bhilai,16,Cars24,2026-09
cars24 business model,16,Cars24,2026-09
24 cars ahmedabad,16,Cars24 Cities,2026-09
car 24 inspection,16,Cars24,2026-09
cars24 amravati,16,Cars24 Cities,2026-09
cars24 in mumbai,16,Cars24 Cities,2026-09
car 24 kalyan,16,Cars24,2026-09
car24 hubli,16,Cars24 Cities,2026-09
cars24 dehradun contact number,16,Cars24 Customer Care,2026-09
car 24 patiala,16,Cars24 Cities,2026-09
"cars24 - buy, sell, finance used cars in avani riverside mall, kolkata choura bustee, shibpur",16,Cars24 Sell,2026-09
cars24 morbi,16,Cars24,2026-09
loan 24 by car 24,16,Cars24 Buy,2026-09
cars 24 review,16,Others,2026-09
cars24 photos,16,Cars24,2026-09
cars24 challan details,15,Cars24 Challan,2026-09
cars24 luxury,15,Cars24,2026-09
toyota hilux cars24,15,Cars24,2026-09
cars24 cng,15,Cars24,2026-09
cars24 fastag,15,Cars24,2026-09
cars24 investors,15,Cars24,2026-09
mercedes cars24,15,Cars24 + Car Model,2026-09
used honda city cars24,15,Cars24 + Car Model,2026-09
car 24 mansarovar,15,Cars24,2026-09
cars 24 chllan,15,Cars24,2026-09
cars24 kia carens,15,Cars24 + Car Model,2026-09
cars24 new delhi,15,Cars24 Cities,2026-09
cars24 nissan magnite,15,Cars24 + Car Model,2026-09
audi cars24,15,Cars24 + Car Model,2026-09
car24 saket,15,Cars24,2026-09
cars 24 ignis,15,Cars24 + Car Model,2026-09
cars24 email,15,Cars24,2026-09
car24 ambala,15,Cars24 Cities,2026-09
cars 24 .com,15,Cars24,2026-09
cars24 andhra pradesh,15,Cars24,2026-09
cars24 customer support email id,15,Cars24 Customer Care,2026-09
cars24 in nagpur,15,Cars24 Cities,2026-09
cars24 innova hycross,15,Cars24 + Car Model,2026-09
cars24 navsari,15,Cars24,2026-09
hyundai creta cars24,15,Cars24 + Car Model,2026-09
nissan magnite cars24,15,Cars24 + Car Model,2026-09
scorpio cars 24,15,Cars24 + Car Model,2026-09
tata safari cars24,15,Cars24 + Car Model,2026-09
venue cars24,15,Cars24 + Car Model,2026-09
car 24 satna,15,Cars24,2026-09
car 24 thar,15,Cars24 + Car Model,2026-09
cars24 customer care number hyderabad 24x7,15,Cars24 Customer Care,2026-09
cars24 dnd,15,Cars24,2026-09
cars24 ratlam,15,Cars24,2026-09
cars24 used,15,Cars24,2026-09
how to contact cars24 customer care,15,Cars24 Customer Care,2026-09
car24 bharuch,15,Cars24,2026-09
cars24 bahadurgarh,15,Cars24,2026-09
cars24 gaya,15,Cars24 Cities,2026-09
cars24 service,15,Cars24,2026-09
ertiga cars 24,15,Cars24 + Car Model,2026-09
i20 cars 24,15,Cars24 + Car Model,2026-09
kwid cars 24,15,Cars24 + Car Model,2026-09
s presso cars24,15,Cars24,2026-09
car 24 rohini,15,Cars24,2026-09
car24 challn,15,Cars24,2026-09
car24 sonipat,15,Cars24,2026-09
car24 swift,15,Cars24 + Car Model,2026-09
cars24 lucknow gomti nagar,15,Cars24 Cities,2026-09
cars24 online valuation,15,Cars24 Sell,2026-09
cars 24 belapur navi mumbai,15,Cars24 Cities,2026-09
cars 24 moradabad,15,Cars24 Cities,2026-09
cars 24 rohini delhi,15,Cars24 Cities,2026-09
cars24 bachupally contact number,15,Cars24 Customer Care,2026-09
cars24 contact number delhi,15,Cars24 Customer Care,2026-09
cars24 himachal pradesh,15,Cars24,2026-09
cars24 in delhi,15,Cars24 Cities,2026-09
cars24 in goa,15,Cars24 Cities,2026-09
cars24 near me contact number,15,Cars24 Customer Care,2026-09
cars24 old cars,15,Cars24,2026-09
what is lifetime warranty in cars24,15,Cars24,2026-09
cars24 customer care number kolkata,15,Cars24 Customer Care,2026-09
cars24 head office gurgaon,15,Cars24 Customer Care,2026-09
cars24 kollam,15,Cars24 Cities,2026-09
cars24 purnia,15,Cars24 Cities,2026-09
cars24 vadapalani contact number,15,Cars24 Customer Care,2026-09
gajendra jangid cars24,15,Cars24,2026-09
cars24 latur,15,Cars24,2026-09
cars24 aligarh contact number,15,Cars24 Customer Care,2026-09
cars24 faridabad address,15,Cars24 Cities,2026-09
cars24 hub kandivali mumbai,15,Cars24 Cities,2026-09
cars24 registration,14,Cars24,2026-09
car info cars24,14,Others,2026-09
cars 24 hiring,14,Others,2026-09
cars24 luxe,14,Cars24,2026-09
cars24 rto services,14,Others,2026-09
virtus gt cars24,14,Cars24 + Car Model,2026-09
cars 24 carrers,14,Cars24,2026-09
cars 24 second hand cars,14,Cars24 Buy,2026-09
cars24 car details check,14,Others,2026-09
cars24 customer service,14,Cars24 Customer Care,2026-09
cars24 insurance customer care number,14,Cars24 Customer Care,2026-09
toyota fortuner cars24,14,Cars24 + Car Model,2026-09
car24 partner,14,Cars24,2026-09
car24 चालान चेक,14,Cars24 Challan,2026-09
cars24 carrer,14,Cars24,2026-09
car24 bulandshahr,14,Cars24,2026-09
car24 uae,14,Cars24,2026-09
cars 24 nano,14,Cars24 + Car Model,2026-09
cars24 car check,14,Cars24,2026-09
cars24 ford ecosport,14,Cars24 + Car Model,2026-09
jobs at cars24,14,Others,2026-09
car 24 uae,14,Cars24,2026-09
car truth by cars24,14,Cars24,2026-09
car24 honda city,14,Cars24 + Car Model,2026-09
cars 24 return policy,14,Cars24,2026-09
cars24 head office address,14,Cars24 Customer Care,2026-09
cars24 madurai contact number,14,Cars24 Customer Care,2026-09
cars24 openings,14,Cars24,2026-09
car 24 alto k10,14,Cars24 + Car Model,2026-09
car24 job,14,Others,2026-09
car24 thar,14,Cars24 + Car Model,2026-09
cars 24 tamil nadu,14,Cars24,2026-09
cars24 bilaspur chhattisgarh,14,Cars24,2026-09
cars24 ertiga cng,14,Cars24 + Car Model,2026-09
cars24 harrier,14,Cars24 + Car Model,2026-09
cars24 haryana,14,Cars24,2026-09
cars24 moto,14,Cars24,2026-09
cars24 nagpur under 2 lakh,14,Cars24 Cities,2026-09
cars24 patiala,14,Cars24 Cities,2026-09
cars24 report,14,Cars24,2026-09
cars24 udupi,14,Cars24,2026-09
cars24 vadodara near me,14,Cars24 Cities,2026-09
how to delete cars 24 account,14,Cars24,2026-09
alto 800 cars24,14,Cars24 + Car Model,2026-09
car 24.,14,Cars24,2026-09
car24s,14,Cars24,2026-09
cars24 dindigul,14,Cars24,2026-09
cars24 karnataka,14,Cars24,2026-09
cars24 used cars mumbai,14,Cars24 Buy,2026-09
e challan parivahan cars24,14,Cars24 Challan,2026-09
car 24 madurai,14,Cars24 Cities,2026-09
cars 24 calicut,14,Cars24 Cities,2026-09
cars 24 kollam,14,Cars24 Cities,2026-09
cars24 belapur address,14,Cars24,2026-09
cars24 bike valuation,14,Cars24 Sell,2026-09
cars24 lb nagar,14,Cars24,2026-09
cars24 rajasthan,14,Cars24,2026-09
cars24 scooty,14,Cars24,2026-09
what is cars 24,14,Cars24,2026-09
car 24 price,14,Cars24 Buy,2026-09
insurance 24 by cars24,14,Cars24 Buy,2026-09
car 24 old car,14,Cars24,2026-09
cars 24 greater noida,14,Cars24 Cities,2026-09
cars 24 services pvt ltd,14,Cars24,2026-09
cars24 atal path patna,14,Cars24 Cities,2026-09
cars24 bangalore office,14,Cars24 Cities,2026-09
cars24 gnb mall ghaziabad,14,Cars24 Cities,2026-09
cars24 spinny,14,Cars24,2026-09
cars 24 near by me,14,Cars24,2026-09
cars24 bhoruka,14,Cars24,2026-09
24 car care,14,Cars24,2026-09
near cars24,14,Cars24,2026-09
used s cross cars24,13,Cars24,2026-09
cars 24 alto,13,Cars24 + Car Model,2026-09
cars24 scorpio classic,13,Cars24 + Car Model,2026-09
duster cars24,13,Cars24 + Car Model,2026-09
elantra cars24,13,Cars24 + Car Model,2026-09
xuv300 cars24,13,Cars24,2026-09
cars 24 ujjain,13,Cars24 Cities,2026-09
cars24 range rover,13,Cars24,2026-09
check challan car24,13,Cars24 Challan,2026-09
mg astor cars24,13,Cars24 + Car Model,2026-09
pajero cars24,13,Cars24,2026-09
toyota yaris cars24,13,Cars24,2026-09
xuv500 cars24,13,Cars24 + Car Model,2026-09
car 24 alto,13,Cars24 + Car Model,2026-09
cars24 kwid,13,Cars24 + Car Model,2026-09
cars24 new,13,Cars24,2026-09
cars24 nexon,13,Cars24 + Car Model,2026-09
cars24 skoda slavia,13,Cars24 + Car Model,2026-09
check challan cars 24,13,Cars24 Challan,2026-09
hyundai verna cars24,13,Cars24 + Car Model,2026-09
magnite cars24,13,Cars24 + Car Model,2026-09
xuv 700 cars 24,13,Cars24 + Car Model,2026-09
bmw cars 24,13,Cars24 + Car Model,2026-09
car 24 ambala,13,Cars24 Cities,2026-09
car24 haldwani,13,Cars24,2026-09
car24 patna bihar,13,Cars24 Cities,2026-09
car24 website,13,Cars24,2026-09
cars 24 jalgaon,13,Cars24,2026-09
cars 24 thar roxx,13,Cars24 + Car Model,2026-09
cars 24 tirupur,13,Cars24 Cities,2026-09
cars 24 vacancy,13,Others,2026-09
cars24 delhi customer care number,13,Cars24 Customer Care,2026-09
cars24 honda amaze,13,Cars24 + Car Model,2026-09
fronx cars 24,13,Cars24 + Car Model,2026-09
honda city car 24,13,Cars24 + Car Model,2026-09
renault kwid cars24,13,Cars24 + Car Model,2026-09
s cross cars24,13,Cars24,2026-09
used ertiga in bangalore cars24,13,Cars24 + Car Model,2026-09
virtus cars 24,13,Cars24 + Car Model,2026-09
cars 24 customer service,13,Cars24 Customer Care,2026-09
cars24 bikes,13,Cars24,2026-09
cars24 dehradun location,13,Cars24 Cities,2026-09
cars24 loan noc download,13,Cars24 Buy,2026-09
cars24 ncr delhi,13,Cars24 Cities,2026-09
tiago cars24,13,Cars24 + Car Model,2026-09
24 cars kerala,13,Cars24 Cities,2026-09
cars 24 satara,13,Cars24,2026-09
cars 24/7,13,Cars24,2026-09
cars24 ahmednagar,13,Cars24,2026-09
cars24 head office number,13,Cars24 Customer Care,2026-09
cars24 hub jaipur,13,Cars24 Cities,2026-09
cars24 inspection report,13,Cars24,2026-09
skoda kushaq cars24,13,Cars24 + Car Model,2026-09
car 24 gandhidham,13,Cars24,2026-09
car 24 jalgaon,13,Cars24,2026-09
car24 ahmedabad naroda,13,Cars24 Cities,2026-09
car24 bachupally,13,Cars24 Cities,2026-09
cars 24 car,13,Cars24,2026-09
cars 24 financial services,13,Cars24 Buy,2026-09
cars 24 gurugram office,13,Cars24 Cities,2026-09
cars24 car buy,13,Cars24 Buy,2026-09
cars24 godhra,13,Cars24,2026-09
cars24 gurgaon near me,13,Cars24 Cities,2026-09
cars24 in lucknow,13,Cars24 Cities,2026-09
cars24 thane korum mall,13,Cars24 Cities,2026-09
cars24 wagholi pune,13,Cars24 Cities,2026-09
car 24*7,13,Cars24,2026-09
car24 kalyan,13,Cars24,2026-09
car24 mail id,13,Cars24,2026-09
cars24 customer care toll free number india 24x7 noida,13,Cars24 Customer Care,2026-09
cars24 download,13,Cars24,2026-09
cars 24 gnb mall,13,Cars24,2026-09
cars24 gnb mall,13,Cars24,2026-09
cars24 gurgaon address,13,Cars24 Cities,2026-09
cars24 jodhpur contact number,13,Cars24 Customer Care,2026-09
cars24 vizag contact number,13,Cars24 Customer Care,2026-09
cars 24 coimbatore contact number,13,Cars24 Customer Care,2026-09
cars 24 vashi,13,Cars24,2026-09
pune cars24,13,Cars24 Cities,2026-09
cars24 sagar,13,Cars24 Cities,2026-09
cars24 rdc ghaziabad,13,Cars24 Cities,2026-09
cars24 civic,12,Cars24,2026-09
cars24 seltos,12,Cars24,2026-09
cars24 volkswagen,12,Cars24,2026-09
hyundai tucson cars24,12,Cars24 + Car Model,2026-09
cars 24 polo,12,Cars24 + Car Model,2026-09
cars24 honda,12,Cars24,2026-09
cars24 warranty,12,Cars24,2026-09
datsun redi go cars24,12,Cars24,2026-09
mycars24,12,Cars24,2026-09
polo gt cars24,12,Cars24 + Car Model,2026-09
cars 24 ambala,12,Cars24 Cities,2026-09
cars 24 creta,12,Cars24 + Car Model,2026-09
cars 24 new cars,12,Cars24 + Car Model,2026-09
cars24 car scrap,12,Cars24,2026-09
cars24 personal loan,12,Cars24 Buy,2026-09
cars24 renault kwid,12,Cars24 + Car Model,2026-09
cars24 virtus,12,Cars24 + Car Model,2026-09
buy car cars24,12,Cars24 Buy,2026-09
car24 chandigarh,12,Cars24 Cities,2026-09
car24 dubai,12,Cars24 Cities,2026-09
car24 punjab,12,Cars24 Cities,2026-09
cars 24 ahmednagar,12,Cars24,2026-09
cars 24 ertiga,12,Cars24 + Car Model,2026-09
cars24 about,12,Cars24,2026-09
cars24 mumbai customer care number,12,Cars24 Customer Care,2026-09
cars24 uttarakhand,12,Cars24,2026-09
delete cars 24 account,12,Cars24,2026-09
ford ecosport cars 24,12,Cars24 + Car Model,2026-09
renault duster cars24,12,Cars24 + Car Model,2026-09
thar roxx cars 24,12,Cars24 + Car Model,2026-09
cars24 baleno cng,12,Cars24 + Car Model,2026-09
cars24 brezza cng,12,Cars24 + Car Model,2026-09
cars24 dhule,12,Cars24,2026-09
cars24 exchange offer,12,Cars24,2026-09
cars24 hubli contact number,12,Cars24 Customer Care,2026-09
cars24 jodhpur address,12,Cars24 Cities,2026-09
cars24 pre delivery inspection,12,PDI,2026-09
cars24 senior management email id,12,Cars24,2026-09
cars24 vijayawada address,12,Cars24 Cities,2026-09
pune cars 24,12,Cars24 Cities,2026-09
ruchit agarwal cars24,12,Cars24,2026-09
24 car sales,12,Cars24,2026-09
car 24 jharkhand,12,Cars24,2026-09
car24 trichy,12,Cars24 Cities,2026-09
cars24 davangere,12,Cars24,2026-09
cars24 jhunjhunu,12,Cars24,2026-09
cars24 madurai used cars,12,Cars24 Buy,2026-09
cars24 salem contact number,12,Cars24 Customer Care,2026-09
cars24 swift price,12,Cars24 + Car Model,2026-09
car24 customer care number india,12,Cars24 Customer Care,2026-09
car24 कस्टमर केयर नंबर,12,Cars24,2026-09
cars 24 delhi office,12,Cars24 Cities,2026-09
cars 24 lifetime warranty,12,Cars24,2026-09
"cars 24 near bengaluru, karnataka",12,Cars24,2026-09
cars24 auction process,12,Cars24 Buy,2026-09
cars24 bareilly contact number,12,Cars24 Customer Care,2026-09
cars24 customer care mail id,12,Cars24 Customer Care,2026-09
cars24 customer care toll free number india 24x7 delhi near,12,Cars24 Customer Care,2026-09
cars24 pune hinjewadi,12,Cars24 Cities,2026-09
cars24 service center,12,Cars24,2026-09
cars24 shimoga,12,Cars24 Cities,2026-09
cars24 vasai,12,Cars24,2026-09
cars24 vijayawada contact number,12,Cars24 Customer Care,2026-09
cars24 car,12,Cars24,2026-09
cars24 kochi location,12,Cars24 Cities,2026-09
cars24 sg highway,12,Cars24,2026-09
nearby cars24 showroom,12,Cars24,2026-09
second hand car cars24,12,Cars24 Buy,2026-09
cars24 himatnagar contact number,12,Cars24 Customer Care,2026-09
cars24 pre owned cars,12,Cars24,2026-09
mysore cars24,12,Cars24 Cities,2026-09
cars24 gurugram office,12,Cars24 Cities,2026-09
cars24 review for selling,12,Others,2026-09
thar on cars24,12,Cars24 + Car Model,2026-09
"cars24 - sell used cars in behala, kolkata",12,Cars24 Sell,2026-09
"cars24 - sell used cars in indirapuram, ghaziabad shakti khand iii, indirapuram reviews",12,Cars24 Sell,2026-09
cars24 gurgaon boat challan,12,Cars24 Challan,2026-09
cars24 vikhroli office address,12,Cars24,2026-09
owner of cars24,12,Cars24,2026-09
cars24 octavia,11,Cars24 + Car Model,2026-09
honda amaze cars 24,11,Cars24 + Car Model,2026-09
cars24 official email id,11,Cars24,2026-09
cars24 skoda superb,11,Cars24 + Car Model,2026-09
octavia cars24,11,Cars24 + Car Model,2026-09
cars 24 cutomer care,11,Cars24,2026-09
cars 24 partner,11,Cars24,2026-09
cars24 fortuner price,11,Cars24 + Car Model,2026-09
check challan online car 24,11,Cars24 Challan,2026-09
hyundai elantra cars24,11,Cars24 + Car Model,2026-09
used creta in bangalore cars24,11,Cars24 + Car Model,2026-09
car 24 scrap,11,Cars24,2026-09
cars 24 chalan check,11,Cars24 Challan,2026-09
cars24 car service,11,Cars24,2026-09
cars24 delete account,11,Cars24,2026-09
cars24 used car valuation,11,Cars24 Sell,2026-09
innova cars24,11,Cars24 + Car Model,2026-09
car 24 chaalan,11,Cars24,2026-09
car 24 memo,11,Cars24 Challan,2026-09
car24 bike,11,Cars24,2026-09
cars 24 chlaan,11,Cars24,2026-09
cars 24 hosur,11,Cars24,2026-09
cars 24 warranty,11,Cars24,2026-09
cars24 alto,11,Cars24 + Car Model,2026-09
cars24 altroz,11,Cars24 + Car Model,2026-09
cars24 hubli used cars,11,Cars24 Buy,2026-09
cars24 inspection contact number,11,Cars24 Customer Care,2026-09
cars24 kia sonet,11,Cars24 + Car Model,2026-09
cars24 loan closure,11,Cars24 Buy,2026-09
cars24 loan details,11,Cars24 Buy,2026-09
cars24 loan interest rate,11,Cars24 Buy,2026-09
cars24 satna,11,Cars24,2026-09
cars24 sholinganallur contact number,11,Cars24 Customer Care,2026-09
cars24 valsad,11,Cars24,2026-09
ccar 24,11,Cars24,2026-09
ford figo cars 24,11,Cars24 + Car Model,2026-09
car24 bike sell,11,Cars24 Sell,2026-09
car24 rewari,11,Cars24,2026-09
cars 24 ajmer,11,Cars24 Cities,2026-09
cars 24 palakkad,11,Cars24 Cities,2026-09
cars24 arabia,11,Cars24,2026-09
cars24 bhavnagar contact number,11,Cars24 Customer Care,2026-09
cars24 ganganagar,11,Cars24,2026-09
cars24 meerut address,11,Cars24 Cities,2026-09
cars24 pune maharashtra,11,Cars24 Cities,2026-09
cars24 sambhaji nagar,11,Cars24,2026-09
delhi cars24,11,Cars24 Cities,2026-09
innova crysta cars 24,11,Cars24 + Car Model,2026-09
pdi cars 24,11,PDI,2026-09
24 car number plate,11,Others,2026-09
car 24 ahmedabad contact number,11,Cars24 Customer Care,2026-09
car 24 gandhinagar,11,Cars24 Cities,2026-09
car 24 in noida,11,Cars24 Cities,2026-09
car24 alwar,11,Cars24 Cities,2026-09
car24 zirakpur,11,Cars24,2026-09
cars 24 corporate office,11,Cars24,2026-09
cars 24 in mumbai,11,Cars24 Cities,2026-09
cars 24 service,11,Cars24,2026-09
cars 24 used car valuation,11,Cars24 Sell,2026-09
cars24 buy and sell,11,Cars24 Sell,2026-09
cars24 corporate head office,11,Cars24 Customer Care,2026-09
cars24 goregaon east,11,Cars24 Cities,2026-09
cars24 hazaribagh,11,Cars24,2026-09
cars24 in chandigarh,11,Cars24 Cities,2026-09
cars24 near thane maharashtra,11,Cars24 Cities,2026-09
cars24 services pvt ltd,11,Cars24,2026-09
cars24 siliguri contact number,11,Cars24 Customer Care,2026-09
cars24 used car inspection,11,Cars24 Buy,2026-09
car 24 attapur,11,Cars24,2026-09
car24 bangalore contact number,11,Cars24 Customer Care,2026-09
car24 customer care number gurgaon,11,Cars24 Customer Care,2026-09
car24 vastral,11,Cars24,2026-09
cars 24 thiruverkadu chennai,11,Cars24 Cities,2026-09
cars24 alwar,11,Cars24 Cities,2026-09
cars24 private limited,11,Cars24,2026-09
jakkur cars24 location,11,Cars24 Cities,2026-09
near me cars 24,11,Cars24 Cities,2026-09
car24 sale car,11,Cars24,2026-09
cars 24 amanora mall,11,Cars24,2026-09
cars24 network - sell car in erode,11,Cars24 Sell,2026-09
cars24 valuation 2026,11,Cars24 Sell,2026-09
cars 24 hub,11,Cars24,2026-09
cars 24 mathura,11,Cars24 Cities,2026-09
car24 location,11,Cars24,2026-09
"cars24 - buy, sell used cars in rohini, delhi sector 10, rohini",11,Cars24 Sell,2026-09
"cars24 - buy, sell, finance used cars in nishal arcade, surat",11,Cars24 Sell,2026-09
cars24 jobs in pune,11,Others,2026-09
car 24 bikaner,11,Cars24 Cities,2026-09
"cars24 - sell used cars in bhestan, surat",11,Cars24 Sell,2026-09
cars24 admin panel,11,Cars24,2026-09
cars24 jakkur reviews,11,Others,2026-09
cars 24 virtus,10,Cars24 + Car Model,2026-09
cars24 pune customer care number,10,Cars24 Customer Care,2026-09
i20 car24,10,Cars24 + Car Model,2026-09
cars24 dubai careers,10,Others,2026-09
i10 cars24,10,Cars24,2026-09
car 24 new car,10,Cars24 Buy,2026-09
car24 scrap,10,Cars24,2026-09
cars24 ignis,10,Cars24 + Car Model,2026-09
cars24 mail,10,Cars24,2026-09
cars24 team,10,Cars24,2026-09
cars24pune,10,Cars24,2026-09
ciaz cars 24,10,Cars24 + Car Model,2026-09
customer care car 24,10,Cars24 Customer Care,2026-09
hyundai venue cars24,10,Cars24 + Car Model,2026-09
innova hycross cars24,10,Cars24 + Car Model,2026-09
maruti 800 cars24,10,Cars24,2026-09
tata curvv cars24,10,Cars24 + Car Model,2026-09
car 24 call center,10,Cars24,2026-09
car24 hisar,10,Cars24 Cities,2026-09
cars 24 jimny,10,Cars24 + Car Model,2026-09
cars 24 new car pdi,10,PDI,2026-09
cars24 7 seater car,10,Cars24,2026-09
cars24 car value,10,Cars24 Sell,2026-09
cars24 channel partner for pc,10,Cars24,2026-09
cars24 eeco car,10,Cars24,2026-09
cars24 erode contact number,10,Cars24 Customer Care,2026-09
cars24 jharkhand,10,Cars24,2026-09
cars24 sonipat contact number,10,Cars24 Customer Care,2026-09
e challan cars 24,10,Cars24 Challan,2026-09
ford freestyle cars24,10,Cars24,2026-09
s24 car,10,Cars24,2026-09
scars 24,10,Cars24,2026-09
tata sierra cars24,10,Cars24,2026-09
verna car24,10,Cars24 + Car Model,2026-09
car 24 hour,10,Cars24,2026-09
car24 inspection,10,Cars24,2026-09
cars 24 near kanpur uttar pradesh,10,Cars24 Cities,2026-09
cars24 begusarai,10,Cars24,2026-09
cars24 calicut,10,Cars24 Cities,2026-09
cars24 mathura,10,Cars24 Cities,2026-09
cars24 refund policy,10,Cars24,2026-09
cars24 rewa,10,Cars24,2026-09
cars24 tamil nadu used cars,10,Cars24 Buy,2026-09
cars24 vehicle challan,10,Cars24 Challan,2026-09
cars24 west bengal,10,Cars24,2026-09
kia carens cars 24,10,Cars24 + Car Model,2026-09
swift dzire car 24,10,Cars24 + Car Model,2026-09
car24 vizag,10,Cars24 Cities,2026-09
cars 24 30 day return policy,10,Cars24,2026-09
cars24 bangalore customer care number,10,Cars24 Customer Care,2026-09
cars24 baramati,10,Cars24,2026-09
cars24 driver job,10,Others,2026-09
cars24 jakkur used cars,10,Cars24 Buy,2026-09
cars24 thiruverkadu contact number,10,Cars24 Customer Care,2026-09
cars24 vehicle history,10,Cars24,2026-09
e24 car,10,Cars24,2026-09
how to sell car on cars24,10,Cars24 Sell,2026-09
tata nexon car 24,10,Cars24 + Car Model,2026-09
used car cars24,10,Cars24 Buy,2026-09
bangalore cars24,10,Cars24 Cities,2026-09
car 24 amravati,10,Cars24 Cities,2026-09
car24 amravati,10,Cars24 Cities,2026-09
car24 atal path patna,10,Cars24 Cities,2026-09
car24 buy,10,Cars24 Buy,2026-09
cars 24 call,10,Cars24,2026-09
cars 24 in hyderabad,10,Cars24 Cities,2026-09
cars 24 rohini hub,10,Cars24,2026-09
"cars24 - buy, sell, finance used cars in nexus whitefield mall, bangalore prestige ozone",10,Cars24 Sell,2026-09
cars24 akshar chowk vadodara,10,Cars24 Cities,2026-09
cars24 aurangabad contact number,10,Cars24 Customer Care,2026-09
cars24 customer care number jaipur,10,Cars24 Customer Care,2026-09
cars24 jobs in bangalore,10,Others,2026-09
cars24 kharagpur,10,Cars24,2026-09
cars24 kukatpally,10,Cars24,2026-09
cars24 loan status login,10,Cars24 Buy,2026-09
cars24 nashik address,10,Cars24 Cities,2026-09
cars24 nearby,10,Cars24,2026-09
verified direct seller cars24,10,Cars24,2026-09
car valuation cars24,10,Cars24 Sell,2026-09
car24 app download,10,Cars24,2026-09
car24 bhavnagar,10,Cars24 Cities,2026-09
cars24 cars under 1 lakh,10,Cars24,2026-09
cars24 electronic city,10,Cars24,2026-09
cars24 patna location,10,Cars24 Cities,2026-09
nearby cars24 office,10,Cars24,2026-09
ecco 2024 car price on road price,10,Cars24 Buy,2026-09
vehicleinfo support cars24 com,10,Cars24 Customer Care,2026-09
cars24 axel,10,Cars24,2026-09
cars24 india used cars,10,Cars24 Buy,2026-09
car 24 assam,10,Cars24,2026-09
"cars24 - buy used cars, gnb mall, ghaziabad raj nagar extension reviews",10,Cars24 Buy,2026-09
cars24 ipo,10,Cars24,2026-09
cars24 jobs in ahmedabad,10,Others,2026-09
cars24 jobs in jaipur,10,Others,2026-09
cars24 naroda reviews,10,Others,2026-09
car 24 helpline,9,Cars24 Customer Care,2026-09
cars24 vehicle details check,9,Others,2026-09
ford endeavour cars 24,9,Cars24 + Car Model,2026-09
mini cooper cars24,9,Cars24,2026-09
used creta cars24,9,Cars24 + Car Model,2026-09
car 24 login,9,Others,2026-09
cars 24 innova,9,Cars24 + Car Model,2026-09
cars24 duster,9,Cars24 + Car Model,2026-09
cars24 swift dzire price,9,Cars24 + Car Model,2026-09
cars24.com hyderabad,9,Cars24 Cities,2026-09
hilux cars24,9,Cars24,2026-09
skoda slavia cars 24,9,Cars24 + Car Model,2026-09
car 24 mail id,9,Cars24,2026-09
cars 24 ev,9,Cars24,2026-09
cars 24 innova crysta,9,Cars24 + Car Model,2026-09
cars 24 mercedes,9,Cars24 + Car Model,2026-09
cars 24 new,9,Cars24,2026-09
cars 24 nexon,9,Cars24 + Car Model,2026-09
cars24 car sale,9,Cars24,2026-09
cars24 celerio cng,9,Cars24 + Car Model,2026-09
cars24 chhattisgarh,9,Cars24,2026-09
cars24 dombivli contact number,9,Cars24 Customer Care,2026-09
cars24 dombivli east,9,Cars24 Cities,2026-09
cars24 goa used cars,9,Cars24 Buy,2026-09
cars24 polo,9,Cars24 + Car Model,2026-09
e challan up cars24,9,Cars24 Challan,2026-09
kiger cars24,9,Cars24 + Car Model,2026-09
about cars 24,9,Cars24,2026-09
car 24 alwar,9,Cars24 Cities,2026-09
car 24 auction,9,Cars24 Buy,2026-09
car24 car sell,9,Cars24 Sell,2026-09
cars 24 baleno,9,Cars24 + Car Model,2026-09
cars 247,9,Cars24,2026-09
cars24 akola,9,Cars24 Cities,2026-09
cars24 bulandshahr,9,Cars24,2026-09
cars24 hisar,9,Cars24 Cities,2026-09
cars24 i10,9,Cars24,2026-09
cars24 jammu contact number,9,Cars24 Customer Care,2026-09
cars24 merchandise,9,Cars24,2026-09
cars24 tiago,9,Cars24 + Car Model,2026-09
ertiga car24,9,Cars24 + Car Model,2026-09
altroz cars24,9,Cars24 + Car Model,2026-09
car 24 loan department,9,Cars24 Buy,2026-09
car24 number,9,Cars24,2026-09
car24. com,9,Cars24,2026-09
cars24 car value calculator,9,Cars24 Sell,2026-09
cars24 creta diesel,9,Cars24 + Car Model,2026-09
cars24 customer care email id india,9,Cars24 Customer Care,2026-09
cars24 customer care number head office,9,Cars24 Customer Care,2026-09
cars24 delhi cng cars,9,Cars24 Buy,2026-09
cars24 in faridabad,9,Cars24 Cities,2026-09
cars24 loan repayment,9,Cars24 Buy,2026-09
cars24 spam calls,9,Cars24,2026-09
cars24 thane contact number,9,Cars24 Customer Care,2026-09
cars24 ujjain,9,Cars24 Cities,2026-09
call cars24,9,Cars24,2026-09
car 24 swift cng,9,Cars24 + Car Model,2026-09
car24 gandhinagar,9,Cars24 Cities,2026-09
car24 gurugram,9,Cars24 Cities,2026-09
car24 second hand,9,Cars24 Buy,2026-09
cars24 franchise cost,9,Cars24,2026-09
cars24 headquarters,9,Cars24,2026-09
cars24 karnal contact number,9,Cars24 Customer Care,2026-09
cars24 listing fee refund,9,Cars24,2026-09
cars24 madhapur,9,Cars24,2026-09
cars24 mysore location,9,Cars24 Cities,2026-09
cars24 yamunanagar,9,Cars24,2026-09
cars247 login,9,Others,2026-09
24 car service,9,Cars24,2026-09
car 24 dehradun contact number,9,Cars24 Customer Care,2026-09
car 24 kannur,9,Cars24 Cities,2026-09
car 24 used cars,9,Cars24 Buy,2026-09
car24 in lucknow,9,Cars24 Cities,2026-09
cars 24 near delhi,9,Cars24 Cities,2026-09
"cars24 - buy, sell, finance used cars in belapur, mumbai navi mumbai",9,Cars24 Sell,2026-09
cars24 address near me,9,Cars24 Cities,2026-09
cars24 authorised service centre,9,Cars24,2026-09
cars24 nashik contact number,9,Cars24 Customer Care,2026-09
cars24 near uppal hyderabad,9,Cars24 Cities,2026-09
cars24 purchase car,9,Cars24,2026-09
cars24 service centre near me,9,Cars24 Cities,2026-09
cars24 vadodara location,9,Cars24 Cities,2026-09
hyderabad cars24,9,Cars24 Cities,2026-09
kandivali cars24,9,Cars24,2026-09
24 cardekho,9,Cars24,2026-09
car 24 office,9,Cars24,2026-09
car 24 phone number,9,Cars24,2026-09
cars24 coimbatore location,9,Cars24 Cities,2026-09
cars24 solapur contact number,9,Cars24 Customer Care,2026-09
"cars24 - buy, sell, finance used cars in nexus mall koramangala, bangalore",9,Cars24 Sell,2026-09
cars24 astra tower reviews,9,Others,2026-09
cars24 services franchise,9,Cars24,2026-09
cars24 sholinganallur reviews,9,Others,2026-09
is cars 24 legit,9,Cars24,2026-09
cars 24 chllan check,8,Cars24,2026-09
cars24 help,8,Cars24,2026-09
cars24 honda elevate,8,Cars24 + Car Model,2026-09
cars24 scrap car contact number,8,Cars24 Customer Care,2026-09
ford figo cars24,8,Cars24 + Car Model,2026-09
skoda kodiaq cars24,8,Cars24 + Car Model,2026-09
alto k10 cars 24,8,Cars24 + Car Model,2026-09
cars 24 chennai sholinganallur,8,Cars24 Cities,2026-09
cars 24 scorpio n,8,Cars24 + Car Model,2026-09
cars24 affiliate program,8,Cars24,2026-09
cars24 baleno price,8,Cars24 + Car Model,2026-09
cars24 chandigarh used cars,8,Cars24 Buy,2026-09
cars24 tata safari,8,Cars24 + Car Model,2026-09
corolla altis cars24,8,Cars24 + Car Model,2026-09
exter cars24,8,Cars24,2026-09
hyundai i20 cars24,8,Cars24 + Car Model,2026-09
nano cars 24,8,Cars24 + Car Model,2026-09
slavia cars24,8,Cars24 + Car Model,2026-09
used car loan cars24,8,Cars24 Buy,2026-09
car24 bhopal used cars,8,Cars24 Buy,2026-09
car24 financial services pvt ltd,8,Cars24 Buy,2026-09
cars 24 gulbarga,8,Cars24 Cities,2026-09
cars24 celerio,8,Cars24 + Car Model,2026-09
cars24 ciaz,8,Cars24 + Car Model,2026-09
cars24 ev,8,Cars24,2026-09
cars24 in meerut,8,Cars24 Cities,2026-09
cars24 jobs near me,8,Others,2026-09
cars24 official mail id,8,Cars24,2026-09
cars24 online auction,8,Cars24 Buy,2026-09
cars24 roadside assistance,8,Cars24,2026-09
cars24 swift diesel,8,Cars24 + Car Model,2026-09
cars24 xl6,8,Cars24 + Car Model,2026-09
honda wrv cars24,8,Cars24 + Car Model,2026-09
how does cars24 work,8,Cars24,2026-09
i20 n line cars24,8,Cars24 + Car Model,2026-09
toyota etios cars24,8,Cars24 + Car Model,2026-09
24 cars delhi,8,Cars24 Cities,2026-09
24 carwale,8,Cars24,2026-09
baleno car 24,8,Cars24 + Car Model,2026-09
bolero cars 24,8,Cars24 + Car Model,2026-09
car 24 car valuation,8,Cars24 Sell,2026-09
car 24 jobs,8,Others,2026-09
car24 junagadh,8,Cars24,2026-09
car24 palanpur,8,Cars24,2026-09
car24 polo,8,Cars24 + Car Model,2026-09
cars 24 bharuch,8,Cars24,2026-09
cars 24 grand vitara,8,Cars24 + Car Model,2026-09
cars24 bangalore buy used cars,8,Cars24 Buy,2026-09
cars24 car value check,8,Cars24 Sell,2026-09
cars24 chat,8,Cars24,2026-09
cars24 customer care bangalore toll free number,8,Cars24 Customer Care,2026-09
cars24 emi payment,8,Cars24 Buy,2026-09
cars24 gwalior address,8,Cars24 Cities,2026-09
cars24 head office email id,8,Cars24 Customer Care,2026-09
cars24 howrah avani mall,8,Cars24,2026-09
cars24 hyderabad used cars,8,Cars24 Buy,2026-09
cars24 jabalpur address,8,Cars24 Cities,2026-09
cars24 leadership team,8,Cars24,2026-09
cars24 mansarovar jaipur,8,Cars24 Cities,2026-09
cars24 patan,8,Cars24,2026-09
cars24 seawoods,8,Cars24,2026-09
cars24 used car loan,8,Cars24 Buy,2026-09
how to delete car24 account,8,Cars24,2026-09
jaipur cars24,8,Cars24 Cities,2026-09
my cars24,8,Cars24,2026-09
swift car24,8,Cars24 + Car Model,2026-09
car 24 ahmednagar,8,Cars24,2026-09
car 24 car sell,8,Cars24 Sell,2026-09
car 24 ertiga cng,8,Cars24 + Car Model,2026-09
car 24 online,8,Cars24,2026-09
car24 delhi contact number,8,Cars24 Customer Care,2026-09
car24 sale,8,Cars24,2026-09
cars 24 in bangalore,8,Cars24 Cities,2026-09
cars24 aurangabad maharashtra,8,Cars24 Cities,2026-09
cars24 contact number chennai,8,Cars24 Customer Care,2026-09
cars24 gmail id,8,Cars24,2026-09
cars24 in kolkata,8,Cars24 Cities,2026-09
cars24 india website,8,Cars24,2026-09
cars24 jaipur mansarovar,8,Cars24 Cities,2026-09
cars24 naroda used cars,8,Cars24 Buy,2026-09
cars24 rohini contact number,8,Cars24 Customer Care,2026-09
cars24 rohtak contact number,8,Cars24 Customer Care,2026-09
cars24 thiruverkadu used cars,8,Cars24 Buy,2026-09
near me car 24,8,Cars24 Cities,2026-09
ruchit cars24,8,Cars24,2026-09
car24 in patna,8,Cars24 Cities,2026-09
cars 24 bilaspur,8,Cars24,2026-09
cars 24 pdi booking,8,PDI,2026-09
cars24 7 seater,8,Cars24,2026-09
cars24 ahmedabad near me,8,Cars24 Cities,2026-09
cars24 customer care number pune,8,Cars24 Customer Care,2026-09
cars24 delhi used cars,8,Cars24 Buy,2026-09
cars24 fraud cases,8,Cars24,2026-09
cars24 gaur city mall noida,8,Cars24 Cities,2026-09
cars24 hub m3m urbana gurugram,8,Cars24 Cities,2026-09
cars24 jaipur address,8,Cars24 Cities,2026-09
cars24 karnavati club contact number,8,Cars24 Customer Care,2026-09
cars24 kolhapur address,8,Cars24 Cities,2026-09
cars24 kolhapur contact number,8,Cars24 Customer Care,2026-09
cars24 metro walk,8,Cars24,2026-09
cars24 nagpur contact number,8,Cars24 Customer Care,2026-09
cars24 piyush mahendra mall,8,Cars24,2026-09
cars24 service private limited,8,Cars24,2026-09
cars24 sri ganganagar,8,Cars24,2026-09
cars 24 branches,8,Cars24,2026-09
cars 24 office in gurgaon,8,Cars24 Cities,2026-09
cars 24 store near me,8,Cars24 Cities,2026-09
cars24 kompally address,8,Cars24 Cities,2026-09
cars24 pimpri chinchwad,8,Cars24,2026-09
cars24 second hand car price,8,Cars24 Buy,2026-09
cars24 undri,8,Cars24,2026-09
rohini cars24 hub,8,Cars24,2026-09
is cars24 trustworthy,8,Cars24,2026-09
cars24 direct sale still available,8,Cars24,2026-09
cars 24 fronx,7,Cars24 + Car Model,2026-09
cars 24 used hyd,7,Cars24,2026-09
cars24 hilux,7,Cars24,2026-09
cars24 latur used cars,7,Cars24 Buy,2026-09
cars24 recruitment,7,Cars24,2026-09
cars24 xuv 700,7,Cars24 + Car Model,2026-09
honda brio cars24,7,Cars24,2026-09
bmw x1 cars24,7,Cars24 + Car Model,2026-09
car 24 patna contact number,7,Cars24 Customer Care,2026-09
cars 24 ae,7,Cars24,2026-09
cars 24 honda civic,7,Cars24 + Car Model,2026-09
cars 24 xuv 500,7,Cars24,2026-09
cars24 feedback,7,Cars24,2026-09
cars24 in coimbatore,7,Cars24 Cities,2026-09
cars24 rc transfer charges,7,Others,2026-09
cars24 rohini metro walk nearest metro station,7,Cars24,2026-09
cars24com,7,Cars24,2026-09
chalan car 24,7,Cars24 Challan,2026-09
honda jazz cars 24,7,Cars24 + Car Model,2026-09
polo cars 24,7,Cars24 + Car Model,2026-09
car 24 price check,7,Cars24 Buy,2026-09
car24 channel partner,7,Cars24,2026-09
car24 fortuner,7,Cars24 + Car Model,2026-09
car24 lucknow used cars,7,Cars24 Buy,2026-09
car24 sri ganganagar,7,Cars24,2026-09
cars 24 wagon r,7,Cars24 + Car Model,2026-09
"cars24 - buy, sell, finance used cars in atal path, patna photos",7,Cars24 Sell,2026-09
cars24 amritsar contact number,7,Cars24 Customer Care,2026-09
cars24 azamgarh,7,Cars24,2026-09
cars24 delhi office,7,Cars24 Cities,2026-09
cars24 eeco,7,Cars24,2026-09
cars24 finance interest rate,7,Cars24,2026-09
cars24 hr contact number,7,Cars24 Customer Care,2026-09
cars24 hub chennai,7,Cars24 Cities,2026-09
cars24 lucknow used cars,7,Cars24 Buy,2026-09
cars24 rc transfer time,7,Others,2026-09
cars24 requirements,7,Cars24,2026-09
cars24 used cars delhi,7,Cars24 Buy,2026-09
cars24/7,7,Cars24,2026-09
celerio cars 24,7,Cars24 + Car Model,2026-09
do cars24 negotiate price,7,Cars24 Buy,2026-09
how to delete account from cars24,7,Cars24,2026-09
jobs in cars 24,7,Others,2026-09
m parivahan e challan cars24,7,Cars24 Challan,2026-09
mahindra xuv 3xo cars24,7,Cars24 + Car Model,2026-09
pune cars24 kothrud,7,Cars24 Cities,2026-09
second hand car car24,7,Cars24 Buy,2026-09
tata tigor cars24,7,Cars24 + Car Model,2026-09
vento cars24,7,Cars24 + Car Model,2026-09
what is cars24 lifetime warranty,7,Cars24,2026-09
24 cara,7,Cars24,2026-09
car 24 cars,7,Cars24,2026-09
car 24 chandigarh contact number,7,Cars24 Customer Care,2026-09
car 24 in delhi,7,Cars24 Cities,2026-09
car 24 in mumbai,7,Cars24 Cities,2026-09
car 24 traffic challan,7,Cars24 Challan,2026-09
car24 call center,7,Cars24,2026-09
car24 ka customer care number,7,Cars24 Customer Care,2026-09
car24 kerala,7,Cars24 Cities,2026-09
car24 salem,7,Cars24 Cities,2026-09
cars24 bangalore jakkur,7,Cars24 Cities,2026-09
cars24 bidding process,7,Cars24,2026-09
cars24 erode location,7,Cars24 Cities,2026-09
cars24 help number,7,Cars24,2026-09
cars24 helpline number india 24x7,7,Cars24 Customer Care,2026-09
cars24 hisar contact number,7,Cars24 Customer Care,2026-09
cars24 hub tathawade pune,7,Cars24 Cities,2026-09
cars24 in chennai,7,Cars24 Cities,2026-09
cars24 indirapuram,7,Cars24,2026-09
cars24 kalyan address,7,Cars24,2026-09
cars24 mantra mall,7,Cars24,2026-09
cars24 pay challan online,7,Cars24 Challan,2026-09
cars24 regency anantam,7,Cars24,2026-09
cars24 rohini hub,7,Cars24,2026-09
cars24 selling process,7,Cars24,2026-09
cars24 thakur village,7,Cars24,2026-09
cars24 up,7,Cars24,2026-09
cars244,7,Cars24,2026-09
chennai cars24,7,Cars24 Cities,2026-09
ignis cars 24,7,Cars24 + Car Model,2026-09
volkswagen virtus cars24,7,Cars24 + Car Model,2026-09
bellahalli cars24,7,Cars24 Cities,2026-09
car 24 challan pay,7,Cars24 Challan,2026-09
car 24 gurugram,7,Cars24 Cities,2026-09
car 24 karnal contact number,7,Cars24 Customer Care,2026-09
cars 24 alwar,7,Cars24 Cities,2026-09
cars 24 baner,7,Cars24,2026-09
cars 24 in delhi,7,Cars24 Cities,2026-09
cars 24 online,7,Cars24,2026-09
cars 24 panipat,7,Cars24 Cities,2026-09
cars 24 tathwade,7,Cars24,2026-09
cars24 com challan,7,Cars24 Challan,2026-09
cars24 corporate office gurgaon,7,Cars24 Cities,2026-09
cars24 ka customer care number,7,Cars24 Customer Care,2026-09
cars24 kompally used cars,7,Cars24 Buy,2026-09
cars24 korum,7,Cars24,2026-09
cars24 loan foreclosure charges,7,Cars24 Buy,2026-09
cars24 mangalore contact number,7,Cars24 Customer Care,2026-09
cars24 moradabad contact number,7,Cars24 Customer Care,2026-09
cars24 nagercoil,7,Cars24,2026-09
cars24 ondipudur coimbatore,7,Cars24 Cities,2026-09
cars24 ongole,7,Cars24 Cities,2026-09
cars24 outlet near me,7,Cars24 Cities,2026-09
cars24 singasandra,7,Cars24,2026-09
cars24 undri pune,7,Cars24 Cities,2026-09
does cars24 sell new cars,7,Cars24 Sell,2026-09
how does cars24 auction work,7,Cars24 Buy,2026-09
near cars24 branch near me,7,Cars24 Cities,2026-09
nearest cars24 branch near me,7,Cars24 Cities,2026-09
car24 ahmedabad contact number,7,Cars24 Customer Care,2026-09
cars 24 karnavati club,7,Cars24,2026-09
cars 24 tumkur,7,Cars24 Cities,2026-09
cars24 dealer app,7,Cars24,2026-09
cars24 gurgaon office contact number,7,Cars24 Customer Care,2026-09
cars24 is government or private,7,Cars24,2026-09
cars24 kolkata address,7,Cars24 Cities,2026-09
cars24 nashik used cars,7,Cars24 Buy,2026-09
cars24 nexus mall koramangala,7,Cars24,2026-09
cars24 udaipur contact number,7,Cars24 Customer Care,2026-09
cars 24 kya hai,7,Cars24,2026-09
cars24 location near me,7,Cars24 Cities,2026-09
24 cars in hyderabad,6,Cars24 Cities,2026-09
baleno car24,6,Cars24 + Car Model,2026-09
cars24 dealer auction,6,Cars24 Buy,2026-09
cars24 uae careers,6,Others,2026-09
defender cars24,6,Cars24,2026-09
honda crv cars24,6,Cars24,2026-09
jimny cars 24,6,Cars24 + Car Model,2026-09
nissan magnite cars 24,6,Cars24 + Car Model,2026-09
toyota corolla cars24,6,Cars24 + Car Model,2026-09
car 24 alto 800,6,Cars24 + Car Model,2026-09
car 24 dubai,6,Cars24 Cities,2026-09
car 24 goa,6,Cars24 Cities,2026-09
car 24 online challan check,6,Cars24 Challan,2026-09
car 24 rewa,6,Cars24,2026-09
car 240 challan,6,Cars24 Challan,2026-09
car24 ertiga,6,Cars24 + Car Model,2026-09
car24 kandivali east,6,Cars24,2026-09
car24 solapur,6,Cars24 Cities,2026-09
cars 24 bihar,6,Cars24,2026-09
cars 24 hyd,6,Cars24,2026-09
cars 24 internship,6,Others,2026-09
"cars24 - buy, sell, finance used cars in tathawade, pune photos",6,Cars24 Sell,2026-09
cars24 address gurgaon,6,Cars24 Cities,2026-09
cars24 belgaum contact number,6,Cars24 Customer Care,2026-09
cars24 book appointment,6,Cars24,2026-09
cars24 call centre number,6,Cars24,2026-09
cars24 chalaan,6,Cars24,2026-09
cars24 customer care number for challan,6,Cars24 Challan,2026-09
cars24 customer care number lucknow,6,Cars24 Customer Care,2026-09
cars24 helpline mail id,6,Cars24 Customer Care,2026-09
cars24 loan process,6,Cars24 Buy,2026-09
cars24 mira road,6,Cars24,2026-09
cars24 toyota camry,6,Cars24 + Car Model,2026-09
contact cars24,6,Cars24,2026-09
hyundai alcazar cars24,6,Cars24 + Car Model,2026-09
nissan micra cars24,6,Cars24,2026-09
skoda cars24,6,Cars24,2026-09
tata nano cars 24,6,Cars24 + Car Model,2026-09
car 24 bhagalpur,6,Cars24 Cities,2026-09
car 24 review,6,Others,2026-09
car 24 scorpio,6,Cars24 + Car Model,2026-09
car24 faridabad,6,Cars24 Cities,2026-09
car24 ghaziabad,6,Cars24 Cities,2026-09
car24chalan,6,Cars24 Challan,2026-09
cars 24 ciaz,6,Cars24 + Car Model,2026-09
cars 24 dombivli,6,Cars24 Cities,2026-09
cars 24 in coimbatore,6,Cars24 Cities,2026-09
cars 24 tata punch,6,Cars24 + Car Model,2026-09
cars 24 used car inspection,6,Cars24 Buy,2026-09
cars24 ambikapur,6,Cars24,2026-09
cars24 bathinda,6,Cars24 Cities,2026-09
cars24 cars24,6,Cars24,2026-09
cars24 case check,6,Cars24,2026-09
cars24 chennai sholinganallur,6,Cars24 Cities,2026-09
cars24 chennai thiruverkadu,6,Cars24 Cities,2026-09
cars24 dealer,6,Cars24,2026-09
cars24 gulbarga contact number,6,Cars24 Customer Care,2026-09
cars24 in india,6,Cars24,2026-09
cars24 jalandhar contact number,6,Cars24 Customer Care,2026-09
cars24 kaithal,6,Cars24,2026-09
cars24 lifetime warranty price,6,Cars24 Buy,2026-09
cars24 scrap car price,6,Cars24 Buy,2026-09
cars24 seller protection policy,6,Cars24,2026-09
cars24 terms and conditions,6,Cars24,2026-09
cars24 token refund policy,6,Cars24,2026-09
cars24 under 3 lakh,6,Cars24,2026-09
ccars 24,6,Cars24,2026-09
ccars24,6,Cars24,2026-09
how cars24 works,6,Cars24,2026-09
how to block calls from cars24,6,Cars24,2026-09
m3m cars24,6,Cars24,2026-09
volkswagen polo cars24,6,Cars24 + Car Model,2026-09
what about cars24,6,Cars24,2026-09
what is cars24 challan,6,Cars24 Challan,2026-09
about cars24,6,Cars24,2026-09
agra cars24 branch,6,Cars24 Cities,2026-09
car 247 cars for sale,6,Cars24,2026-09
car24 new,6,Cars24,2026-09
car24 patna contact number,6,Cars24 Customer Care,2026-09
car24 vadapalani,6,Cars24,2026-09
car24 verna,6,Cars24 + Car Model,2026-09
cars 24 anand,6,Cars24 Cities,2026-09
cars 24 pune near me,6,Cars24 Cities,2026-09
cars24 anna nagar,6,Cars24,2026-09
cars24 appointment booking,6,Cars24,2026-09
cars24 bellahalli location,6,Cars24 Cities,2026-09
cars24 bhiwani,6,Cars24,2026-09
cars24 calicut contact number,6,Cars24 Customer Care,2026-09
cars24 chhatrapati sambhaji nagar,6,Cars24,2026-09
"cars24 customer care number near bengaluru, karnataka",6,Cars24 Customer Care,2026-09
cars24 customer complaints,6,Cars24 Customer Care,2026-09
cars24 escalation,6,Cars24,2026-09
cars24 gurgaon customer care number,6,Cars24 Customer Care,2026-09
cars24 in bihar,6,Cars24,2026-09
cars24 job vacancy in pune,6,Others,2026-09
cars24 kanpur location,6,Cars24 Cities,2026-09
cars24 kerala contact number,6,Cars24 Customer Care,2026-09
cars24 kompally photos,6,Cars24 Cities,2026-09
cars24 mobile number,6,Cars24 Customer Care,2026-09
cars24 nexus vijaya mall,6,Cars24,2026-09
cars24 refund process,6,Cars24,2026-09
cars24 vibhuti khand lucknow,6,Cars24 Cities,2026-09
cars24 what is this,6,Cars24,2026-09
cars24 zirakpur contact number,6,Cars24 Customer Care,2026-09
grand vitara cars 24,6,Cars24 + Car Model,2026-09
olx cars24,6,Cars24,2026-09
car 24 bhiwadi,6,Cars24,2026-09
car24 gomti nagar lucknow,6,Cars24 Cities,2026-09
car24 greater noida,6,Cars24 Cities,2026-09
cars 24 gaur city,6,Cars24,2026-09
cars24 bhuj,6,Cars24,2026-09
cars24 customer care number ahmedabad,6,Cars24 Customer Care,2026-09
cars24 dhanbad contact number,6,Cars24 Customer Care,2026-09
cars24 haralur,6,Cars24,2026-09
cars24 hyderabad near me,6,Cars24 Cities,2026-09
cars24 jakkur contact number,6,Cars24 Customer Care,2026-09
cars24 ka toll free number,6,Cars24 Customer Care,2026-09
cars24 kurnool,6,Cars24,2026-09
cars24 m3m,6,Cars24,2026-09
cars24 mansarovar jaipur contact number,6,Cars24 Customer Care,2026-09
cars24 new logo,6,Others,2026-09
cars24 surat location,6,Cars24 Cities,2026-09
cars24 timing,6,Cars24,2026-09
cars24 vaishnavi sapphire mall yeshwanthpur,6,Cars24,2026-09
https://www.cars24.com,6,Cars24,2026-09
spinny cars24,6,Cars24,2026-09
24 cars kakkanad,6,Cars24 Cities,2026-09
car24 office gurgaon,6,Cars24 Cities,2026-09
cars 24 hadapsar,6,Cars24,2026-09
cars24 mysore contact number,6,Cars24 Customer Care,2026-09
cars24 office in kolkata,6,Cars24 Cities,2026-09
tathawade cars24,6,Cars24 Cities,2026-09
car 24 fine check,5,Cars24 Challan,2026-09
cars 24 car info,5,Others,2026-09
cars24 elevate,5,Cars24,2026-09
cars24 gorakhpur contact number,5,Cars24 Customer Care,2026-09
cars24 hyryder,5,Cars24 + Car Model,2026-09
cars24 hyundai i20,5,Cars24 + Car Model,2026-09
cars24 kolkata used cars,5,Cars24 Buy,2026-09
cars24 nexus mall,5,Cars24,2026-09
cars24 pollution check,5,Cars24,2026-09
cars24 premium,5,Cars24 Buy,2026-09
cars24 rc transfer process,5,Others,2026-09
cars24 s cross,5,Cars24,2026-09
cars24 toll free,5,Cars24 Customer Care,2026-09
cars24 used car loan interest rate,5,Cars24 Buy,2026-09
cars24 work from home jobs,5,Others,2026-09
grand i10 cars24,5,Cars24 + Car Model,2026-09
hyundai verna cars 24,5,Cars24 + Car Model,2026-09
tata punch cars 24,5,Cars24 + Car Model,2026-09
tata tiago ev cars24,5,Cars24 + Car Model,2026-09
toyota hyryder cars24,5,Cars24 + Car Model,2026-09
used fortuner cars24,5,Cars24 + Car Model,2026-09
volkswagen taigun cars24,5,Cars24 + Car Model,2026-09
24 car ahmedabad,5,Cars24 Cities,2026-09
car 24 in goa,5,Cars24 Cities,2026-09
car 24 rajkot contact number,5,Cars24 Customer Care,2026-09
car24 customer care number noida,5,Cars24 Customer Care,2026-09
car24 elite,5,ELITE,2026-09
car24 jharkhand,5,Cars24,2026-09
car24 loan interest rate,5,Cars24 Buy,2026-09
car24 morbi,5,Cars24,2026-09
car24.,5,Cars24,2026-09
cars 24 cng,5,Cars24,2026-09
cars 24 contact,5,Cars24,2026-09
cars24 banglore,5,Cars24,2026-09
cars24 car check up,5,Cars24,2026-09
cars24 car price,5,Cars24 Buy,2026-09
cars24 cfo,5,Cars24,2026-09
cars24 compare,5,Cars24,2026-09
cars24 escalation email,5,Cars24,2026-09
cars24 in andhra pradesh,5,Cars24,2026-09
cars24 in kerala,5,Cars24 Cities,2026-09
cars24 jhansi contact number,5,Cars24 Customer Care,2026-09
cars24 kavach,5,Cars24,2026-09
cars24 moto sell bike,5,Cars24 Sell,2026-09
cars24 nanded used cars,5,Cars24 Buy,2026-09
cars24 navi mumbai address,5,Cars24 Cities,2026-09
cars24 noida sector 63,5,Cars24 Cities,2026-09
cars24 scorpio s11,5,Cars24 + Car Model,2026-09
cars24 skoda octavia,5,Cars24 + Car Model,2026-09
cars24 trichy used cars,5,Cars24 Buy,2026-09
chalan cars 24,5,Cars24 Challan,2026-09
hexa cars24,5,Cars24 + Car Model,2026-09
mahindra marazzo cars24,5,Cars24 + Car Model,2026-09
mycar24,5,Cars24,2026-09
new car 24,5,Cars24 Buy,2026-09
rajkot cars24,5,Cars24 Cities,2026-09
scars24,5,Cars24,2026-09
suzuki jimny cars24,5,Cars24 + Car Model,2026-09
buy cars 24,5,Cars24 Buy,2026-09
car 24 banglore,5,Cars24,2026-09
car 24 nanded,5,Cars24 Cities,2026-09
car24 buy used cars,5,Cars24 Buy,2026-09
car24 commercial vehicle,5,Cars24 Buy,2026-09
car24 dombivli east,5,Cars24 Cities,2026-09
car24 gujarat,5,Cars24 Cities,2026-09
cars 24 cars,5,Cars24,2026-09
cars 24 challans,5,Cars24 Challan,2026-09
cars 24 dhule,5,Cars24,2026-09
cars 24 hyderabad address,5,Cars24 Cities,2026-09
cars 24 patiala,5,Cars24 Cities,2026-09
cars 24 scam,5,Cars24,2026-09
cars24 aurangabad address,5,Cars24 Cities,2026-09
cars24 branches in hyderabad,5,Cars24 Cities,2026-09
cars24 car inspection charges,5,Cars24,2026-09
cars24 car selling process,5,Cars24,2026-09
cars24 customer care toll free number india 24x7 jaipur,5,Cars24 Customer Care,2026-09
cars24 customer number,5,Cars24,2026-09
cars24 exchange,5,Cars24,2026-09
cars24 hadapsar pune,5,Cars24 Cities,2026-09
cars24 interest rate,5,Cars24,2026-09
cars24 kakkanad location,5,Cars24 Cities,2026-09
cars24 mathura contact number,5,Cars24 Customer Care,2026-09
cars24 nagpur kharbi,5,Cars24 Cities,2026-09
cars24 office hyderabad,5,Cars24 Cities,2026-09
cars24 sell car price,5,Cars24 Sell,2026-09
cars24 thanjavur,5,Cars24 Cities,2026-09
cars24 two wheeler,5,Cars24,2026-09
cars24 used car sale,5,Cars24 Buy,2026-09
cars24 yeshwanthpur bangalore,5,Cars24 Cities,2026-09
cars24],5,Cars24,2026-09
contact number of cars24,5,Cars24 Customer Care,2026-09
does cars24 negotiate,5,Cars24,2026-09
insure 24 by cars 24,5,Cars24,2026-09
second hand car24,5,Cars24 Buy,2026-09
tata tiago cars 24,5,Cars24 + Car Model,2026-09
toyota glanza cars24,5,Cars24 + Car Model,2026-09
triber cars24,5,Cars24 + Car Model,2026-09
24 cars vadodara,5,Cars24 Cities,2026-09
24 cars.com,5,Cars24,2026-09
ahmedabad car 24,5,Cars24 Cities,2026-09
ahmedabad cars24,5,Cars24 Cities,2026-09
can we sell bike on cars24,5,Cars24 Sell,2026-09
car 24 indore contact number,5,Cars24 Customer Care,2026-09
car 24 naroda ahmedabad,5,Cars24 Cities,2026-09
car24 bhiwadi,5,Cars24,2026-09
car24 gt mall,5,Cars24,2026-09
car24 latur,5,Cars24,2026-09
car24 office,5,Cars24,2026-09
care@car24.com,5,Cars24,2026-09
cars 24 dombivali,5,Cars24,2026-09
cars 24 dwarka sector 13,5,Cars24,2026-09
cars 24 fraud,5,Cars24,2026-09
cars 24 thanjavur,5,Cars24 Cities,2026-09
cars 24 zirakpur,5,Cars24,2026-09
cars 24x7,5,Cars24,2026-09
cars24 c2c,5,Cars24,2026-09
cars24 car price check,5,Cars24 Buy,2026-09
"cars24 customer care number near gurugram, haryana",5,Cars24 Customer Care,2026-09
cars24 customer care number toll free,5,Cars24 Customer Care,2026-09
cars24 echallan payment,5,Cars24 Challan,2026-09
cars24 emi payment online,5,Cars24 Buy,2026-09
cars24 for sale,5,Cars24,2026-09
cars24 guwahati contact number,5,Cars24 Customer Care,2026-09
cars24 history check,5,Cars24,2026-09
cars24 hub hyderabad,5,Cars24 Cities,2026-09
cars24 mail id for complaint,5,Cars24 Customer Care,2026-09
cars24 mandsaur,5,Cars24,2026-09
cars24 nishal arcade surat,5,Cars24 Cities,2026-09
cars24 opening time,5,Cars24,2026-09
cars24 panvel address,5,Cars24,2026-09
cars24 pune address,5,Cars24 Cities,2026-09
cars24 raipur address,5,Cars24 Cities,2026-09
cars24 surat pal,5,Cars24 Cities,2026-09
cars24 udaipur address,5,Cars24 Cities,2026-09
cars24 udyog vihar gurgaon,5,Cars24 Cities,2026-09
cars24 yard near me,5,Cars24 Cities,2026-09
cars24 कस्टमर केयर नंबर,5,Cars24,2026-09
cars24.com pune,5,Cars24 Cities,2026-09
near cars24 showroom,5,Cars24,2026-09
rajat sharma cars24,5,Cars24,2026-09
sell my car cars24,5,Cars24 Sell,2026-09
car 24 seven,5,Cars24,2026-09
car loan cars24 com,5,Cars24 Buy,2026-09
cars 24 location,5,Cars24,2026-09
cars 24 showroom in mumbai,5,Cars24 Cities,2026-09
cars24 branches,5,Cars24,2026-09
cars24 open on sunday,5,Cars24,2026-09
cars24 sas tower,5,Cars24,2026-09
is it safe to sell car to cars24,5,Cars24 Sell,2026-09
thiruverkadu cars24,5,Cars24 Cities,2026-09
car 24 baleno,4,Cars24 + Car Model,2026-09
car24 car inspection,4,Cars24,2026-09
car24 challan helpline number,4,Cars24 Challan,2026-09
car24 financial services,4,Cars24 Buy,2026-09
car24 service center,4,Cars24,2026-09
cars 24 gujarat,4,Cars24 Cities,2026-09
cars 24 office near me,4,Cars24 Cities,2026-09
cars 24 premium,4,Cars24 Buy,2026-09
cars 24challan,4,Cars24 Challan,2026-09
"cars24 - buy, sell, finance used cars in goregaon east, mumbai photos",4,Cars24 Sell,2026-09
cars24 certified workshop,4,Cars24,2026-09
cars24 grievance,4,Cars24,2026-09
cars24 hyderabad attapur,4,Cars24 Cities,2026-09
cars24 sales team contact number,4,Cars24 Customer Care,2026-09
cars24 services pvt. ltd.,4,Cars24,2026-09
cars24 skoda rapid,4,Cars24 + Car Model,2026-09
cars24 verna diesel,4,Cars24 + Car Model,2026-09
cars24*7,4,Cars24,2026-09
customer care number car 24,4,Cars24 Customer Care,2026-09
how to stop getting calls from cars24,4,Cars24,2026-09
in cars 24,4,Cars24,2026-09
manoj yadav cars24,4,Cars24,2026-09
punch cars24,4,Cars24 + Car Model,2026-09
safari cars24,4,Cars24 + Car Model,2026-09
skoda rapid cars24,4,Cars24 + Car Model,2026-09
used cars in cars 24,4,Cars24 Buy,2026-09
a24 car,4,Cars24,2026-09
car 24 cargo,4,Cars24,2026-09
car 24 challan payment,4,Cars24 Challan,2026-09
car 24 dombivli east,4,Cars24 Cities,2026-09
car 24 himatnagar,4,Cars24,2026-09
car 24 junagadh,4,Cars24,2026-09
car 24 palanpur,4,Cars24,2026-09
car 24 partner,4,Cars24,2026-09
car cars24,4,Cars24,2026-09
car24 bathinda,4,Cars24 Cities,2026-09
car24 exchange offer,4,Cars24,2026-09
car24 kochi used cars,4,Cars24 Buy,2026-09
car24 rc check,4,Others,2026-09
car24 rudrapur,4,Cars24,2026-09
cars 24 chalaan,4,Cars24,2026-09
cars 24 challan status,4,Cars24 Challan,2026-09
cars 24 com,4,Cars24,2026-09
cars 24 junagadh,4,Cars24,2026-09
cars 24 melbourne,4,Cars24 Cities,2026-09
cars 24 tata nano,4,Cars24 + Car Model,2026-09
cars 24 tirunelveli,4,Cars24 Cities,2026-09
cars 24 workshop,4,Cars24,2026-09
cars24 assured buyback,4,Cars24,2026-09
cars24 bhiwadi contact number,4,Cars24 Customer Care,2026-09
cars24 bhoruka tech park,4,Cars24,2026-09
cars24 buyback guarantee,4,Cars24,2026-09
cars24 car loan customer care number,4,Cars24 Customer Care,2026-09
cars24 chennai location,4,Cars24 Cities,2026-09
cars24 contact number mumbai,4,Cars24 Customer Care,2026-09
cars24 ertiga second hand,4,Cars24 + Car Model,2026-09
cars24 extended warranty,4,Cars24,2026-09
cars24 finance login,4,Others,2026-09
cars24 fine check online,4,Cars24 Challan,2026-09
cars24 gurgaon m3m,4,Cars24 Cities,2026-09
cars24 head office bangalore,4,Cars24 Customer Care,2026-09
cars24 jaipur near me,4,Cars24 Cities,2026-09
cars24 korum mall thane,4,Cars24 Cities,2026-09
cars24 lifetime warranty terms and conditions,4,Cars24,2026-09
cars24 management team,4,Cars24,2026-09
cars24 mantra mall attapur,4,Cars24,2026-09
cars24 offers,4,Cars24,2026-09
cars24 payment process,4,Cars24,2026-09
cars24 profitable or not,4,Cars24,2026-09
cars24 registered office address,4,Cars24,2026-09
cars24 rent a car,4,Cars24,2026-09
cars24 site,4,Cars24,2026-09
cars24 tathawade photos,4,Cars24 Cities,2026-09
cars24 under 5 lakhs,4,Cars24,2026-09
cars24 vadodara price list,4,Cars24 Buy,2026-09
cars24 zero down payment,4,Cars24,2026-09
e 24 car,4,Cars24,2026-09
maruti cars24,4,Cars24,2026-09
renault kwid cars 24,4,Cars24 + Car Model,2026-09
sell car 24,4,Cars24 Sell,2026-09
skoda octavia cars 24,4,Cars24 + Car Model,2026-09
used brezza in bangalore cars24,4,Cars24 + Car Model,2026-09
www cars24 com used cars,4,Cars24 Buy,2026-09
24 car pune,4,Cars24 Cities,2026-09
car 24 baroda,4,Cars24,2026-09
car 24 bulandshahr,4,Cars24,2026-09
car 24 in bangalore,4,Cars24 Cities,2026-09
car 24 kya hai,4,Cars24,2026-09
car 24 udaipur,4,Cars24 Cities,2026-09
car 24x7,4,Cars24,2026-09
car24 address,4,Cars24,2026-09
car24 ahmedabad s.g. highway,4,Cars24 Cities,2026-09
car24 ajmer,4,Cars24 Cities,2026-09
car24 belgaum,4,Cars24 Cities,2026-09
car24 customer care number delhi delhi 24x7 near,4,Cars24 Customer Care,2026-09
car24 gaur city mall,4,Cars24,2026-09
car24 hub,4,Cars24,2026-09
car24 indirapuram,4,Cars24,2026-09
car24 kandivali,4,Cars24,2026-09
car24 rent a car,4,Cars24,2026-09
car24 services pvt ltd,4,Cars24,2026-09
cars 24 7,4,Cars24,2026-09
cars 24 arabia,4,Cars24,2026-09
cars 24 axle,4,Cars24 Buy,2026-09
cars 24 car buy,4,Cars24 Buy,2026-09
cars 24 carrer,4,Cars24,2026-09
"cars24 - buy used cars, nexus vijaya mall, chennai vadapalani",4,Cars24 Buy,2026-09
cars24 bachupally location,4,Cars24 Cities,2026-09
cars24 belapur contact number,4,Cars24 Customer Care,2026-09
cars24 bharuch address,4,Cars24,2026-09
cars24 book inspection,4,Cars24,2026-09
cars24 car evaluation,4,Cars24 Sell,2026-09
cars24 care number,4,Cars24 Customer Care,2026-09
cars24 company valuation,4,Cars24 Sell,2026-09
cars24 contact number bangalore,4,Cars24 Customer Care,2026-09
cars24 contact number pune,4,Cars24 Customer Care,2026-09
cars24 corporate office bangalore,4,Cars24 Cities,2026-09
cars24 delhi buy car,4,Cars24 Buy,2026-09
cars24 email id for complaint india,4,Cars24 Customer Care,2026-09
cars24 gachibowli,4,Cars24,2026-09
cars24 gvk mall,4,Cars24,2026-09
cars24 hosur contact number,4,Cars24 Customer Care,2026-09
cars24 in dehradun,4,Cars24 Cities,2026-09
cars24 in mysore,4,Cars24 Cities,2026-09
cars24 in vadodara,4,Cars24 Cities,2026-09
cars24 jobs in mumbai,4,Others,2026-09
cars24 kakinada,4,Cars24 Cities,2026-09
cars24 karnavati club,4,Cars24,2026-09
cars24 krishnagiri,4,Cars24,2026-09
cars24 legal team,4,Cars24,2026-09
cars24 lucknow location,4,Cars24 Cities,2026-09
cars24 mumbai near me,4,Cars24 Cities,2026-09
cars24 naroda contact number,4,Cars24 Customer Care,2026-09
cars24 owner email address,4,Cars24,2026-09
cars24 partner app,4,Cars24,2026-09
cars24 radisson blu dwarka,4,Cars24,2026-09
cars24 review for buying,4,Others,2026-09
cars24 service number,4,Cars24,2026-09
cars24 showroom in chennai,4,Cars24 Cities,2026-09
cars24 vaishali ghaziabad,4,Cars24 Cities,2026-09
cars24 value,4,Cars24,2026-09
cars24 vehicle inspection,4,Cars24,2026-09
cars24 vikram chopra,4,Cars24,2026-09
cars24 warangal,4,Cars24 Cities,2026-09
cars24 whitefield contact number,4,Cars24 Customer Care,2026-09
ertiga car 24 model price,4,Cars24 + Car Model,2026-09
jayesh gupta cars24,4,Cars24,2026-09
luxury cars 24,4,Cars24 Buy,2026-09
mehul agrawal cars24,4,Cars24,2026-09
mg gloster cars24,4,Cars24 + Car Model,2026-09
nearby cars24 showroom near me,4,Cars24 Cities,2026-09
nishal arcade cars24,4,Cars24,2026-09
prachi sharma cars24,4,Cars24,2026-09
tata safari cars 24,4,Cars24 + Car Model,2026-09
car 24 finance,4,Cars24,2026-09
car24 ceo,4,Cars24,2026-09
car24 pune location,4,Cars24 Cities,2026-09
cars 24 chennai near me,4,Cars24 Cities,2026-09
"cars24 - buy, sell, finance used cars in avani riverside mall, kolkata choura bustee, shibpur reviews",4,Cars24 Sell,2026-09
"cars24 - buy, sell, finance used cars in kandivali, mumbai photos",4,Cars24 Sell,2026-09
"cars24 - buy, sell, finance used cars in whitefield, bangalore mahadevapura",4,Cars24 Sell,2026-09
cars24 bangalore location,4,Cars24 Cities,2026-09
cars24 bhiwadi,4,Cars24,2026-09
cars24 botanical garden,4,Cars24,2026-09
cars24 forum mall,4,Cars24,2026-09
cars24 founder name,4,Cars24,2026-09
cars24 gaur city,4,Cars24,2026-09
cars24 giridih,4,Cars24,2026-09
cars24 hyderabad phone number,4,Cars24 Cities,2026-09
cars24 in hindi,4,Cars24,2026-09
cars24 metro walk rohini,4,Cars24,2026-09
cars24 pimple nilakh,4,Cars24,2026-09
cars24 pune showroom,4,Cars24 Cities,2026-09
cars24 rajouri garden location,4,Cars24 Cities,2026-09
cars24 rudrapur contact number,4,Cars24 Customer Care,2026-09
cars24 sales job,4,Others,2026-09
cars24 self drive cars,4,Cars24,2026-09
cars24 stock,4,Cars24,2026-09
goregaon cars24,4,Cars24 Cities,2026-09
how to stop spam calls from cars24,4,Cars24,2026-09
audi q3 cars24,3,Cars24 + Car Model,2026-09
car 24 gaur city,3,Cars24,2026-09
car 24 new,3,Cars24,2026-09
car 247,3,Cars24,2026-09
car details cars24,3,Others,2026-09
car24 alto,3,Cars24 + Car Model,2026-09
car24 haryana,3,Cars24,2026-09
car24 kolkata used cars,3,Cars24 Buy,2026-09
car24 used cars delhi ncr,3,Cars24 Buy,2026-09
car24com,3,Cars24,2026-09
car24x7,3,Cars24,2026-09
cars 24 audi,3,Cars24 + Car Model,2026-09
cars 24 bathinda,3,Cars24 Cities,2026-09
cars 24 bike,3,Cars24,2026-09
cars 24 gandhidham,3,Cars24,2026-09
"cars 24 near gurugram, haryana",3,Cars24,2026-09
cars 24 near ranchi jharkhand,3,Cars24 Cities,2026-09
cars 24 report,3,Cars24,2026-09
cars24 boduppal,3,Cars24,2026-09
cars24 buy new car,3,Cars24 Buy,2026-09
cars24 chd,3,Cars24,2026-09
cars24 dealer helpline number,3,Cars24 Customer Care,2026-09
cars24 delhi contact number 24x7,3,Cars24 Customer Care,2026-09
cars24 delhi rohini,3,Cars24 Cities,2026-09
cars24 direct seller,3,Cars24,2026-09
cars24 escalation matrix,3,Cars24,2026-09
cars24 hub vivekananda nagar coimbatore,3,Cars24 Cities,2026-09
cars24 hyundai venue,3,Cars24 + Car Model,2026-09
cars24 innova crysta bangalore,3,Cars24 + Car Model,2026-09
cars24 inspection report download,3,Cars24,2026-09
cars24 mini cooper,3,Cars24,2026-09
cars24 new town kolkata,3,Cars24 Cities,2026-09
cars24 number check,3,Others,2026-09
cars24 owned stock,3,Cars24,2026-09
cars24 ranchi address,3,Cars24 Cities,2026-09
cars24 resale car,3,Cars24,2026-09
cars24 tamilnadu,3,Cars24,2026-09
cars24 under 4 lakh,3,Cars24,2026-09
cars24 victoria,3,Cars24,2026-09
cars24 wakad,3,Cars24,2026-09
cars24 workshop,3,Cars24,2026-09
cars24 zero worry max,3,Cars24,2026-09
creta diesel cars24,3,Cars24 + Car Model,2026-09
dombivli cars24,3,Cars24 Cities,2026-09
honda city car24,3,Cars24 + Car Model,2026-09
how to delete cars24 account online,3,Cars24,2026-09
ignis car24,3,Cars24 + Car Model,2026-09
is cars24 price negotiable,3,Cars24 Buy,2026-09
is paying challan through cars24 safe,3,Cars24 Challan,2026-09
saket cars24,3,Cars24,2026-09
tata hexa cars 24,3,Cars24 + Car Model,2026-09
tata punch car 24,3,Cars24 + Car Model,2026-09
xuv700 cars24,3,Cars24 + Car Model,2026-09
can we negotiate with cars24,3,Cars24,2026-09
car 24 bachupally,3,Cars24 Cities,2026-09
car 24 chhindwara,3,Cars24,2026-09
car 24 customer number,3,Cars24,2026-09
car 24 elite,3,ELITE,2026-09
car 24 kochi contact number,3,Cars24 Customer Care,2026-09
car challan check cars24,3,Cars24 Challan,2026-09
car24 australia,3,Cars24,2026-09
car24 bachupally hyderabad,3,Cars24 Cities,2026-09
car24 chennai used cars,3,Cars24 Buy,2026-09
car24 company,3,Cars24,2026-09
car24 complaint,3,Cars24 Customer Care,2026-09
car24 customer care number hyderabad,3,Cars24 Customer Care,2026-09
car24 logo,3,Others,2026-09
car24 noida sector 18,3,Cars24 Cities,2026-09
car24 price check,3,Cars24 Buy,2026-09
car24 surat location,3,Cars24 Cities,2026-09
cars 24 about,3,Cars24,2026-09
cars 24 car valuation,3,Cars24 Sell,2026-09
cars 24 customer service number,3,Cars24 Customer Care,2026-09
cars 24 financials,3,Cars24,2026-09
cars 24 howrah,3,Cars24,2026-09
cars 24 kharbi,3,Cars24,2026-09
cars 24 pune location,3,Cars24 Cities,2026-09
cars 24 sector 18 noida,3,Cars24 Cities,2026-09
cars 244,3,Cars24,2026-09
"cars24 - sell used cars in sachin magdalla road, surat photos",3,Cars24 Sell,2026-09
cars24 ahemdabad,3,Cars24,2026-09
cars24 amravati used cars,3,Cars24 Buy,2026-09
cars24 app store,3,Cars24,2026-09
cars24 auction cars,3,Cars24 Buy,2026-09
cars24 avani riverside mall,3,Cars24,2026-09
cars24 bank account details,3,Cars24,2026-09
cars24 bharuch contact number,3,Cars24 Customer Care,2026-09
cars24 bhubaneswar address,3,Cars24 Cities,2026-09
cars24 brand ambassador,3,Cars24,2026-09
cars24 calculator,3,Cars24,2026-09
cars24 car purchase,3,Cars24,2026-09
cars24 chandrapur,3,Cars24,2026-09
cars24 complaints,3,Cars24 Customer Care,2026-09
cars24 customer care toll free number india 24x7 delhi contact,3,Cars24 Customer Care,2026-09
cars24 dekho,3,Cars24,2026-09
cars24 delivery,3,Cars24,2026-09
cars24 dwarka contact number,3,Cars24 Customer Care,2026-09
cars24 fake or real,3,Cars24,2026-09
cars24 finance contact number,3,Cars24 Customer Care,2026-09
cars24 ghaziabad address,3,Cars24 Cities,2026-09
"cars24 gomti nagar, lucknow",3,Cars24 Cities,2026-09
cars24 guntur contact number,3,Cars24 Customer Care,2026-09
cars24 gurgaon used cars,3,Cars24 Buy,2026-09
cars24 honda brio,3,Cars24,2026-09
cars24 howrah,3,Cars24,2026-09
cars24 hub mumbai,3,Cars24 Cities,2026-09
cars24 in hubli,3,Cars24 Cities,2026-09
cars24 jobs in delhi,3,Others,2026-09
cars24 jodhpur location,3,Cars24 Cities,2026-09
cars24 kanpur address,3,Cars24 Cities,2026-09
cars24 kolkata head office,3,Cars24 Customer Care,2026-09
cars24 kompally timings,3,Cars24 Cities,2026-09
cars24 listing fee,3,Cars24,2026-09
cars24 main office,3,Cars24,2026-09
cars24 mechanic,3,Cars24,2026-09
cars24 mumbai address,3,Cars24 Cities,2026-09
cars24 mumbai buy,3,Cars24 Buy,2026-09
cars24 near raipur chhattisgarh,3,Cars24 Cities,2026-09
cars24 office address,3,Cars24,2026-09
cars24 office in gurgaon,3,Cars24 Cities,2026-09
cars24 pune amanora,3,Cars24 Cities,2026-09
cars24 rajouri garden contact number,3,Cars24 Customer Care,2026-09
cars24 renault duster,3,Cars24 + Car Model,2026-09
cars24 rewari contact number,3,Cars24 Customer Care,2026-09
cars24 saket hub,3,Cars24,2026-09
cars24 sas tower gurgaon,3,Cars24 Cities,2026-09
cars24 sector 67 gurgaon,3,Cars24 Cities,2026-09
cars24 shyam nagar kanpur,3,Cars24 Cities,2026-09
cars24 solutions,3,Cars24,2026-09
cars24 surendranagar,3,Cars24,2026-09
cars24 toyota,3,Cars24,2026-09
cars24 trivandrum contact number,3,Cars24 Customer Care,2026-09
cars24 vehicle history report,3,Cars24,2026-09
cars24 vizag address,3,Cars24 Cities,2026-09
cars24 volkswagen polo,3,Cars24 + Car Model,2026-09
cars24 wave mall noida,3,Cars24 Cities,2026-09
cars24 whatsapp,3,Cars24,2026-09
cars24.con,3,Cars24,2026-09
cars24.uae,3,Cars24,2026-09
cars24hub,3,Cars24,2026-09
cars24×7,3,Cars24,2026-09
eeco cars24,3,Cars24,2026-09
forturner cars 24,3,Cars24,2026-09
gurgaon cars24 office,3,Cars24 Cities,2026-09
gurugram cars24 office,3,Cars24 Cities,2026-09
honda brv cars24,3,Cars24,2026-09
i 24 car,3,Cars24,2026-09
is car24 reliable,3,Cars24,2026-09
loans24 by cars24,3,Cars24 Buy,2026-09
my car 24,3,Cars24,2026-09
my cars 24,3,Cars24,2026-09
nagpur cars24,3,Cars24 Cities,2026-09
naroda cars24,3,Cars24 Cities,2026-09
near me cars24 showroom,3,Cars24 Cities,2026-09
nissan gravite cars24,3,Cars24,2026-09
owner of cars 24,3,Cars24,2026-09
protekt pro cars24,3,Cars24,2026-09
surat cars24,3,Cars24 Cities,2026-09
used cars cars 24,3,Cars24 Buy,2026-09
vellore cars24,3,Cars24 Cities,2026-09
vikram chopra cars 24,3,Cars24,2026-09
what does cars24 do,3,Cars24,2026-09
what is car 24,3,Cars24,2026-09
www.cars24,3,Cars24,2026-09
car 24 bhiwani,3,Cars24,2026-09
car 24 ceo,3,Cars24,2026-09
car 24 in lucknow,3,Cars24 Cities,2026-09
car 24 website,3,Cars24,2026-09
car 24 zirakpur,3,Cars24,2026-09
car24 customer number,3,Cars24,2026-09
car24 hub near me,3,Cars24 Cities,2026-09
cars 24 company,3,Cars24,2026-09
cars 24 mehsana,3,Cars24 Cities,2026-09
cars 24 office gurgaon,3,Cars24 Cities,2026-09
cars24 account number,3,Cars24,2026-09
cars24 app download for android,3,Cars24,2026-09
cars24 dealership cost,3,Cars24,2026-09
cars24 deployment inc,3,Cars24,2026-09
cars24 devanahalli,3,Cars24,2026-09
cars24 elite delhi,3,ELITE,2026-09
cars24 hq,3,Cars24,2026-09
cars24 hub amanora mall pune,3,Cars24 Cities,2026-09
cars24 hub mall,3,Cars24,2026-09
cars24 hubli address,3,Cars24 Cities,2026-09
cars24 kandivali address,3,Cars24,2026-09
cars24 meerut contact number,3,Cars24 Customer Care,2026-09
cars24 morbi contact number,3,Cars24 Customer Care,2026-09
cars24 mumbai office,3,Cars24 Cities,2026-09
cars24 naroda location,3,Cars24 Cities,2026-09
cars24 office in faridabad,3,Cars24 Cities,2026-09
cars24 rohtak address,3,Cars24 Cities,2026-09
cars24 sector 18 noida,3,Cars24 Cities,2026-09
cars24 service centre,3,Cars24,2026-09
cars24 services private limited gurgaon,3,Others,2026-09
cars24 ulhasnagar,3,Cars24,2026-09
how to get refund from cars24,3,Cars24,2026-09
m3m urbana cars24,3,Cars24,2026-09
mehul agarwal cars24,3,Cars24,2026-09
patna car 24,3,Cars24 Cities,2026-09
tata harrier cars 24,3,Cars24 + Car Model,2026-09
toyota cars24,3,Cars24,2026-09
used car valuation cars24,3,Cars24 Sell,2026-09
acars 24,2,Cars24,2026-09
audi a6 cars24,2,Cars24 + Car Model,2026-09
brezza car 24,2,Cars24 + Car Model,2026-09
brezza cars 24,2,Cars24 + Car Model,2026-09
buy car from cars24,2,Cars24 Buy,2026-09
buy cars24,2,Cars24 Buy,2026-09
buy used cars cars24,2,Cars24 Buy,2026-09
car 24 7 contact number,2,Cars24 Customer Care,2026-09
car 24 deoghar,2,Cars24,2026-09
car 24 hub,2,Cars24,2026-09
car 240,2,Cars24,2026-09
car 243,2,Cars24,2026-09
car 247 finance login,2,Others,2026-09
car health monitor cars24,2,Cars24,2026-09
car24 baleno,2,Cars24 + Car Model,2026-09
car24 challancheck,2,Cars24 Challan,2026-09
car24 m3m urbana,2,Cars24,2026-09
car24 pdi service,2,PDI,2026-09
car24 service,2,Cars24,2026-09
car24 singanallur,2,Cars24,2026-09
care cars24 com email,2,Cars24,2026-09
cars 24 au,2,Cars24,2026-09
cars 24 bikes,2,Cars24,2026-09
cars 24 in goa,2,Cars24 Cities,2026-09
cars 24 kannur,2,Cars24 Cities,2026-09
cars 24 karnataka,2,Cars24,2026-09
cars 24 mg hector,2,Cars24 + Car Model,2026-09
cars 24 scrap car,2,Cars24,2026-09
cars 24.ae,2,Cars24,2026-09
cars 24],2,Cars24,2026-09
cars 24v,2,Cars24,2026-09
"cars24 - buy, sell, finance used cars in gt world mall, bangalore photos",2,Cars24 Sell,2026-09
"cars24 - buy, sell, finance used cars in jakkur post, bangalore photos",2,Cars24 Sell,2026-09
"cars24 - buy, sell, finance used cars in kakkanad yard, kochi photos",2,Cars24 Sell,2026-09
cars24 after sales service,2,Cars24,2026-09
cars24 attapur used cars,2,Cars24 Buy,2026-09
cars24 autopilot,2,Cars24,2026-09
cars24 ayodhya,2,Cars24,2026-09
cars24 banswara,2,Cars24,2026-09
cars24 bijnor,2,Cars24,2026-09
cars24 cbd belapur,2,Cars24,2026-09
cars24 commission charges,2,Cars24,2026-09
cars24 csd price,2,Cars24 Buy,2026-09
cars24 do not disturb,2,Cars24,2026-09
cars24 driver,2,Cars24,2026-09
cars24 faridabad sector 7,2,Cars24 Cities,2026-09
cars24 financials,2,Cars24,2026-09
cars24 hassan,2,Cars24,2026-09
cars24 hub gaur city mall greater noida,2,Cars24 Cities,2026-09
cars24 hub goregaon mumbai,2,Cars24 Cities,2026-09
cars24 in bhopal,2,Cars24 Cities,2026-09
cars24 in noida,2,Cars24 Cities,2026-09
cars24 inspection booking,2,Cars24,2026-09
cars24 inspection near me,2,Cars24 Cities,2026-09
cars24 jamnagar contact number,2,Cars24 Customer Care,2026-09
cars24 jamshedpur contact number,2,Cars24 Customer Care,2026-09
cars24 jobs in gurgaon,2,Others,2026-09
cars24 kandivali thakur village,2,Cars24,2026-09
cars24 mobile app,2,Cars24,2026-09
cars24 muzaffarpur contact number,2,Cars24 Customer Care,2026-09
cars24 nadiad contact number,2,Cars24 Customer Care,2026-09
cars24 nexus koramangala,2,Cars24,2026-09
cars24 old car buy,2,Cars24 Buy,2026-09
cars24 owner email id,2,Cars24,2026-09
cars24 pal surat,2,Cars24 Cities,2026-09
cars24 panipat contact number,2,Cars24 Customer Care,2026-09
cars24 quotation,2,Cars24,2026-09
cars24 rate of interest,2,Cars24,2026-09
cars24 renault triber,2,Cars24 + Car Model,2026-09
cars24 roorkee,2,Cars24 Cities,2026-09
cars24 salem address,2,Cars24 Cities,2026-09
cars24 second hand,2,Cars24 Buy,2026-09
cars24 sell used car,2,Cars24 Sell,2026-09
cars24 sikar,2,Cars24,2026-09
cars24 singanallur contact number,2,Cars24 Customer Care,2026-09
cars24 skoda,2,Cars24,2026-09
cars24 thailand,2,Cars24,2026-09
cars24 used cars india,2,Cars24 Buy,2026-09
cars24 vapi address,2,Cars24,2026-09
cars24 vastral,2,Cars24,2026-09
cars24 vikaspuri,2,Cars24,2026-09
cars24 इंदौर,2,Cars24,2026-09
cars24elite,2,Cars24,2026-09
cars24v,2,Cars24,2026-09
cartruth by cars24,2,Cars24,2026-09
coimbatore cars24,2,Cars24 Cities,2026-09
dubai cars24,2,Cars24 Cities,2026-09
gt mall cars24,2,Cars24,2026-09
https //www.cars24.com india,2,Cars24,2026-09
hyundai aura cars24,2,Cars24 + Car Model,2026-09
hyundai cars24,2,Cars24,2026-09
i20 diesel cars24,2,Cars24 + Car Model,2026-09
jeep cars24,2,Cars24,2026-09
jeep compass cars 24,2,Cars24 + Car Model,2026-09
jeep meridian cars24,2,Cars24 + Car Model,2026-09
maruti suzuki cars24,2,Cars24,2026-09
my car24,2,Cars24,2026-09
new cars24,2,Cars24 + Car Model,2026-09
premium cars 24,2,Cars24 Buy,2026-09
scorpio s11 cars24,2,Cars24 + Car Model,2026-09
sell car in cars24,2,Cars24 Sell,2026-09
tata nexon cars 24,2,Cars24 + Car Model,2026-09
used car24,2,Cars24 Buy,2026-09
used yaris cars24,2,Cars24,2026-09
www.car24,2,Cars24,2026-09
24 cars lucknow,2,Cars24 Cities,2026-09
amanora cars24,2,Cars24,2026-09
auto 24 cars,2,Cars24,2026-09
car 24 call,2,Cars24,2026-09
car 24 old car sale,2,Cars24,2026-09
car 24 vadodara contact number,2,Cars24 Customer Care,2026-09
car 24/7 near me,2,Cars24 Cities,2026-09
car 24s,2,Cars24,2026-09
car24 2nd hand car,2,Cars24,2026-09
car24 customer care number bangalore,2,Cars24 Customer Care,2026-09
car24 customer care number mumbai,2,Cars24 Customer Care,2026-09
car24 dwarka,2,Cars24,2026-09
car24 founder,2,Cars24,2026-09
car24 jalgaon,2,Cars24,2026-09
car24 mansarovar jaipur,2,Cars24 Cities,2026-09
car24 owner name,2,Cars24,2026-09
car24 panvel,2,Cars24,2026-09
car24 phone number,2,Cars24,2026-09
car24 pune contact number,2,Cars24 Customer Care,2026-09
car24 rohini,2,Cars24,2026-09
cars 24 ahmedabad address,2,Cars24 Cities,2026-09
cars 24 app download,2,Cars24,2026-09
cars 24 coupon,2,Cars24,2026-09
cars 24 faridabad contact number,2,Cars24 Customer Care,2026-09
cars 24 fine,2,Cars24,2026-09
cars 24 gurugram,2,Cars24 Cities,2026-09
cars 24 hr,2,Cars24,2026-09
cars 24 hub near me,2,Cars24 Cities,2026-09
cars 24 in dubai,2,Cars24 Cities,2026-09
cars 24 in india,2,Cars24,2026-09
cars 24 in noida,2,Cars24 Cities,2026-09
cars 24 kakinada,2,Cars24 Cities,2026-09
cars 24 logo png,2,Others,2026-09
"cars 24 near kochi, kerala",2,Cars24 Cities,2026-09
cars 24 rewari,2,Cars24,2026-09
cars 24 service center,2,Cars24,2026-09
cars 24 shimla,2,Cars24,2026-09
cars 24 turnover,2,Cars24,2026-09
cars 24 yelahanka,2,Cars24,2026-09
cars 24\,2,Cars24,2026-09
"cars24 - buy, sell, finance used cars in vaishnavi sapphire centre, bangalore phase 1, yeswanthpur reviews",2,Cars24 Sell,2026-09
"cars24 - sell used cars in makhan majra, chandigarh",2,Cars24 Sell,2026-09
"cars24 - sell used cars in rohini sector 11, new delhi",2,Cars24 Sell,2026-09
cars24 about company,2,Cars24,2026-09
cars24 attapur contact number,2,Cars24 Customer Care,2026-09
cars24 auction review,2,Cars24 Buy,2026-09
cars24 banjara hills,2,Cars24,2026-09
cars24 bellahalli bangalore,2,Cars24 Cities,2026-09
cars24 bikaner,2,Cars24 Cities,2026-09
cars24 car history,2,Cars24,2026-09
cars24 cars under 3 lakhs,2,Cars24,2026-09
cars24 challan kya hota hai,2,Cars24 Challan,2026-09
cars24 closing time,2,Cars24,2026-09
cars24 coimbatore singanallur contact number,2,Cars24 Customer Care,2026-09
cars24 company name,2,Cars24,2026-09
cars24 contact number hyderabad,2,Cars24 Customer Care,2026-09
cars24 customer care toll free number india 24x7 faridabad,2,Cars24 Customer Care,2026-09
cars24 customer review,2,Others,2026-09
cars24 darwinbox,2,Cars24,2026-09
cars24 driver app,2,Cars24,2026-09
cars24 elite pune,2,ELITE,2026-09
cars24 ghaziabad raj nagar extension,2,Cars24 Cities,2026-09
cars24 gps tracker app,2,Cars24,2026-09
cars24 gvk,2,Cars24,2026-09
cars24 hr,2,Cars24,2026-09
cars24 hub bangalore,2,Cars24 Cities,2026-09
cars24 hub jakkur,2,Cars24 Cities,2026-09
cars24 in dombivli,2,Cars24 Cities,2026-09
cars24 indore location,2,Cars24 Cities,2026-09
cars24 jaipur location,2,Cars24 Cities,2026-09
cars24 junagadh contact number,2,Cars24 Customer Care,2026-09
cars24 karur,2,Cars24,2026-09
cars24 kya h,2,Cars24,2026-09
cars24 logo images,2,Others,2026-09
cars24 lucknow contact number whatsapp number,2,Cars24 Customer Care,2026-09
cars24 mahadevapura,2,Cars24,2026-09
cars24 mahindra thar,2,Cars24 + Car Model,2026-09
cars24 main branch,2,Cars24,2026-09
cars24 mohali address,2,Cars24 Cities,2026-09
cars24 mohan estate,2,Cars24,2026-09
cars24 mysore used cars,2,Cars24 Buy,2026-09
cars24 network login,2,Others,2026-09
cars24 nexus whitefield,2,Cars24,2026-09
cars24 open time,2,Cars24,2026-09
cars24 or spinny which is better,2,Cars24,2026-09
cars24 prayagraj contact number,2,Cars24 Customer Care,2026-09
cars24 premium cars,2,Cars24 Buy,2026-09
cars24 price calculator,2,Cars24 Buy,2026-09
cars24 rating,2,Cars24,2026-09
cars24 rent,2,Cars24,2026-09
cars24 reviews google,2,Others,2026-09
cars24 services,2,Cars24,2026-09
cars24 shillong,2,Cars24,2026-09
cars24 sydney,2,Cars24 Cities,2026-09
cars24 tata nexon,2,Cars24 + Car Model,2026-09
cars24 tathawade contact number,2,Cars24 Customer Care,2026-09
cars24 thiruverkadu photos,2,Cars24 Cities,2026-09
cars24 travels,2,Cars24,2026-09
cars24 vaishali nagar jaipur,2,Cars24 Cities,2026-09
cars24 vapi used cars,2,Cars24 Buy,2026-09
cars24 wallpaper,2,Cars24,2026-09
cars24 wikipedia,2,Cars24,2026-09
cars24 working hours,2,Cars24,2026-09
creta car 24,2,Cars24 + Car Model,2026-09
does cars24 buy commercial cars,2,Cars24 Buy,2026-09
ecco 2024 car price top model,2,Cars24 Buy,2026-09
ghaziabad cars24 branch,2,Cars24 Cities,2026-09
how does cars24 make money,2,Cars24,2026-09
how to check cars24 loan status,2,Cars24 Buy,2026-09
hubli cars24,2,Cars24 Cities,2026-09
is it safe to buy car from cars24,2,Cars24 Buy,2026-09
jimny car cars24,2,Cars24 + Car Model,2026-09
lucknow car 24,2,Cars24 Cities,2026-09
nashik cars24 hub,2,Cars24 Cities,2026-09
nearby car 24,2,Cars24,2026-09
price cars24 ahmedabad,2,Cars24 Buy,2026-09
r1324 car model,2,Cars24,2026-09
rajouri garden cars24,2,Cars24 Cities,2026-09
sell your car cars24,2,Cars24 Sell,2026-09
selling car on cars24 review,2,Others,2026-09
spinny cars 24,2,Cars24,2026-09
spinny or cars24 which is best for buying car,2,Cars24,2026-09
spinny vs cars24,2,Cars24,2026-09
used cars in cars24,2,Cars24 Buy,2026-09
vadapalani cars24,2,Cars24,2026-09
vadodara cars24,2,Cars24 Cities,2026-09
valuation of cars24,2,Cars24 Sell,2026-09
xcar24,2,Cars24,2026-09
"""cars24""",1,Cars24,2026-09
2024 car models,1,Cars24,2026-09
24 car finance,1,Cars24,2026-09
24 car lucknow,1,Cars24 Cities,2026-09
24 cars contact number,1,Cars24 Customer Care,2026-09
24 cars india,1,Cars24,2026-09
24 cars vesu surat,1,Cars24 Cities,2026-09
324 car,1,Cars24,2026-09
anirudh jain cars24,1,Cars24,2026-09
attapur cars24,1,Cars24,2026-09
autonaut cars24,1,Cars24,2026-09
belapur cars24,1,Cars24,2026-09
bhoruka tech park cars24,1,Cars24,2026-09
car 24 buy,1,Cars24 Buy,2026-09
"car 24 customer care number near gurugram, haryana",1,Cars24 Customer Care,2026-09
car 24 fortuner,1,Cars24 + Car Model,2026-09
car 24 hisar contact number,1,Cars24 Customer Care,2026-09
car 24 in hyderabad,1,Cars24 Cities,2026-09
car 24 logo,1,Others,2026-09
car 24 ludhiana contact number,1,Cars24 Customer Care,2026-09
car 24 morbi,1,Cars24,2026-09
car 24 near by me,1,Cars24,2026-09
car 24 scorpio n,1,Cars24 + Car Model,2026-09
car 24 services,1,Cars24,2026-09
car 24 value,1,Cars24,2026-09
car 247 contact number,1,Cars24 Customer Care,2026-09
car 24\,1,Cars24,2026-09
car pdi cars24,1,PDI,2026-09
car24 bhagalpur,1,Cars24 Cities,2026-09
car24 car sale,1,Cars24,2026-09
car24 cars,1,Cars24,2026-09
car24 check,1,Cars24,2026-09
car24 darbhanga,1,Cars24 Cities,2026-09
car24 head office,1,Cars24 Customer Care,2026-09
car24 in ahmedabad,1,Cars24 Cities,2026-09
car24 in dehradun,1,Cars24 Cities,2026-09
car24 india website,1,Cars24,2026-09
car24 jobs,1,Others,2026-09
car24 korum mall thane,1,Cars24 Cities,2026-09
car24 lucknow contact number,1,Cars24 Customer Care,2026-09
car24 net worth,1,Cars24,2026-09
car24 online,1,Cars24,2026-09
car24 pdi review,1,PDI,2026-09
car24 resale value,1,Cars24,2026-09
car24 showroom,1,Cars24,2026-09
car24 tamil nadu,1,Cars24,2026-09
car24 uppal,1,Cars24,2026-09
car24 value check,1,Cars24,2026-09
car24.in,1,Cars24,2026-09
car24pdi,1,Cars24,2026-09
car24uae,1,Cars24,2026-09
card24 login,1,Others,2026-09
cardekho vs cars24,1,Cars24,2026-09
careers cars24,1,Others,2026-09
cars 24 abu dhabi,1,Cars24 Cities,2026-09
cars 24 altona north,1,Cars24,2026-09
cars 24 buy cars,1,Cars24 Buy,2026-09
cars 24 car loan,1,Cars24 Buy,2026-09
cars 24 cfo,1,Cars24,2026-09
cars 24 chaalan,1,Cars24,2026-09
cars 24 chembur,1,Cars24,2026-09
cars 24 coimbatore address,1,Cars24 Cities,2026-09
cars 24 company name,1,Cars24,2026-09
cars 24 in gurgaon,1,Cars24 Cities,2026-09
cars 24 in kerala,1,Cars24 Cities,2026-09
cars 24 kavach,1,Cars24,2026-09
cars 24 kwid,1,Cars24 + Car Model,2026-09
cars 24 luxe,1,Cars24,2026-09
cars 24 mumbai office,1,Cars24 Cities,2026-09
"cars 24 near mumbai, maharashtra",1,Cars24 Cities,2026-09
cars 24 phone number,1,Cars24,2026-09
cars 24 pune office,1,Cars24 Cities,2026-09
cars 24 rent,1,Cars24,2026-09
cars 24 rental,1,Cars24,2026-09
cars 24 resale,1,Cars24,2026-09
cars 24 sell your car,1,Cars24 Sell,2026-09
cars 24 showroom in pune,1,Cars24 Cities,2026-09
cars 24 store,1,Cars24,2026-09
cars 24 tata tiago,1,Cars24 + Car Model,2026-09
cars 24 used,1,Cars24,2026-09
cars 24 used cars bangalore,1,Cars24 Buy,2026-09
cars 24 wave one noida,1,Cars24 Cities,2026-09
cars 24 wiki,1,Cars24,2026-09
cars 24 x 7,1,Cars24,2026-09
cars 24 yard,1,Cars24,2026-09
cars 24',1,Cars24,2026-09
cars 24*7,1,Cars24,2026-09
cars 247 finance,1,Cars24,2026-09
"cars24 - buy, sell, finance used car in uppal, hyderabad",1,Cars24 Sell,2026-09
"cars24 - buy, sell, finance used cars in avani riverside mall, kolkata",1,Cars24 Sell,2026-09
"cars24 - buy, sell, finance used cars in jakkur post, bangalore",1,Cars24 Sell,2026-09
"cars24 - buy, sell, finance used cars in whitefield, bangalore photos",1,Cars24 Sell,2026-09
"cars24 - sell used cars in attapur, hyderabad photos",1,Cars24 Sell,2026-09
"cars24 - sell used cars in kalyan, mumbai photos",1,Cars24 Sell,2026-09
"cars24 - sell used cars in saket, new delhi photos",1,Cars24 Sell,2026-09
"cars24 - sell used cars in shalimar bagh, delhi",1,Cars24 Sell,2026-09
"cars24 - sell used cars in tarabai park, kolhapur photos",1,Cars24 Sell,2026-09
cars24 30 day return policy,1,Cars24,2026-09
cars24 7,1,Cars24,2026-09
cars24 ahmedabad office address,1,Cars24 Cities,2026-09
cars24 alappuzha,1,Cars24,2026-09
cars24 app download for pc,1,Cars24,2026-09
cars24 appointment,1,Cars24,2026-09
cars24 arabia careers,1,Others,2026-09
cars24 auction time,1,Cars24 Buy,2026-09
cars24 baner,1,Cars24,2026-09
cars24 bommanahalli,1,Cars24,2026-09
cars24 booking amount refund,1,Cars24,2026-09
cars24 buy a car,1,Cars24 Buy,2026-09
cars24 buy cars,1,Cars24 Buy,2026-09
cars24 buy used car in wave one mall noida,1,Cars24 Buy,2026-09
"cars24 buy used cars in kompally, hyderabad",1,Cars24 Buy,2026-09
cars24 car exchange offer,1,Cars24,2026-09
cars24 car loan interest rate,1,Cars24 Buy,2026-09
cars24 car service history,1,Others,2026-09
cars24 cars for sale,1,Cars24,2026-09
cars24 contact no,1,Cars24,2026-09
cars24 corolla altis,1,Cars24 + Car Model,2026-09
cars24 cuddalore,1,Cars24,2026-09
cars24 customer care mobile number india,1,Cars24 Customer Care,2026-09
cars24 customer care toll free number india delhi,1,Cars24 Customer Care,2026-09
cars24 delhi challan,1,Cars24 Challan,2026-09
cars24 dombivli used cars,1,Cars24 Buy,2026-09
cars24 elite indore,1,ELITE,2026-09
cars24 emi interest rate,1,Cars24 Buy,2026-09
cars24 exchange bonus,1,Cars24,2026-09
cars24 extended warranty review,1,Others,2026-09
cars24 fastag recharge,1,Cars24,2026-09
cars24 founders,1,Cars24,2026-09
cars24 gandhinagar address,1,Cars24 Cities,2026-09
cars24 garage,1,Cars24,2026-09
cars24 gomti nagar lucknow,1,Cars24 Cities,2026-09
cars24 google review,1,Others,2026-09
cars24 greater noida contact number,1,Cars24 Customer Care,2026-09
cars24 grievance redressal,1,Cars24,2026-09
cars24 guntur address,1,Cars24 Cities,2026-09
cars24 gurgaon corporate office,1,Cars24 Cities,2026-09
cars24 gurgaon sector 18,1,Cars24 Cities,2026-09
cars24 gwalior reviews,1,Others,2026-09
cars24 hadapsar,1,Cars24,2026-09
cars24 history,1,Cars24,2026-09
cars24 hr email id,1,Cars24,2026-09
cars24 hub gurgaon,1,Cars24 Cities,2026-09
cars24 hub rohini,1,Cars24,2026-09
cars24 hub sector 18 gurgaon,1,Cars24 Cities,2026-09
cars24 hyderabad office,1,Cars24 Cities,2026-09
cars24 hyderabad rent,1,Cars24 Cities,2026-09
cars24 hyderabad reviews,1,Others,2026-09
cars24 images,1,Cars24,2026-09
cars24 in gurgaon,1,Cars24 Cities,2026-09
cars24 in guwahati,1,Cars24 Cities,2026-09
cars24 in surat,1,Cars24 Cities,2026-09
cars24 in varanasi,1,Cars24 Cities,2026-09
cars24 india app download,1,Cars24,2026-09
cars24 indirapuram ghaziabad,1,Cars24 Cities,2026-09
cars24 indore address vijay nagar,1,Cars24 Cities,2026-09
cars24 jakkur photos,1,Cars24 Cities,2026-09
cars24 jobs in chennai,1,Others,2026-09
cars24 ka contact number,1,Cars24 Customer Care,2026-09
cars24 kanpur used cars,1,Cars24 Buy,2026-09
cars24 karnavati club ahmedabad,1,Cars24 Cities,2026-09
cars24 kerala used cars,1,Cars24 Buy,2026-09
cars24 kharghar,1,Cars24,2026-09
cars24 kolkata office,1,Cars24 Cities,2026-09
cars24 kwid price,1,Cars24 + Car Model,2026-09
cars24 latest news,1,Cars24,2026-09
cars24 lexus,1,Cars24 + Car Model,2026-09
cars24 like website,1,Cars24,2026-09
cars24 loan app,1,Cars24 Buy,2026-09
cars24 lucknow contact number 24x7,1,Cars24 Customer Care,2026-09
cars24 mangalore used cars,1,Cars24 Buy,2026-09
cars24 md mail id,1,Cars24,2026-09
cars24 melbourne,1,Cars24 Cities,2026-09
cars24 mercedes benz,1,Cars24 + Car Model,2026-09
cars24 millennium place barsha heights,1,Cars24,2026-09
cars24 nahur,1,Cars24,2026-09
cars24 nbfc,1,Cars24,2026-09
cars24 near,1,Cars24,2026-09
cars24 near boduppal hyderabad telangana,1,Cars24 Cities,2026-09
cars24 near me under 2 lakhs,1,Cars24 Cities,2026-09
cars24 nearest branch,1,Cars24,2026-09
cars24 negotiation,1,Cars24,2026-09
cars24 new car price,1,Cars24 Buy,2026-09
cars24 nexon ev,1,Cars24 + Car Model,2026-09
cars24 nizamabad,1,Cars24,2026-09
cars24 offer,1,Cars24,2026-09
cars24 office delhi,1,Cars24 Cities,2026-09
cars24 office in bangalore,1,Cars24 Cities,2026-09
cars24 office jaipur,1,Cars24 Cities,2026-09
cars24 office mumbai,1,Cars24 Cities,2026-09
cars24 old car,1,Cars24,2026-09
cars24 old car sale,1,Cars24,2026-09
cars24 old car valuation,1,Cars24 Sell,2026-09
cars24 omr,1,Cars24,2026-09
cars24 on road price,1,Cars24 Buy,2026-09
cars24 or spinny,1,Cars24,2026-09
cars24 parking,1,Cars24,2026-09
cars24 partners,1,Cars24,2026-09
cars24 pdi coupon code,1,PDI,2026-09
cars24 pollachi,1,Cars24,2026-09
cars24 pre approved loan,1,Cars24 Buy,2026-09
cars24 pre delivery inspection cost,1,PDI,2026-09
cars24 promoters,1,Cars24,2026-09
cars24 puc check,1,Cars24,2026-09
cars24 pune amanora mall,1,Cars24 Cities,2026-09
cars24 pvt ltd,1,Cars24,2026-09
cars24 raichur contact number,1,Cars24 Customer Care,2026-09
cars24 raj nagar extension ghaziabad,1,Cars24 Cities,2026-09
cars24 rental cars,1,Cars24,2026-09
cars24 review complaints,1,Cars24 Customer Care,2026-09
cars24 rohini sector 11,1,Cars24,2026-09
cars24 sales,1,Cars24,2026-09
cars24 satara contact number,1,Cars24 Customer Care,2026-09
cars24 saudi arabia,1,Cars24,2026-09
cars24 scam,1,Cars24,2026-09
cars24 scooty sell,1,Cars24 Sell,2026-09
cars24 se car leni chahiye ya nahi,1,Cars24,2026-09
cars24 se challan kaise bhare,1,Cars24 Challan,2026-09
cars24 second car,1,Cars24,2026-09
cars24 sell your car,1,Cars24 Sell,2026-09
cars24 selling review,1,Others,2026-09
cars24 services private limited contact number,1,Cars24 Customer Care,2026-09
cars24 sitamarhi,1,Cars24,2026-09
cars24 store near me,1,Cars24 Cities,2026-09
cars24 tesla,1,Cars24,2026-09
cars24 thiruverkadu location,1,Cars24 Cities,2026-09
cars24 toll free number india 24 7 mumbai justdial,1,Cars24 Customer Care,2026-09
cars24 trichy address,1,Cars24 Cities,2026-09
cars24 uae google reviews,1,Others,2026-09
cars24 uae used cars,1,Cars24 Buy,2026-09
cars24 uae website,1,Cars24,2026-09
cars24 uk,1,Cars24,2026-09
cars24 uttar pradesh,1,Cars24,2026-09
cars24 valuation in rupees,1,Cars24 Sell,2026-09
cars24 vikhroli office,1,Cars24,2026-09
cars24 wagonr,1,Cars24,2026-09
cars24 warehouse,1,Cars24,2026-09
cars24 what they do,1,Cars24,2026-09
cars24 ऐप,1,Cars24,2026-09
cars24.in,1,Cars24,2026-09
cars24.india,1,Cars24,2026-09
cars24app,1,Cars24,2026-09
cars24l,1,Cars24,2026-09
cars24login,1,Others,2026-09
cfo of cars24,1,Cars24,2026-09
check cars 24,1,Cars24,2026-09
check cars24,1,Cars24,2026-09
chennai cars 24,1,Cars24 Cities,2026-09
crysta cars 24,1,Cars24,2026-09
delhi cars24 branch,1,Cars24 Cities,2026-09
do cars24 negotiate,1,Cars24,2026-09
does cars24 charge for inspection,1,Cars24,2026-09
from cars24,1,Cars24,2026-09
grand i10 nios cars24,1,Cars24 + Car Model,2026-09
gt world mall cars24,1,Cars24,2026-09
how cars24 auction works,1,Cars24 Buy,2026-09
how to buy car from cars24,1,Cars24 Buy,2026-09
https www cars24 com traffic challan,1,Cars24 Challan,2026-09
i car 24,1,Cars24,2026-09
india cars24,1,Cars24,2026-09
indore cars24,1,Cars24 Cities,2026-09
info@cars24.com,1,Cars24,2026-09
is car24 good,1,Cars24,2026-09
is cars24 safe to pay challan,1,Cars24 Challan,2026-09
jaipur cars24 branch,1,Cars24 Cities,2026-09
kompally cars24 location,1,Cars24 Cities,2026-09
loans24 cars24,1,Cars24 Buy,2026-09
low price cars24 price,1,Cars24 Buy,2026-09
lucknow cars24 branch,1,Cars24 Cities,2026-09
m24 car,1,Cars24,2026-09
my car24.ir,1,Cars24,2026-09
nagpur cars24 branch,1,Cars24 Cities,2026-09
new car24,1,Cars24 Buy,2026-09
odisha cars24 branch,1,Cars24,2026-09
online cars 24,1,Cars24,2026-09
owner of cars24 india,1,Cars24,2026-09
patna cars24 branch,1,Cars24 Cities,2026-09
santro cars24,1,Cars24 + Car Model,2026-09
sholinganallur cars24,1,Cars24 Cities,2026-09
spinny or cars24 which is best for selling car,1,Cars24,2026-09
spinny vs cars24 vs cardekho,1,Cars24,2026-09
tamil 24 cars,1,Cars24,2026-09
tata safari car 24,1,Cars24 + Car Model,2026-09
tata tiago car 24,1,Cars24 + Car Model,2026-09
uppal cars24,1,Cars24,2026-09
vcars24,1,Cars24,2026-09
venue cars 24,1,Cars24 + Car Model,2026-09
verna car 24 model,1,Cars24 + Car Model,2026-09
vikram chopra cars24 email id,1,Cars24,2026-09
wagon r cars 24,1,Cars24 + Car Model,2026-09
what about cars 24,1,Cars24,2026-09
what is cars24.com,1,Cars24,2026-09
who is the owner of cars24,1,Cars24,2026-09
www cars24 com india,1,Cars24,2026-09
xcars24,1,Cars24,2026-09
