keyword,impressions,category,month
cars24,590450,Cars24,2026-07
cars 24,201211,Cars24,2026-07
car 24,126407,Cars24,2026-07
car24,120509,Cars24,2026-07
cars24 challan,44375,Cars24 Challan,2026-07
car24 challan,25582,Cars24 Challan,2026-07
car 24 challan,18795,Cars24 Challan,2026-07
cars 24 challan,9848,Cars24 Challan,2026-07
cars24 pune,9820,Cars24 Cities,2026-07
cars24 challan check,9809,Cars24 Challan,2026-07
cars24 near me,8950,Cars24 Cities,2026-07
e challan cars24,8361,Cars24 Challan,2026-07
cars24 chennai,7214,Cars24 Cities,2026-07
cars 24 near me,6144,Cars24 Cities,2026-07
cars24 bangalore,6039,Cars24 Cities,2026-07
cars24 ahmedabad,5529,Cars24 Cities,2026-07
car24 challan check,4753,Cars24 Challan,2026-07
24 cars,4731,Cars24,2026-07
car 24 challan check,4682,Cars24 Challan,2026-07
cars 24 pune,4451,Cars24 Cities,2026-07
cars24 hyderabad,4234,Cars24 Cities,2026-07
cars24 customer care number,3684,Cars24 Customer Care,2026-07
car24 near me,3540,Cars24 Cities,2026-07
cars 24 chennai,3496,Cars24 Cities,2026-07
cars24 coimbatore,3436,Cars24 Cities,2026-07
cars24 lucknow,3363,Cars24 Cities,2026-07
cars 24 bangalore,3334,Cars24 Cities,2026-07
cars24 surat,3288,Cars24 Cities,2026-07
cars24 mumbai,3153,Cars24 Cities,2026-07
cars24 jaipur,3070,Cars24 Cities,2026-07
car 24 ahmedabad,3050,Cars24 Cities,2026-07
car 24 near me,3009,Cars24 Cities,2026-07
cars24 customer care,2926,Cars24 Customer Care,2026-07
cars24 patna,2907,Cars24 Cities,2026-07
echallan cars24,2897,Cars24 Challan,2026-07
cars 24 ahmedabad,2870,Cars24 Cities,2026-07
cars24 indore,2852,Cars24 Cities,2026-07
cars24 delhi,2834,Cars24 Cities,2026-07
cars 24 hyderabad,2778,Cars24 Cities,2026-07
car 24 pune,2744,Cars24 Cities,2026-07
challan cars24,2689,Cars24 Challan,2026-07
cars24 e challan,2683,Cars24 Challan,2026-07
car 24 lucknow,2662,Cars24 Cities,2026-07
car 24 delhi,2517,Cars24 Cities,2026-07
cars 24 mumbai,2476,Cars24 Cities,2026-07
car24 customer care number,2419,Cars24 Customer Care,2026-07
cars24 nagpur,2300,Cars24 Cities,2026-07
car 24 customer care number,2261,Cars24 Customer Care,2026-07
cars 24 customer care,2138,Cars24 Customer Care,2026-07
cars24 vadodara,2134,Cars24 Cities,2026-07
cars24 kolkata,2046,Cars24 Cities,2026-07
cars 24 coimbatore,2035,Cars24 Cities,2026-07
cars24 customer care toll free number,2021,Cars24 Customer Care,2026-07
car 24 mumbai,2018,Cars24 Cities,2026-07
car 24 jaipur,2004,Cars24 Cities,2026-07
car24 ahmedabad,1991,Cars24 Cities,2026-07
cars 24 delhi,1908,Cars24 Cities,2026-07
car24 lucknow,1870,Cars24 Cities,2026-07
car24 delhi,1863,Cars24 Cities,2026-07
cars24 careers,1855,Others,2026-07
car24 pune,1830,Cars24 Cities,2026-07
car 24 patna,1798,Cars24 Cities,2026-07
challan check car 24,1780,Cars24 Challan,2026-07
cars 24 customer care number,1765,Cars24 Customer Care,2026-07
car24 patna,1748,Cars24 Cities,2026-07
cars 24 jaipur,1663,Cars24 Cities,2026-07
24 car,1647,Cars24,2026-07
car 24.com,1595,Cars24,2026-07
cars 24 lucknow,1594,Cars24 Cities,2026-07
car24 e challan,1585,Cars24 Challan,2026-07
cars24 rajkot,1574,Cars24 Cities,2026-07
cars24 customer care toll free number india 24x7 delhi,1533,Cars24 Customer Care,2026-07
cars24 gurgaon,1528,Cars24 Cities,2026-07
cars24 kompally,1527,Cars24 Cities,2026-07
car 24 indore,1469,Cars24 Cities,2026-07
car24 jaipur,1461,Cars24 Cities,2026-07
cars24 check challan,1393,Cars24 Challan,2026-07
cars24 jakkur,1371,Cars24 Cities,2026-07
cars24 axle,1370,Cars24 Buy,2026-07
cars 24 indore,1349,Cars24 Cities,2026-07
cars 24 patna,1342,Cars24 Cities,2026-07
carz 24,1324,Cars24,2026-07
cars 24 nagpur,1265,Cars24 Cities,2026-07
cars24 pdi,1262,PDI,2026-07
cars24 chandigarh,1220,Cars24 Cities,2026-07
cars24 kochi,1180,Cars24 Cities,2026-07
cars24 sell car,1174,Cars24 Sell,2026-07
car 24 surat,1171,Cars24 Cities,2026-07
cars24 head office contact number,1170,Cars24 Customer Care,2026-07
car 24 chalan,1169,Cars24 Challan,2026-07
car 24 used car,1155,Cars24 Buy,2026-07
car 24 chandigarh,1116,Cars24 Cities,2026-07
cars24 nashik,1113,Cars24 Cities,2026-07
cars 24 check challan,1111,Cars24 Challan,2026-07
car 24 customer care,1086,Cars24 Customer Care,2026-07
cars 24 gurgaon,1053,Cars24 Cities,2026-07
car 24 e challan,1051,Cars24 Challan,2026-07
cars24 contact number,1044,Cars24 Customer Care,2026-07
cars 24 surat,1029,Cars24 Cities,2026-07
cars24 india,1015,Cars24,2026-07
cars24 faridabad,1013,Cars24 Cities,2026-07
car24 chennai,1012,Cars24 Cities,2026-07
cars24 challan payment,1010,Cars24 Challan,2026-07
car 24 bangalore,980,Cars24 Cities,2026-07
cars24 noida,973,Cars24 Cities,2026-07
cars 24 kolkata,950,Cars24 Cities,2026-07
car24 surat,932,Cars24 Cities,2026-07
cars24 thiruverkadu,922,Cars24 Cities,2026-07
car24 mumbai,910,Cars24 Cities,2026-07
car 24 nagpur,901,Cars24 Cities,2026-07
car24 indore,895,Cars24 Cities,2026-07
car 24 gurgaon,874,Cars24 Cities,2026-07
cars 24 noida,874,Cars24 Cities,2026-07
car 24 hyderabad,838,Cars24 Cities,2026-07
car 24 noida,834,Cars24 Cities,2026-07
car24 check challan,820,Cars24 Challan,2026-07
cars 24 vadodara,817,Cars24 Cities,2026-07
cars24 naroda,807,Cars24 Cities,2026-07
car 24 kolkata,803,Cars24 Cities,2026-07
car 24 vadodara,801,Cars24 Cities,2026-07
e challan car24,800,Cars24 Challan,2026-07
challan check cars24,785,Cars24 Challan,2026-07
car24 hyderabad,754,Cars24 Cities,2026-07
cars24 used cars,739,Cars24 Buy,2026-07
cars24 bhopal,736,Cars24 Cities,2026-07
cars24 helpline number,732,Cars24 Customer Care,2026-07
cars24 mysore,718,Cars24 Cities,2026-07
cars24 tathawade,716,Cars24 Cities,2026-07
cars 24 faridabad,709,Cars24 Cities,2026-07
cars24 - sell used cars in ahmedabad,694,Cars24 Sell,2026-07
cars 24 chandigarh,689,Cars24 Cities,2026-07
cars24 valuation,674,Cars24 Sell,2026-07
cars24 bachupally,671,Cars24 Cities,2026-07
car 24 chennai,670,Cars24 Cities,2026-07
cars24 agra,668,Cars24 Cities,2026-07
cara 24,656,Cars24,2026-07
car24 customer care,642,Cars24 Customer Care,2026-07
car24 vadodara,640,Cars24 Cities,2026-07
cars24 buy car,624,Cars24 Buy,2026-07
cars24 review,615,Others,2026-07
car24 nagpur,605,Cars24 Cities,2026-07
cars24 login,583,Others,2026-07
cars 24 pdi,575,PDI,2026-07
traffic challan cars24,558,Cars24 Challan,2026-07
car 24 bhopal,557,Cars24 Cities,2026-07
cars24 owner,556,Cars24,2026-07
cars24 dombivli,553,Cars24 Cities,2026-07
"cars24 - sell used cars in botanical garden, noida",553,Cars24 Sell,2026-07
cars24 ranchi,547,Cars24 Cities,2026-07
cars24 customer care toll free number india 24x7,538,Cars24 Customer Care,2026-07
cars24 traffic challan,538,Cars24 Challan,2026-07
car24 kochi,538,Cars24 Cities,2026-07
cars 24 e challan,537,Cars24 Challan,2026-07
car 24 sell car,535,Cars24 Sell,2026-07
cars 24 tathawade,532,Cars24 Cities,2026-07
cars24 dehradun,531,Cars24 Cities,2026-07
cars24 ghaziabad,530,Cars24 Cities,2026-07
cars 24 jakkur,523,Cars24 Cities,2026-07
check challan cars24,512,Cars24 Challan,2026-07
car 24 kochi,505,Cars24 Cities,2026-07
cars24 sholinganallur,499,Cars24 Cities,2026-07
cars 24 helpline number,483,Cars24 Customer Care,2026-07
cars24 app,483,Cars24,2026-07
cars 24 thiruverkadu,482,Cars24 Cities,2026-07
cars 24 kochi,478,Cars24 Cities,2026-07
cars24 goregaon,478,Cars24 Cities,2026-07
cars 24 careers,472,Others,2026-07
car24 challan payment,470,Cars24 Challan,2026-07
cars 24 kompally,470,Cars24 Cities,2026-07
cars24 kanpur,463,Cars24 Cities,2026-07
cars 24 ghaziabad,463,Cars24 Cities,2026-07
car 24 challan status,462,Cars24 Challan,2026-07
cars 24 used car,458,Cars24 Buy,2026-07
cars24.com,457,Cars24,2026-07
e challan car 24,456,Cars24 Challan,2026-07
car24 kolkata,456,Cars24 Cities,2026-07
cars 24 nashik,453,Cars24 Cities,2026-07
cars24 bhubaneswar,451,Cars24 Cities,2026-07
car24 sell car,448,Cars24 Sell,2026-07
car24com,446,Cars24,2026-07
card24,444,Cars24,2026-07
cars24 thane,440,Cars24 Cities,2026-07
car24 bangalore,435,Cars24 Cities,2026-07
cars24 raipur,433,Cars24 Cities,2026-07
cars24 challan up,432,Cars24 Challan,2026-07
cars 24 showroom near me,421,Cars24 Cities,2026-07
cars24 rajouri garden,416,Cars24 Cities,2026-07
cars24 sales panel,414,Cars24,2026-07
e challan 24 car,412,Cars24 Challan,2026-07
cars24 vizag,410,Cars24 Cities,2026-07
cars24 second hand car,407,Cars24 Buy,2026-07
cars24 office near me,398,Cars24 Cities,2026-07
check challan car 24,397,Cars24 Challan,2026-07
car 24 agra,396,Cars24 Cities,2026-07
ecco 2024 car price on road price,394,Cars24 Buy,2026-07
cars24 showroom near me,389,Cars24 Cities,2026-07
cars24 amanora,388,Cars24,2026-07
car 24 dehradun,385,Cars24 Cities,2026-07
cars24 attapur,371,Cars24,2026-07
cars24 email id,370,Cars24,2026-07
car 24 ludhiana,367,Cars24 Cities,2026-07
cars24 vijayawada,367,Cars24 Cities,2026-07
cars24 meerut,366,Cars24 Cities,2026-07
car24 contact number,366,Cars24 Customer Care,2026-07
car24 rajkot,366,Cars24 Cities,2026-07
cars24 head office,358,Cars24 Customer Care,2026-07
cars 24 owner,354,Cars24,2026-07
car 24 contact number,353,Cars24 Customer Care,2026-07
cars 24 sell car,353,Cars24 Sell,2026-07
car24 gurgaon,352,Cars24 Cities,2026-07
cars24 - sell used cars in hyderabad,350,Cars24 Sell,2026-07
cars24 complaint number,348,Cars24 Customer Care,2026-07
cars24 challan check online,345,Cars24 Challan,2026-07
cars24 ahmedabad contact number,342,Cars24 Customer Care,2026-07
cars24 guwahati,341,Cars24 Cities,2026-07
car 24 ghaziabad,340,Cars24 Cities,2026-07
cars24 madurai,340,Cars24 Cities,2026-07
cars24 jakkur reviews,340,Others,2026-07
cars24 customer care toll free number india 24x7 near pune,339,Cars24 Customer Care,2026-07
car 24 rajkot,337,Cars24 Cities,2026-07
cars 24 bhopal,336,Cars24 Cities,2026-07
24 cars near me,335,Cars24 Cities,2026-07
cars24 jodhpur,334,Cars24 Cities,2026-07
cars24 fine check,324,Cars24 Challan,2026-07
24 car sale,324,Cars24,2026-07
car24 chalan,324,Cars24 Challan,2026-07
cars 24 dehradun,323,Cars24 Cities,2026-07
cars24 vadapalani,321,Cars24,2026-07
car24 buy car,319,Cars24 Buy,2026-07
cars24 corporate head office,318,Cars24 Customer Care,2026-07
car 24 nashik,316,Cars24 Cities,2026-07
cars24 memo check,313,Cars24 Challan,2026-07
cars24 pay challan,313,Cars24 Challan,2026-07
cars24 navi mumbai,309,Cars24 Cities,2026-07
challan car 24,307,Cars24 Challan,2026-07
24 cars coimbatore,307,Cars24 Cities,2026-07
car 24 helpline number,305,Cars24 Customer Care,2026-07
cars24 hub near me,305,Cars24 Cities,2026-07
cars24 aurangabad,304,Cars24 Cities,2026-07
cars24 car valuation,304,Cars24 Sell,2026-07
cars24 kompally reviews,303,Others,2026-07
cars24 mangalore,302,Cars24 Cities,2026-07
24 car challan,301,Cars24 Challan,2026-07
cars24 ludhiana,299,Cars24 Cities,2026-07
cars24 goa,297,Cars24 Cities,2026-07
cars24 kakkanad,297,Cars24 Cities,2026-07
cars24 mohali,295,Cars24 Cities,2026-07
car24 dehradun,294,Cars24 Cities,2026-07
site:www.cars24.com,293,Cars24,2026-07
cars 24 kakkanad,291,Cars24 Cities,2026-07
car24 coimbatore,290,Cars24 Cities,2026-07
car 24 faridabad,288,Cars24 Cities,2026-07
sell car on cars24,285,Cars24 Sell,2026-07
cars 24 bachupally,284,Cars24 Cities,2026-07
www.cars24.com india,283,Cars24,2026-07
cars 24 rajkot,279,Cars24 Cities,2026-07
24 cars challan,273,Cars24 Challan,2026-07
car 24 kanpur,269,Cars24 Cities,2026-07
car24 used car,269,Cars24 Buy,2026-07
cars 24 india,266,Cars24,2026-07
cars24 udaipur,265,Cars24 Cities,2026-07
cars24 toll free number,263,Cars24 Customer Care,2026-07
cars24.com challan,262,Cars24 Challan,2026-07
cars24 number,262,Cars24,2026-07
car24 mohali,261,Cars24 Cities,2026-07
cars24 delhi ncr,260,Cars24 Cities,2026-07
car 24 coimbatore,260,Cars24 Cities,2026-07
cars24 trichy,257,Cars24 Cities,2026-07
car24 bhopal,256,Cars24 Cities,2026-07
car 24 ranchi,255,Cars24 Cities,2026-07
car 24 chalan check,255,Cars24 Challan,2026-07
cars24 jabalpur,253,Cars24 Cities,2026-07
car24 agra,247,Cars24 Cities,2026-07
cars24 belapur,244,Cars24,2026-07
car24 used cars,242,Cars24 Buy,2026-07
cars 24 goregaon,242,Cars24 Cities,2026-07
cars24 salem,241,Cars24 Cities,2026-07
cars 24 vadapalani,241,Cars24,2026-07
cars 24 agra,240,Cars24 Cities,2026-07
challan 24 car,240,Cars24 Challan,2026-07
cars24 services private limited,239,Others,2026-07
cars24 hubli,238,Cars24 Cities,2026-07
cars24 challan status,236,Cars24 Challan,2026-07
car24 india,236,Cars24,2026-07
cars24 elite,235,ELITE,2026-07
car 24 raipur,235,Cars24 Cities,2026-07
cars 24 thane,235,Cars24 Cities,2026-07
cars 24 singanallur,235,Cars24,2026-07
cars24 chennai used cars,233,Cars24 Buy,2026-07
cars24 vehicle info,232,Others,2026-07
cars24 pune tathawade,232,Cars24 Cities,2026-07
car 24 kakkanad,232,Cars24 Cities,2026-07
car24 helpline number,231,Cars24 Customer Care,2026-07
car24 ranchi,230,Cars24 Cities,2026-07
car24 kompally,227,Cars24 Cities,2026-07
cars 24 mysore,226,Cars24 Cities,2026-07
cars24 sector 18,226,Cars24,2026-07
cars24 kolhapur,225,Cars24 Cities,2026-07
cars 24 challan check,224,Cars24 Challan,2026-07
cars24 online challan check,224,Cars24 Challan,2026-07
cars24 tathawade pune,224,Cars24 Cities,2026-07
car 24 gwalior,222,Cars24 Cities,2026-07
car24.com india,222,Cars24,2026-07
cars24 gwalior,221,Cars24 Cities,2026-07
24 car bazar,216,Cars24,2026-07
cars 24 raipur,212,Cars24 Cities,2026-07
cars24 loan customer care number,210,Cars24 Customer Care,2026-07
cars 24 ludhiana,210,Cars24 Cities,2026-07
cars24 challan customer care number,209,Cars24 Challan,2026-07
car24 ludhiana,209,Cars24 Cities,2026-07
"cars24 - sell used cars in gomti nagar, lucknow",208,Cars24 Sell,2026-07
cars24 reviews,206,Others,2026-07
cars24 job vacancy,201,Others,2026-07
thar cars24,200,Cars24 + Car Model,2026-07
car 24 bhubaneswar,199,Cars24 Cities,2026-07
car 24 jodhpur,199,Cars24 Cities,2026-07
cars24 logo,199,Others,2026-07
car 24 mohali,197,Cars24 Cities,2026-07
cars 24 vizag,196,Cars24 Cities,2026-07
cars24 career,194,Others,2026-07
car24 noida,193,Cars24 Cities,2026-07
cars24 e challan check,193,Cars24 Challan,2026-07
cars24 jammu,193,Cars24 Cities,2026-07
"cars24 - buy, sell, finance used cars in gnb mall, ghaziabad raj nagar extension reviews",191,Cars24 Sell,2026-07
cars24com,190,Cars24,2026-07
cars24 financial services private limited,189,Cars24 Buy,2026-07
cars24 karnavati club,189,Cars24,2026-07
cars24 jobs,185,Others,2026-07
cars24 customer care toll free number india 24x7 near bengaluru,185,Cars24 Customer Care,2026-07
cars24 app download,184,Cars24,2026-07
"cars24 - sell used cars in railway road, faridabad",182,Cars24 Sell,2026-07
cars24.com india,180,Cars24,2026-07
cars24 rohini,180,Cars24,2026-07
cars24 buy used cars,179,Cars24 Buy,2026-07
cars24 bengaluru,178,Cars24 Cities,2026-07
car 24 gorakhpur,178,Cars24 Cities,2026-07
e challan payment cars24,178,Cars24 Challan,2026-07
cars24 bellahalli,178,Cars24 Cities,2026-07
cars24 inspection,178,Cars24,2026-07
car 24 showroom near me,178,Cars24 Cities,2026-07
car24 raipur,177,Cars24 Cities,2026-07
echallan car24,176,Cars24 Challan,2026-07
cars 24 vijayawada,175,Cars24 Cities,2026-07
car 24 second hand car,174,Cars24 Buy,2026-07
car24 vehicle details,173,Others,2026-07
cars24 kerala,173,Cars24 Cities,2026-07
car 24 office near me,173,Cars24 Cities,2026-07
cars24 corporate head office photos,173,Cars24 Customer Care,2026-07
car 24 jabalpur,172,Cars24 Cities,2026-07
"cars24 - sell used cars in mulund, mumbai",172,Cars24 Sell,2026-07
challan details cars24,171,Cars24 Challan,2026-07
car 24 patna bihar,171,Cars24 Cities,2026-07
cars24 gorakhpur,171,Cars24 Cities,2026-07
cars24 karnal,170,Cars24 Cities,2026-07
cars24 coimbatore singanallur,169,Cars24 Cities,2026-07
cars 24 bhubaneswar,168,Cars24 Cities,2026-07
cars24 loan,167,Cars24 Buy,2026-07
cars24 gandhinagar,167,Cars24 Cities,2026-07
car 24 tathawade,167,Cars24 Cities,2026-07
ecco 2024 car price,167,Cars24 Buy,2026-07
e challan check cars24,166,Cars24 Challan,2026-07
car 24 callan,166,Cars24 Challan,2026-07
cars 24 toll free number,166,Cars24 Customer Care,2026-07
cars24 echallan,166,Cars24 Challan,2026-07
cars24 customer care number india,166,Cars24 Customer Care,2026-07
cars24 metro walk rohini,165,Cars24,2026-07
cars 24 ranchi,164,Cars24 Cities,2026-07
cars24 pending challan,163,Cars24 Challan,2026-07
car24 echallan,162,Cars24 Challan,2026-07
car 24 check challan,160,Cars24 Challan,2026-07
car24 challan status,160,Cars24 Challan,2026-07
cars24 customer care number bangalore,160,Cars24 Customer Care,2026-07
cars24 price,159,Cars24 Buy,2026-07
cars 24 amanora mall,159,Cars24,2026-07
cars24 office gurgaon,159,Cars24 Cities,2026-07
cars24 vehicle details,158,Others,2026-07
cars24 rto check,155,Others,2026-07
"cars24 - buy, sell, finance used cars in naroda, ahmedabad photos",155,Cars24 Sell,2026-07
cars24 lucknow contact number,155,Cars24 Customer Care,2026-07
cars 24 kanpur,154,Cars24 Cities,2026-07
cars24 varanasi,154,Cars24 Cities,2026-07
cars24 all india,153,Cars24,2026-07
"cars24 - buy, sell, finance used cars in kompally, hyderabad photos",152,Cars24 Sell,2026-07
cars24 emi calculator,151,Cars24 Buy,2026-07
car 24 thane,151,Cars24 Cities,2026-07
cars 24 second hand car,151,Cars24 Buy,2026-07
"cars24 - buy, sell, finance used cars in jakkur post, bangalore photos",151,Cars24 Sell,2026-07
cars24 korum mall,150,Cars24,2026-07
cars 24 challan pay,149,Cars24 Challan,2026-07
cars24 vapi,147,Cars24,2026-07
cars24india,146,Cars24,2026-07
"cars24 - sell used cars in bhestan, surat",145,Cars24 Sell,2026-07
car24 kanpur,144,Cars24 Cities,2026-07
cars24 surat contact number,144,Cars24 Customer Care,2026-07
cars24 ahmedabad address,144,Cars24 Cities,2026-07
cars24 corporate support office sector 38,144,Cars24 Customer Care,2026-07
cars24 pdi service,143,PDI,2026-07
cars 24 pdi cost,143,PDI,2026-07
cars24 lucknow address,143,Cars24 Cities,2026-07
bike challan check cars24,142,Cars24 Challan,2026-07
honda city cars24,142,Cars24 + Car Model,2026-07
cars24 owner details,142,Others,2026-07
cars24 gujarat,142,Cars24 Cities,2026-07
cars24 challan app,142,Cars24 Challan,2026-07
cars 24 mohali,142,Cars24 Cities,2026-07
cars24 founder,142,Cars24,2026-07
cars24 customer care toll free number india 24x7 delhi just,140,Cars24 Customer Care,2026-07
cars24 चालान,139,Cars24 Challan,2026-07
cars 24 elite,139,ELITE,2026-07
cars24 ceo email id,139,Cars24,2026-07
car24 jodhpur,138,Cars24 Cities,2026-07
cars24 gaur city mall,138,Cars24,2026-07
car24 careers,137,Others,2026-07
cars 24 aurangabad,137,Cars24 Cities,2026-07
cars24 helpline,136,Cars24 Customer Care,2026-07
car 24 sonipat,135,Cars24,2026-07
cars24 financial services,135,Cars24 Buy,2026-07
cars 24 helpline,133,Cars24 Customer Care,2026-07
cars24 chennai contact number,133,Cars24 Customer Care,2026-07
cars24 yeshwanthpur,133,Cars24,2026-07
e-challan cars24,132,Cars24 Challan,2026-07
car24 nashik,131,Cars24 Cities,2026-07
car 24 karnal,131,Cars24 Cities,2026-07
cars 24 rohini,130,Cars24,2026-07
car 24 delhi ncr,129,Cars24 Cities,2026-07
24 cars pune,129,Cars24 Cities,2026-07
cars 24 delhi ncr,128,Cars24 Cities,2026-07
cars24 coimbatore contact number,128,Cars24 Customer Care,2026-07
cars24 customer care email id,127,Cars24 Customer Care,2026-07
cars24 - golden cars | sell used cars in vadakara,127,Cars24 Sell,2026-07
cars24 website,126,Cars24,2026-07
cars24 location,126,Cars24,2026-07
cars 24 jammu,125,Cars24 Cities,2026-07
pay challan online cars24,125,Cars24 Challan,2026-07
cars24 bangalore contact number,125,Cars24 Customer Care,2026-07
cars24 singanallur,125,Cars24,2026-07
cars 24 kolhapur,124,Cars24 Cities,2026-07
car 24 amritsar,124,Cars24 Cities,2026-07
kompally cars24,124,Cars24 Cities,2026-07
cars24 india app,124,Cars24,2026-07
"cars24 - buy, sell, finance used cars in dombivli east, mumbai",124,Cars24 Sell,2026-07
delhi traffic challan cars24,122,Cars24 Challan,2026-07
cars24 belgaum,122,Cars24 Cities,2026-07
cars 24 jabalpur,122,Cars24 Cities,2026-07
car24challan,121,Cars24 Challan,2026-07
car24 pay challan,121,Cars24 Challan,2026-07
cars24 ceo,121,Cars24,2026-07
cars 24 goa,120,Cars24 Cities,2026-07
car 24 bareilly,120,Cars24 Cities,2026-07
cars24 gurgaon office,120,Cars24 Cities,2026-07
car 24 vehicle details,119,Others,2026-07
cars24 prayagraj,119,Cars24 Cities,2026-07
cars24 trivandrum,119,Cars24 Cities,2026-07
cars24 tathawade reviews,119,Others,2026-07
online challan check cars24,117,Cars24 Challan,2026-07
cars 24 used cars,117,Cars24 Buy,2026-07
cars24 customer care number delhi,117,Cars24 Customer Care,2026-07
cars24 noida sector 18,117,Cars24 Cities,2026-07
cars24 jalandhar,116,Cars24 Cities,2026-07
cars24 jamshedpur,116,Cars24 Cities,2026-07
cars 24.com,116,Cars24,2026-07
echallan car 24,115,Cars24 Challan,2026-07
cars24 rc details,113,Others,2026-07
cars24 complaint mail id,113,Cars24 Customer Care,2026-07
cars24 ev cars,113,Cars24 Buy,2026-07
online challan cars24,113,Cars24 Challan,2026-07
car 24 kerala,113,Cars24 Cities,2026-07
cars24 avani mall,113,Cars24,2026-07
cars24 mumbai contact number,112,Cars24 Customer Care,2026-07
cars 24 jodhpur,111,Cars24 Cities,2026-07
challan car24,108,Cars24 Challan,2026-07
cars24 guntur,108,Cars24 Cities,2026-07
cars24 buy,108,Cars24 Buy,2026-07
cars24 uae,108,Cars24,2026-07
cars24 used car,107,Cars24 Buy,2026-07
fortuner cars24,106,Cars24 + Car Model,2026-07
cars24 support,105,Cars24 Customer Care,2026-07
cars24 memo,105,Cars24 Challan,2026-07
vehicle challan cars24,105,Cars24 Challan,2026-07
cars24 auction,104,Cars24 Buy,2026-07
cars24challan,104,Cars24 Challan,2026-07
cars24 pune used cars,104,Cars24 Buy,2026-07
cars24 siliguri,104,Cars24 Cities,2026-07
cars24 toll free number india 24 7 mumbai,104,Cars24 Customer Care,2026-07
car 24 toll free number,104,Cars24 Customer Care,2026-07
"cars24 - buy, sell, finance used cars in kakkanad yard, kochi photos",104,Cars24 Sell,2026-07
cars 24 m3m urbana,104,Cars24,2026-07
cars24 finance customer care number,103,Cars24 Customer Care,2026-07
cars24 kota,103,Cars24 Cities,2026-07
cars 24 karnal,103,Cars24 Cities,2026-07
car24 pdi,103,PDI,2026-07
baleno cars24,102,Cars24 + Car Model,2026-07
cars 24 metro walk,102,Cars24,2026-07
cars24 gurugram,102,Cars24 Cities,2026-07
24 cars hyderabad,101,Cars24 Cities,2026-07
tata tiago cars24,100,Cars24 + Car Model,2026-07
cars 24 gandhinagar,100,Cars24 Cities,2026-07
car 24 pay challan,99,Cars24 Challan,2026-07
car24 bhubaneswar,99,Cars24 Cities,2026-07
car24 naroda,99,Cars24 Cities,2026-07
car24 challan customer care number,98,Cars24 Challan,2026-07
cars24 coimbatore used cars,98,Cars24 Buy,2026-07
cars24 rohtak,98,Cars24 Cities,2026-07
cars24 pdi cost,98,PDI,2026-07
cars24 navalur,98,Cars24,2026-07
cars24 pune contact number,98,Cars24 Customer Care,2026-07
cars24 kandivali,98,Cars24,2026-07
cars24 rc check,97,Others,2026-07
24 car challan check,97,Cars24 Challan,2026-07
car24 traffic challan,97,Cars24 Challan,2026-07
cars24 service history,96,Others,2026-07
cars 24 meerut,95,Cars24 Cities,2026-07
car 24 echallan,95,Cars24 Challan,2026-07
cars 24 valuation,95,Cars24 Sell,2026-07
cars24 saket,95,Cars24,2026-07
nearby cars24,95,Cars24,2026-07
car 24 india,94,Cars24,2026-07
cars24 coimbatore address,94,Cars24 Cities,2026-07
cars 24 guwahati,93,Cars24 Cities,2026-07
cars24 gandhinagar bangalore,93,Cars24 Cities,2026-07
car 24 pdi,93,PDI,2026-07
car24 second hand car,92,Cars24 Buy,2026-07
e challan check car 24,91,Cars24 Challan,2026-07
car24 jabalpur,91,Cars24 Cities,2026-07
car 24 varanasi,91,Cars24 Cities,2026-07
"cars24 - sell used cars in bairidevarkoppa, hubli photos",91,Cars24 Sell,2026-07
cars 24 sector 18,91,Cars24,2026-07
cars24 pondicherry,90,Cars24 Cities,2026-07
cars24 jaipur contact number,89,Cars24 Customer Care,2026-07
cars24 bellahalli location,89,Cars24 Cities,2026-07
creta cars24,88,Cars24 + Car Model,2026-07
cars24 karimnagar,88,Cars24 Cities,2026-07
cars24 used cars hyderabad,88,Cars24 Buy,2026-07
cars24 uppal,88,Cars24,2026-07
car24 online challan,88,Cars24 Challan,2026-07
cars 24 second hand cars,87,Cars24 Buy,2026-07
cars 24 jobs,87,Others,2026-07
cars 24 chalan,87,Cars24 Challan,2026-07
cars24 amritsar,87,Cars24 Cities,2026-07
cars 24 trivandrum,87,Cars24 Cities,2026-07
cars24 thrissur,87,Cars24 Cities,2026-07
cars24 e challan customer care number,86,Cars24 Challan,2026-07
cars 24 belgaum,86,Cars24 Cities,2026-07
car 24 ahemdabad,86,Cars24,2026-07
car24 jakkur,86,Cars24 Cities,2026-07
cars24 jimny,85,Cars24 + Car Model,2026-07
swift cars24,85,Cars24 + Car Model,2026-07
cars 24 mangalore,85,Cars24 Cities,2026-07
cars24 rohini metro walk,85,Cars24,2026-07
"cars24 - buy, sell, finance used cars in m3m urbana, gurgaon sector 67",85,Cars24 Sell,2026-07
"cars24 - buy, sell, finance used cars in amanora mall, pune",85,Cars24 Sell,2026-07
cars24 careers india,84,Others,2026-07
cars24 bhavnagar,84,Cars24 Cities,2026-07
cars24 fortuner,83,Cars24 + Car Model,2026-07
cars24 support email,83,Cars24 Customer Care,2026-07
cars24 dhanbad,83,Cars24 Cities,2026-07
cars24 pune near me,83,Cars24 Cities,2026-07
what is cars24,83,Cars24,2026-07
car24 varanasi,82,Cars24 Cities,2026-07
cars 24 login,82,Others,2026-07
cars24 car details,81,Others,2026-07
cars24 used cars pune,81,Cars24 Buy,2026-07
jeep compass cars24,81,Cars24 + Car Model,2026-07
customer care cars24,81,Cars24 Customer Care,2026-07
cars24 muzaffarpur,81,Cars24 Cities,2026-07
cars24 challan pay,81,Cars24 Challan,2026-07
cars24 lucknow gomti nagar,81,Cars24 Cities,2026-07
scorpio n cars24,80,Cars24 + Car Model,2026-07
24 cars delhi,80,Cars24 Cities,2026-07
car 24 jamshedpur,80,Cars24 Cities,2026-07
cars 24 hubli,80,Cars24 Cities,2026-07
cars 24 naroda,80,Cars24 Cities,2026-07
"cars24 - buy, sell, finance used cars in amanora mall, pune photos",80,Cars24 Sell,2026-07
cars24 challan helpline number,79,Cars24 Challan,2026-07
cars24 innova crysta,79,Cars24 + Car Model,2026-07
jimny cars24,79,Cars24 + Car Model,2026-07
car24 muzaffarpur,79,Cars24 Cities,2026-07
www.cars24.com,79,Cars24,2026-07
"cars24 - buy, sell, finance used cars in belapur, mumbai navi mumbai",79,Cars24 Sell,2026-07
bellahalli cars24,79,Cars24 Cities,2026-07
cars24 loan statement download,78,Cars24 Buy,2026-07
cars 24 madurai,78,Cars24 Cities,2026-07
cars 24 mulund,78,Cars24,2026-07
cars24 customer care number hyderabad,78,Cars24 Customer Care,2026-07
cars24 nagpur address,78,Cars24 Cities,2026-07
car 24 attapur,78,Cars24,2026-07
"cars24 - buy, sell, finance used cars in tathawade, pune photos",78,Cars24 Sell,2026-07
"cars24 - buy, sell, finance used cars in gandhi nagar, bangalore",78,Cars24 Sell,2026-07
how to delete cars24 account,77,Cars24,2026-07
cars24 anand,77,Cars24 Cities,2026-07
cars24 thar,76,Cars24 + Car Model,2026-07
cars24 bihar,76,Cars24,2026-07
cars24 surat cng car,76,Cars24 Buy,2026-07
car 24 dhanbad,76,Cars24 Cities,2026-07
cars24 latur,76,Cars24,2026-07
honda civic cars24,75,Cars24 + Car Model,2026-07
cars24 delhi used cars,75,Cars24 Buy,2026-07
cars 24 salem,75,Cars24 Cities,2026-07
cars24 sale car,75,Cars24,2026-07
cars24 greater noida,75,Cars24 Cities,2026-07
car 24 customer care no,74,Cars24 Customer Care,2026-07
car 24 vapi,74,Cars24,2026-07
car 24 hours,74,Cars24,2026-07
car24 gwalior,73,Cars24 Cities,2026-07
car24.com,73,Cars24,2026-07
cars 24 amritsar,73,Cars24 Cities,2026-07
cars24 moradabad,73,Cars24 Cities,2026-07
car 24 complaint number,73,Cars24 Customer Care,2026-07
nearby cars24 showroom,73,Cars24,2026-07
scorpio cars24,72,Cars24 + Car Model,2026-07
car 24 aurangabad,72,Cars24 Cities,2026-07
cars24 tirupati,72,Cars24 Cities,2026-07
car24 sale car,72,Cars24,2026-07
car 24 buy car,72,Cars24 Buy,2026-07
car24 tathawade,72,Cars24 Cities,2026-07
cars24 gt mall,72,Cars24,2026-07
"cars24 - buy, sell, finance used cars in gomti nagar, lucknow",72,Cars24 Sell,2026-07
corolla altis cars24,71,Cars24 + Car Model,2026-07
car 24 ujjain,71,Cars24 Cities,2026-07
cars24 escalation email id,71,Cars24,2026-07
cars24 mumbai used cars,71,Cars24 Buy,2026-07
cars247,71,Cars24,2026-07
cars24 number plate check,70,Cars24,2026-07
e challan up cars24,70,Cars24 Challan,2026-07
cars24 diesel cars,70,Cars24,2026-07
cars 24 jhansi,70,Cars24,2026-07
cars24 rudrapur,70,Cars24,2026-07
car24 navi mumbai,70,Cars24 Cities,2026-07
cars 24 buy car,70,Cars24 Buy,2026-07
cars24 scorpio,69,Cars24 + Car Model,2026-07
verna cars24,69,Cars24 + Car Model,2026-07
cars 24 job vacancy,69,Others,2026-07
cars24 online challan,69,Cars24 Challan,2026-07
cars24 challan with photo,69,Cars24 Challan,2026-07
cars24 bharuch,69,Cars24,2026-07
cars24 panvel,69,Cars24,2026-07
is cars24 reliable,69,Cars24,2026-07
cars24 bmw,68,Cars24 + Car Model,2026-07
cars 24 maharashtra,68,Cars24 Cities,2026-07
cars24 commercial vehicle,68,Cars24 Buy,2026-07
cars24 bike challan check,68,Cars24 Challan,2026-07
cars24 loan interest rate,68,Cars24 Buy,2026-07
cars 24 auction,68,Cars24 Buy,2026-07
cars24 aligarh,68,Cars24 Cities,2026-07
car 24 chllan,68,Cars24,2026-07
24 cars chennai,68,Cars24 Cities,2026-07
cars24 new car,67,Cars24 Buy,2026-07
cars24 nanded,67,Cars24 Cities,2026-07
cars24 chandigarh contact number,67,Cars24 Customer Care,2026-07
cars24 fine,67,Cars24,2026-07
"cars24 - buy, sell, finance used cars in rohini, delhi sector 10, rohini reviews",67,Cars24 Sell,2026-07
car24 car details,66,Others,2026-07
cars24 career page,66,Others,2026-07
xuv700 cars24,66,Cars24 + Car Model,2026-07
cars24 baleno,66,Cars24 + Car Model,2026-07
cars 24 tirupati,66,Cars24 Cities,2026-07
tata nexon cars24,66,Cars24 + Car Model,2026-07
cars24 pimpri chinchwad,66,Cars24,2026-07
car24 guwahati,66,Cars24 Cities,2026-07
cars 24 head office,66,Cars24 Customer Care,2026-07
cars24 showroom,66,Cars24,2026-07
tata nano cars24,65,Cars24 + Car Model,2026-07
cars 24 complaint,65,Cars24 Customer Care,2026-07
cars24 loan against car,65,Cars24 Buy,2026-07
brezza cars24,65,Cars24 + Car Model,2026-07
car24 loan customer care number,65,Cars24 Customer Care,2026-07
cars 24 jamshedpur,65,Cars24 Cities,2026-07
car24 goregaon,65,Cars24 Cities,2026-07
cars24 scrap,64,Cars24,2026-07
car24chalan,64,Cars24 Challan,2026-07
cars 24 siliguri,64,Cars24 Cities,2026-07
cars 24 kalyan,64,Cars24,2026-07
cars 24 bengaluru,64,Cars24 Cities,2026-07
www.car24.com india,64,Cars24,2026-07
car 24 head office,64,Cars24 Customer Care,2026-07
cars24 contact number near me,64,Cars24 Customer Care,2026-07
car24 rc details,63,Others,2026-07
car24 anand,63,Cars24 Cities,2026-07
cars24 haldwani,63,Cars24,2026-07
cars24 jaipur used cars,63,Cars24 Buy,2026-07
car 24 jalandhar,63,Cars24 Cities,2026-07
cars24 sale,63,Cars24,2026-07
car 24 bihar,63,Cars24,2026-07
cars 24 echallan,63,Cars24 Challan,2026-07
cars24 patna address,63,Cars24 Cities,2026-07
cars24 astra tower,63,Cars24,2026-07
cars24 rajkot address,63,Cars24 Cities,2026-07
cars24 rto,62,Others,2026-07
delhi traffic challan car 24,62,Cars24 Challan,2026-07
cars24 partner,62,Cars24,2026-07
car 247,62,Cars24,2026-07
cars24 sonipat,62,Cars24,2026-07
cars 24 trichy,62,Cars24 Cities,2026-07
cars24 hyderabad contact number,62,Cars24 Customer Care,2026-07
car 24 kota,62,Cars24 Cities,2026-07
cars24 dwarka,62,Cars24,2026-07
"cars24 - buy, sell, finance used cars in goregaon east, mumbai cama industrial estate, goregaon east",62,Cars24 Sell,2026-07
cars24 internship,61,Others,2026-07
cars24 agartala,61,Cars24 Cities,2026-07
cars24 challan details,61,Cars24 Challan,2026-07
car 24 aligarh,61,Cars24 Cities,2026-07
cars 24 navi mumbai,61,Cars24 Cities,2026-07
"cars24 - buy, sell, finance used cars in thiruverkadu, chennai photos",61,Cars24 Sell,2026-07
"cars24 - buy, sell, finance used cars in mantra mall, hyderabad reviews",61,Cars24 Sell,2026-07
car24 memo check,60,Cars24 Challan,2026-07
cars24 under 2 lakh,60,Cars24,2026-07
cars 24 gorakhpur,60,Cars24 Cities,2026-07
cars24 bilaspur,60,Cars24,2026-07
cars24 jobs for freshers,60,Others,2026-07
cars24 surat address,60,Cars24 Cities,2026-07
cars 24 ceo,60,Cars24,2026-07
"cars24 - buy, sell, finance used cars in karnavati, ahmedabad photos",60,Cars24 Sell,2026-07
cars24 new cars,59,Cars24 + Car Model,2026-07
tata safari cars24,59,Cars24 + Car Model,2026-07
cars24 automatic cars,59,Cars24 Buy,2026-07
cars24 finance,59,Cars24,2026-07
cars24 delhi car value,59,Cars24 Sell,2026-07
cars24 patna atal path,59,Cars24 Cities,2026-07
team cars24,59,Cars24,2026-07
cars 24 pune address,59,Cars24 Cities,2026-07
car24 चालान चेक,58,Cars24 Challan,2026-07
cars24 customer care toll free number india 24x7 chennai,58,Cars24 Customer Care,2026-07
car 24 muzaffarpur,58,Cars24 Cities,2026-07
cars24 gurgaon contact number,58,Cars24 Customer Care,2026-07
cars 24 udaipur,58,Cars24 Cities,2026-07
cars24 sector 18 gurgaon,58,Cars24 Cities,2026-07
cars24 office,58,Cars24,2026-07
cars24 allahabad,57,Cars24 Cities,2026-07
cars24 wagon r,57,Cars24 + Car Model,2026-07
cars24 swift dzire,57,Cars24 + Car Model,2026-07
cars 24 kerala,57,Cars24 Cities,2026-07
car 24 guwahati,57,Cars24 Cities,2026-07
second hand cars24,57,Cars24 Buy,2026-07
cars24.,57,Cars24,2026-07
car24 thane,57,Cars24 Cities,2026-07
cars 24 kandivali,57,Cars24,2026-07
"cars24 - buy, sell, finance used cars in rohini, delhi photos",57,Cars24 Sell,2026-07
cars 24 dwarka,57,Cars24,2026-07
cars 24 attapur,57,Cars24,2026-07
cars 24 sell my car,57,Cars24 Sell,2026-07
cars24 sell,57,Cars24 Sell,2026-07
cars24 registration check,56,Others,2026-07
cars 24 support,56,Cars24 Customer Care,2026-07
cars24 check challan online,56,Cars24 Challan,2026-07
kia seltos cars24,56,Cars24 + Car Model,2026-07
cars24 vadodara akshar chowk,56,Cars24 Cities,2026-07
cars24 car challan,56,Cars24 Challan,2026-07
cars24 maharashtra,56,Cars24 Cities,2026-07
cars24 complaint email id,56,Cars24 Customer Care,2026-07
cars24 hosur,56,Cars24,2026-07
car24 meerut,56,Cars24 Cities,2026-07
cars24 indore address,56,Cars24 Cities,2026-07
car24 app,56,Cars24,2026-07
car24 mansarovar,56,Cars24,2026-07
cars24 2nd hand cars,56,Cars24,2026-07
cars24 company,56,Cars24,2026-07
cars24 koramangala,56,Cars24,2026-07
cars24 endeavour,55,Cars24,2026-07
cars24 nexus koramangala,55,Cars24,2026-07
honda amaze cars24,55,Cars24 + Car Model,2026-07
cars24 sell bike,55,Cars24 Sell,2026-07
kia sonet cars24,55,Cars24 + Car Model,2026-07
cars24 job,55,Others,2026-07
cars24 haridwar,55,Cars24 Cities,2026-07
24 cars kochi,55,Cars24 Cities,2026-07
cars24 vadodara address,55,Cars24 Cities,2026-07
cars 24 logo,55,Others,2026-07
cars24 uppal hyderabad,55,Cars24 Cities,2026-07
car 24 jakkur,55,Cars24 Cities,2026-07
cars24 mercedes,54,Cars24 + Car Model,2026-07
cars24 patna bihar,54,Cars24 Cities,2026-07
car24 loan,54,Cars24 Buy,2026-07
car 24 jammu,54,Cars24 Cities,2026-07
cars24 tirupur,54,Cars24 Cities,2026-07
car 24 sale,54,Cars24,2026-07
cars24 hub,54,Cars24,2026-07
cars24 rc transfer status,53,Others,2026-07
cars 24 fortuner,53,Cars24 + Car Model,2026-07
cars24 chennai used cars price list,53,Cars24 Buy,2026-07
cars24 partner login,53,Others,2026-07
cars24 support number,53,Cars24 Customer Care,2026-07
e challan surat cars24,53,Cars24 Challan,2026-07
car24 jamshedpur,53,Cars24 Cities,2026-07
car24 amritsar,53,Cars24 Cities,2026-07
cars24 karnataka,53,Cars24,2026-07
cars 24 navalur,53,Cars24,2026-07
cars24 bhilwara,53,Cars24,2026-07
car 24 number,53,Cars24,2026-07
cars24 whitefield,53,Cars24,2026-07
car 24 app,53,Cars24,2026-07
cars 24 founder,53,Cars24,2026-07
cars24 electric car,52,Cars24 Buy,2026-07
cars24 customer support,52,Cars24 Customer Care,2026-07
i20 cars24,52,Cars24 + Car Model,2026-07
endeavour cars24,52,Cars24,2026-07
car24 haridwar,52,Cars24 Cities,2026-07
2nd hand ertiga in kolkata car24,52,Cars24 + Car Model,2026-07
cars24 bike,52,Cars24,2026-07
cars 24 carrers,51,Cars24,2026-07
tata harrier cars24,51,Cars24 + Car Model,2026-07
customer care number cars24,51,Cars24 Customer Care,2026-07
car 24 prayagraj,51,Cars24 Cities,2026-07
cars 24 website,51,Cars24,2026-07
cars24 locations,51,Cars24,2026-07
car 24 used cars,51,Cars24 Buy,2026-07
cars24 email id for complaint,51,Cars24 Customer Care,2026-07
cars24 mulund,51,Cars24,2026-07
loans24 by cars24,51,Cars24 Buy,2026-07
challan 24 cars,50,Cars24 Challan,2026-07
cars24 customer care number bangalore 24x7,50,Cars24 Customer Care,2026-07
cars24 challan payment receipt download,50,Cars24 Challan,2026-07
delete cars24 account,50,Cars24,2026-07
cars 24 moradabad,50,Cars24 Cities,2026-07
cars24 financial services pvt ltd,50,Cars24 Buy,2026-07
cars24 rohini sector 10,50,Cars24,2026-07
"cars24 - buy, sell, finance used cars in vikaspuri, delhi",50,Cars24 Sell,2026-07
cars24 swift,49,Cars24 + Car Model,2026-07
cars24 loan login,49,Cars24 Buy,2026-07
car24 gorakhpur,49,Cars24 Cities,2026-07
car24 in faridabad,49,Cars24 Cities,2026-07
cars24 sell car contact number,49,Cars24 Customer Care,2026-07
rto challan cars24,49,Cars24 Challan,2026-07
car24 sonipat,49,Cars24,2026-07
care@cars24.com,49,Cars24,2026-07
cars 24 guntur,49,Cars24 Cities,2026-07
car 24 car valuation,49,Cars24 Sell,2026-07
cars24 bareilly,49,Cars24 Cities,2026-07
cars24 patna contact number,49,Cars24 Customer Care,2026-07
cars24 dwarka sector 13,49,Cars24,2026-07
"cars24 - buy, sell, finance used cars in astra tower, kolkata",49,Cars24 Sell,2026-07
car24 rto details,48,Others,2026-07
cars24 ertiga cng,48,Cars24 + Car Model,2026-07
cars24 naroda ahmedabad,48,Cars24 Cities,2026-07
car24 job vacancy,48,Others,2026-07
challan check car24,48,Cars24 Challan,2026-07
cars24 used cars bangalore,48,Cars24 Buy,2026-07
cars24 whatsapp number,48,Cars24,2026-07
car24 aligarh,48,Cars24 Cities,2026-07
cars24 bike challan,48,Cars24 Challan,2026-07
alto k10 cars24,48,Cars24 + Car Model,2026-07
cars24 kalyan,48,Cars24,2026-07
cars 24 jalgaon,48,Cars24,2026-07
cars24 customer care number mumbai,48,Cars24 Customer Care,2026-07
cars 24 belapur,48,Cars24,2026-07
cars24 junagadh,48,Cars24,2026-07
cars24 kochi contact number,48,Cars24 Customer Care,2026-07
nearest cars24 branch near me,48,Cars24 Cities,2026-07
"cars24 - buy, sell, finance used cars in nexus vijaya mall, chennai",48,Cars24 Sell,2026-07
cars24 camry,47,Cars24 + Car Model,2026-07
thar roxx cars24,47,Cars24 + Car Model,2026-07
innova crysta cars24,47,Cars24 + Car Model,2026-07
cars 24 in madurai,47,Cars24 Cities,2026-07
used cars24,47,Cars24 Buy,2026-07
cars24 challan bike,47,Cars24 Challan,2026-07
cars24 contact number delhi,47,Cars24 Customer Care,2026-07
cars 24 jalandhar,47,Cars24 Cities,2026-07
cars24 online,47,Cars24,2026-07
cars 24 price,47,Cars24 Buy,2026-07
cars24 kannur,47,Cars24 Cities,2026-07
cars24 delhi near me,47,Cars24 Cities,2026-07
"cars24 - buy, sell, finance used cars in udyog vihar, sector 18, gurgaon",47,Cars24 Sell,2026-07
"cars24 - buy, sell, finance used cars in avani riverside mall, kolkata choura bustee, shibpur reviews",47,Cars24 Sell,2026-07
cars24 rc status,46,Cars24,2026-07
cars24 tata punch,46,Cars24 + Car Model,2026-07
fronx cars24,46,Cars24 + Car Model,2026-07
cars24 tata tiago,46,Cars24 + Car Model,2026-07
cars24 haryana,46,Cars24,2026-07
cars24 jaipur mansarovar,46,Cars24 Cities,2026-07
cars24 solapur,46,Cars24 Cities,2026-07
cars24 insurance check,46,Cars24 Buy,2026-07
cars24 purnia,46,Cars24 Cities,2026-07
cars24 rajahmundry,46,Cars24 Cities,2026-07
cars24 vellore,46,Cars24 Cities,2026-07
car24 email id,46,Cars24,2026-07
car24 in chandigarh,46,Cars24 Cities,2026-07
care@cars24,46,Cars24,2026-07
car 24 com,46,Cars24,2026-07
cars24 mehsana,46,Cars24 Cities,2026-07
cars24 jobs work from home,46,Others,2026-07
cars24 inspection charges,46,Cars24,2026-07
cars24 bangalore address,46,Cars24 Cities,2026-07
"cars24 - buy, sell, finance used cars in goregaon east, mumbai cama industrial estate, goregaon east reviews",46,Cars24 Sell,2026-07
"cars24 - sell used cars in rohini sector 11, new delhi",46,Cars24 Sell,2026-07
cars 24 new car,45,Cars24 Buy,2026-07
cars24 wagon r cng,45,Cars24 + Car Model,2026-07
cars24 complaint,45,Cars24 Customer Care,2026-07
cars24 hiring,45,Others,2026-07
cars24 google reviews,45,Others,2026-07
ertiga cars24,45,Cars24 + Car Model,2026-07
car24 attapur,45,Cars24,2026-07
car 24 moradabad,45,Cars24 Cities,2026-07
used cars cars24,45,Cars24 Buy,2026-07
cars 24 kota,45,Cars24 Cities,2026-07
pdi cars24,45,PDI,2026-07
cars24 bachupally reviews,45,Others,2026-07
cars24 jeep compass,44,Cars24 + Car Model,2026-07
cars24 cng car,44,Cars24 Buy,2026-07
car 24 challan toll free number,44,Cars24 Challan,2026-07
cars24 ertiga,44,Cars24 + Car Model,2026-07
car24 jammu,44,Cars24 Cities,2026-07
cars24 c2c customer care number,44,Cars24 Customer Care,2026-07
honda city cars 24,44,Cars24 + Car Model,2026-07
cars 24 honda city,44,Cars24 + Car Model,2026-07
tata punch cars24,44,Cars24 + Car Model,2026-07
cars24 thane korum mall,44,Cars24 Cities,2026-07
cars 24 pdi service,44,PDI,2026-07
cars 24 belapur navi mumbai,44,Cars24 Cities,2026-07
"cars24 - buy, sell, finance used cars in sholinganallur, chennai photos",44,Cars24 Sell,2026-07
"cars24 - buy, sell, finance used cars in whitefield, bangalore mahadevapura",44,Cars24 Sell,2026-07
cars24 thiruverkadu reviews,44,Others,2026-07
cars 24 car details,43,Others,2026-07
cars24 bangalore used cars,43,Cars24 Buy,2026-07
cars 24 scrap,43,Cars24,2026-07
jobs at cars24,43,Others,2026-07
car24 e challan check,43,Cars24 Challan,2026-07
car 24 panchkula,43,Cars24,2026-07
car24 valuation,43,Cars24 Sell,2026-07
cars24 ahmedabad naroda,43,Cars24 Cities,2026-07
cars24 sangli,43,Cars24,2026-07
car 24 kalyan,43,Cars24,2026-07
car24 office near me,43,Cars24 Cities,2026-07
"cars24 - buy, sell, finance used cars in kandivali, mumbai co-operative housing society, कांदिवली ईस्ट",43,Cars24 Sell,2026-07
cars 24 office,43,Cars24,2026-07
cars 24 rto,42,Others,2026-07
cars24 pdi customer care number,42,PDI,2026-07
cars24 rc transfer,42,Others,2026-07
car 24 in patna,42,Cars24 Cities,2026-07
cars24 kollam,42,Cars24 Cities,2026-07
24 cars mumbai,42,Cars24 Cities,2026-07
cars 24 loan,42,Cars24 Buy,2026-07
cars24 customer care toll free number india,42,Cars24 Customer Care,2026-07
24 cars coimbatore reviews,42,Others,2026-07
cars24 cng,41,Cars24,2026-07
thar cars 24,41,Cars24 + Car Model,2026-07
cars24 creta,41,Cars24 + Car Model,2026-07
challan cars 24,41,Cars24 Challan,2026-07
cars24 financial services customer care number,41,Cars24 Customer Care,2026-07
car 24/7,41,Cars24,2026-07
cars24 exchange offer,41,Cars24,2026-07
cars 24 sell,41,Cars24 Sell,2026-07
cars 24 vapi,41,Cars24,2026-07
cars24 phone number,41,Cars24,2026-07
cars24 vadodara contact number,41,Cars24 Customer Care,2026-07
car24 toll free number,41,Cars24 Customer Care,2026-07
cars 24 app,41,Cars24,2026-07
cars24 karnavati,41,Cars24,2026-07
"cars24 - sell used cars in mg road sector 14, gurgaon",41,Cars24 Sell,2026-07
cars24 ecosport,40,Cars24,2026-07
cars24 audi,40,Cars24 + Car Model,2026-07
honda elevate cars24,40,Cars24 + Car Model,2026-07
cars24 raipur chhattisgarh,40,Cars24 Cities,2026-07
cars24 ahmednagar,40,Cars24,2026-07
cars24 in pune,40,Cars24 Cities,2026-07
cars 24 pondicherry,40,Cars24 Cities,2026-07
cars24 tathawade used cars,40,Cars24 Buy,2026-07
cars 24 thar,40,Cars24 + Car Model,2026-07
cars24 call center number,40,Cars24,2026-07
cars24 zirakpur,40,Cars24,2026-07
how to stop calls from cars24,40,Cars24,2026-07
car 24 jamnagar,40,Cars24 Cities,2026-07
car 24 costumer care number,40,Cars24 Customer Care,2026-07
cars 24 buy,40,Cars24 Buy,2026-07
cars 24 aligarh,40,Cars24 Cities,2026-07
cars24 dubai,40,Cars24 Cities,2026-07
"cars24 - buy, sell, finance used cars in rohini, delhi sector 10, rohini",40,Cars24 Sell,2026-07
cars 24 bmw,39,Cars24 + Car Model,2026-07
nexon cars24,39,Cars24 + Car Model,2026-07
cars24 brezza,39,Cars24 + Car Model,2026-07
altroz cars24,39,Cars24 + Car Model,2026-07
cars24 alto k10,39,Cars24 + Car Model,2026-07
car 24 e challan check,39,Cars24 Challan,2026-07
cars24 channel partner,39,Cars24,2026-07
cars24 car inspection,39,Cars24,2026-07
cars24 in lucknow,39,Cars24 Cities,2026-07
cars24 deoghar,39,Cars24,2026-07
car24 whitefield,39,Cars24,2026-07
cars 24 tathwade,39,Cars24,2026-07
"cars24 - buy, sell, finance used cars in tathawade, pune",39,Cars24 Sell,2026-07
"cars24 - buy, sell, finance used cars in rohini, delhi",39,Cars24 Sell,2026-07
bmw cars24,38,Cars24 + Car Model,2026-07
kia carens cars24,38,Cars24 + Car Model,2026-07
cars24 franchise,38,Cars24,2026-07
car24 mumbai used cars,38,Cars24 Buy,2026-07
cars24 e-challan,38,Cars24 Challan,2026-07
car24 login,38,Others,2026-07
cars24 vehicle history,38,Cars24,2026-07
cars24 cars,38,Cars24,2026-07
cars24 loan customer care,38,Cars24 Customer Care,2026-07
cars24 customer care number delhi delhi 24x7,38,Cars24 Customer Care,2026-07
cars24 jamnagar,38,Cars24 Cities,2026-07
care.loans@cars24.com,38,Cars24 Buy,2026-07
cars24 address,38,Cars24,2026-07
cars 24 newtown,38,Cars24,2026-07
cars24 in delhi,38,Cars24 Cities,2026-07
cars24 indore contact number,38,Cars24 Customer Care,2026-07
cars24 kya hai,38,Cars24,2026-07
ford endeavour cars24,37,Cars24 + Car Model,2026-07
cars24 innova,37,Cars24 + Car Model,2026-07
cars24 axel,37,Cars24,2026-07
cars24 kompally hyderabad,37,Cars24 Cities,2026-07
cars24 scorpio n,37,Cars24 + Car Model,2026-07
xuv 500 cars24,37,Cars24,2026-07
cars24 under 3 lakh,37,Cars24,2026-07
cars 24 swift,37,Cars24 + Car Model,2026-07
cars 24 tamil nadu,37,Cars24,2026-07
cars24 durgapur,37,Cars24,2026-07
cars24 jalgaon,37,Cars24,2026-07
car 24 hisar,37,Cars24 Cities,2026-07
cars24 in hyderabad,37,Cars24 Cities,2026-07
cars24 noida address sector 18,37,Cars24 Cities,2026-07
car 24 .com,37,Cars24,2026-07
car24 car valuation,37,Cars24 Sell,2026-07
how to stop cars24 calls,37,Cars24,2026-07
car 24 karnavati club,37,Cars24,2026-07
car24 showroom near me,37,Cars24 Cities,2026-07
cars 24 owner name,37,Cars24,2026-07
cars24 near me used cars,37,Cars24 Buy,2026-07
"cars24 - buy, sell, finance used cars in nexus mall koramangala, bangalore reviews",37,Cars24 Sell,2026-07
cars24 rto details,36,Others,2026-07
cars24 tata nano,36,Cars24 + Car Model,2026-07
vehicle info cars24,36,Others,2026-07
car24 fine check,36,Cars24 Challan,2026-07
car24 goa,36,Cars24 Cities,2026-07
cars24 kompally used cars,36,Cars24 Buy,2026-07
cars 24 solapur,36,Cars24 Cities,2026-07
cars24 pal surat,36,Cars24 Cities,2026-07
car 24 online challan,36,Cars24 Challan,2026-07
cars 24 varanasi,36,Cars24 Cities,2026-07
car24 finance customer care number,36,Cars24 Customer Care,2026-07
car24 mysore,36,Cars24 Cities,2026-07
cars24 in bangalore,36,Cars24 Cities,2026-07
bachupally cars24,36,Cars24 Cities,2026-07
cars24 kompally contact number,36,Cars24 Customer Care,2026-07
car 24 sell,36,Cars24 Sell,2026-07
"cars24 - buy, sell, finance used cars in bachupally, hyderabad photos",36,Cars24 Sell,2026-07
cars 24 mansarovar,36,Cars24,2026-07
cars24 yelahanka,36,Cars24,2026-07
car 24 car details,35,Others,2026-07
car24 career,35,Others,2026-07
cars24 luxury cars,35,Cars24 Buy,2026-07
grand vitara cars24,35,Cars24 + Car Model,2026-07
car24 patna used cars,35,Cars24 Buy,2026-07
cars24 contact,35,Cars24,2026-07
echallan cars 24,35,Cars24 Challan,2026-07
car 24 siliguri,35,Cars24 Cities,2026-07
cars 24 gwalior,35,Cars24 Cities,2026-07
cars24 alwar,35,Cars24 Cities,2026-07
cars24 asansol,35,Cars24,2026-07
pune cars24,35,Cars24 Cities,2026-07
cars24 pdi review,35,PDI,2026-07
cars24 rohini metro walk nearest metro station,35,Cars24,2026-07
cars24 network - sell car in erode photos,35,Cars24 Sell,2026-07
car24 near me location,35,Cars24 Cities,2026-07
cars24 details,34,Cars24,2026-07
hyundai creta cars24,34,Cars24 + Car Model,2026-07
challan check cars 24,34,Cars24 Challan,2026-07
cars 24 creta,34,Cars24 + Car Model,2026-07
car24 chandigarh,34,Cars24 Cities,2026-07
cars 24 contact number,34,Cars24 Customer Care,2026-07
cars 24 nanded,34,Cars24 Cities,2026-07
cars24 loan eligibility,34,Cars24 Buy,2026-07
honda jazz cars24,34,Cars24 + Car Model,2026-07
car24 challan details,34,Cars24 Challan,2026-07
cars24 assam,34,Cars24,2026-07
cars24 call,34,Cars24,2026-07
cars24 tamil nadu,34,Cars24,2026-07
cars24 customer care mobile number,34,Cars24 Customer Care,2026-07
cars 24 app download,34,Cars24,2026-07
24 cars surat,34,Cars24 Cities,2026-07
car24 complaint number,34,Cars24 Customer Care,2026-07
how to block cars24 calls,34,Cars24,2026-07
cars 24 whitefield,34,Cars24,2026-07
"cars24 - buy, sell, finance used cars in karnavati, ahmedabad mumatpura",34,Cars24 Sell,2026-07
cars24 check vehicle details,33,Others,2026-07
cars24 loan calculator,33,Cars24 Buy,2026-07
cars24 celerio,33,Cars24 + Car Model,2026-07
mg hector cars24,33,Cars24 + Car Model,2026-07
challan check 24 car,33,Cars24 Challan,2026-07
cars24 verna,33,Cars24 + Car Model,2026-07
cars 24 challan details,33,Cars24 Challan,2026-07
cars24 scrap car,33,Cars24,2026-07
cars24 challan contact number,33,Cars24 Challan,2026-07
cars 24 bestech,33,Cars24,2026-07
cars24 gandhidham,33,Cars24,2026-07
cars24 morbi,33,Cars24,2026-07
cars24 pdi contact number,33,PDI,2026-07
cars24 himatnagar,33,Cars24,2026-07
cars24 korum mall thane,33,Cars24 Cities,2026-07
cars24 shimoga,33,Cars24 Cities,2026-07
car24 auction,33,Cars24 Buy,2026-07
cars 24 kottayam,33,Cars24,2026-07
car24 kota,33,Cars24 Cities,2026-07
"cars24 - sell used cars in indirapuram, ghaziabad",33,Cars24 Sell,2026-07
"cars24 - sell used cars in railnagar, rajkot",33,Cars24 Sell,2026-07
car24 emi calculator,32,Cars24 Buy,2026-07
cars24 hyderabad used cars,32,Cars24 Buy,2026-07
ahmedabad e memo cars 24,32,Cars24 Challan,2026-07
car24 jalandhar,32,Cars24 Cities,2026-07
cars 24 .com,32,Cars24,2026-07
cars 24 punjab,32,Cars24 Cities,2026-07
cars24 bulandshahr,32,Cars24,2026-07
cars24 grievance,32,Cars24,2026-07
car24 madurai,32,Cars24 Cities,2026-07
cars24 metro walk,32,Cars24,2026-07
e24 car,32,Cars24,2026-07
cars24 erode,32,Cars24 Cities,2026-07
car24.com traffic challan,32,Cars24 Challan,2026-07
car24 customer care number india 24x7,32,Cars24 Customer Care,2026-07
cars24 resale value,32,Cars24,2026-07
"cars24 - sell used cars in attapur, hyderabad photos",32,Cars24 Sell,2026-07
cars24 thane address,32,Cars24 Cities,2026-07
near by cars24 showroom,32,Cars24,2026-07
cars24 network,32,Cars24,2026-07
near cars24 branch near me,32,Cars24 Cities,2026-07
cars24 owner name,32,Cars24,2026-07
"cars24 - buy, sell, finance used cars in nexus vijaya mall, chennai vadapalani reviews",32,Cars24 Sell,2026-07
cars24 kia carens,31,Cars24 + Car Model,2026-07
tata hexa cars24,31,Cars24 + Car Model,2026-07
fortuner cars 24,31,Cars24 + Car Model,2026-07
cars24 delhi cng cars,31,Cars24 Buy,2026-07
honda brio cars24,31,Cars24,2026-07
bmw cars 24,31,Cars24 + Car Model,2026-07
cars24 vacancy,31,Others,2026-07
cars24 pdi service contact number,31,PDI,2026-07
cars24 punjab,31,Cars24 Cities,2026-07
cars24.com hyderabad,31,Cars24 Cities,2026-07
challan status cars24,31,Cars24 Challan,2026-07
car 24 haldwani,31,Cars24,2026-07
car247,31,Cars24,2026-07
cars 24 rohtak,31,Cars24 Cities,2026-07
cars24 dombivli east,31,Cars24 Cities,2026-07
cars24 indore used cars,31,Cars24 Buy,2026-07
cars 24 latur,31,Cars24,2026-07
cars24 darbhanga,31,Cars24 Cities,2026-07
cars 24 noida sector 18,31,Cars24 Cities,2026-07
cars24 srinagar,31,Cars24 Cities,2026-07
cars24 nexus mall,31,Cars24,2026-07
cars24 pdi price,31,PDI,2026-07
cars24 second hand car price,31,Cars24 Buy,2026-07
car 24 old car,31,Cars24,2026-07
ahmedabad cars24,31,Cars24 Cities,2026-07
cars 24 hub,31,Cars24,2026-07
"cars24 - buy, sell, finance used cars in belapur, mumbai photos",31,Cars24 Sell,2026-07
toyota hilux cars24,30,Cars24,2026-07
polo cars24,30,Cars24 + Car Model,2026-07
skoda rapid cars24,30,Cars24 + Car Model,2026-07
cars24 i20,30,Cars24 + Car Model,2026-07
cars24 used,30,Cars24,2026-07
swift car 24,30,Cars24 + Car Model,2026-07
cars24 eeco 7 seater cng price,30,Cars24 Buy,2026-07
cars24 loan statement,30,Cars24 Buy,2026-07
cars 24 banglore,30,Cars24,2026-07
cars24 eeco car,30,Cars24,2026-07
cars24 goa used cars,30,Cars24 Buy,2026-07
cars24 account delete,30,Cars24,2026-07
car 24 alwar,30,Cars24 Cities,2026-07
car 24 anand,30,Cars24 Cities,2026-07
car 24 dombivali,30,Cars24,2026-07
car24 bareilly,30,Cars24 Cities,2026-07
used car 24,30,Cars24 Buy,2026-07
car24 karnal,30,Cars24 Cities,2026-07
cars24 car,30,Cars24,2026-07
cars24 dombivli contact number,30,Cars24 Customer Care,2026-07
cars24 pdi charges,30,PDI,2026-07
second hand car 24,30,Cars24 Buy,2026-07
car 24 car sale,30,Cars24,2026-07
challan payment car24,30,Cars24 Challan,2026-07
"cars24 - buy, sell, finance used car in celest mall, visakhapatnam",30,Cars24 Sell,2026-07
"cars24 - buy, sell, finance used cars in astra tower, kolkata aa ii, rajarhat",30,Cars24 Sell,2026-07
"cars24 - sell used cars in makhan majra, chandigarh",30,Cars24 Sell,2026-07
innova cars24,29,Cars24 + Car Model,2026-07
cars24 job openings,29,Others,2026-07
cars 24 sangli,29,Cars24,2026-07
cars24 khammam,29,Cars24,2026-07
car24 customer care number delhi delhi 24x7,29,Cars24 Customer Care,2026-07
cars24 mathura,29,Cars24 Cities,2026-07
car24 bihar,29,Cars24,2026-07
car24 sell,29,Cars24 Sell,2026-07
cars24 kolkata contact number,29,Cars24 Customer Care,2026-07
car24 bachupally,29,Cars24 Cities,2026-07
cars24 bestech mall mohali,29,Cars24 Cities,2026-07
cars24 panipat,29,Cars24 Cities,2026-07
cars24 rajkot contact number,29,Cars24 Customer Care,2026-07
cars24 visakhapatnam,29,Cars24 Cities,2026-07
cars24 bhopal contact number,29,Cars24 Customer Care,2026-07
cars24 branch near me,29,Cars24 Cities,2026-07
"cars24 - sell used cars in sevoke road-new, siliguri photos",29,Cars24 Sell,2026-07
cars24 hub m3m urbana gurugram,29,Cars24 Cities,2026-07
"cars24 - buy, sell, finance used cars in astra tower, kolkata aa ii, rajarhat reviews",29,Cars24 Sell,2026-07
car24 owner details,28,Others,2026-07
seltos cars24,28,Cars24,2026-07
tata sierra cars24,28,Cars24,2026-07
challan check online cars24,28,Cars24 Challan,2026-07
cars 24 scorpio n,28,Cars24 + Car Model,2026-07
tata altroz cars24,28,Cars24 + Car Model,2026-07
cars24 in patna,28,Cars24 Cities,2026-07
cars24 amravati,28,Cars24 Cities,2026-07
cars24 in kolkata,28,Cars24 Cities,2026-07
cars24 ahmedabad s.g. highway,28,Cars24 Cities,2026-07
cars24 tirunelveli,28,Cars24 Cities,2026-07
car 24 bhavnagar,28,Cars24 Cities,2026-07
car 24 bhilwara,28,Cars24,2026-07
car 24 patiala,28,Cars24 Cities,2026-07
cars24 lifetime warranty,28,Cars24,2026-07
www.cars24,28,Cars24,2026-07
cars24 ghaziabad contact number,28,Cars24 Customer Care,2026-07
car24 korum mall thane,28,Cars24 Cities,2026-07
cars 24 cars,28,Cars24,2026-07
car 24 car,28,Cars24,2026-07
cars 24 sonipat,28,Cars24,2026-07
cars24 rohini sector 11,28,Cars24,2026-07
cars24 customer care number gurgaon,28,Cars24 Customer Care,2026-07
"cars24 - buy, sell, finance used cars in goregaon east, mumbai photos",28,Cars24 Sell,2026-07
"cars24 - buy, sell, finance used cars in m3m urbana, gurgaon photos",28,Cars24 Sell,2026-07
"cars24 - buy, sell, finance used cars in nexus mall koramangala, bangalore",28,Cars24 Sell,2026-07
"cars24 - buy, sell, finance used cars in whitefield, bangalore",28,Cars24 Sell,2026-07
"cars24 - buy, sell, finance used cars in nexus whitefield mall, bangalore",28,Cars24 Sell,2026-07
cars 24 career,27,Others,2026-07
cars24 luxury,27,Cars24,2026-07
honda accord cars24,27,Cars24,2026-07
cars24 ford endeavour,27,Cars24 + Car Model,2026-07
cars24 job apply online,27,Others,2026-07
car24 dwarka,27,Cars24,2026-07
cars 24 franchise,27,Cars24,2026-07
cars24 customer service,27,Cars24 Customer Care,2026-07
ecosport cars24,27,Cars24,2026-07
cars24 baleno price,27,Cars24 + Car Model,2026-07
cars24 kochi used cars,27,Cars24 Buy,2026-07
cars24 rto challan,27,Cars24 Challan,2026-07
honda civic cars 24,27,Cars24 + Car Model,2026-07
kwid cars24,27,Cars24 + Car Model,2026-07
check challan online car 24,27,Cars24 Challan,2026-07
cars 24 job,27,Others,2026-07
cars 24 satara,27,Cars24,2026-07
cars 247,27,Cars24,2026-07
cars24 lucknow used cars,27,Cars24 Buy,2026-07
nissan magnite cars 24,27,Cars24 + Car Model,2026-07
car 24 bathinda,27,Cars24 Cities,2026-07
cars24 kozhikode,27,Cars24 Cities,2026-07
cars24 palakkad,27,Cars24 Cities,2026-07
cars24 vadodara price list,27,Cars24 Buy,2026-07
cars24 raichur,27,Cars24,2026-07
cars24 loan payment online,27,Cars24 Buy,2026-07
cars24 seawoods,27,Cars24,2026-07
cars24 sri ganganagar,27,Cars24,2026-07
car24 dhanbad,27,Cars24 Cities,2026-07
cars24 loan details,27,Cars24 Buy,2026-07
cars 24 car sell,27,Cars24 Sell,2026-07
car 24 mansarovar,27,Cars24,2026-07
car 24 valuation,27,Cars24 Sell,2026-07
cars24 pre delivery inspection,27,PDI,2026-07
cars24 kandivali east,27,Cars24,2026-07
vehicle details cars24,26,Others,2026-07
toyota camry cars24,26,Cars24 + Car Model,2026-07
skoda octavia cars24,26,Cars24 + Car Model,2026-07
cars24 west bengal,26,Cars24,2026-07
car24 ertiga,26,Cars24 + Car Model,2026-07
check challan online cars24,26,Cars24 Challan,2026-07
ciaz cars24,26,Cars24 + Car Model,2026-07
hyundai venue cars24,26,Cars24 + Car Model,2026-07
cars24 customer care no,26,Cars24 Customer Care,2026-07
cars24 odisha,26,Cars24,2026-07
skoda slavia cars24,26,Cars24 + Car Model,2026-07
cars24 eeco,26,Cars24,2026-07
cars24 nagpur under 2 lakh,26,Cars24 Cities,2026-07
verna cars 24,26,Cars24 + Car Model,2026-07
cars24 navsari,26,Cars24,2026-07
buy car cars24,26,Cars24 Buy,2026-07
car 24 loan,26,Cars24 Buy,2026-07
car24 vapi,26,Cars24,2026-07
cars24 merchandise,26,Cars24,2026-07
cars24 new delhi,26,Cars24 Cities,2026-07
cars24 satara,26,Cars24,2026-07
car 24 bharuch,26,Cars24,2026-07
car24 swift,26,Cars24 + Car Model,2026-07
cars24 kompally photos,26,Cars24 Cities,2026-07
cars24 delhi contact number,26,Cars24 Customer Care,2026-07
cars24 faridabad office,26,Cars24 Cities,2026-07
car24 jamnagar,26,Cars24 Cities,2026-07
cars 24/7,26,Cars24,2026-07
cars24 scrap car price,26,Cars24 Buy,2026-07
car24 second hand,26,Cars24 Buy,2026-07
cars24 openings,26,Cars24,2026-07
sell car at cars24,26,Cars24 Sell,2026-07
cars24 ahmedabad karnavati club,26,Cars24 Cities,2026-07
cars24 ciaz ahmedabad,25,Cars24 + Car Model,2026-07
s presso cars24,25,Cars24,2026-07
alto cars 24,25,Cars24 + Car Model,2026-07
nissan magnite cars24,25,Cars24 + Car Model,2026-07
cars24 delete account,25,Cars24,2026-07
ignis cars24,25,Cars24 + Car Model,2026-07
harrier cars24,25,Cars24 + Car Model,2026-07
cars24 in goa,25,Cars24 Cities,2026-07
car 24 rudrapur,25,Cars24,2026-07
car24 elite,25,ELITE,2026-07
cars24 chalan,25,Cars24 Challan,2026-07
car24 old car,25,Cars24,2026-07
cars24 bhagalpur,25,Cars24 Cities,2026-07
cars 24 hosur,25,Cars24,2026-07
cars24 hr contact number,25,Cars24 Customer Care,2026-07
cars24 bhoruka tech park,25,Cars24,2026-07
cars24 hyderabad near me,25,Cars24 Cities,2026-07
cars24 surat adajan,25,Cars24 Cities,2026-07
car 24 ajmer,25,Cars24 Cities,2026-07
cars24 gomti nagar lucknow,25,Cars24 Cities,2026-07
cars24 network login,25,Others,2026-07
cars24 indirapuram,25,Cars24,2026-07
car24 details,24,Cars24,2026-07
duster cars24,24,Cars24 + Car Model,2026-07
maruti 800 cars24,24,Cars24,2026-07
bolero cars24,24,Cars24 + Car Model,2026-07
cars24 nissan magnite,24,Cars24 + Car Model,2026-07
cars24 ev,24,Cars24,2026-07
cars24 new car price,24,Cars24 Buy,2026-07
skoda kylaq cars24,24,Cars24,2026-07
swift dzire cars24,24,Cars24 + Car Model,2026-07
car24 finance,24,Cars24,2026-07
car24 job,24,Others,2026-07
cars24 bangalore buy used cars,24,Cars24 Buy,2026-07
xuv 700 cars24,24,Cars24 + Car Model,2026-07
c24 car,24,Cars24,2026-07
cars 24 in dehradun,24,Cars24 Cities,2026-07
cars24 second hand cars,24,Cars24 Buy,2026-07
car24 mansarovar jaipur,24,Cars24 Cities,2026-07
cars24 ajmer,24,Cars24 Cities,2026-07
cars24 bangalore near me,24,Cars24 Cities,2026-07
cars24 chandrapur,24,Cars24,2026-07
cars24 ludhiana contact number,24,Cars24 Customer Care,2026-07
car 24 loan department,24,Cars24 Buy,2026-07
car24 gandhinagar,24,Cars24 Cities,2026-07
cars24 call number,24,Cars24,2026-07
cars24 palanpur,24,Cars24,2026-07
cars24 vadodara location,24,Cars24 Cities,2026-07
cars24 nashik contact number,24,Cars24 Customer Care,2026-07
cars 24 mail id,24,Cars24,2026-07
24 car bazar lucknow,24,Cars24 Cities,2026-07
car 24 hub,24,Cars24,2026-07
cars24 service centre,24,Cars24,2026-07
thiruverkadu cars24,24,Cars24 Cities,2026-07
"cars24 - buy, sell, finance used cars in korum mall, mumbai photos",24,Cars24 Sell,2026-07
cars24 m3m urbana,24,Cars24,2026-07
cars24 jobs in chennai,24,Others,2026-07
car24 new car,23,Cars24 Buy,2026-07
cars 24 details,23,Cars24,2026-07
cars24 scorpio classic,23,Cars24 + Car Model,2026-07
car 24 career,23,Others,2026-07
cars24 info,23,Cars24,2026-07
s cross cars24,23,Cars24,2026-07
cars 24 customer support,23,Cars24 Customer Care,2026-07
used brezza in bangalore cars24,23,Cars24 + Car Model,2026-07
car 24 naroda ahmedabad,23,Cars24 Cities,2026-07
cars24 bhilai,23,Cars24,2026-07
car24 gandhidham,23,Cars24,2026-07
cars24 customer care number chennai,23,Cars24 Customer Care,2026-07
cars24 kia sonet,23,Cars24 + Car Model,2026-07
cars 24.,23,Cars24,2026-07
cars24 akola,23,Cars24 Cities,2026-07
"cars24, second hand car price",23,Cars24 Buy,2026-07
cars24 - buy sell finance used cars in gnb mall ghaziabad raj nagar extension reviews,23,Cars24 Sell,2026-07
cars24 ertiga price,23,Cars24 + Car Model,2026-07
cars 24 undri,23,Cars24,2026-07
cars24 chennai thiruverkadu,23,Cars24 Cities,2026-07
car24 lucknow used cars,23,Cars24 Buy,2026-07
cars24 bhubaneswar contact number,23,Cars24 Customer Care,2026-07
cars24 noida sector 18 contact number,23,Cars24 Customer Care,2026-07
car 24 mansarovar jaipur,23,Cars24 Cities,2026-07
cars 24 vellore,23,Cars24 Cities,2026-07
cars24 channel partner login,23,Others,2026-07
cars 24 gnb mall,23,Cars24,2026-07
owner of cars24,23,Cars24,2026-07
cars24 gurgaon address,23,Cars24 Cities,2026-07
cars24 network - sell car in erode,23,Cars24 Sell,2026-07
near me cars24,23,Cars24 Cities,2026-07
"cars24 - buy, sell, finance used cars in mantra mall, hyderabad fort view colony reviews",23,Cars24 Sell,2026-07
"cars24 - sell used cars in kharbi, nagpur kharabi reviews",23,Cars24 Sell,2026-07
cars24 celerio cng,22,Cars24 + Car Model,2026-07
cars24 mangyawas jaipur,22,Cars24 Cities,2026-07
car24 thar,22,Cars24 + Car Model,2026-07
cars24 fronx,22,Cars24 + Car Model,2026-07
cars24 mg hector,22,Cars24 + Car Model,2026-07
hyundai verna cars24,22,Cars24 + Car Model,2026-07
car24 saket,22,Cars24,2026-07
cars 24 haldwani,22,Cars24,2026-07
cars 24 vacancy,22,Others,2026-07
car24 delhi ncr,22,Cars24 Cities,2026-07
cars24 customer care email,22,Cars24 Customer Care,2026-07
cars24 jhansi,22,Cars24,2026-07
car 24 jhansi,22,Cars24,2026-07
cars24 muzaffarnagar,22,Cars24,2026-07
cars 24 call,22,Cars24,2026-07
cars24 in meerut,22,Cars24 Cities,2026-07
cars 24 saket,22,Cars24,2026-07
sell cars24,22,Cars24 Sell,2026-07
car24 kakkanad,22,Cars24 Cities,2026-07
nearby cars24 showroom near me,22,Cars24 Cities,2026-07
cars24 innova hycross,21,Cars24 + Car Model,2026-07
cars24 vehicle information,21,Others,2026-07
honda city car 24,21,Cars24 + Car Model,2026-07
hyundai i20 cars24,21,Cars24 + Car Model,2026-07
scorpio n cars 24,21,Cars24 + Car Model,2026-07
cars24 kia seltos,21,Cars24 + Car Model,2026-07
cars24 seltos,21,Cars24,2026-07
car 24 deoghar,21,Cars24,2026-07
cars24 call center,21,Cars24,2026-07
cars24 escalation,21,Cars24,2026-07
celerio cars24,21,Cars24 + Car Model,2026-07
swift cars 24,21,Cars24 + Car Model,2026-07
cars 24 ev cars,21,Cars24 Buy,2026-07
cars24 loan foreclosure,21,Cars24 Buy,2026-07
car24 bharuch,21,Cars24,2026-07
cars24 attapur used cars,21,Cars24 Buy,2026-07
cars24 wagon r cng price,21,Cars24 + Car Model,2026-07
cars24 sell my car,21,Cars24 Sell,2026-07
cars24 vijayawada contact number,21,Cars24 Customer Care,2026-07
second hand car cars24,21,Cars24 Buy,2026-07
cars 24 gvk mall,21,Cars24,2026-07
car24 metro walk,21,Cars24,2026-07
cars24 value check,21,Cars24,2026-07
cars24. com,21,Cars24,2026-07
24 car ahmedabad,21,Cars24 Cities,2026-07
cars 24 pdi booking,21,PDI,2026-07
cars24 pune location,21,Cars24 Cities,2026-07
car 24 price,21,Cars24 Buy,2026-07
"cars24 - buy, sell, finance used cars in bestech square mall, chandigarh photos",21,Cars24 Sell,2026-07
cars24 chennai address,21,Cars24 Cities,2026-07
cars24 nashik address,21,Cars24 Cities,2026-07
cars 24 memo,21,Cars24 Challan,2026-07
cars24 australia,21,Cars24,2026-07
cars24 naroda reviews,21,Others,2026-07
what is cars 24,21,Cars24,2026-07
"cars24 - buy, sell, finance used cars in nishal arcade, surat",21,Cars24 Sell,2026-07
spinny vs cars24,21,Cars24,2026-07
cars24 fastag,20,Cars24,2026-07
mercedes cars24,20,Cars24 + Car Model,2026-07
cars24 car info,20,Others,2026-07
cars24 carrer,20,Cars24,2026-07
cars24 gvk mall,20,Cars24,2026-07
cars24 xuv700,20,Cars24 + Car Model,2026-07
cars 24 tata nano,20,Cars24 + Car Model,2026-07
cars24 grand vitara,20,Cars24 + Car Model,2026-07
cars24 safari,20,Cars24 + Car Model,2026-07
cars24 scorpio s11,20,Cars24 + Car Model,2026-07
nissan kicks cars24,20,Cars24,2026-07
cars24 honda city,20,Cars24 + Car Model,2026-07
venue cars24,20,Cars24 + Car Model,2026-07
car 24 elite,20,ELITE,2026-07
cars 24 innova crysta,20,Cars24 + Car Model,2026-07
cars24 affiliate program,20,Cars24,2026-07
grand i10 cars24,20,Cars24 + Car Model,2026-07
xl6 cars24,20,Cars24 + Car Model,2026-07
car 24 fine check,20,Cars24 Challan,2026-07
cars24 ambala,20,Cars24 Cities,2026-07
cars24 howrah avani mall,20,Cars24,2026-07
cars24 report,20,Cars24,2026-07
cars24 rewa,20,Cars24,2026-07
cars24 trichy used cars,20,Cars24 Buy,2026-07
eeco cars24,20,Cars24,2026-07
cars 24 nagpur maharashtra,20,Cars24 Cities,2026-07
cars24 alto 800,20,Cars24 + Car Model,2026-07
cars24 corporate office,20,Cars24,2026-07
24 cars in hyderabad,20,Cars24 Cities,2026-07
cars 24x7,20,Cars24,2026-07
cars24 in ahmedabad,20,Cars24 Cities,2026-07
cars24 nagpur kharbi,20,Cars24 Cities,2026-07
cars24 regency anantam dombivli east,20,Cars24 Cities,2026-07
car 24 haridwar,20,Cars24 Cities,2026-07
cars24 customer care toll free number india 24x7 ahmedabad,20,Cars24 Customer Care,2026-07
cars24 mira road,20,Cars24,2026-07
cars24 radisson blu dwarka,20,Cars24,2026-07
cars 24 baleno,20,Cars24 + Car Model,2026-07
cars 24 number,20,Cars24,2026-07
cars24 hyderabad office,20,Cars24 Cities,2026-07
cars24 raj nagar extension,20,Cars24,2026-07
car 24 in ahmedabad,20,Cars24 Cities,2026-07
cars 24 email id,20,Cars24,2026-07
cars24 toll free number india 24 7,20,Cars24 Customer Care,2026-07
car24 pdi service,20,PDI,2026-07
"cars24 - buy, sell, finance used cars in kandivali, mumbai photos",20,Cars24 Sell,2026-07
cars24 nexus whitefield,20,Cars24,2026-07
cars24 vadapalani contact number,20,Cars24 Customer Care,2026-07
"cars24 - sell used cars in kalyan, mumbai photos",20,Cars24 Sell,2026-07
cars24 kurnool,20,Cars24,2026-07
cars24 lb nagar,20,Cars24,2026-07
cars 24 amanora,20,Cars24,2026-07
cars 24 uae,20,Cars24,2026-07
cars24 mysore location,20,Cars24 Cities,2026-07
"cars24 - buy, sell, finance used cars in avani riverside mall, kolkata choura bustee, shibpur",20,Cars24 Sell,2026-07
cars24 near by me,20,Cars24,2026-07
cars24 services franchise,20,Cars24,2026-07
fbr24 cars,20,Cars24,2026-07
cars24 alcazar,19,Cars24 + Car Model,2026-07
hyundai elantra cars24,19,Cars24 + Car Model,2026-07
virtus cars24,19,Cars24 + Car Model,2026-07
car24 alto,19,Cars24 + Car Model,2026-07
cars 24 jimny,19,Cars24 + Car Model,2026-07
cars24 rto services,19,Others,2026-07
virtus gt cars24,19,Cars24 + Car Model,2026-07
car 24 banglore,19,Cars24,2026-07
car24 kochi used cars,19,Cars24 Buy,2026-07
cars24 harrier,19,Cars24 + Car Model,2026-07
cars24 tata safari,19,Cars24 + Car Model,2026-07
cars24 tiago,19,Cars24 + Car Model,2026-07
cars24 venue,19,Cars24 + Car Model,2026-07
car24 vizag,19,Cars24 Cities,2026-07
car24 website,19,Cars24,2026-07
cars24 honda amaze,19,Cars24 + Car Model,2026-07
cars24 tata harrier,19,Cars24 + Car Model,2026-07
celerio cars 24,19,Cars24 + Car Model,2026-07
tata nano cars 24,19,Cars24 + Car Model,2026-07
car24 ambala,19,Cars24 Cities,2026-07
car24 loan login,19,Cars24 Buy,2026-07
baleno car 24,19,Cars24 + Car Model,2026-07
car 24 madurai,19,Cars24 Cities,2026-07
cars24 kolkata used cars,19,Cars24 Buy,2026-07
cars24 naroda used cars,19,Cars24 Buy,2026-07
cars24 regency anantam,19,Cars24,2026-07
cars24 satna,19,Cars24,2026-07
car24 rajouri garden,19,Cars24 Cities,2026-07
cars 24 ambala,19,Cars24 Cities,2026-07
cars24 karnal contact number,19,Cars24 Customer Care,2026-07
cars24/7,19,Cars24,2026-07
cars24 grievance email,19,Cars24,2026-07
car24 greater noida,19,Cars24 Cities,2026-07
cars24 bike sell,19,Cars24 Sell,2026-07
cars24 dehradun location,19,Cars24 Cities,2026-07
car 24 agra contact number,19,Cars24 Customer Care,2026-07
car 24 bachupally,19,Cars24 Cities,2026-07
cars24 vijaya mall,19,Cars24,2026-07
about cars24,19,Cars24,2026-07
"cars24 - buy, sell, finance used cars in karnavati, ahmedabad mumatpura reviews",19,Cars24 Sell,2026-07
car24pune,18,Cars24,2026-07
cars24 premium,18,Cars24 Buy,2026-07
ford figo cars24,18,Cars24 + Car Model,2026-07
pajero cars24,18,Cars24,2026-07
nano cars24,18,Cars24 + Car Model,2026-07
cars 24 internship,18,Others,2026-07
cars24 virtus,18,Cars24 + Car Model,2026-07
cars24 xuv500,18,Cars24 + Car Model,2026-07
check challan cars 24,18,Cars24 Challan,2026-07
hilux cars24,18,Cars24,2026-07
scars 24,18,Cars24,2026-07
xuv 500 cars 24,18,Cars24,2026-07
cars 24 in delhi,18,Cars24 Cities,2026-07
cars24 email,18,Cars24,2026-07
cars24 ncr,18,Cars24,2026-07
cars 24 brezza,18,Cars24 + Car Model,2026-07
renault kwid cars24,18,Cars24 + Car Model,2026-07
car 24 jalgaon,18,Cars24,2026-07
cars24 complaint email id india,18,Cars24 Customer Care,2026-07
cars24 gulbarga,18,Cars24 Cities,2026-07
cars24 sambalpur,18,Cars24,2026-07
cars24 swift diesel,18,Cars24 + Car Model,2026-07
car24 kolhapur,18,Cars24 Cities,2026-07
cars 24 lifetime warranty,18,Cars24,2026-07
cars24 aurangabad contact number,18,Cars24 Customer Care,2026-07
cars24 challan is real or fake,18,Cars24 Challan,2026-07
cars24 refund process,18,Cars24,2026-07
cars24 service,18,Cars24,2026-07
innova hycross cars24,18,Cars24 + Car Model,2026-07
car 24 in pune,18,Cars24 Cities,2026-07
car 24 kolhapur,18,Cars24 Cities,2026-07
car24 kalyan,18,Cars24,2026-07
car24 rohtak,18,Cars24 Cities,2026-07
cars 24 rohini delhi,18,Cars24 Cities,2026-07
cars24 dzire,18,Cars24 + Car Model,2026-07
cars24 sell car price,18,Cars24 Sell,2026-07
cars24 vaishnavi sapphire mall yeshwanthpur,18,Cars24,2026-07
cars24 30 days return policy,18,Cars24,2026-07
cars24 amanora mall,18,Cars24,2026-07
cars 24 finance,18,Cars24,2026-07
cars 24 in hyderabad,18,Cars24 Cities,2026-07
cars24 faridabad piyush mahendra mall,18,Cars24 Cities,2026-07
cars24 kaithal,18,Cars24,2026-07
cars24 work from home jobs,18,Others,2026-07
car24 head office,18,Cars24 Customer Care,2026-07
cars24 - on wheels | sell used cars in latur photos,18,Cars24 Sell,2026-07
cars24 hub chennai,18,Cars24 Cities,2026-07
cars24 mansarovar,18,Cars24,2026-07
car24 review,18,Others,2026-07
cars24 udyog vihar gurgaon,18,Cars24 Cities,2026-07
car 24 hubli,18,Cars24 Cities,2026-07
tathawade cars24,18,Cars24 Cities,2026-07
"cars24 - buy, sell, finance used car in wave one mall ,sec-18, noida",18,Cars24 Sell,2026-07
cars24 revenue,18,Cars24,2026-07
bmw x1 cars24,17,Cars24 + Car Model,2026-07
cars 24 email,17,Cars24,2026-07
cars24 honda civic,17,Cars24 + Car Model,2026-07
cars24 car check,17,Cars24,2026-07
cars24 thar roxx,17,Cars24 + Car Model,2026-07
bolero neo cars24,17,Cars24 + Car Model,2026-07
car24 alwar,17,Cars24 Cities,2026-07
alto cars24,17,Cars24 + Car Model,2026-07
cars24 cars24,17,Cars24,2026-07
ford ecosport cars24,17,Cars24 + Car Model,2026-07
car 24 scorpio,17,Cars24 + Car Model,2026-07
cars24 auction cars,17,Cars24 Buy,2026-07
cars24 ciaz,17,Cars24 + Car Model,2026-07
customer care cars 24,17,Cars24 Customer Care,2026-07
kia seltos cars 24,17,Cars24 + Car Model,2026-07
cars 24 polo,17,Cars24 + Car Model,2026-07
cars24 call centre number,17,Cars24,2026-07
cars24 in dehradun,17,Cars24 Cities,2026-07
cars24 in nagpur,17,Cars24 Cities,2026-07
cars24 rc transfer time,17,Others,2026-07
cars24 used cars mumbai,17,Cars24 Buy,2026-07
baleno cars 24,17,Cars24 + Car Model,2026-07
cars 24 chlaan,17,Cars24,2026-07
cars 24 thrissur,17,Cars24 Cities,2026-07
cars24 7 seater,17,Cars24,2026-07
cars24 ahmedabad second hand,17,Cars24 Buy,2026-07
cars24 customer number,17,Cars24,2026-07
cars24 jakkur used cars,17,Cars24 Buy,2026-07
cars24 used car loan,17,Cars24 Buy,2026-07
car 24 ertiga,17,Cars24 + Car Model,2026-07
car24 complaint email id,17,Cars24 Customer Care,2026-07
car24 dombivli,17,Cars24 Cities,2026-07
"cars24 - sell used cars in sachin magdalla road, surat photos",17,Cars24 Sell,2026-07
cars24 insurance,17,Cars24 Buy,2026-07
cars24 varanasi contact number,17,Cars24 Customer Care,2026-07
car 24 dombivli east,17,Cars24 Cities,2026-07
car 24 nanded,17,Cars24 Cities,2026-07
car24 trivandrum,17,Cars24 Cities,2026-07
car24 udaipur,17,Cars24 Cities,2026-07
cars24 mysore contact number,17,Cars24 Customer Care,2026-07
cars24 thane contact number,17,Cars24 Customer Care,2026-07
cars 24 greater noida,17,Cars24 Cities,2026-07
cars24 agra contact number,17,Cars24 Customer Care,2026-07
cars24 nagpur contact number,17,Cars24 Customer Care,2026-07
cars24 old cars,17,Cars24,2026-07
jakkur cars24,17,Cars24 Cities,2026-07
cars24 - habibi car zone | sell used cars in moradabad photos,17,Cars24 Sell,2026-07
"cars24 - buy, sell, finance used cars in gvk one mall, hyderabad",17,Cars24 Sell,2026-07
cars24 chalaan,17,Cars24,2026-07
cars24 meerut address,17,Cars24 Cities,2026-07
cars24 s presso,16,Cars24,2026-07
cars24 ford ecosport,16,Cars24 + Car Model,2026-07
skoda kodiaq cars24,16,Cars24 + Car Model,2026-07
cars 24 venue,16,Cars24 + Car Model,2026-07
cars24 chhattisgarh,16,Cars24,2026-07
cars24 delhi rohini,16,Cars24 Cities,2026-07
cars24 duster,16,Cars24 + Car Model,2026-07
cars24 information,16,Cars24,2026-07
used honda city cars24,16,Cars24 + Car Model,2026-07
car 24 junagadh,16,Cars24,2026-07
car24 allahabad,16,Cars24 Cities,2026-07
car24 aurangabad,16,Cars24 Cities,2026-07
cars 24 xuv 500,16,Cars24,2026-07
cars24 fastag recharge,16,Cars24,2026-07
cars24 gurugram haryana,16,Cars24 Cities,2026-07
cars24 loan closure,16,Cars24 Buy,2026-07
car24 chllan,16,Cars24,2026-07
cars 24 scorpio,16,Cars24 + Car Model,2026-07
cars24 bhavnagar contact number,16,Cars24 Customer Care,2026-07
cars24 bike valuation,16,Cars24 Sell,2026-07
challan payment cars24,16,Cars24 Challan,2026-07
thar car 24,16,Cars24 + Car Model,2026-07
toyota yaris cars24,16,Cars24,2026-07
car 24 mehsana,16,Cars24 Cities,2026-07
ciaz cars 24,16,Cars24 + Car Model,2026-07
innova crysta cars 24,16,Cars24 + Car Model,2026-07
cars24 franchise cost,16,Cars24,2026-07
cars24 jodhpur address,16,Cars24 Cities,2026-07
cars24 loan foreclosure charges,16,Cars24 Buy,2026-07
cars24 moto,16,Cars24,2026-07
car 24 buy,16,Cars24 Buy,2026-07
car 24 in goa,16,Cars24 Cities,2026-07
car 24x7,16,Cars24,2026-07
cars 24 dhanbad,16,Cars24 Cities,2026-07
cars24 jalna,16,Cars24,2026-07
nagpur cars24,16,Cars24 Cities,2026-07
about cars 24,16,Cars24,2026-07
car24 कस्टमर केयर नंबर,16,Cars24,2026-07
cars 24 bareilly,16,Cars24 Cities,2026-07
cars24 valuation 2026,16,Cars24 Sell,2026-07
"cars 24 near bengaluru, karnataka",16,Cars24,2026-07
"cars24 - buy, sell, finance used cars in atal path, patna photos",16,Cars24 Sell,2026-07
cars24 car sell,16,Cars24 Sell,2026-07
cars24 guwahati contact number,16,Cars24 Customer Care,2026-07
cars24 in indore,16,Cars24 Cities,2026-07
cars24 upparpally,16,Cars24,2026-07
car 24 ahmedabad contact number,16,Cars24 Customer Care,2026-07
cars24 bangalore location,16,Cars24 Cities,2026-07
pune car 24,16,Cars24 Cities,2026-07
how to stop getting calls from cars24,16,Cars24,2026-07
"cars24 - buy, sell, finance used cars in nexus vijaya mall, chennai vadapalani",16,Cars24 Sell,2026-07
cars24 coimbatore reviews,16,Others,2026-07
cars24 store near me,16,Cars24 Cities,2026-07
cars 24 axle,16,Cars24 Buy,2026-07
"cars24 - buy, sell, finance used cars in atal path, patna",16,Cars24 Sell,2026-07
cars24 luxe,15,Cars24,2026-07
cars24 skoda octavia,15,Cars24 + Car Model,2026-07
elantra cars24,15,Cars24 + Car Model,2026-07
jimny cars 24,15,Cars24 + Car Model,2026-07
nissan micra cars24,15,Cars24,2026-07
car 24 ambala,15,Cars24 Cities,2026-07
car 24 thar,15,Cars24 + Car Model,2026-07
car24 honda city,15,Cars24 + Car Model,2026-07
cars24 ignis,15,Cars24 + Car Model,2026-07
cars24 lucknow ertiga,15,Cars24 + Car Model,2026-07
cars24 uttar pradesh,15,Cars24,2026-07
cars24 xuv 500,15,Cars24,2026-07
i10 cars24,15,Cars24,2026-07
mahindra thar cars24,15,Cars24 + Car Model,2026-07
xuv500 cars24,15,Cars24 + Car Model,2026-07
amaze cars24,15,Cars24 + Car Model,2026-07
cars 24 chellan check,15,Cars24,2026-07
cars 24 contact,15,Cars24,2026-07
cars 24 customer service,15,Cars24 Customer Care,2026-07
cars 24 honda civic,15,Cars24 + Car Model,2026-07
cars24 bolero,15,Cars24 + Car Model,2026-07
cars24 fastag customer care number,15,Cars24 Customer Care,2026-07
cars24 in coimbatore,15,Cars24 Cities,2026-07
cars24 range rover,15,Cars24,2026-07
cars24 rc transfer complaints,15,Cars24 Customer Care,2026-07
cars24 valsad,15,Cars24,2026-07
car 24 swift,15,Cars24 + Car Model,2026-07
cars 24 in ranchi,15,Cars24 Cities,2026-07
cars24 etawah,15,Cars24,2026-07
cars24 personal loan,15,Cars24 Buy,2026-07
polo cars 24,15,Cars24 + Car Model,2026-07
used cars 24,15,Cars24 Buy,2026-07
car 24 udaipur,15,Cars24 Cities,2026-07
car24 punjab,15,Cars24 Cities,2026-07
scorpio s11 cars24,15,Cars24 + Car Model,2026-07
xuv300 cars24,15,Cars24,2026-07
buy cars 24,15,Cars24 Buy,2026-07
car 24 cars,15,Cars24,2026-07
cars 24 amravati,15,Cars24 Cities,2026-07
cars 24 buy used car,15,Cars24 Buy,2026-07
cars 24 jamnagar,15,Cars24 Cities,2026-07
"cars24 - buy, sell, finance used cars in mansarovar, jaipur photos",15,Cars24 Sell,2026-07
cars24 car buy,15,Cars24 Buy,2026-07
cars24 second hand,15,Cars24 Buy,2026-07
ertiga cars 24,15,Cars24 + Car Model,2026-07
24 car bazar jaipur,15,Cars24 Cities,2026-07
car24 siliguri,15,Cars24 Cities,2026-07
car24 vastral,15,Cars24,2026-07
cars 24 company,15,Cars24,2026-07
cars 24 in goa,15,Cars24 Cities,2026-07
cars24 price check,15,Cars24 Buy,2026-07
cars24 purchase car,15,Cars24,2026-07
cars24 surat near me,15,Cars24 Cities,2026-07
ruchit agarwal cars24,15,Cars24,2026-07
24 carwale,15,Cars24,2026-07
cars 24 used car valuation,15,Cars24 Sell,2026-07
"cars24 - buy, sell, finance used cars in gnb mall, ghaziabad photos",15,Cars24 Sell,2026-07
cars24 company details,15,Cars24,2026-07
cars24 hisar,15,Cars24 Cities,2026-07
cars24 pune address,15,Cars24 Cities,2026-07
cars 24 gurgaon office,15,Cars24 Cities,2026-07
cars 24 review,15,Others,2026-07
cars 24 uppal,15,Cars24,2026-07
cars24 patna location,15,Cars24 Cities,2026-07
cars24 nearby,15,Cars24,2026-07
cars24 application,15,Cars24,2026-07
cars24 elite - sagar shree | sell premium used cars in indore sector-c,15,ELITE,2026-07
cars24 open on sunday,15,Cars24,2026-07
cars24 channel partner customer care number,14,Cars24 Customer Care,2026-07
cars24 com,14,Cars24,2026-07
cars24 mahindra thar,14,Cars24 + Car Model,2026-07
cars24 s cross,14,Cars24,2026-07
cars24 warranty customer care number,14,Cars24 Customer Care,2026-07
safari cars24,14,Cars24 + Car Model,2026-07
audi a4 cars24,14,Cars24 + Car Model,2026-07
cars24 polo,14,Cars24 + Car Model,2026-07
tiago cars24,14,Cars24 + Car Model,2026-07
cars24 bathinda,14,Cars24 Cities,2026-07
cars24 insurance customer care number,14,Cars24 Customer Care,2026-07
cars24 kottayam used cars,14,Cars24 Buy,2026-07
cars24 live auction,14,Cars24 Buy,2026-07
cars24 pondicherry used cars,14,Cars24 Buy,2026-07
honda wrv cars24,14,Cars24 + Car Model,2026-07
toyota glanza cars24,14,Cars24 + Car Model,2026-07
car 24 goa,14,Cars24 Cities,2026-07
car24 insurance check,14,Cars24 Buy,2026-07
cars 24 innova,14,Cars24 + Car Model,2026-07
cars24 ahemdabad,14,Cars24,2026-07
cars24 dindigul,14,Cars24,2026-07
cars24 grievance redressal,14,Cars24,2026-07
cars24 moto sell bike,14,Cars24 Sell,2026-07
swift car24,14,Cars24 + Car Model,2026-07
car24 karnavati club,14,Cars24,2026-07
cars24 aurangabad maharashtra,14,Cars24 Cities,2026-07
cars24 baroda,14,Cars24,2026-07
cars24 in mumbai,14,Cars24 Cities,2026-07
cars24 nagercoil,14,Cars24,2026-07
cars24 rental,14,Cars24,2026-07
cars24 under 1 lakh,14,Cars24,2026-07
car 24 bilaspur,14,Cars24,2026-07
car24 mehsana,14,Cars24 Cities,2026-07
cars 24 gurugram office,14,Cars24 Cities,2026-07
cars 24 online,14,Cars24,2026-07
cars24 calicut,14,Cars24 Cities,2026-07
cars24 chhindwara,14,Cars24,2026-07
cars24 coimbatore singanallur contact number,14,Cars24 Customer Care,2026-07
cars24 customer care number kolkata,14,Cars24 Customer Care,2026-07
cars24 customer care number pune,14,Cars24 Customer Care,2026-07
cars24 gaur city mall noida,14,Cars24 Cities,2026-07
cars24 interest rate,14,Cars24,2026-07
cars24 patan,14,Cars24,2026-07
customer care number of cars24,14,Cars24 Customer Care,2026-07
dombivli cars24,14,Cars24 Cities,2026-07
online challan check car 24,14,Cars24 Challan,2026-07
24 car sell,14,Cars24 Sell,2026-07
cars 24 sale,14,Cars24,2026-07
cars 24 showroom,14,Cars24,2026-07
"cars24 - buy, sell, finance used car in wave one mall ,sec-18, noida photos",14,Cars24 Sell,2026-07
"cars24 - sell used cars in model town, hisar photos",14,Cars24 Sell,2026-07
cars24 dehradun contact number,14,Cars24 Customer Care,2026-07
cars24 driver job,14,Others,2026-07
cars24 head office address,14,Cars24 Customer Care,2026-07
cars24 rohini contact number,14,Cars24 Customer Care,2026-07
my cars24,14,Cars24,2026-07
spinny cars24,14,Cars24,2026-07
car24 number,14,Cars24,2026-07
cars 24 zirakpur,14,Cars24,2026-07
cars24 dehradun used cars,14,Cars24 Buy,2026-07
cars24 hubli contact number,14,Cars24 Customer Care,2026-07
cars24 kandivali thakur village,14,Cars24,2026-07
cars24 sambhaji nagar,14,Cars24,2026-07
cars24 tathawade photos,14,Cars24 Cities,2026-07
cars24 tumkur,14,Cars24 Cities,2026-07
"cars24 - buy, sell, finance used cars in bestech square mall, chandigarh sector 66",14,Cars24 Sell,2026-07
cars24 download,14,Cars24,2026-07
cars24 lucknow contact number 24x7,14,Cars24 Customer Care,2026-07
cars24 noida contact number,14,Cars24 Customer Care,2026-07
"cars24 - buy, sell, finance used cars in nexus vijaya mall, chennai photos",14,Cars24 Sell,2026-07
"cars24 - buy, sell, finance used cars in piyush mahendra mall, faridabad",14,Cars24 Sell,2026-07
"cars24 - sell used cars in pimple nilakh, pune",14,Cars24 Sell,2026-07
audi cars24,13,Cars24 + Car Model,2026-07
ford endeavour cars 24,13,Cars24 + Car Model,2026-07
skoda superb cars24,13,Cars24 + Car Model,2026-07
toyota fortuner cars24,13,Cars24 + Car Model,2026-07
car info cars24,13,Others,2026-07
cars 24 fronx,13,Cars24 + Car Model,2026-07
cars 24 luxury cars,13,Cars24 Buy,2026-07
cars24 bolero neo,13,Cars24 + Car Model,2026-07
cars24 warranty,13,Cars24,2026-07
ford freestyle cars24,13,Cars24,2026-07
magnite cars24,13,Cars24 + Car Model,2026-07
mg comet cars24,13,Cars24 + Car Model,2026-07
car 24 rohtak,13,Cars24 Cities,2026-07
cars 24 new cars,13,Cars24 + Car Model,2026-07
cars 24 verna,13,Cars24 + Car Model,2026-07
cars24 gt world mall,13,Cars24,2026-07
cars24 banglore,13,Cars24,2026-07
cars24 dibrugarh,13,Cars24 Cities,2026-07
cars24 kurukshetra,13,Cars24,2026-07
cars24 skoda slavia,13,Cars24 + Car Model,2026-07
cars24 swift price,13,Cars24 + Car Model,2026-07
cars24 used cars delhi,13,Cars24 Buy,2026-07
is cars24 extended warranty mandatory,13,Cars24,2026-07
car 24 in delhi,13,Cars24 Cities,2026-07
car24 buy,13,Cars24 Buy,2026-07
car24 jhansi,13,Cars24,2026-07
car24 price,13,Cars24 Buy,2026-07
car24 sale,13,Cars24,2026-07
cars 24 bilaspur,13,Cars24,2026-07
cars24 ahmedabad used cars,13,Cars24 Buy,2026-07
cars24 authorised service centre,13,Cars24,2026-07
cars24 check car value,13,Cars24 Sell,2026-07
cars24 hyd,13,Cars24,2026-07
cars24 jammu contact number,13,Cars24 Customer Care,2026-07
cars24 uttarakhand,13,Cars24,2026-07
renault kwid cars 24,13,Cars24 + Car Model,2026-07
car24 gujarat,13,Cars24 Cities,2026-07
car24.,13,Cars24,2026-07
cars24 customer support number,13,Cars24 Customer Care,2026-07
cars24 kochi location,13,Cars24 Cities,2026-07
cars24 new car pdi,13,PDI,2026-07
cars24 patna used cars,13,Cars24 Buy,2026-07
cars24 pune hadapsar,13,Cars24 Cities,2026-07
cars24 sitamarhi,13,Cars24,2026-07
cars24 uae careers,13,Others,2026-07
car24 ahmedabad naroda,13,Cars24 Cities,2026-07
car24 customer care email id,13,Cars24 Customer Care,2026-07
car24india,13,Cars24,2026-07
care cars24 com,13,Cars24,2026-07
cars 24 bharuch,13,Cars24,2026-07
cars 24 koramangala,13,Cars24,2026-07
cars24 amritsar contact number,13,Cars24 Customer Care,2026-07
cars24 atal path patna,13,Cars24 Cities,2026-07
cars24 maruti suzuki,13,Cars24,2026-07
cars24 review for buying,13,Others,2026-07
cars24 saharanpur,13,Cars24 Cities,2026-07
cars24 service center,13,Cars24,2026-07
cars24 visakhapatnam address,13,Cars24 Cities,2026-07
hubli cars24,13,Cars24 Cities,2026-07
car 24 7,13,Cars24,2026-07
car 24 old car buy,13,Cars24 Buy,2026-07
car24 price check,13,Cars24 Buy,2026-07
cars 24 kollam,13,Cars24 Cities,2026-07
"cars24 - sell used cars in porvorim, goa photos",13,Cars24 Sell,2026-07
cars24 in navi mumbai,13,Cars24 Cities,2026-07
cars24 rohini hub,13,Cars24,2026-07
pdi cars 24,13,PDI,2026-07
24 car service,13,Cars24,2026-07
"cars24 - sell used cars in yelahanka, bengaluru photos",13,Cars24 Sell,2026-07
cars24 exchange bonus,13,Cars24,2026-07
cars24 trichy address,13,Cars24 Cities,2026-07
nearest cars24,13,Cars24,2026-07
car 24 showroom,13,Cars24,2026-07
"cars24 - buy, sell, finance used cars in gvk one mall, hyderabad photos",13,Cars24 Sell,2026-07
cars24 jobs in ahmedabad,13,Others,2026-07
challan payment car 24,13,Cars24 Challan,2026-07
cars24 nexon,12,Cars24 + Car Model,2026-07
cars24 used cars chennai,12,Cars24 Buy,2026-07
car 24 new car,12,Cars24 Buy,2026-07
cars 24 gulbarga,12,Cars24 Cities,2026-07
cars 24 hiring,12,Others,2026-07
cars24 nexus mall koramangala,12,Cars24,2026-07
cars24 registration,12,Cars24,2026-07
toyota hyryder cars24,12,Cars24 + Car Model,2026-07
is extended warranty mandatory in cars24,12,Cars24,2026-07
skoda slavia cars 24,12,Cars24 + Car Model,2026-07
cars 24 hr contact number,12,Cars24 Customer Care,2026-07
cars 24 partner,12,Cars24,2026-07
cars 24 tirupur,12,Cars24 Cities,2026-07
cars24 blog,12,Cars24,2026-07
cars24 kavach,12,Cars24,2026-07
kia sonet cars 24,12,Cars24 + Car Model,2026-07
punch cars24,12,Cars24 + Car Model,2026-07
car cars24,12,Cars24,2026-07
cars 24 bike sell,12,Cars24 Sell,2026-07
cars24 in jaipur,12,Cars24 Cities,2026-07
cars24 thar price,12,Cars24 + Car Model,2026-07
mahindra xuv 3xo cars24,12,Cars24 + Car Model,2026-07
volkswagen virtus cars24,12,Cars24 + Car Model,2026-07
car 24 auction,12,Cars24 Buy,2026-07
car24 online challan check,12,Cars24 Challan,2026-07
cars 24 akola,12,Cars24 Cities,2026-07
cars 24 in bangalore,12,Cars24 Cities,2026-07
cars 24 jharkhand,12,Cars24,2026-07
cars 24 vashi,12,Cars24,2026-07
cars24 ambikapur,12,Cars24,2026-07
cars24 begusarai,12,Cars24,2026-07
cars24 contact number mumbai,12,Cars24 Customer Care,2026-07
cars24 customer care toll free number india 24x7 kolkata,12,Cars24 Customer Care,2026-07
cars24 dealership,12,Cars24,2026-07
cars24 mohali contact number,12,Cars24 Customer Care,2026-07
cars24 rajasthan,12,Cars24,2026-07
cars24 ranchi contact number,12,Cars24 Customer Care,2026-07
cars24 roorkee,12,Cars24 Cities,2026-07
cars24 thiruverkadu contact number,12,Cars24 Customer Care,2026-07
cars24 thiruverkadu used cars,12,Cars24 Buy,2026-07
what is cars24 lifetime warranty,12,Cars24,2026-07
car 24 new delhi,12,Cars24 Cities,2026-07
cars 24 erode,12,Cars24 Cities,2026-07
cars 24 ujjain,12,Cars24 Cities,2026-07
"cars24 - buy, sell, finance used cars in dombivli east, mumbai photos",12,Cars24 Sell,2026-07
cars24 aurangabad address,12,Cars24 Cities,2026-07
cars24 dealer app,12,Cars24,2026-07
cars24 gurgaon near me,12,Cars24 Cities,2026-07
cars24 in ranchi,12,Cars24 Cities,2026-07
cars24 inspection report,12,Cars24,2026-07
cars24 rating,12,Cars24,2026-07
24 cars contact number,12,Cars24 Customer Care,2026-07
"by continuing, you agree to cars24’s terms of service & privacy policy, shiprocket's t&c and privacy policy, and cars24 nbfc's terms of use & tu cibil terms of use.",12,Cars24,2026-07
car24 indirapuram,12,Cars24,2026-07
cars24 bhuj,12,Cars24,2026-07
cars24 customer care contact number,12,Cars24 Customer Care,2026-07
cars24 forum mall,12,Cars24,2026-07
cars24 near me location,12,Cars24 Cities,2026-07
delhi cars24,12,Cars24 Cities,2026-07
cars 24 kya hai,12,Cars24,2026-07
nearby cars 24,12,Cars24,2026-07
"cars24 - buy, sell, finance used cars in gnb mall, ghaziabad raj nagar extension",12,Cars24 Sell,2026-07
cars24 jobs in jaipur,12,Others,2026-07
"cars24 - buy, sell, finance used cars in malhar mega mall, indore",12,Cars24 Sell,2026-07
"cars24 - sell used cars in shakti nagar, delhi",12,Cars24 Sell,2026-07
cars24 agra location,12,Cars24 Cities,2026-07
"cars24 - sell used cars in bhowanipore, kolkata reviews",12,Cars24 Sell,2026-07
"cars24 - sell used cars in jwalaheri, delhi",12,Cars24 Sell,2026-07
cars24 gt mall reviews,12,Others,2026-07
cars24 grand i10,11,Cars24 + Car Model,2026-07
cars24 honda,11,Cars24,2026-07
cars24 civic,11,Cars24,2026-07
cars24 investor relations,11,Cars24,2026-07
suzuki jimny cars24,11,Cars24 + Car Model,2026-07
tata tiago car 24,11,Cars24 + Car Model,2026-07
cars 24 gujarat,11,Cars24 Cities,2026-07
cars24 annual report,11,Cars24,2026-07
cars24 loan status,11,Cars24 Buy,2026-07
cars24.in,11,Cars24,2026-07
dzire cars24,11,Cars24 + Car Model,2026-07
honda brv cars24,11,Cars24,2026-07
renault triber cars24,11,Cars24 + Car Model,2026-07
scorpio cars 24,11,Cars24 + Car Model,2026-07
skoda kushaq cars24,11,Cars24 + Car Model,2026-07
tata nexon cars 24,11,Cars24 + Car Model,2026-07
car challan check cars24,11,Cars24 Challan,2026-07
car24 noida sector 18 used cars,11,Cars24 Buy,2026-07
cars 24 challa,11,Cars24,2026-07
cars24 carrers,11,Cars24,2026-07
cars24 challan delhi,11,Cars24 Challan,2026-07
cars24 dewas naka indore,11,Cars24 Cities,2026-07
cars24 raipur contact number,11,Cars24 Customer Care,2026-07
cars24 scooty,11,Cars24,2026-07
cars24],11,Cars24,2026-07
indore cars24,11,Cars24 Cities,2026-07
car 24 jharkhand,11,Cars24,2026-07
car 24 purnia,11,Cars24 Cities,2026-07
car24 bike,11,Cars24,2026-07
car24 insurance,11,Cars24 Buy,2026-07
cars 24 calicut,11,Cars24 Cities,2026-07
cars 24 ciaz,11,Cars24 + Car Model,2026-07
cars 24 thanjavur,11,Cars24 Cities,2026-07
cars24 bareilly contact number,11,Cars24 Customer Care,2026-07
cars24 customer care number mumbai 24x7,11,Cars24 Customer Care,2026-07
cars24 in india,11,Cars24,2026-07
cars24 two wheeler,11,Cars24,2026-07
cars24 used car loan interest rate,11,Cars24 Buy,2026-07
creta cars 24,11,Cars24 + Car Model,2026-07
ertiga car 24,11,Cars24 + Car Model,2026-07
24 cars kerala,11,Cars24 Cities,2026-07
car24 patiala,11,Cars24 Cities,2026-07
car24 patna bihar,11,Cars24 Cities,2026-07
cars24 bikaner,11,Cars24 Cities,2026-07
cars24 ceo email id for complaint,11,Cars24 Customer Care,2026-07
cars24 chhatrapati sambhaji nagar,11,Cars24,2026-07
cars24 ernakulam,11,Cars24,2026-07
cars24 fraud,11,Cars24,2026-07
cars24 panchkula,11,Cars24,2026-07
cars24 pune amanora mall,11,Cars24 Cities,2026-07
cars24 sg highway,11,Cars24,2026-07
is cars24 reliable for challan payment,11,Cars24 Challan,2026-07
car 24 latur,11,Cars24,2026-07
car 24/7 near me,11,Cars24 Cities,2026-07
cars 24 dwarka sector 13,11,Cars24,2026-07
cars 24 hyderabad address,11,Cars24 Cities,2026-07
"cars24 - sell used cars in kodimatha, kottayam photos",11,Cars24 Sell,2026-07
cars24 jabalpur address,11,Cars24 Cities,2026-07
cars24 jodhpur contact number,11,Cars24 Customer Care,2026-07
cars24 nellore,11,Cars24 Cities,2026-07
cars24 pcmc,11,Cars24,2026-07
cars24 return policy,11,Cars24,2026-07
challan pay cars24,11,Cars24 Challan,2026-07
used car cars24,11,Cars24 Buy,2026-07
24 card,11,Cars24,2026-07
car 24 insurance,11,Cars24 Buy,2026-07
car 24 kottayam,11,Cars24,2026-07
car 24 pdi service,11,PDI,2026-07
car 24 price check,11,Cars24 Buy,2026-07
car24 ahmedabad contact number,11,Cars24 Customer Care,2026-07
car24 trichy,11,Cars24 Cities,2026-07
cars 24 australia,11,Cars24,2026-07
cars24 bhopal address,11,Cars24 Cities,2026-07
cars24 com challan,11,Cars24 Challan,2026-07
cars24 customer care toll free number hyderabad,11,Cars24 Customer Care,2026-07
cars24 dombivli address,11,Cars24 Cities,2026-07
cars24 kanpur contact number,11,Cars24 Customer Care,2026-07
cars24 network - sell car in erode used cars,11,Cars24 Sell,2026-07
cars24 whitefield bangalore,11,Cars24 Cities,2026-07
does cars24 give good price,11,Cars24 Buy,2026-07
how cars24 works,11,Cars24,2026-07
car 24 car sell,11,Cars24 Sell,2026-07
car valuation cars24,11,Cars24 Sell,2026-07
car24 service history,11,Others,2026-07
cars24 mechanic,11,Cars24,2026-07
cars24 merch,11,Cars24,2026-07
cars24 near me contact number,11,Cars24 Customer Care,2026-07
cars24 opening time,11,Cars24,2026-07
cars 24 profit,11,Cars24,2026-07
"cars24 - sell used cars in bhankrota, jaipur",11,Cars24 Sell,2026-07
cars24 chennai ho,11,Cars24 Cities,2026-07
car 24 honda city,10,Cars24 + Car Model,2026-07
cars24 honda elevate,10,Cars24 + Car Model,2026-07
cars24 recruitment,10,Cars24,2026-07
used fortuner cars24,10,Cars24 + Car Model,2026-07
alcazar cars24,10,Cars24 + Car Model,2026-07
camry cars24,10,Cars24 + Car Model,2026-07
cars 24 bangalore contact number,10,Cars24 Customer Care,2026-07
cars 24 ignis,10,Cars24 + Car Model,2026-07
cars 24 tata tiago,10,Cars24 + Car Model,2026-07
cars24 kwid,10,Cars24 + Car Model,2026-07
e challan cars 24,10,Cars24 Challan,2026-07
mycars24,10,Cars24,2026-07
scorpio classic cars24,10,Cars24 + Car Model,2026-07
car 24 alto k10,10,Cars24 + Car Model,2026-07
car 247 customer care number,10,Cars24 Customer Care,2026-07
car24 scrap,10,Cars24,2026-07
cars 24 bhilwara,10,Cars24,2026-07
cars 24 car,10,Cars24,2026-07
cars24 auction time,10,Cars24 Buy,2026-07
cars24 dubai careers,10,Others,2026-07
cars24 loan process,10,Cars24 Buy,2026-07
cars24 pdi booking,10,PDI,2026-07
cars24 skoda superb,10,Cars24 + Car Model,2026-07
cars24 tata nexon,10,Cars24 + Car Model,2026-07
challan online cars24,10,Cars24 Challan,2026-07
chennai cars24,10,Cars24 Cities,2026-07
grand vitara cars 24,10,Cars24 + Car Model,2026-07
hyundai exter cars24,10,Cars24,2026-07
jaipur cars24,10,Cars24 Cities,2026-07
baleno car24,10,Cars24 + Car Model,2026-07
car24 delhi used cars,10,Cars24 Buy,2026-07
car24 pune location,10,Cars24 Cities,2026-07
cars 24 cng,10,Cars24,2026-07
cars 24 ertiga,10,Cars24 + Car Model,2026-07
cars 24 tata punch,10,Cars24 + Car Model,2026-07
cars24 ambala cantt,10,Cars24 Cities,2026-07
cars24 bidding,10,Cars24,2026-07
cars24 complaint email,10,Cars24 Customer Care,2026-07
cars24 near whitefield bengaluru,10,Cars24 Cities,2026-07
cars24 payment process,10,Cars24,2026-07
cars24 terms and conditions,10,Cars24,2026-07
challan check delhi cars24,10,Cars24 Challan,2026-07
check challan car24,10,Cars24 Challan,2026-07
second hand car24,10,Cars24 Buy,2026-07
car 24 alto,10,Cars24 + Car Model,2026-07
car 24 in mumbai,10,Cars24 Cities,2026-07
car 24 swift dzire,10,Cars24 + Car Model,2026-07
car24 ajmer,10,Cars24 Cities,2026-07
car24/7,10,Cars24,2026-07
cars 24 hours,10,Cars24,2026-07
cars24 chennai vadapalani,10,Cars24 Cities,2026-07
cars24 electronic city,10,Cars24,2026-07
cars24 madurai address,10,Cars24 Cities,2026-07
cars24 pune customer care number,10,Cars24 Customer Care,2026-07
cars24 service centre near me,10,Cars24 Cities,2026-07
cars24 vashi,10,Cars24,2026-07
how to check cars24 loan status,10,Cars24 Buy,2026-07
jobs in cars24,10,Others,2026-07
car 24 customer number,10,Cars24,2026-07
car24 hub near me,10,Cars24 Cities,2026-07
cars 24 honda amaze,10,Cars24 + Car Model,2026-07
cars 24 i20,10,Cars24 + Car Model,2026-07
cars 24 karnataka,10,Cars24,2026-07
cars 24 panchkula,10,Cars24,2026-07
cars24 cuddalore,10,Cars24,2026-07
cars24 gaur city,10,Cars24,2026-07
cars24 gorakhpur address,10,Cars24 Cities,2026-07
cars24 gwalior contact number,10,Cars24 Customer Care,2026-07
cars24 hyderabad location,10,Cars24 Cities,2026-07
cars24 private limited,10,Cars24,2026-07
cars24 ranchi address,10,Cars24 Cities,2026-07
cars24 udupi,10,Cars24,2026-07
cars24 warangal,10,Cars24 Cities,2026-07
cars24 zirakpur contact number,10,Cars24 Customer Care,2026-07
manoj yadav cars24,10,Cars24,2026-07
about cars24 company,10,Cars24,2026-07
car 24 panipat,10,Cars24 Cities,2026-07
cars24 belapur address,10,Cars24,2026-07
cars24 chennai near me,10,Cars24 Cities,2026-07
cars24 davangere,10,Cars24,2026-07
cars24 evaluation,10,Cars24 Sell,2026-07
cars24 faridabad contact number,10,Cars24 Customer Care,2026-07
cars24 in aurangabad,10,Cars24 Cities,2026-07
cars24 moradabad contact number,10,Cars24 Customer Care,2026-07
cars24 raj nagar extension ghaziabad,10,Cars24 Cities,2026-07
cars24 raj nagar ghaziabad,10,Cars24 Cities,2026-07
cars24 sarkhej ahmedabad,10,Cars24 Cities,2026-07
cars24 showroom in chennai,10,Cars24 Cities,2026-07
car 24 indore contact number,10,Cars24 Customer Care,2026-07
cars24 ceo name,10,Cars24,2026-07
cars24 kolkata head office,10,Cars24 Customer Care,2026-07
ecco 2024 car price cng,10,Cars24 Buy,2026-07
is cars24 open on sunday,10,Cars24,2026-07
cars24 jobs in hyderabad,10,Others,2026-07
m3m urbana cars24,10,Cars24,2026-07
24 cars launch,10,Cars24,2026-07
car24 com i,10,Cars24,2026-07
cars24 indore location,10,Cars24 Cities,2026-07
cars24 used maruti swift 2021 ahmedabad price range,10,Cars24 + Car Model,2026-07
cars 24 jeep compass,9,Cars24 + Car Model,2026-07
cars24 alto,9,Cars24 + Car Model,2026-07
cars24 number check,9,Others,2026-07
cars24 renault kwid,9,Cars24 + Car Model,2026-07
thar roxx cars 24,9,Cars24 + Car Model,2026-07
cars 24 ev,9,Cars24,2026-07
cars24 india used cars,9,Cars24 Buy,2026-07
cars24 warranty policy,9,Cars24,2026-07
polo gt cars24,9,Cars24 + Car Model,2026-07
amanora cars24,9,Cars24,2026-07
car 24 login,9,Others,2026-07
car24 carrer,9,Cars24,2026-07
cars24 elite pune,9,ELITE,2026-07
cars24 feedback,9,Cars24,2026-07
cars24 latur used cars,9,Cars24 Buy,2026-07
cars24 partner helpline number,9,Cars24 Customer Care,2026-07
cars24 under 5 lakhs,9,Cars24,2026-07
ignis cars 24,9,Cars24 + Car Model,2026-07
kwid cars 24,9,Cars24 + Car Model,2026-07
used cars cars 24,9,Cars24 Buy,2026-07
car24 delhi contact number,9,Cars24 Customer Care,2026-07
car24 partner,9,Cars24,2026-07
cars 24 haridwar,9,Cars24 Cities,2026-07
cars 24 return policy,9,Cars24,2026-07
cars 24 virtus,9,Cars24 + Car Model,2026-07
"cars24 - buy, sell, finance used cars in mantra mall, hyderabad photos",9,Cars24 Sell,2026-07
cars24 bahadurgarh,9,Cars24,2026-07
cars24 car loan interest rate,9,Cars24 Buy,2026-07
cars24 customer complaints,9,Cars24 Customer Care,2026-07
cars24 faridabad sector 7,9,Cars24 Cities,2026-07
cars24 hyderabad attapur,9,Cars24 Cities,2026-07
cars24 inspection contact number,9,Cars24 Customer Care,2026-07
cars24 kakkanad used cars,9,Cars24 Buy,2026-07
cars24 meerut contact number,9,Cars24 Customer Care,2026-07
cars24 nashik used cars,9,Cars24 Buy,2026-07
cars24 silchar,9,Cars24 Cities,2026-07
sell car cars24,9,Cars24 Sell,2026-07
car 24 job,9,Others,2026-07
car24 rewari,9,Cars24,2026-07
car24 thrissur,9,Cars24 Cities,2026-07
car24 vijayawada,9,Cars24 Cities,2026-07
cars 24 dombivli,9,Cars24 Cities,2026-07
"cars24 - sell used cars in undri, pune photos",9,Cars24 Sell,2026-07
cars24 andhra pradesh,9,Cars24,2026-07
cars24 bettiah,9,Cars24,2026-07
cars24 car loan,9,Cars24 Buy,2026-07
cars24 gulbarga contact number,9,Cars24 Customer Care,2026-07
cars24 in ghaziabad,9,Cars24 Cities,2026-07
cars24 pathankot,9,Cars24,2026-07
cars24 value,9,Cars24,2026-07
cars24 vapi contact number,9,Cars24 Customer Care,2026-07
jakkur cars 24,9,Cars24 Cities,2026-07
jeep compass cars 24,9,Cars24 + Car Model,2026-07
lucknow cars24,9,Cars24 Cities,2026-07
protekt pro cars24,9,Cars24,2026-07
autopilot cars24,9,Cars24,2026-07
car 24 dwarka,9,Cars24,2026-07
car 24 meerut,9,Cars24 Cities,2026-07
car 24 memo,9,Cars24 Challan,2026-07
car24 hubli,9,Cars24 Cities,2026-07
car24 चालान,9,Cars24 Challan,2026-07
cars 24 car valuation,9,Cars24 Sell,2026-07
cars 24 corporate office,9,Cars24,2026-07
cars 24 gurugram,9,Cars24 Cities,2026-07
cars 24 rewari,9,Cars24,2026-07
cars24 ahmedabad near me,9,Cars24 Cities,2026-07
cars24 akshar chowk vadodara,9,Cars24 Cities,2026-07
cars24 in hubli,9,Cars24 Cities,2026-07
cars24 in mysore,9,Cars24 Cities,2026-07
cars24 kolkata address,9,Cars24 Cities,2026-07
cars24 nadiad,9,Cars24 Cities,2026-07
car 24 baleno,9,Cars24 + Car Model,2026-07
car 24 himatnagar,9,Cars24,2026-07
car24 kandivali east,9,Cars24,2026-07
car24 owner,9,Cars24,2026-07
cars 24 store near me,9,Cars24 Cities,2026-07
"cars24 - buy, sell, finance used cars in vivekananda nagar, coimbatore photos",9,Cars24 Sell,2026-07
"cars24 - sell used cars in sector 5, panchkula photos",9,Cars24 Sell,2026-07
cars24 baramati,9,Cars24,2026-07
cars24 dehgam,9,Cars24,2026-07
cars24 emi payment online,9,Cars24 Buy,2026-07
cars24 hub mall,9,Cars24,2026-07
cars24 hub rohini,9,Cars24,2026-07
cars24 kandivali address,9,Cars24,2026-07
cars24 madhapur,9,Cars24,2026-07
my cars 24,9,Cars24,2026-07
vikram chopra cars24,9,Cars24,2026-07
cars24 kakkanad contact number,9,Cars24 Customer Care,2026-07
cars24 kukatpally,9,Cars24,2026-07
cars24 naroda contact number,9,Cars24 Customer Care,2026-07
cars24 rajkot location,9,Cars24 Cities,2026-07
is car24 reliable,9,Cars24,2026-07
24 car wash,9,Cars24,2026-07
"cars24 - buy, sell, finance used cars in nexus whitefield mall, bangalore prestige ozone",9,Cars24 Sell,2026-07
cars24 - sell used cars in jabalpur photos,9,Cars24 Sell,2026-07
"cars24 - sell used cars in shalimar bagh, delhi block b, shalimar bagh",9,Cars24 Sell,2026-07
"cars24 hub - millennium place hotel (16th floor), barsha heights",9,Cars24,2026-07
cars24 jaipur address,9,Cars24 Cities,2026-07
cars24 location near me,9,Cars24 Cities,2026-07
cars24 nearest branch,9,Cars24,2026-07
cars24 profit,9,Cars24,2026-07
cars24axle,9,Cars24 Buy,2026-07
jakkur cars24 location,9,Cars24 Cities,2026-07
nashik cars24 hub,9,Cars24 Cities,2026-07
auto 24 cars,8,Cars24,2026-07
cars24 hilux,8,Cars24,2026-07
nano cars 24,8,Cars24 + Car Model,2026-07
toyota corolla cars24,8,Cars24 + Car Model,2026-07
xuv 700 cars 24,8,Cars24 + Car Model,2026-07
cars 24 hyd,8,Cars24,2026-07
cars24 .com,8,Cars24,2026-07
cars24 check car details,8,Others,2026-07
cars24 elite bangalore,8,ELITE,2026-07
cars24 nano,8,Cars24 + Car Model,2026-07
cars24 navi mumbai used cars,8,Cars24 Buy,2026-07
cars24 new,8,Cars24,2026-07
cars24 owned stock,8,Cars24,2026-07
cars24 verna diesel,8,Cars24 + Car Model,2026-07
elevate cars24,8,Cars24,2026-07
used cars in delhi ncr cars24,8,Cars24 Buy,2026-07
cars 24 toll free,8,Cars24 Customer Care,2026-07
cars24 car sale,8,Cars24,2026-07
cars24 gorakhpur contact number,8,Cars24 Customer Care,2026-07
cars24 gwalior address,8,Cars24 Cities,2026-07
cars24 madurai used cars,8,Cars24 Buy,2026-07
cars24 services pvt ltd,8,Cars24,2026-07
cars24 tamil nadu used cars,8,Cars24 Buy,2026-07
hyundai i10 cars24,8,Cars24,2026-07
used car loan cars24,8,Cars24 Buy,2026-07
used ertiga in bangalore cars24,8,Cars24 + Car Model,2026-07
volkswagen polo cars24,8,Cars24 + Car Model,2026-07
car24 financial services pvt ltd,8,Cars24 Buy,2026-07
car24 panipat,8,Cars24 Cities,2026-07
cars 24 customer care no,8,Cars24 Customer Care,2026-07
cars 24 mathura,8,Cars24 Cities,2026-07
cars24 attapur contact number,8,Cars24 Customer Care,2026-07
cars24 dealer,8,Cars24,2026-07
cars24 dealer registration online,8,Cars24,2026-07
cars24 ganganagar,8,Cars24,2026-07
cars24 hubli used cars,8,Cars24 Buy,2026-07
cars24 in tamilnadu,8,Cars24,2026-07
cars24 inspection report download,8,Cars24,2026-07
cars24 listing fee refund,8,Cars24,2026-07
cars24 mansarovar jaipur,8,Cars24 Cities,2026-07
cars24 showroom bangalore,8,Cars24 Cities,2026-07
cars24 trichy contact number,8,Cars24 Customer Care,2026-07
cars24 vellore contact number,8,Cars24 Customer Care,2026-07
cars24 vibhuti khand lucknow,8,Cars24 Cities,2026-07
goregaon cars24,8,Cars24 Cities,2026-07
https //www.cars24.com india,8,Cars24,2026-07
wagon r cars 24,8,Cars24 + Car Model,2026-07
24 cars ahmedabad,8,Cars24 Cities,2026-07
30 days return policy cars24,8,Cars24,2026-07
car 24 hisar contact number,8,Cars24 Customer Care,2026-07
car 24 hour,8,Cars24,2026-07
car 24 palanpur,8,Cars24,2026-07
car24 near me used cars,8,Cars24 Buy,2026-07
car24. com,8,Cars24,2026-07
cars 24 hadapsar,8,Cars24,2026-07
cars24 book inspection,8,Cars24,2026-07
cars24 branches in hyderabad,8,Cars24 Cities,2026-07
cars24 elite delhi,8,ELITE,2026-07
cars24 gnb mall ghaziabad,8,Cars24 Cities,2026-07
cars24 karnavati ahmedabad,8,Cars24 Cities,2026-07
cars24 loan customer care toll free number,8,Cars24 Customer Care,2026-07
cars24 loan repayment,8,Cars24 Buy,2026-07
cars24 madurai contact number,8,Cars24 Customer Care,2026-07
cars24 near my location,8,Cars24,2026-07
cars24 pay challan online,8,Cars24 Challan,2026-07
cars24 rajouri garden contact number,8,Cars24 Customer Care,2026-07
cars24 rudrapur contact number,8,Cars24 Customer Care,2026-07
cars24 surat location,8,Cars24 Cities,2026-07
cars24 ujjain,8,Cars24 Cities,2026-07
cars24 vapi address,8,Cars24,2026-07
tata punch cars 24,8,Cars24 + Car Model,2026-07
vellore cars24,8,Cars24 Cities,2026-07
wagon r cars24,8,Cars24 + Car Model,2026-07
what does cars24 do,8,Cars24,2026-07
www cars24 com used cars,8,Cars24 Buy,2026-07
24 car number plate,8,Others,2026-07
24 cars kompally,8,Cars24 Cities,2026-07
car 24 gurugram,8,Cars24 Cities,2026-07
car24 bhopal used cars,8,Cars24 Buy,2026-07
cars 24 bike,8,Cars24,2026-07
cars24 contact number bangalore,8,Cars24 Customer Care,2026-07
cars24 delhi challan,8,Cars24 Challan,2026-07
cars24 delhi contact number 24x7,8,Cars24 Customer Care,2026-07
cars24 in noida,8,Cars24 Cities,2026-07
cars24 mysore address,8,Cars24 Cities,2026-07
cars24*7,8,Cars24,2026-07
https www cars24 com my challan,8,Cars24 Challan,2026-07
car24 showroom,8,Cars24,2026-07
cars24 singasandra,8,Cars24,2026-07
cars24 urbana,8,Cars24,2026-07
"cars24 - buy, sell, finance used cars in dwarka near radisson blu, delhi sector 13",8,Cars24 Sell,2026-07
cars24 office in faridabad,8,Cars24 Cities,2026-07
"cars24 - buy, sell, finance used car in uppal, hyderabad",8,Cars24 Sell,2026-07
car 24 rto check,7,Others,2026-07
car24 jobs,7,Others,2026-07
cars 24 nano,7,Cars24 + Car Model,2026-07
cars 24 premium,7,Cars24 Buy,2026-07
cars24 bikes,7,Cars24,2026-07
cars24 defender,7,Cars24,2026-07
cars24 leadership team,7,Cars24,2026-07
cars24 used cars india,7,Cars24 Buy,2026-07
grand i10 nios cars24,7,Cars24 + Car Model,2026-07
car 24 chandigarh contact number,7,Cars24 Customer Care,2026-07
car 24 fortuner,7,Cars24 + Car Model,2026-07
car 24 helpline,7,Cars24 Customer Care,2026-07
car 24 muzaffarnagar,7,Cars24,2026-07
cars 24 xuv 700,7,Cars24 + Car Model,2026-07
cars24 complaints,7,Cars24 Customer Care,2026-07
cars24 hyundai i20,7,Cars24 + Car Model,2026-07
cars24 telangana,7,Cars24,2026-07
tata punch car 24,7,Cars24 + Car Model,2026-07
used thar cars24,7,Cars24 + Car Model,2026-07
24 car sales,7,Cars24,2026-07
car24 ghaziabad,7,Cars24 Cities,2026-07
care cars24 com email,7,Cars24,2026-07
cars 24 call center,7,Cars24,2026-07
cars 24 delhi office,7,Cars24 Cities,2026-07
cars 24 kannur,7,Cars24 Cities,2026-07
cars 24 palakkad,7,Cars24 Cities,2026-07
cars24 7 seater car,7,Cars24,2026-07
cars24 car exchange offer,7,Cars24,2026-07
cars24 car selling process,7,Cars24,2026-07
cars24 hadapsar pune,7,Cars24 Cities,2026-07
cars24 history check,7,Cars24,2026-07
cars24 in varanasi,7,Cars24 Cities,2026-07
cars24 kolhapur address,7,Cars24 Cities,2026-07
cars24 loan department contact number,7,Cars24 Customer Care,2026-07
cars24 mg comet,7,Cars24 + Car Model,2026-07
cars24 online auction,7,Cars24 Buy,2026-07
cars24 rewari,7,Cars24,2026-07
cars24 sagar,7,Cars24 Cities,2026-07
cars24 udaipur used cars,7,Cars24 Buy,2026-07
ccar 24,7,Cars24,2026-07
fronx cars 24,7,Cars24 + Car Model,2026-07
used creta in bangalore cars24,7,Cars24 + Car Model,2026-07
car 24 ahmedabad naroda,7,Cars24 Cities,2026-07
car 24 baroda,7,Cars24,2026-07
car24 ahmedabad sg highway,7,Cars24 Cities,2026-07
car24 bangalore used cars,7,Cars24 Buy,2026-07
car24 bathinda,7,Cars24 Cities,2026-07
car24 bhavnagar,7,Cars24 Cities,2026-07
car24 customer care number mumbai,7,Cars24 Customer Care,2026-07
car24 faridabad,7,Cars24 Cities,2026-07
car24 pune used cars,7,Cars24 Buy,2026-07
cars 24 anand,7,Cars24 Cities,2026-07
cars 24 coimbatore address,7,Cars24 Cities,2026-07
cars 24 nagpur contact number,7,Cars24 Customer Care,2026-07
cars 24 rent,7,Cars24,2026-07
cars 24 yelahanka,7,Cars24,2026-07
"cars24 - sell used cars in mulund west vikhroli, mumbai photos",7,Cars24 Sell,2026-07
cars24 anantapur,7,Cars24,2026-07
cars24 appointment booking,7,Cars24,2026-07
cars24 book appointment,7,Cars24,2026-07
cars24 contact number hyderabad,7,Cars24 Customer Care,2026-07
cars24 gandhinagar contact number,7,Cars24 Customer Care,2026-07
cars24 gnb mall,7,Cars24,2026-07
cars24 howrah,7,Cars24,2026-07
cars24 hr email id,7,Cars24,2026-07
cars24 punch,7,Cars24 + Car Model,2026-07
cars24 salem contact number,7,Cars24 Customer Care,2026-07
cars24 token refund policy,7,Cars24,2026-07
cars24 whitefield contact number,7,Cars24 Customer Care,2026-07
challan status car 24,7,Cars24 Challan,2026-07
gt mall cars24,7,Cars24,2026-07
hyundai eon cars24,7,Cars24,2026-07
near me cars24 showroom,7,Cars24 Cities,2026-07
santro cars24,7,Cars24 + Car Model,2026-07
second hand cars 24,7,Cars24 Buy,2026-07
spinny cars 24,7,Cars24,2026-07
car 24 naroda,7,Cars24 Cities,2026-07
car 24 rohini,7,Cars24,2026-07
car24 amravati,7,Cars24 Cities,2026-07
cars 24 ajmer,7,Cars24 Cities,2026-07
"cars24 - sell used cars in saket, new delhi photos",7,Cars24 Sell,2026-07
cars24 ambala contact number,7,Cars24 Customer Care,2026-07
cars24 arabia,7,Cars24,2026-07
cars24 buy cars,7,Cars24 Buy,2026-07
cars24 gurgaon head office,7,Cars24 Customer Care,2026-07
cars24 hadapsar,7,Cars24,2026-07
cars24 in faridabad,7,Cars24 Cities,2026-07
cars24 kottayam,7,Cars24,2026-07
cars24 price calculator,7,Cars24 Buy,2026-07
cars24 purchase,7,Cars24,2026-07
cars24 vadodara near me,7,Cars24 Cities,2026-07
cars24 wagholi pune,7,Cars24 Cities,2026-07
cars24 yard near me,7,Cars24 Cities,2026-07
cars24 yellow board cars,7,Cars24,2026-07
ceo of cars24,7,Cars24,2026-07
car 24 website,7,Cars24,2026-07
car24 gurgaon office,7,Cars24 Cities,2026-07
car24 gurugram,7,Cars24 Cities,2026-07
cars 24 service,7,Cars24,2026-07
cars24 in greater noida,7,Cars24 Cities,2026-07
cars24 thanjavur,7,Cars24 Cities,2026-07
cars24 thrissur contact number,7,Cars24 Customer Care,2026-07
cars24 trivandrum contact number,7,Cars24 Customer Care,2026-07
aura cars24,6,Cars24 + Car Model,2026-07
car 24 details,6,Cars24,2026-07
car24 zirakpur,6,Cars24,2026-07
cars24 bokaro,6,Cars24 Cities,2026-07
cars24 car scrap,6,Cars24,2026-07
cars24 cars under 3 lakhs,6,Cars24,2026-07
cars24 customer care number india 24x7,6,Cars24 Customer Care,2026-07
cars24 i10,6,Cars24,2026-07
cars24 rc transfer process,6,Others,2026-07
taigun cars24,6,Cars24 + Car Model,2026-07
tata hexa cars 24,6,Cars24 + Car Model,2026-07
thar car24,6,Cars24 + Car Model,2026-07
car 24 up,6,Cars24,2026-07
car24 salem,6,Cars24 Cities,2026-07
cars 24 bangalore office,6,Cars24 Cities,2026-07
cars 24 luxe,6,Cars24,2026-07
cars 24 tumkur,6,Cars24 Cities,2026-07
cars24 alappuzha,6,Cars24,2026-07
cars24 all cars in india,6,Cars24,2026-07
cars24 alto 800 cng,6,Cars24 + Car Model,2026-07
cars24 arabia careers,6,Others,2026-07
cars24 cbd belapur,6,Cars24,2026-07
cars24 customer care number noida,6,Cars24 Customer Care,2026-07
cars24 in agra,6,Cars24 Cities,2026-07
cars24 in kanpur,6,Cars24 Cities,2026-07
cars24 patiala,6,Cars24 Cities,2026-07
cars24 pune maharashtra,6,Cars24 Cities,2026-07
cars24 seller protection policy,6,Cars24,2026-07
ccars 24,6,Cars24,2026-07
creta car 24,6,Cars24 + Car Model,2026-07
honda amaze cars 24,6,Cars24 + Car Model,2026-07
nearby cars24 office,6,Cars24,2026-07
tiago cars 24,6,Cars24 + Car Model,2026-07
vcars24,6,Cars24,2026-07
car 24 alto 800,6,Cars24 + Car Model,2026-07
car 24 mathura,6,Cars24 Cities,2026-07
car 24 partner,6,Cars24,2026-07
car 24 services,6,Cars24,2026-07
car loan emi calculator cars24,6,Cars24 Buy,2026-07
car24 kerala,6,Cars24 Cities,2026-07
car24 latur,6,Cars24,2026-07
cars 24 alwar,6,Cars24 Cities,2026-07
cars 24 hisar,6,Cars24 Cities,2026-07
cars24 adajan,6,Cars24,2026-07
cars24 ankleshwar,6,Cars24,2026-07
cars24 buy and sell,6,Cars24 Sell,2026-07
cars24 car loan customer care number,6,Cars24 Customer Care,2026-07
cars24 care number,6,Cars24 Customer Care,2026-07
cars24 challans,6,Cars24 Challan,2026-07
cars24 chennai customer care number,6,Cars24 Customer Care,2026-07
cars24 contact number pune,6,Cars24 Customer Care,2026-07
cars24 customer care toll free number hyderabad 24x7,6,Cars24 Customer Care,2026-07
cars24 finance login,6,Others,2026-07
cars24 godhra,6,Cars24,2026-07
cars24 head office number,6,Cars24 Customer Care,2026-07
cars24 in vadodara,6,Cars24 Cities,2026-07
cars24 jobs near me,6,Others,2026-07
cars24 mp,6,Cars24,2026-07
cars24 nanded used cars,6,Cars24 Buy,2026-07
cars24 registered office address,6,Cars24,2026-07
cars24 support number india 24 7,6,Cars24 Customer Care,2026-07
cars247 login,6,Others,2026-07
honda crv cars24,6,Cars24,2026-07
how to delete account from cars24,6,Cars24,2026-07
jobs in cars 24,6,Others,2026-07
kompally cars24 location,6,Cars24 Cities,2026-07
korum mall cars24,6,Cars24,2026-07
mg hector cars 24,6,Cars24 + Car Model,2026-07
pune cars 24,6,Cars24 Cities,2026-07
tata safari cars 24,6,Cars24 + Car Model,2026-07
verna car 24,6,Cars24 + Car Model,2026-07
24 cars bangalore,6,Cars24 Cities,2026-07
24 cars nagpur,6,Cars24 Cities,2026-07
bolero cars 24,6,Cars24 + Car Model,2026-07
car 24 office,6,Cars24,2026-07
car24 car sell,6,Cars24 Sell,2026-07
car24 customer care number bangalore,6,Cars24 Customer Care,2026-07
car24 gaur city mall,6,Cars24,2026-07
car24 sholinganallur,6,Cars24 Cities,2026-07
car24 solapur,6,Cars24 Cities,2026-07
cars 24 bestech mall mohali,6,Cars24 Cities,2026-07
cars 24 chllan check,6,Cars24,2026-07
cars 24 gt mall,6,Cars24,2026-07
cars 24 nellore,6,Cars24 Cities,2026-07
cars 24 panipat,6,Cars24 Cities,2026-07
cars 24 wiki,6,Cars24,2026-07
cars24 ajmer contact number,6,Cars24 Customer Care,2026-07
cars24 amaze,6,Cars24 + Car Model,2026-07
cars24 barasat,6,Cars24,2026-07
cars24 car purchase,6,Cars24,2026-07
cars24 car value check,6,Cars24 Sell,2026-07
cars24 check price,6,Cars24 Buy,2026-07
"cars24 gomti nagar, lucknow",6,Cars24 Cities,2026-07
cars24 hebbal bangalore,6,Cars24 Cities,2026-07
cars24 hyundai verna,6,Cars24 + Car Model,2026-07
cars24 in chandigarh,6,Cars24 Cities,2026-07
cars24 jamshedpur contact number,6,Cars24 Customer Care,2026-07
cars24 main office,6,Cars24,2026-07
cars24 sector 18 noida,6,Cars24 Cities,2026-07
cars24 site,6,Cars24,2026-07
cars24 इंदौर,6,Cars24,2026-07
gajendra jangid cars24,6,Cars24,2026-07
near me car 24,6,Cars24 Cities,2026-07
s presso cars 24,6,Cars24,2026-07
saket cars24,6,Cars24,2026-07
sell car 24,6,Cars24 Sell,2026-07
virtus cars 24,6,Cars24 + Car Model,2026-07
what is lifetime warranty in cars24,6,Cars24,2026-07
www.car24,6,Cars24,2026-07
car 240 challan,6,Cars24 Challan,2026-07
car24 location,6,Cars24,2026-07
car24 near by me,6,Cars24,2026-07
cars 24 baner,6,Cars24,2026-07
cars 24 panvel,6,Cars24,2026-07
"cars24 - buy, sell, finance used cars in gt world mall, bangalore photos",6,Cars24 Sell,2026-07
cars24 brand ambassador,6,Cars24,2026-07
cars24 business model,6,Cars24,2026-07
cars24 calicut contact number,6,Cars24 Customer Care,2026-07
cars24 goregaon east,6,Cars24 Cities,2026-07
cars24 in dwarka,6,Cars24,2026-07
cars24 ka customer care number,6,Cars24 Customer Care,2026-07
cars24 office in ahmedabad,6,Cars24 Cities,2026-07
cars24 office in bangalore,6,Cars24 Cities,2026-07
cars24 sas tower gurgaon,6,Cars24 Cities,2026-07
cars24 showroom mumbai,6,Cars24 Cities,2026-07
cars24 t permit car,6,Cars24,2026-07
cars24 undri,6,Cars24,2026-07
cars24 vikhroli,6,Cars24,2026-07
founder of cars24,6,Cars24,2026-07
gandhi nagar cars24,6,Cars24,2026-07
kompally cars 24,6,Cars24 Cities,2026-07
lucknow car 24,6,Cars24 Cities,2026-07
rohini cars24 hub,6,Cars24,2026-07
sholinganallur cars24,6,Cars24 Cities,2026-07
spinny or cars24 which is best for buying car,6,Cars24,2026-07
car24 noida sector 18,6,Cars24 Cities,2026-07
cars24 - sangli wheels photos,6,Cars24,2026-07
cars24 head office gurgaon,6,Cars24 Customer Care,2026-07
cars24 mail,6,Cars24,2026-07
car 240,5,Cars24,2026-07
car24 helpline,5,Cars24 Customer Care,2026-07
car24 polo,5,Cars24 + Car Model,2026-07
cars 24 pune location,5,Cars24 Cities,2026-07
cars24 creta diesel,5,Cars24 + Car Model,2026-07
cars24 dealer login,5,Others,2026-07
cars24 grievance email id,5,Cars24,2026-07
cars24 skoda kylaq,5,Cars24,2026-07
cars24 toyota,5,Cars24,2026-07
cars24 toyota camry,5,Cars24 + Car Model,2026-07
cars24pdi,5,Cars24,2026-07
i20 n line cars24,5,Cars24 + Car Model,2026-07
omni cars24,5,Cars24,2026-07
brezza cars 24,5,Cars24 + Car Model,2026-07
car 24 creta,5,Cars24 + Car Model,2026-07
car 24 old car sale,5,Cars24,2026-07
car 24 rewari,5,Cars24,2026-07
car 24.,5,Cars24,2026-07
car details cars24,5,Others,2026-07
car24 customer care number noida,5,Cars24 Customer Care,2026-07
cars 24 fraud,5,Cars24,2026-07
cars 24 in india,5,Cars24,2026-07
cars 24*7,5,Cars24,2026-07
cars24 bellahalli bangalore,5,Cars24 Cities,2026-07
cars24 bhiwandi,5,Cars24,2026-07
cars24 bhubaneswar address,5,Cars24 Cities,2026-07
cars24 buy used car,5,Cars24 Buy,2026-07
cars24 delhi number,5,Cars24 Cities,2026-07
cars24 home inspection,5,Cars24,2026-07
cars24 kolhapur contact number,5,Cars24 Customer Care,2026-07
cars24 loans,5,Cars24 Buy,2026-07
cars24 mail id,5,Cars24,2026-07
cars24 mohali address,5,Cars24 Cities,2026-07
cars24 old car buy,5,Cars24 Buy,2026-07
cars24 rajkot price,5,Cars24 Buy,2026-07
cars24 sale contact number,5,Cars24 Customer Care,2026-07
cars24 selling process,5,Cars24,2026-07
cars244,5,Cars24,2026-07
cars24new,5,Cars24,2026-07
cars24pune,5,Cars24,2026-07
chalan car 24,5,Cars24 Challan,2026-07
i20 cars 24,5,Cars24 + Car Model,2026-07
range rover cars24,5,Cars24,2026-07
second hand fortuner cars24,5,Cars24 + Car Model,2026-07
skoda cars24,5,Cars24,2026-07
slavia cars24,5,Cars24 + Car Model,2026-07
vento cars24,5,Cars24 + Car Model,2026-07
24 car sale near me,5,Cars24 Cities,2026-07
car 24 mysore,5,Cars24 Cities,2026-07
car24 baleno,5,Cars24 + Car Model,2026-07
car24 darbhanga,5,Cars24 Cities,2026-07
car24 owner name,5,Cars24,2026-07
car24 pune contact number,5,Cars24 Customer Care,2026-07
cars 24 address,5,Cars24,2026-07
cars 24 interest rate,5,Cars24,2026-07
cars 24 kakinada,5,Cars24 Cities,2026-07
cars 24 rental,5,Cars24,2026-07
cars 24 sector 18 noida,5,Cars24 Cities,2026-07
cars 24 services pvt ltd,5,Cars24,2026-07
cars24 app download apk,5,Cars24,2026-07
cars24 car price,5,Cars24 Buy,2026-07
cars24 customer care number haryana,5,Cars24 Customer Care,2026-07
cars24 customer reviews,5,Others,2026-07
cars24 delhi office,5,Cars24 Cities,2026-07
cars24 dwarka sector 6,5,Cars24,2026-07
cars24 elite mumbai,5,ELITE,2026-07
cars24 escalation email address,5,Cars24,2026-07
cars24 escalation matrix,5,Cars24,2026-07
cars24 for sale,5,Cars24,2026-07
cars24 gaya,5,Cars24 Cities,2026-07
cars24 head office email id,5,Cars24 Customer Care,2026-07
cars24 hinjewadi,5,Cars24,2026-07
cars24 in surat,5,Cars24 Cities,2026-07
cars24 investors,5,Cars24,2026-07
cars24 jabalpur photos,5,Cars24 Cities,2026-07
cars24 kharbi,5,Cars24,2026-07
cars24 rohini metro walk contact number,5,Cars24 Customer Care,2026-07
cars24 spinny,5,Cars24,2026-07
cars24 ulhasnagar,5,Cars24,2026-07
cars24 vaishali ghaziabad,5,Cars24 Cities,2026-07
cars24 vehicle history report,5,Cars24,2026-07
cars243,5,Cars24,2026-07
cars24\,5,Cars24,2026-07
does cars24 negotiate while buying,5,Cars24,2026-07
ford figo cars 24,5,Cars24 + Car Model,2026-07
https://www.cars24.com/,5,Cars24,2026-07
hyderabad cars24,5,Cars24 Cities,2026-07
renault kiger cars24,5,Cars24 + Car Model,2026-07
used car24,5,Cars24 Buy,2026-07
whitefield cars24,5,Cars24,2026-07
www.car 24.com,5,Cars24,2026-07
car 247 cars for sale,5,Cars24,2026-07
car24 commercial vehicle,5,Cars24 Buy,2026-07
car24 hyderabad used cars,5,Cars24 Buy,2026-07
car24 ka customer care number,5,Cars24 Customer Care,2026-07
car24 panvel,5,Cars24,2026-07
car24x7,5,Cars24,2026-07
cars 24 coimbatore contact number,5,Cars24 Customer Care,2026-07
cars 24 hub near me,5,Cars24 Cities,2026-07
cars 24 reviews,5,Others,2026-07
"cars24 - buy, sell, finance used cars in gandhi nagar, bangalore photos",5,Cars24 Sell,2026-07
cars24 address gurgaon,5,Cars24 Cities,2026-07
cars24 amanora reviews,5,Others,2026-07
cars24 belgaum contact number,5,Cars24 Customer Care,2026-07
cars24 bijnor,5,Cars24,2026-07
cars24 borivali,5,Cars24,2026-07
cars24 car price check,5,Cars24 Buy,2026-07
cars24 contact number chennai,5,Cars24 Customer Care,2026-07
cars24 customer care toll free number india 24x7 faridabad,5,Cars24 Customer Care,2026-07
cars24 gurgaon m3m,5,Cars24 Cities,2026-07
cars24 hapur,5,Cars24,2026-07
cars24 jakkur photos,5,Cars24 Cities,2026-07
cars24 jodhpur location,5,Cars24 Cities,2026-07
cars24 kharghar,5,Cars24,2026-07
cars24 mantra mall attapur,5,Cars24,2026-07
cars24 ncr delhi,5,Cars24 Cities,2026-07
cars24 office in kolkata,5,Cars24 Cities,2026-07
cars24 outlet near me,5,Cars24 Cities,2026-07
cars24 pvt ltd,5,Cars24,2026-07
cars24 raipur address,5,Cars24 Cities,2026-07
cars24 self drive cars,5,Cars24,2026-07
cars24 sell your car,5,Cars24 Sell,2026-07
cars24 solapur contact number,5,Cars24 Customer Care,2026-07
cars24 कस्टमर केयर नंबर,5,Cars24,2026-07
how does cars24 work,5,Cars24,2026-07
hyundai venue cars 24,5,Cars24 + Car Model,2026-07
nearby car 24,5,Cars24,2026-07
review of cars24,5,Others,2026-07
rohini cars24,5,Cars24,2026-07
car24 m3m urbana,5,Cars24,2026-07
cars 24 office in gurgaon,5,Cars24 Cities,2026-07
"cars24 - buy, sell, finance used cars in vaishnavi sapphire centre, bangalore",5,Cars24 Sell,2026-07
cars24 main branch,5,Cars24,2026-07
cars24 vaishali nagar jaipur,5,Cars24 Cities,2026-07
car 24 chhindwara,4,Cars24,2026-07
car 24 gandhidham,4,Cars24,2026-07
car 24 kannur,4,Cars24 Cities,2026-07
car24 haldwani,4,Cars24,2026-07
car24 india website,4,Cars24,2026-07
cars24 booking amount refund,4,Cars24,2026-07
cars24 c2c,4,Cars24,2026-07
cars24 car value calculator,4,Cars24 Sell,2026-07
cars24 commercial car,4,Cars24,2026-07
cars24 history,4,Cars24,2026-07
cars24 jharkhand,4,Cars24,2026-07
cars24 jobs in delhi,4,Others,2026-07
cars24 premium cars,4,Cars24 Buy,2026-07
cars24 yavatmal,4,Cars24,2026-07
ev cars cars24,4,Cars24 Buy,2026-07
hyundai cars24,4,Cars24,2026-07
hyundai tucson cars24,4,Cars24 + Car Model,2026-07
octavia cars24,4,Cars24 + Car Model,2026-07
used cars in india cars 24,4,Cars24 Buy,2026-07
24 cars india,4,Cars24,2026-07
call cars24,4,Cars24,2026-07
car 24 review,4,Others,2026-07
car car 24,4,Cars24,2026-07
car truth by cars24,4,Cars24,2026-07
car24 dealership,4,Cars24,2026-07
car24 in ahmedabad,4,Cars24 Cities,2026-07
car24 jalgaon,4,Cars24,2026-07
car24 lucknow address,4,Cars24 Cities,2026-07
car24 pdi charges,4,PDI,2026-07
car24 surat contact number,4,Cars24 Customer Care,2026-07
car24s,4,Cars24,2026-07
cars 24 ahmednagar,4,Cars24,2026-07
cars 24 founders,4,Cars24,2026-07
cars 24 in mysore,4,Cars24 Cities,2026-07
"cars24 - buy, sell, finance used cars in nexus vijaya mall, chennai vadapalani used cars",4,Cars24 Sell,2026-07
cars24 ayodhya,4,Cars24,2026-07
cars24 bachupally location,4,Cars24 Cities,2026-07
cars24 bidding process,4,Cars24,2026-07
cars24 bike details,4,Cars24,2026-07
cars24 customer service number,4,Cars24 Customer Care,2026-07
cars24 delhi customer care number,4,Cars24 Customer Care,2026-07
cars24 gota ahmedabad,4,Cars24 Cities,2026-07
cars24 help number,4,Cars24,2026-07
cars24 hub bachupally hyderabad,4,Cars24 Cities,2026-07
cars24 jabalpur contact number,4,Cars24 Customer Care,2026-07
cars24 jaipur location,4,Cars24 Cities,2026-07
cars24 kakinada,4,Cars24 Cities,2026-07
cars24 kerala used cars,4,Cars24 Buy,2026-07
cars24 lucknow scorpio,4,Cars24 + Car Model,2026-07
cars24 mehsana contact number,4,Cars24 Customer Care,2026-07
cars24 pollachi,4,Cars24,2026-07
cars24 reviews google,4,Others,2026-07
cars24 sell car customer care number,4,Cars24 Customer Care,2026-07
cars24 swift dzire price,4,Cars24 + Car Model,2026-07
cars24 used car inspection,4,Cars24 Buy,2026-07
cars24 vastral,4,Cars24,2026-07
cars24 volkswagen polo,4,Cars24 + Car Model,2026-07
cars24 xuv 700,4,Cars24 + Car Model,2026-07
cars24 zero down payment,4,Cars24,2026-07
cars24',4,Cars24,2026-07
cars24.india,4,Cars24,2026-07
cars24mumbai,4,Cars24,2026-07
e 24 car,4,Cars24,2026-07
gnb mall cars24,4,Cars24,2026-07
how does cars24 auction work,4,Cars24 Buy,2026-07
kia syros cars24,4,Cars24,2026-07
mini cooper cars24,4,Cars24,2026-07
mycar24,4,Cars24,2026-07
tata curvv cars24,4,Cars24 + Car Model,2026-07
24 cara,4,Cars24,2026-07
amanora mall cars24,4,Cars24,2026-07
belapur cars24,4,Cars24,2026-07
bhoruka tech park cars24,4,Cars24,2026-07
buy car 24,4,Cars24 Buy,2026-07
car 24 for sale,4,Cars24,2026-07
car 24 kya hai,4,Cars24,2026-07
car 24 location,4,Cars24,2026-07
car 24*7,4,Cars24,2026-07
car24 company details,4,Cars24,2026-07
car24 customer care number delhi,4,Cars24 Customer Care,2026-07
car24 sell car contact number,4,Cars24 Customer Care,2026-07
car24 toll free number india 24 7,4,Cars24 Customer Care,2026-07
cars 24 in pune,4,Cars24 Cities,2026-07
cars 24 inspection,4,Cars24,2026-07
cars 24 insurance,4,Cars24 Buy,2026-07
cars 24 mumbai office,4,Cars24 Cities,2026-07
cars 24.in,4,Cars24,2026-07
"cars24 - buy, sell, finance used cars in rohini, delhi sector 10, rohini used cars",4,Cars24 Sell,2026-07
"cars24 - buy, sell, finance used cars in sholinganallur, chennai laxmi nagar extension",4,Cars24 Sell,2026-07
"cars24 - sell used cars in kharbi, nagpur photos",4,Cars24 Sell,2026-07
cars24 - sell used cars in mysore photos,4,Cars24 Sell,2026-07
cars24 amanora address,4,Cars24,2026-07
cars24 bangalore jakkur,4,Cars24 Cities,2026-07
cars24 bhiwadi,4,Cars24,2026-07
cars24 car service,4,Cars24,2026-07
cars24 contact number ahmedabad,4,Cars24 Customer Care,2026-07
cars24 coupons,4,Cars24,2026-07
cars24 customer care number jaipur,4,Cars24 Customer Care,2026-07
"cars24 customer care number near bengaluru, karnataka",4,Cars24 Customer Care,2026-07
cars24 dnd,4,Cars24,2026-07
cars24 escalation email,4,Cars24,2026-07
cars24 escalation email id india,4,Cars24,2026-07
cars24 fine check online,4,Cars24 Challan,2026-07
cars24 franchise cost in india,4,Cars24,2026-07
cars24 gachibowli,4,Cars24,2026-07
cars24 gandhinagar address,4,Cars24 Cities,2026-07
cars24 hub bhoruka tech park whitefield bangalore,4,Cars24 Cities,2026-07
cars24 hub gomti nagar lucknow,4,Cars24 Cities,2026-07
cars24 hub vivekananda nagar coimbatore,4,Cars24 Cities,2026-07
cars24 jaipur office,4,Cars24 Cities,2026-07
cars24 jobs in kolkata,4,Others,2026-07
cars24 mahadevapura,4,Cars24,2026-07
cars24 mansarovar jaipur contact number,4,Cars24 Customer Care,2026-07
cars24 mumbai near me,4,Cars24 Cities,2026-07
cars24 noida office,4,Cars24 Cities,2026-07
cars24 offers,4,Cars24,2026-07
cars24 old car,4,Cars24,2026-07
cars24 palwal,4,Cars24,2026-07
cars24 partner app,4,Cars24,2026-07
cars24 policy,4,Cars24,2026-07
cars24 pre owned cars,4,Cars24,2026-07
cars24 pune office address,4,Cars24 Cities,2026-07
cars24 raebareli,4,Cars24,2026-07
cars24 refund policy,4,Cars24,2026-07
cars24 rental cars,4,Cars24,2026-07
cars24 sector 67 gurgaon,4,Cars24 Cities,2026-07
cars24 services,4,Cars24,2026-07
cars24 store,4,Cars24,2026-07
cars24 up,4,Cars24,2026-07
ceo cars24,4,Cars24,2026-07
delhi cars24 branch,4,Cars24 Cities,2026-07
mysore cars24,4,Cars24 Cities,2026-07
near me cars 24,4,Cars24 Cities,2026-07
nearest cars24 showroom,4,Cars24,2026-07
rajkot cars24,4,Cars24 Cities,2026-07
sell my car cars24,4,Cars24 Sell,2026-07
used car car 24,4,Cars24 Buy,2026-07
car24 bachupally hyderabad,4,Cars24 Cities,2026-07
car24 founder,4,Cars24,2026-07
car24 jharkhand,4,Cars24,2026-07
cars 24 cfo,4,Cars24,2026-07
cars 24 chembur,4,Cars24,2026-07
cars 24 faridabad contact number,4,Cars24 Customer Care,2026-07
cars 24 in coimbatore,4,Cars24 Cities,2026-07
"cars24 - buy, sell, finance used cars in avani riverside mall, kolkata",4,Cars24 Sell,2026-07
"cars24 - buy, sell, finance used cars in vaishnavi sapphire centre, bangalore phase 1, yeswanthpur reviews",4,Cars24 Sell,2026-07
cars24 - sell used cars in kannur photos,4,Cars24 Sell,2026-07
cars24 ahmedabad head office photos,4,Cars24 Customer Care,2026-07
cars24 company owner,4,Cars24,2026-07
cars24 jakkur contact number,4,Cars24 Customer Care,2026-07
cars24 jamnagar contact number,4,Cars24 Customer Care,2026-07
cars24 kompally timings,4,Cars24 Cities,2026-07
cars24 mobile number,4,Cars24 Customer Care,2026-07
cars24 near boduppal hyderabad telangana,4,Cars24 Cities,2026-07
cars24 revenue 2025,4,Cars24,2026-07
cars24 rithala,4,Cars24,2026-07
cars24 shop near me,4,Cars24 Cities,2026-07
cars24 shyamal cross road,4,Cars24,2026-07
cars24 vikaspuri,4,Cars24,2026-07
cars24 what they do,4,Cars24,2026-07
delhi car 24,4,Cars24 Cities,2026-07
is cars24 good,4,Cars24,2026-07
metro walk rohini cars24,4,Cars24,2026-07
naroda cars24,4,Cars24 Cities,2026-07
pay challan cars24,4,Cars24 Challan,2026-07
used car in cars 24,4,Cars24 Buy,2026-07
autopilot cars24 customer care number,3,Cars24 Customer Care,2026-07
buy used cars cars24,3,Cars24 Buy,2026-07
car 24 jobs,3,Others,2026-07
car24 address,3,Cars24,2026-07
car24 challn,3,Cars24,2026-07
car24 in patna,3,Cars24 Cities,2026-07
cars 24 7,3,Cars24,2026-07
cars 24 car loan,3,Cars24 Buy,2026-07
cars 24 haryana,3,Cars24,2026-07
cars 24 in mumbai,3,Cars24 Cities,2026-07
cars 24 nexon,3,Cars24 + Car Model,2026-07
cars 24 patiala,3,Cars24 Cities,2026-07
"cars24 - sell used cars in bapunagar, junagadh photos",3,Cars24 Sell,2026-07
cars24 auction process,3,Cars24 Buy,2026-07
cars24 autopilot,3,Cars24,2026-07
cars24 contact number gurgaon,3,Cars24 Customer Care,2026-07
cars24 corolla altis,3,Cars24 + Car Model,2026-07
cars24 customer care number ahmedabad,3,Cars24 Customer Care,2026-07
cars24 extended warranty review,3,Others,2026-07
cars24 ford freestyle,3,Cars24,2026-07
cars24 giridih,3,Cars24,2026-07
cars24 gvk,3,Cars24,2026-07
cars24 head office in hyderabad,3,Cars24 Customer Care,2026-07
cars24 hub lucknow,3,Cars24 Cities,2026-07
cars24 india website,3,Cars24,2026-07
cars24 karnavati club ahmedabad,3,Cars24 Cities,2026-07
cars24 kavach policy,3,Cars24,2026-07
cars24 lifetime warranty price,3,Cars24 Buy,2026-07
cars24 loan status login,3,Cars24 Buy,2026-07
cars24 management team,3,Cars24,2026-07
cars24 nbfc,3,Cars24,2026-07
cars24 salem address,3,Cars24 Cities,2026-07
cars24 senior management email id,3,Cars24,2026-07
cars24 skoda,3,Cars24,2026-07
cars24 whatsapp,3,Cars24,2026-07
cars24.con,3,Cars24,2026-07
cng cars24,3,Cars24 Buy,2026-07
customer care number car 24,3,Cars24 Customer Care,2026-07
hyundai verna cars 24,3,Cars24 + Car Model,2026-07
job in cars24,3,Others,2026-07
maruti ignis cars24,3,Cars24 + Car Model,2026-07
owner of cars24 india,3,Cars24,2026-07
renault duster cars24,3,Cars24 + Car Model,2026-07
second hand cars cars24,3,Cars24 Buy,2026-07
shivanshu makkar cars24,3,Cars24,2026-07
used cars in cars24,3,Cars24 Buy,2026-07
venue cars 24,3,Cars24 + Car Model,2026-07
what is cars24 kavach,3,Cars24,2026-07
24 cars kakkanad,3,Cars24 Cities,2026-07
ahmedabad car 24,3,Cars24 Cities,2026-07
astra tower cars24,3,Cars24,2026-07
audi q3 cars24,3,Cars24 + Car Model,2026-07
baleno car 24 model price,3,Cars24 + Car Model,2026-07
buy cars24,3,Cars24 Buy,2026-07
car 24 call center,3,Cars24,2026-07
car 24 gaur city,3,Cars24,2026-07
car 24e chalan,3,Cars24 Challan,2026-07
car24 car inspection,3,Cars24,2026-07
car24 car sale,3,Cars24,2026-07
car24 chennai used cars,3,Cars24 Buy,2026-07
car24 inspection,3,Cars24,2026-07
car24 jaipur contact number,3,Cars24 Customer Care,2026-07
car24 logo,3,Others,2026-07
car24 phone number,3,Cars24,2026-07
car24 services pvt ltd,3,Cars24,2026-07
car24 surat address,3,Cars24 Cities,2026-07
cars 24 ecosport,3,Cars24,2026-07
cars 24 in ahmedabad,3,Cars24 Cities,2026-07
"cars 24 near coimbatore, tamil nadu",3,Cars24,2026-07
cars 24 office near me,3,Cars24 Cities,2026-07
cars 24\,3,Cars24,2026-07
"cars24 - sell used cars in lb nagar, hyderabad photos",3,Cars24 Sell,2026-07
cars24 - sell used cars in mehsana photos,3,Cars24 Sell,2026-07
cars24 belapur contact number,3,Cars24 Customer Care,2026-07
cars24 car history,3,Cars24,2026-07
cars24 car value,3,Cars24 Sell,2026-07
cars24 chandigarh address,3,Cars24 Cities,2026-07
cars24 customer care phone number,3,Cars24 Customer Care,2026-07
cars24 cuttack,3,Cars24 Cities,2026-07
cars24 delhi address,3,Cars24 Cities,2026-07
cars24 extended warranty,3,Cars24,2026-07
cars24 financials,3,Cars24,2026-07
cars24 hajipur,3,Cars24,2026-07
cars24 head office bangalore,3,Cars24 Customer Care,2026-07
cars24 helpline number india,3,Cars24 Customer Care,2026-07
cars24 honda jazz,3,Cars24 + Car Model,2026-07
cars24 hours,3,Cars24,2026-07
cars24 in dombivli,3,Cars24 Cities,2026-07
cars24 inspection booking,3,Cars24,2026-07
cars24 job apply,3,Others,2026-07
cars24 jobs in bangalore,3,Others,2026-07
cars24 ka malik kaun hai,3,Cars24,2026-07
cars24 kanpur address,3,Cars24 Cities,2026-07
cars24 kota contact number,3,Cars24 Customer Care,2026-07
cars24 loan foreclosure contact number,3,Cars24 Customer Care,2026-07
cars24 mainpuri,3,Cars24,2026-07
cars24 mangalore used cars,3,Cars24 Buy,2026-07
cars24 mumbai buy,3,Cars24 Buy,2026-07
cars24 mumbai customer care number,3,Cars24 Customer Care,2026-07
cars24 office mumbai,3,Cars24 Cities,2026-07
cars24 owner email id,3,Cars24,2026-07
cars24 partners,3,Cars24,2026-07
cars24 rourkela,3,Cars24 Cities,2026-07
cars24 se car leni chahiye ya nahi,3,Cars24,2026-07
cars24 siliguri contact number,3,Cars24 Customer Care,2026-07
cars24 thiruverkadu photos,3,Cars24 Cities,2026-07
cars24 travels,3,Cars24,2026-07
cars24 under 10 lakhs,3,Cars24,2026-07
cars24 used car valuation,3,Cars24 Sell,2026-07
cars24 vehicle challan,3,Cars24 Challan,2026-07
cars24 workshop,3,Cars24,2026-07
cars24.uae,3,Cars24,2026-07
cars24delhi,3,Cars24,2026-07
cars24login,3,Others,2026-07
coimbatore cars24,3,Cars24 Cities,2026-07
honda jazz cars 24,3,Cars24 + Car Model,2026-07
how to buy car from cars24,3,Cars24 Buy,2026-07
is cars24 safe to pay challan,3,Cars24 Challan,2026-07
new car 24,3,Cars24 Buy,2026-07
new cars24,3,Cars24 + Car Model,2026-07
online cars24,3,Cars24,2026-07
second hand cars24 price,3,Cars24 Buy,2026-07
sell cars 24,3,Cars24 Sell,2026-07
thar on cars24,3,Cars24 + Car Model,2026-07
used 2024 cars for sale,3,Cars24,2026-07
24 car pune,3,Cars24 Cities,2026-07
attapur cars24,3,Cars24,2026-07
buy car from cars24,3,Cars24 Buy,2026-07
car 24 near by,3,Cars24,2026-07
car 24 nearby,3,Cars24,2026-07
car 24 rajkot contact number,3,Cars24 Customer Care,2026-07
car24 belgaum,3,Cars24 Cities,2026-07
"cars 24 near new delhi, delhi",3,Cars24 Cities,2026-07
cars 24 pdi coupon code,3,PDI,2026-07
cars 24 wikipedia,3,Cars24,2026-07
"cars24 - buy, sell, finance used cars in malhar mega mall, indore scheme 54 pu4",3,Cars24 Sell,2026-07
cars24 - the auto lounge | sell used cars in adipur photos,3,Cars24 Sell,2026-07
cars24 0 down payment,3,Cars24,2026-07
cars24 aligarh contact number,3,Cars24 Customer Care,2026-07
cars24 apps,3,Cars24,2026-07
cars24 attapur address,3,Cars24,2026-07
cars24 bachupally photos,3,Cars24 Cities,2026-07
cars24 bangalore whitefield,3,Cars24 Cities,2026-07
cars24 bmw 5 series,3,Cars24 + Car Model,2026-07
cars24 botanical garden,3,Cars24,2026-07
cars24 cars for sale,3,Cars24,2026-07
cars24 chennai location,3,Cars24 Cities,2026-07
cars24 customer care number toll free,3,Cars24 Customer Care,2026-07
cars24 founders,3,Cars24,2026-07
cars24 gurugram office,3,Cars24 Cities,2026-07
cars24 himatnagar contact number,3,Cars24 Customer Care,2026-07
"cars24 hub, gomti nagar, lucknow",3,Cars24 Cities,2026-07
"cars24 hub, m3m urbana, gurugram",3,Cars24 Cities,2026-07
cars24 in bhopal,3,Cars24 Cities,2026-07
cars24 in gorakhpur,3,Cars24 Cities,2026-07
cars24 kolkata office,3,Cars24 Cities,2026-07
cars24 lucknow location,3,Cars24 Cities,2026-07
cars24 mangalore contact number,3,Cars24 Customer Care,2026-07
cars24 navi mumbai address,3,Cars24 Cities,2026-07
cars24 near me address,3,Cars24 Cities,2026-07
cars24 net worth,3,Cars24,2026-07
cars24 network - sell car in erode reviews,3,Cars24 Sell,2026-07
cars24 noida sector 63,3,Cars24 Cities,2026-07
cars24 panipat contact number,3,Cars24 Customer Care,2026-07
cars24 parent company,3,Cars24,2026-07
cars24 pdi coupon,3,PDI,2026-07
cars24 sector 13 dwarka,3,Cars24,2026-07
cars24 timing,3,Cars24,2026-07
cars24 yard,3,Cars24,2026-07
ecco 2024 car price on road,3,Cars24 Buy,2026-07
near by car 24,3,Cars24,2026-07
vehicleinfo support cars24 com,3,Cars24 Customer Care,2026-07
x24 car,3,Cars24,2026-07
yelahanka cars24,3,Cars24,2026-07
24 cars for sale,2,Cars24,2026-07
can we negotiate with cars24,2,Cars24,2026-07
car 24 brezza,2,Cars24 + Car Model,2026-07
car 24 chaalan,2,Cars24,2026-07
car 24 i20,2,Cars24 + Car Model,2026-07
car 24v,2,Cars24,2026-07
car24 car,2,Cars24,2026-07
car24 customer care number gurgaon,2,Cars24 Customer Care,2026-07
car24 dombivli east,2,Cars24 Cities,2026-07
car24 email id for complaint,2,Cars24 Customer Care,2026-07
car24 gt mall,2,Cars24,2026-07
car24 hisar,2,Cars24 Cities,2026-07
car24 in delhi,2,Cars24 Cities,2026-07
car24 kandivali,2,Cars24,2026-07
car24 nanded,2,Cars24 Cities,2026-07
car24 pune address,2,Cars24 Cities,2026-07
car24 rent a car,2,Cars24,2026-07
car24 reviews,2,Others,2026-07
car24 shalimar bagh,2,Cars24,2026-07
cars 24 about,2,Cars24,2026-07
cars 24 bikes,2,Cars24,2026-07
cars 24 chalan check,2,Cars24 Challan,2026-07
cars 24 gandhidham,2,Cars24,2026-07
cars 24 in lucknow,2,Cars24 Cities,2026-07
cars 24 kavach,2,Cars24,2026-07
cars 24 near delhi,2,Cars24 Cities,2026-07
cars 24 shimla,2,Cars24,2026-07
cars 24 showroom in chennai,2,Cars24 Cities,2026-07
cars 24 warranty,2,Cars24,2026-07
cars cars24,2,Cars24,2026-07
"cars24 - buy, sell, finance used cars in vaishnavi sapphire centre, bangalore photos",2,Cars24 Sell,2026-07
"cars24 - buy, sell, finance used cars in whitefield, bangalore photos",2,Cars24 Sell,2026-07
"cars24 - sell used cars in tarabai park, kolhapur photos",2,Cars24 Sell,2026-07
cars24 300 point inspection,2,Cars24,2026-07
cars24 7,2,Cars24,2026-07
cars24 about us,2,Cars24,2026-07
cars24 ai,2,Cars24,2026-07
cars24 azamgarh,2,Cars24,2026-07
cars24 cbe,2,Cars24,2026-07
cars24 chandigarh used cars,2,Cars24 Buy,2026-07
cars24 company name,2,Cars24,2026-07
cars24 customer,2,Cars24,2026-07
cars24 customer care number hyderabad 24x7,2,Cars24 Customer Care,2026-07
cars24 elite jaipur,2,ELITE,2026-07
cars24 email address,2,Cars24,2026-07
cars24 faridabad office address,2,Cars24 Cities,2026-07
cars24 hazaribagh,2,Cars24,2026-07
cars24 headquarters,2,Cars24,2026-07
cars24 helpline number india 24x7,2,Cars24 Customer Care,2026-07
cars24 hsr layout,2,Cars24,2026-07
cars24 hub jaipur,2,Cars24 Cities,2026-07
cars24 hub metro walk rohini new delhi,2,Cars24 Cities,2026-07
cars24 in chennai,2,Cars24 Cities,2026-07
cars24 in vijayawada,2,Cars24 Cities,2026-07
cars24 kandivali west,2,Cars24,2026-07
cars24 karnavati club contact number,2,Cars24 Customer Care,2026-07
cars24 lucknow office,2,Cars24 Cities,2026-07
cars24 lucknow sell car,2,Cars24 Sell,2026-07
cars24 malhar mega mall indore,2,Cars24 Cities,2026-07
cars24 new car pdi cost,2,PDI,2026-07
cars24 octavia,2,Cars24 + Car Model,2026-07
cars24 official website,2,Cars24,2026-07
cars24 old car sale,2,Cars24,2026-07
cars24 ownership,2,Cars24,2026-07
cars24 pune hinjewadi,2,Cars24 Cities,2026-07
cars24 ratlam,2,Cars24,2026-07
cars24 rent,2,Cars24,2026-07
cars24 requirements,2,Cars24,2026-07
cars24 sas tower,2,Cars24,2026-07
cars24 saudi arabia,2,Cars24,2026-07
cars24 scam,2,Cars24,2026-07
cars24 sector 66 gurgaon office,2,Cars24 Cities,2026-07
cars24 shyam nagar kanpur,2,Cars24 Cities,2026-07
cars24 sonipat contact number,2,Cars24 Customer Care,2026-07
cars24 surat pal,2,Cars24 Cities,2026-07
cars24 tamilnadu,2,Cars24,2026-07
cars24 team,2,Cars24,2026-07
cars24 tesla,2,Cars24,2026-07
cars24 thakur village,2,Cars24,2026-07
cars24 token amount refund,2,Cars24,2026-07
cars24 toyota hyryder,2,Cars24 + Car Model,2026-07
cars24 vehicle inspection,2,Cars24,2026-07
cars24 verified direct selling,2,Cars24,2026-07
cars24 volkswagen,2,Cars24,2026-07
cars24 wakad,2,Cars24,2026-07
cars24 workshop near me,2,Cars24 Cities,2026-07
cars24fin,2,Cars24,2026-07
ccars24,2,Cars24,2026-07
civic cars24,2,Cars24,2026-07
does cars24 sell accidental cars,2,Cars24 Sell,2026-07
elite cars24,2,ELITE,2026-07
kia carens cars 24,2,Cars24 + Car Model,2026-07
m3m cars24,2,Cars24,2026-07
n24 car,2,Cars24,2026-07
nearest cars24 hub,2,Cars24,2026-07
new car24,2,Cars24 Buy,2026-07
selling car to cars24,2,Cars24,2026-07
skoda octavia cars 24,2,Cars24 + Car Model,2026-07
triber cars24,2,Cars24 + Car Model,2026-07
vadapalani cars24,2,Cars24,2026-07
vadodara cars24,2,Cars24 Cities,2026-07
verna car 24 model,2,Cars24 + Car Model,2026-07
verna car24,2,Cars24 + Car Model,2026-07
￼￼ ￼ cars24,2,Cars24,2026-07
alto 800 cars24,2,Cars24 + Car Model,2026-07
autopilot by cars24,2,Cars24,2026-07
buy car on cars24,2,Cars24 Buy,2026-07
car 24 challan payment,2,Cars24 Challan,2026-07
car 24 dubai,2,Cars24 Cities,2026-07
car 24 eeco,2,Cars24,2026-07
car 24 phone number,2,Cars24,2026-07
car 24 zirakpur,2,Cars24,2026-07
car 24s,2,Cars24,2026-07
car24 bhiwadi,2,Cars24,2026-07
car24 customer number,2,Cars24,2026-07
car24 india used cars,2,Cars24 Buy,2026-07
car24 junagadh,2,Cars24,2026-07
car24 office,2,Cars24,2026-07
car24 partner login,2,Others,2026-07
car24 prayagraj,2,Cars24 Cities,2026-07
car24 raj nagar extension,2,Cars24,2026-07
car24 service center,2,Cars24,2026-07
car24 vadapalani,2,Cars24,2026-07
cars 24 branches,2,Cars24,2026-07
cars 24 in chennai,2,Cars24 Cities,2026-07
cars 24 logo png,2,Others,2026-07
cars 24 lucknow office,2,Cars24 Cities,2026-07
cars 24 new,2,Cars24,2026-07
cars 24 new car pdi,2,PDI,2026-07
cars 24 pdi charges,2,PDI,2026-07
cars 24 tamilnadu,2,Cars24,2026-07
cars 240,2,Cars24,2026-07
cars24 - sell used cars in gwalior photos,2,Cars24 Sell,2026-07
cars24 - sell used cars in kanpur photos,2,Cars24 Sell,2026-07
cars24 admin panel,2,Cars24,2026-07
cars24 ambassador,2,Cars24,2026-07
cars24 bhiwani,2,Cars24,2026-07
cars24 buy new car,2,Cars24 Buy,2026-07
cars24 c2c review,2,Others,2026-07
cars24 calculator,2,Cars24,2026-07
cars24 car inspection charges,2,Cars24,2026-07
cars24 challam,2,Cars24,2026-07
cars24 channel partner for pc,2,Cars24,2026-07
cars24 company overview,2,Cars24,2026-07
cars24 complaint mail id india,2,Cars24 Customer Care,2026-07
cars24 contact no,2,Cars24,2026-07
cars24 dealership cost,2,Cars24,2026-07
cars24 godown near me,2,Cars24 Cities,2026-07
cars24 gomti nagar,2,Cars24,2026-07
"cars24 gomti nagar, lucknow contact number",2,Cars24 Customer Care,2026-07
cars24 goregaon contact number,2,Cars24 Customer Care,2026-07
cars24 grievance officer,2,Cars24,2026-07
cars24 gurgaon office address,2,Cars24 Cities,2026-07
cars24 guwahati address,2,Cars24 Cities,2026-07
cars24 haralur,2,Cars24,2026-07
cars24 helpline number delhi,2,Cars24 Customer Care,2026-07
cars24 hub goregaon mumbai,2,Cars24 Cities,2026-07
cars24 hub rajouri garden,2,Cars24 Cities,2026-07
cars24 hub tathawade pune,2,Cars24 Cities,2026-07
cars24 in mangalore,2,Cars24 Cities,2026-07
cars24 india app download,2,Cars24,2026-07
cars24 indore near me,2,Cars24 Cities,2026-07
cars24 is government or private,2,Cars24,2026-07
cars24 is mnc or not,2,Cars24,2026-07
cars24 is which type of company,2,Cars24,2026-07
cars24 kalyan address,2,Cars24,2026-07
cars24 kanpur location,2,Cars24 Cities,2026-07
cars24 kompally address,2,Cars24 Cities,2026-07
cars24 mumbai address,2,Cars24 Cities,2026-07
cars24 naroda location,2,Cars24 Cities,2026-07
"cars24 near bengaluru, karnataka",2,Cars24,2026-07
cars24 nizamabad,2,Cars24,2026-07
cars24 noida extension,2,Cars24 Cities,2026-07
cars24 office address,2,Cars24,2026-07
cars24 official email id,2,Cars24,2026-07
cars24 pdi cost for new car,2,PDI,2026-07
cars24 pimple nilakh,2,Cars24,2026-07
cars24 raichur contact number,2,Cars24 Customer Care,2026-07
cars24 rajouri garden address,2,Cars24 Cities,2026-07
cars24 review for selling,2,Others,2026-07
cars24 safari storme,2,Cars24 + Car Model,2026-07
cars24 saket address,2,Cars24,2026-07
cars24 sell pro,2,Cars24 Sell,2026-07
cars24 service history coupon code,2,Others,2026-07
cars24 sikar,2,Cars24,2026-07
cars24 singanallur location,2,Cars24,2026-07
cars24 surendranagar,2,Cars24,2026-07
cars24 test drive,2,Cars24,2026-07
cars24 travels guntur,2,Cars24 Cities,2026-07
cars24 vasai,2,Cars24,2026-07
cars24 vatika mindscapes faridabad,2,Cars24 Cities,2026-07
cars24 view challan,2,Cars24 Challan,2026-07
cars24 vijayawada address,2,Cars24 Cities,2026-07
cars24 vikram chopra,2,Cars24,2026-07
cars24 vizag contact number,2,Cars24 Customer Care,2026-07
cars24 क्या है,2,Cars24,2026-07
cartruth by cars24,2,Cars24,2026-07
check cars 24 wikipedia,2,Cars24,2026-07
check cars24,2,Cars24,2026-07
how to sell car in cars24,2,Cars24 Sell,2026-07
https://www.cars24.com/offer/cars24_yard_referral/,2,Cars24,2026-07
is it safe to sell car on cars24,2,Cars24 Sell,2026-07
madurai cars24,2,Cars24 Cities,2026-07
maruti cars24,2,Cars24,2026-07
near cars24,2,Cars24,2026-07
near cars24 showroom,2,Cars24,2026-07
regency anantam cars24,2,Cars24,2026-07
ruchit cars24,2,Cars24,2026-07
scars24,2,Cars24,2026-07
tata tigor cars24,2,Cars24 + Car Model,2026-07
team cars 24,2,Cars24,2026-07
valuation of cars24,2,Cars24 Sell,2026-07
vikram chopra cars 24,2,Cars24,2026-07
www car 24 com,2,Cars24,2026-07
1 lakh second hand cars24 price,1,Cars24 Buy,2026-07
2024 car for sale,1,Cars24,2026-07
2024 cars for sale,1,Cars24,2026-07
24 car buy,1,Cars24 Buy,2026-07
24 car indore,1,Cars24 Cities,2026-07
24 cars lucknow,1,Cars24 Cities,2026-07
24 cars vadodara,1,Cars24 Cities,2026-07
a24 car,1,Cars24,2026-07
acars24,1,Cars24,2026-07
agra cars24 branch,1,Cars24 Cities,2026-07
audi a6 cars24,1,Cars24 + Car Model,2026-07
brezza car24,1,Cars24 + Car Model,2026-07
call cars 24,1,Cars24,2026-07
can i pay challan through cars24,1,Cars24 Challan,2026-07
can we bargain in cars24,1,Cars24,2026-07
car 24 7 contact number,1,Cars24 Customer Care,2026-07
car 24 amdavad,1,Cars24,2026-07
car 24 amravati,1,Cars24 Cities,2026-07
car 24 bike,1,Cars24,2026-07
car 24 call,1,Cars24,2026-07
car 24 durg,1,Cars24,2026-07
car 24 finance,1,Cars24,2026-07
car 24 jaipur contact number,1,Cars24 Customer Care,2026-07
car 24 near,1,Cars24,2026-07
car 24 owner,1,Cars24,2026-07
car 24 tata punch,1,Cars24 + Car Model,2026-07
car 24 uae,1,Cars24,2026-07
car 24 value,1,Cars24,2026-07
car 243,1,Cars24,2026-07
car 247 login,1,Others,2026-07
car24 2nd hand car,1,Cars24,2026-07
car24 buy used cars,1,Cars24 Buy,2026-07
car24 company,1,Cars24,2026-07
car24 customer care number delhi delhi 24x7 near,1,Cars24 Customer Care,2026-07
car24 customer care number india,1,Cars24 Customer Care,2026-07
car24 dubai,1,Cars24 Cities,2026-07
car24 fortuner,1,Cars24 + Car Model,2026-07
car24 kerala used cars,1,Cars24 Buy,2026-07
car24 loan interest rate,1,Cars24 Buy,2026-07
car24 melbourne,1,Cars24 Cities,2026-07
car24 office gurgaon,1,Cars24 Cities,2026-07
car24 palanpur,1,Cars24,2026-07
car24 patna contact number,1,Cars24 Customer Care,2026-07
car24 report,1,Cars24,2026-07
car24 scam,1,Cars24,2026-07
car24 sg highway ahmedabad,1,Cars24 Cities,2026-07
car24 store near me,1,Cars24 Cities,2026-07
car24 used,1,Cars24,2026-07
car24 value check,1,Cars24,2026-07
car244,1,Cars24,2026-07
cars 24 advertisement,1,Cars24,2026-07
cars 24 ahemdabad,1,Cars24,2026-07
cars 24 alto,1,Cars24 + Car Model,2026-07
cars 24 bathinda,1,Cars24 Cities,2026-07
cars 24 buy cars,1,Cars24 Buy,2026-07
cars 24 car info,1,Others,2026-07
cars 24 car sale,1,Cars24,2026-07
cars 24 chllan,1,Cars24,2026-07
cars 24 com,1,Cars24,2026-07
cars 24 dombivali,1,Cars24,2026-07
cars 24 dubai,1,Cars24 Cities,2026-07
cars 24 howrah,1,Cars24,2026-07
cars 24 lko,1,Cars24,2026-07
"cars 24 near gurugram, haryana",1,Cars24,2026-07
"cars 24 near kochi, kerala",1,Cars24 Cities,2026-07
cars 24 news,1,Cars24,2026-07
cars 24 pune office,1,Cars24 Cities,2026-07
cars 24 resale,1,Cars24,2026-07
cars 24 sell bike,1,Cars24 Sell,2026-07
cars 24 showroom in bangalore,1,Cars24 Cities,2026-07
cars 24 showroom in delhi,1,Cars24 Cities,2026-07
cars 24 sydney,1,Cars24 Cities,2026-07
cars 24 used car inspection,1,Cars24 Buy,2026-07
cars 24 value,1,Cars24,2026-07
cars 24 wakad,1,Cars24,2026-07
cars 247 finance,1,Cars24,2026-07
"cars24 - buy, sell, finance used cars in astra tower, kolkata kolkata",1,Cars24 Sell,2026-07
"cars24 - buy, sell, finance used cars in avani riverside mall, kolkata photos",1,Cars24 Sell,2026-07
"cars24 - buy, sell, finance used cars in gvk one mall, hyderabad reviews",1,Cars24 Sell,2026-07
"cars24 - buy, sell, finance used cars in jakkur post, bangalore",1,Cars24 Sell,2026-07
"cars24 - buy, sell, finance used cars in m3m urbana, gurgaon",1,Cars24 Sell,2026-07
"cars24 - buy, sell, finance used cars in nishal arcade, surat photos",1,Cars24 Sell,2026-07
cars24 - car point photos,1,Cars24,2026-07
cars24 - erode cars | sell used cars in erode photos,1,Cars24 Sell,2026-07
cars24 - m/s. max mototech | sell used cars in sri ganganagar photos,1,Cars24 Sell,2026-07
"cars24 - sell used cars in bhowanipore, kolkata photos",1,Cars24 Sell,2026-07
"cars24 - sell used cars in saket, new delhi",1,Cars24 Sell,2026-07
"cars24 - sell used cars in singhsandra, bengaluru photos",1,Cars24 Sell,2026-07
cars24 30 day return policy,1,Cars24,2026-07
cars24 7 day return policy,1,Cars24,2026-07
cars24 about,1,Cars24,2026-07
cars24 ad,1,Cars24,2026-07
cars24 adajan surat,1,Cars24 Cities,2026-07
cars24 altroz,1,Cars24 + Car Model,2026-07
cars24 amanora mall pune,1,Cars24 Cities,2026-07
cars24 api,1,Cars24,2026-07
cars24 bachupally contact number,1,Cars24 Customer Care,2026-07
cars24 bangalore office,1,Cars24 Cities,2026-07
cars24 banjara hills,1,Cars24,2026-07
cars24 banswara,1,Cars24,2026-07
cars24 bharuch address,1,Cars24,2026-07
cars24 branches,1,Cars24,2026-07
cars24 car delivery,1,Cars24,2026-07
cars24 car insurance,1,Cars24 Buy,2026-07
cars24 car sale process,1,Cars24,2026-07
cars24 careers uae,1,Others,2026-07
cars24 ceo email,1,Cars24,2026-07
cars24 challan toll free number,1,Cars24 Challan,2026-07
cars24 charges for selling car,1,Cars24,2026-07
cars24 chd,1,Cars24,2026-07
cars24 commission charges,1,Cars24,2026-07
cars24 compare,1,Cars24,2026-07
cars24 customer care number ahmedabad 24x7,1,Cars24 Customer Care,2026-07
cars24 customer care toll free number india 24x7 hyderabad,1,Cars24 Customer Care,2026-07
cars24 customer review,1,Others,2026-07
cars24 customer to customer,1,Cars24,2026-07
cars24 dhule,1,Cars24,2026-07
cars24 discount,1,Cars24,2026-07
cars24 do not disturb,1,Cars24,2026-07
cars24 driver app,1,Cars24,2026-07
cars24 edapally kochi kerala,1,Cars24 Cities,2026-07
cars24 elite gurgaon,1,ELITE,2026-07
cars24 employees,1,Cars24,2026-07
cars24 exchange,1,Cars24,2026-07
cars24 finance contact number,1,Cars24 Customer Care,2026-07
cars24 for bikes,1,Cars24,2026-07
cars24 founder vikram chopra,1,Cars24,2026-07
cars24 free home inspection,1,Cars24,2026-07
cars24 goa contact number,1,Cars24 Customer Care,2026-07
cars24 gomti nagar lucknow contact number,1,Cars24 Customer Care,2026-07
cars24 google review,1,Others,2026-07
cars24 goregaon address,1,Cars24 Cities,2026-07
cars24 gota,1,Cars24,2026-07
cars24 greater noida contact number,1,Cars24 Customer Care,2026-07
cars24 guntur contact number,1,Cars24 Customer Care,2026-07
cars24 hassan,1,Cars24,2026-07
cars24 higher authority email id,1,Cars24,2026-07
cars24 himachal pradesh,1,Cars24,2026-07
cars24 hosur contact number,1,Cars24 Customer Care,2026-07
cars24 hub bangalore,1,Cars24 Cities,2026-07
cars24 hub bellahalli,1,Cars24 Cities,2026-07
cars24 hub gnb mall ghaziabad,1,Cars24 Cities,2026-07
cars24 hub gurgaon,1,Cars24 Cities,2026-07
cars24 hub kandivali,1,Cars24,2026-07
cars24 hub kompally hyderabad,1,Cars24 Cities,2026-07
cars24 hyderabad kompally,1,Cars24 Cities,2026-07
cars24 hyderabad phone number,1,Cars24 Cities,2026-07
cars24 hyryder,1,Cars24 + Car Model,2026-07
cars24 in andhra pradesh,1,Cars24,2026-07
cars24 in dubai,1,Cars24 Cities,2026-07
cars24 in gujarat,1,Cars24 Cities,2026-07
cars24 in kerala,1,Cars24 Cities,2026-07
cars24 inspection near me,1,Cars24 Cities,2026-07
cars24 instant offer,1,Cars24,2026-07
cars24 is genuine or fake,1,Cars24,2026-07
cars24 jaipur near me,1,Cars24 Cities,2026-07
cars24 jalandhar contact number,1,Cars24 Customer Care,2026-07
cars24 jhansi address,1,Cars24,2026-07
cars24 jobs in mumbai,1,Others,2026-07
cars24 kakkanad location,1,Cars24 Cities,2026-07
cars24 karur,1,Cars24,2026-07
cars24 kerala contact number,1,Cars24 Customer Care,2026-07
cars24 kolkata showroom,1,Cars24 Cities,2026-07
cars24 kondapur,1,Cars24,2026-07
cars24 ksa,1,Cars24,2026-07
cars24 kya h,1,Cars24,2026-07
cars24 logo png,1,Others,2026-07
cars24 m3m,1,Cars24,2026-07
cars24 magadi road,1,Cars24,2026-07
cars24 mujmahuda vadodara,1,Cars24 Cities,2026-07
cars24 mumbai goregaon,1,Cars24 Cities,2026-07
cars24 muzaffarpur contact number,1,Cars24 Customer Care,2026-07
cars24 near rohini delhi,1,Cars24 Cities,2026-07
cars24 near uppal hyderabad,1,Cars24 Cities,2026-07
cars24 news,1,Cars24,2026-07
cars24 newtown,1,Cars24,2026-07
cars24 nexus vijaya mall,1,Cars24,2026-07
cars24 nishal arcade surat,1,Cars24 Cities,2026-07
cars24 nit faridabad,1,Cars24 Cities,2026-07
cars24 noida address,1,Cars24 Cities,2026-07
cars24 office bangalore,1,Cars24 Cities,2026-07
cars24 office hyderabad,1,Cars24 Cities,2026-07
cars24 office in gurgaon,1,Cars24 Cities,2026-07
cars24 okhla phase 2,1,Cars24,2026-07
cars24 omr,1,Cars24,2026-07
cars24 owners,1,Cars24,2026-07
cars24 pdi coupon code,1,PDI,2026-07
cars24 pre delivery inspection cost,1,PDI,2026-07
cars24 pune office,1,Cars24 Cities,2026-07
cars24 rc transfer charges,1,Others,2026-07
cars24 roadside assistance,1,Cars24,2026-07
cars24 sarai faridabad,1,Cars24 Cities,2026-07
cars24 satara contact number,1,Cars24 Customer Care,2026-07
cars24 sector 66 gurgaon,1,Cars24 Cities,2026-07
cars24 sell pro review,1,Cars24 Sell,2026-07
cars24 service private limited,1,Cars24,2026-07
cars24 services private limited gurgaon,1,Others,2026-07
cars24 sholinganallur contact number,1,Cars24 Customer Care,2026-07
cars24 tathawade pune contact number,1,Cars24 Customer Care,2026-07
cars24 thiruverkadu location,1,Cars24 Cities,2026-07
cars24 toll free,1,Cars24 Customer Care,2026-07
cars24 toll free number india,1,Cars24 Customer Care,2026-07
cars24 udaipur contact number,1,Cars24 Customer Care,2026-07
cars24 ujjain address,1,Cars24 Cities,2026-07
cars24 under 4 lakh,1,Cars24,2026-07
cars24 vadapalani address,1,Cars24,2026-07
cars24 valuation in rupees,1,Cars24 Sell,2026-07
cars24 vehicle search,1,Cars24,2026-07
cars24 victoria,1,Cars24,2026-07
cars24 vs spinny which is better to sell car,1,Cars24 Sell,2026-07
cars24 wikipedia,1,Cars24,2026-07
cars24hub,1,Cars24,2026-07
cars24x7,1,Cars24,2026-07
cars24×7,1,Cars24,2026-07
ccar24,1,Cars24,2026-07
ceo of cars 24,1,Cars24,2026-07
contact number of cars24,1,Cars24 Customer Care,2026-07
customer care of cars24,1,Cars24 Customer Care,2026-07
do cars24 negotiate,1,Cars24,2026-07
does cars24 charge for car inspection,1,Cars24,2026-07
does cars24 negotiate,1,Cars24,2026-07
does cars24 sell new cars,1,Cars24 Sell,2026-07
download cars24 app,1,Cars24,2026-07
e challan parivahan cars24,1,Cars24 Challan,2026-07
eco cars24,1,Cars24,2026-07
ford ecosport cars 24,1,Cars24 + Car Model,2026-07
gajendra cars24,1,Cars24,2026-07
gnb mall ghaziabad cars24,1,Cars24 Cities,2026-07
gomti nagar cars24,1,Cars24,2026-07
how to close cars24 loan,1,Cars24 Buy,2026-07
how to delete account in cars24,1,Cars24,2026-07
how to sell car on cars24,1,Cars24 Sell,2026-07
https www cars24 com,1,Cars24,2026-07
hyundai aura cars24,1,Cars24 + Car Model,2026-07
insurance 24 by cars24,1,Cars24 Buy,2026-07
is cars24 price negotiable,1,Cars24 Buy,2026-07
is it good to buy car from cars24,1,Cars24 Buy,2026-07
lifetime warranty cars24,1,Cars24,2026-07
low price cars24 price,1,Cars24 Buy,2026-07
mahindra thar cars 24,1,Cars24 + Car Model,2026-07
maruti jimny cars24,1,Cars24 + Car Model,2026-07
mg gloster cars24,1,Cars24 + Car Model,2026-07
my car 24,1,Cars24,2026-07
mycar 24,1,Cars24,2026-07
near by cars24,1,Cars24,2026-07
newcar 24,1,Cars24,2026-07
patna cars24 branch,1,Cars24 Cities,2026-07
premium cars 24,1,Cars24 Buy,2026-07
s24 car,1,Cars24,2026-07
sas tower cars24,1,Cars24,2026-07
second hand car car24,1,Cars24 Buy,2026-07
sell car cars 24,1,Cars24 Sell,2026-07
sell your car cars24,1,Cars24 Sell,2026-07
site:cars24.com sell car,1,Cars24 Sell,2026-07
sonet cars24,1,Cars24,2026-07
spinny or cars24,1,Cars24,2026-07
support@cars24.com,1,Cars24 Customer Care,2026-07
surat cars24,1,Cars24 Cities,2026-07
tata tiago cars 24,1,Cars24 + Car Model,2026-07
tathawade pune cars24,1,Cars24 Cities,2026-07
toll free number cars24,1,Cars24 Customer Care,2026-07
toyota etios cars24,1,Cars24 + Car Model,2026-07
used cars in cars 24,1,Cars24 Buy,2026-07
v24 car,1,Cars24,2026-07
vehicleinfo.support@cars24.com,1,Cars24 Customer Care,2026-07
vikram cars24,1,Cars24,2026-07
vikram chopra cars24 email,1,Cars24,2026-07
vikram chopra cars24 email id,1,Cars24,2026-07
volvo cars24,1,Cars24 + Car Model,2026-07
what about cars24,1,Cars24,2026-07
what is cars24 company,1,Cars24,2026-07
who owns cars 24,1,Cars24,2026-07
www cars24 com india,1,Cars24,2026-07
