keyword,impressions,category,month
cars24,579187,Cars24,2026-08
cars 24,202461,Cars24,2026-08
car 24,125039,Cars24,2026-08
car24,119152,Cars24,2026-08
cars24 challan,39388,Cars24 Challan,2026-08
car24 challan,21851,Cars24 Challan,2026-08
car 24 challan,16175,Cars24 Challan,2026-08
cars24 pune,10097,Cars24 Cities,2026-08
cars24 challan check,9499,Cars24 Challan,2026-08
cars 24 challan,9198,Cars24 Challan,2026-08
cars24 near me,9058,Cars24 Cities,2026-08
e challan cars24,8077,Cars24 Challan,2026-08
cars24 chennai,7870,Cars24 Cities,2026-08
cars24 bangalore,6339,Cars24 Cities,2026-08
cars 24 near me,6191,Cars24 Cities,2026-08
cars24 ahmedabad,6051,Cars24 Cities,2026-08
car24 challan check,5537,Cars24 Challan,2026-08
car 24 challan check,4662,Cars24 Challan,2026-08
24 cars,4656,Cars24,2026-08
cars24 customer care number,4636,Cars24 Customer Care,2026-08
cars 24 pune,4311,Cars24 Cities,2026-08
cars24 hyderabad,4143,Cars24 Cities,2026-08
cars24 mumbai,3729,Cars24 Cities,2026-08
cars24 lucknow,3580,Cars24 Cities,2026-08
cars 24 bangalore,3577,Cars24 Cities,2026-08
cars24 coimbatore,3531,Cars24 Cities,2026-08
car 24 near me,3481,Cars24 Cities,2026-08
cars 24 chennai,3477,Cars24 Cities,2026-08
car24 near me,3364,Cars24 Cities,2026-08
cars24 surat,3351,Cars24 Cities,2026-08
cars24 jaipur,3303,Cars24 Cities,2026-08
cars24 indore,3263,Cars24 Cities,2026-08
cars24 customer care,3005,Cars24 Customer Care,2026-08
car 24 ahmedabad,2974,Cars24 Cities,2026-08
echallan cars24,2849,Cars24 Challan,2026-08
cars 24 hyderabad,2796,Cars24 Cities,2026-08
cars24 patna,2760,Cars24 Cities,2026-08
cars 24 ahmedabad,2587,Cars24 Cities,2026-08
car 24 pune,2564,Cars24 Cities,2026-08
cars24 delhi,2556,Cars24 Cities,2026-08
car 24 delhi,2516,Cars24 Cities,2026-08
car 24 lucknow,2499,Cars24 Cities,2026-08
cars 24 mumbai,2491,Cars24 Cities,2026-08
cars24 e challan,2415,Cars24 Challan,2026-08
challan cars24,2384,Cars24 Challan,2026-08
car24 customer care number,2319,Cars24 Customer Care,2026-08
cars24 vadodara,2297,Cars24 Cities,2026-08
car 24 customer care number,2195,Cars24 Customer Care,2026-08
cars24 nagpur,2192,Cars24 Cities,2026-08
car24 ahmedabad,2178,Cars24 Cities,2026-08
cars 24 customer care number,2129,Cars24 Customer Care,2026-08
cars24 kolkata,2097,Cars24 Cities,2026-08
cars 24 customer care,2034,Cars24 Customer Care,2026-08
cars24 customer care toll free number,2032,Cars24 Customer Care,2026-08
car 24 mumbai,2007,Cars24 Cities,2026-08
car 24 patna,1982,Cars24 Cities,2026-08
car24 pune,1883,Cars24 Cities,2026-08
24 car,1801,Cars24,2026-08
cars 24 coimbatore,1789,Cars24 Cities,2026-08
car 24 jaipur,1777,Cars24 Cities,2026-08
cars24 gurgaon,1763,Cars24 Cities,2026-08
car24 delhi,1705,Cars24 Cities,2026-08
car24 patna,1701,Cars24 Cities,2026-08
cars24 pdi,1682,PDI,2026-08
cars 24 delhi,1658,Cars24 Cities,2026-08
cars24 gurgaon boat challan,1642,Cars24 Challan,2026-08
car24 lucknow,1630,Cars24 Cities,2026-08
car 24.com,1622,Cars24,2026-08
challan check car 24,1604,Cars24 Challan,2026-08
cars24 careers,1590,Others,2026-08
cars 24 jaipur,1577,Cars24 Cities,2026-08
car 24 indore,1555,Cars24 Cities,2026-08
cars 24 lucknow,1539,Cars24 Cities,2026-08
cars24 head office contact number,1522,Cars24 Customer Care,2026-08
carz 24,1501,Cars24,2026-08
cars24 customer care toll free number india 24x7 delhi,1454,Cars24 Customer Care,2026-08
cars24 rajkot,1357,Cars24 Cities,2026-08
car24 jaipur,1347,Cars24 Cities,2026-08
cars 24 patna,1310,Cars24 Cities,2026-08
cars24 axle,1307,Cars24 Buy,2026-08
cars 24 indore,1261,Cars24 Cities,2026-08
cars24 kochi,1248,Cars24 Cities,2026-08
cars24 kompally,1242,Cars24 Cities,2026-08
cars24 check challan,1210,Cars24 Challan,2026-08
car 24 surat,1186,Cars24 Cities,2026-08
cars 24 check challan,1154,Cars24 Challan,2026-08
car24 mumbai,1133,Cars24 Cities,2026-08
cars24 jakkur,1130,Cars24 Cities,2026-08
car24 e challan,1122,Cars24 Challan,2026-08
cars 24 nagpur,1119,Cars24 Cities,2026-08
car 24 chalan,1113,Cars24 Challan,2026-08
car 24 chandigarh,1084,Cars24 Cities,2026-08
cars24 sell car,1079,Cars24 Sell,2026-08
car 24 customer care,1076,Cars24 Customer Care,2026-08
cars 24 gurgaon,1047,Cars24 Cities,2026-08
cars24 chandigarh,1044,Cars24 Cities,2026-08
cars24 faridabad,1041,Cars24 Cities,2026-08
cars 24 surat,1038,Cars24 Cities,2026-08
cars24 noida,1024,Cars24 Cities,2026-08
cars24 contact number,1017,Cars24 Customer Care,2026-08
car24 chennai,1007,Cars24 Cities,2026-08
car 24 gurgaon,993,Cars24 Cities,2026-08
car 24 used car,993,Cars24 Buy,2026-08
car24 surat,986,Cars24 Cities,2026-08
car24 indore,978,Cars24 Cities,2026-08
cars 24 kolkata,961,Cars24 Cities,2026-08
car 24 nagpur,943,Cars24 Cities,2026-08
car 24 e challan,914,Cars24 Challan,2026-08
cars 24 pdi,871,PDI,2026-08
ecco 2024 car price,857,Cars24 Buy,2026-08
cars24 nashik,853,Cars24 Cities,2026-08
cars24 bhopal,846,Cars24 Cities,2026-08
cars24 thiruverkadu,846,Cars24 Cities,2026-08
cars24 helpline number,832,Cars24 Customer Care,2026-08
cars24 india,823,Cars24,2026-08
cars24 login,822,Others,2026-08
cars 24 vadodara,803,Cars24 Cities,2026-08
car 24 hyderabad,796,Cars24 Cities,2026-08
car 24 vadodara,794,Cars24 Cities,2026-08
challan check cars24,786,Cars24 Challan,2026-08
car 24 kolkata,782,Cars24 Cities,2026-08
cars24 buy car,780,Cars24 Buy,2026-08
cars 24 chandigarh,776,Cars24 Cities,2026-08
car 24 noida,774,Cars24 Cities,2026-08
cars24 valuation,750,Cars24 Sell,2026-08
car24 hyderabad,746,Cars24 Cities,2026-08
car 24 bangalore,736,Cars24 Cities,2026-08
cars24 used cars,735,Cars24 Buy,2026-08
cars 24 noida,735,Cars24 Cities,2026-08
car 24 chennai,704,Cars24 Cities,2026-08
car24 nagpur,681,Cars24 Cities,2026-08
cars 24 faridabad,656,Cars24 Cities,2026-08
card24,652,Cars24,2026-08
cars24 naroda,644,Cars24 Cities,2026-08
cara 24,623,Cars24,2026-08
cars24 agra,622,Cars24 Cities,2026-08
cars24 customer care toll free number india 24x7,618,Cars24 Customer Care,2026-08
cars24 challan payment,610,Cars24 Challan,2026-08
cars24 review,609,Others,2026-08
cars 24 tathawade,606,Cars24 Cities,2026-08
cars24 kanpur,605,Cars24 Cities,2026-08
cars24 dehradun,601,Cars24 Cities,2026-08
car24 customer care,593,Cars24 Customer Care,2026-08
car24 kolkata,590,Cars24 Cities,2026-08
cars24 vizag,589,Cars24 Cities,2026-08
cars24 ghaziabad,588,Cars24 Cities,2026-08
cars24 tathawade,586,Cars24 Cities,2026-08
cars 24 e challan,578,Cars24 Challan,2026-08
traffic challan cars24,570,Cars24 Challan,2026-08
cars24 challan check online,570,Cars24 Challan,2026-08
car24 used car,562,Cars24 Buy,2026-08
car 24 bhopal,560,Cars24 Cities,2026-08
car24 used cars,559,Cars24 Buy,2026-08
car 24 sell car,557,Cars24 Sell,2026-08
e challan car24,554,Cars24 Challan,2026-08
cars24 ranchi,552,Cars24 Cities,2026-08
car24 check challan,533,Cars24 Challan,2026-08
cars24 owner,527,Cars24,2026-08
car24 vadodara,521,Cars24 Cities,2026-08
cars24 bachupally,520,Cars24 Cities,2026-08
cars24 mysore,504,Cars24 Cities,2026-08
car24 bangalore,499,Cars24 Cities,2026-08
cars 24 helpline number,497,Cars24 Customer Care,2026-08
cars24 showroom near me,484,Cars24 Cities,2026-08
cars24 app,478,Cars24,2026-08
"cars24 - sell used cars in botanical garden, noida",476,Cars24 Sell,2026-08
cars24 thane,474,Cars24 Cities,2026-08
cars24 challan up,472,Cars24 Challan,2026-08
cars 24 jakkur,470,Cars24 Cities,2026-08
cars 24 sell car,462,Cars24 Sell,2026-08
cars 24 used car,458,Cars24 Buy,2026-08
cars24 sholinganallur,450,Cars24 Cities,2026-08
cars24 dombivli,449,Cars24 Cities,2026-08
cars 24 bhopal,449,Cars24 Cities,2026-08
cars24.com,448,Cars24,2026-08
cars24 - sell used cars in ahmedabad,447,Cars24 Sell,2026-08
car 24 dehradun,445,Cars24 Cities,2026-08
car 24 kochi,434,Cars24 Cities,2026-08
cars24 mohali,427,Cars24 Cities,2026-08
cars24 bhubaneswar,425,Cars24 Cities,2026-08
car 24 rajkot,424,Cars24 Cities,2026-08
check challan cars24,421,Cars24 Challan,2026-08
cars24 jodhpur,417,Cars24 Cities,2026-08
cars 24 nashik,417,Cars24 Cities,2026-08
cars24 guwahati,416,Cars24 Cities,2026-08
car24 kochi,415,Cars24 Cities,2026-08
cars 24 kochi,411,Cars24 Cities,2026-08
cars24 goregaon,410,Cars24 Cities,2026-08
cars24 raipur,409,Cars24 Cities,2026-08
cars 24 kompally,409,Cars24 Cities,2026-08
cars24 complaint number,403,Cars24 Customer Care,2026-08
check challan car 24,402,Cars24 Challan,2026-08
car 24 challan status,399,Cars24 Challan,2026-08
cars24 rajouri garden,392,Cars24 Cities,2026-08
www.cars24.com india,388,Cars24,2026-08
cars 24 careers,386,Others,2026-08
car24 gurgaon,385,Cars24 Cities,2026-08
car24 rajkot,385,Cars24 Cities,2026-08
car24 challan payment,381,Cars24 Challan,2026-08
cars 24 ghaziabad,381,Cars24 Cities,2026-08
car24 sell car,375,Cars24 Sell,2026-08
24 car challan,368,Cars24 Challan,2026-08
cars24 office near me,368,Cars24 Cities,2026-08
cars24 vijayawada,365,Cars24 Cities,2026-08
cars 24 thiruverkadu,361,Cars24 Cities,2026-08
car 24 agra,359,Cars24 Cities,2026-08
car 24 contact number,357,Cars24 Customer Care,2026-08
challan car 24,356,Cars24 Challan,2026-08
cars24 traffic challan,354,Cars24 Challan,2026-08
cars24 head office,352,Cars24 Customer Care,2026-08
cars 24 owner,349,Cars24,2026-08
cars24 second hand car,347,Cars24 Buy,2026-08
cars 24 showroom near me,346,Cars24 Cities,2026-08
cars24 ludhiana,343,Cars24 Cities,2026-08
car24 mohali,338,Cars24 Cities,2026-08
cars24 email id,338,Cars24,2026-08
cars24 sales panel,337,Cars24,2026-08
car24 contact number,335,Cars24 Customer Care,2026-08
car 24 ghaziabad,332,Cars24 Cities,2026-08
cars24 aurangabad,330,Cars24 Cities,2026-08
car 24 ludhiana,327,Cars24 Cities,2026-08
cars 24 kakkanad,327,Cars24 Cities,2026-08
e challan 24 car,323,Cars24 Challan,2026-08
cars24 madurai,323,Cars24 Cities,2026-08
cars24 car valuation,323,Cars24 Sell,2026-08
cars24 toll free number,320,Cars24 Customer Care,2026-08
car 24 second hand car,318,Cars24 Buy,2026-08
cars24 jabalpur,315,Cars24 Cities,2026-08
cars 24 dehradun,313,Cars24 Cities,2026-08
cars24 - sell used cars in hyderabad,310,Cars24 Sell,2026-08
car 24 helpline number,306,Cars24 Customer Care,2026-08
cars24 attapur,305,Cars24,2026-08
car 24 nashik,304,Cars24 Cities,2026-08
24 car sale,303,Cars24,2026-08
cars24 fine check,299,Cars24 Challan,2026-08
cars24 customer care toll free number india 24x7 delhi just,298,Cars24 Customer Care,2026-08
cars24.com challan,297,Cars24 Challan,2026-08
car24 bhopal,296,Cars24 Cities,2026-08
cars24 ahmedabad contact number,295,Cars24 Customer Care,2026-08
car 24 ranchi,293,Cars24 Cities,2026-08
cars 24 agra,292,Cars24 Cities,2026-08
car24 buy car,291,Cars24 Buy,2026-08
cars24 udaipur,290,Cars24 Cities,2026-08
cars24 number,287,Cars24,2026-08
car 24 kanpur,286,Cars24 Cities,2026-08
24 cars near me,286,Cars24 Cities,2026-08
ecco 2024 car price 7 seater,284,Cars24 Buy,2026-08
car24 coimbatore,280,Cars24 Cities,2026-08
cars24 kolhapur,279,Cars24 Cities,2026-08
car 24 coimbatore,276,Cars24 Cities,2026-08
cars 24 vizag,275,Cars24 Cities,2026-08
cars24 goa,274,Cars24 Cities,2026-08
cars24 boat,272,Cars24,2026-08
cars 24 contact number,270,Cars24 Customer Care,2026-08
cars24 belapur,269,Cars24,2026-08
cars 24 goregaon,268,Cars24 Cities,2026-08
cars24 kakkanad,265,Cars24 Cities,2026-08
cars24 delhi ncr,264,Cars24 Cities,2026-08
cars24 meerut,264,Cars24 Cities,2026-08
car24 chalan,260,Cars24 Challan,2026-08
cars24 trichy,259,Cars24 Cities,2026-08
cars 24 rajkot,259,Cars24 Cities,2026-08
cars 24 pdi cost,259,PDI,2026-08
24 cars challan,257,Cars24 Challan,2026-08
cars24 echallan,257,Cars24 Challan,2026-08
car24 ranchi,257,Cars24 Cities,2026-08
cars24 tathawade pune,256,Cars24 Cities,2026-08
cars24 hub near me,254,Cars24 Cities,2026-08
cars 24 india,247,Cars24,2026-08
cars24 amanora,246,Cars24,2026-08
cars24 founder,246,Cars24,2026-08
car 24 chalan check,245,Cars24 Challan,2026-08
cars24 whitefield,244,Cars24,2026-08
cars24 customer care number india,237,Cars24 Customer Care,2026-08
cars24 logo,235,Others,2026-08
cars24 varanasi,234,Cars24 Cities,2026-08
cars24 vehicle details,233,Others,2026-08
car24 dehradun,231,Cars24 Cities,2026-08
cars24 memo check,229,Cars24 Challan,2026-08
cars24 elite,228,ELITE,2026-08
site:www.cars24.com,226,Cars24,2026-08
cars24 sector 18,225,Cars24,2026-08
"cars24 - sell used cars in gomti nagar, lucknow",224,Cars24 Sell,2026-08
cars24 pay challan,223,Cars24 Challan,2026-08
cars 24 mysore,223,Cars24 Cities,2026-08
echallan car24,222,Cars24 Challan,2026-08
cars24 inspection,222,Cars24,2026-08
cars 24 challan check,221,Cars24 Challan,2026-08
car24 pdi,220,PDI,2026-08
cars24 navi mumbai,218,Cars24 Cities,2026-08
cars24 gandhinagar,218,Cars24 Cities,2026-08
car 24 jodhpur,218,Cars24 Cities,2026-08
cars24 loan customer care number,216,Cars24 Customer Care,2026-08
cars24 hubli,216,Cars24 Cities,2026-08
car 24 raipur,213,Cars24 Cities,2026-08
cars24 mangalore,213,Cars24 Cities,2026-08
cars24 financial services private limited,213,Cars24 Buy,2026-08
cars24 vehicle info,212,Others,2026-08
car 24 mohali,212,Cars24 Cities,2026-08
cars24india,211,Cars24,2026-08
car24 helpline number,209,Cars24 Customer Care,2026-08
car24 agra,208,Cars24 Cities,2026-08
car 24 showroom near me,208,Cars24 Cities,2026-08
cars24 uae,206,Cars24,2026-08
cars24 chennai used cars,206,Cars24 Buy,2026-08
car24 india,205,Cars24,2026-08
car24 raipur,204,Cars24 Cities,2026-08
car 24 bhubaneswar,204,Cars24 Cities,2026-08
car 24 delhi ncr,203,Cars24 Cities,2026-08
cars24 pdi service,203,PDI,2026-08
challan 24 car,202,Cars24 Challan,2026-08
cars 24 ludhiana,202,Cars24 Cities,2026-08
cars 24 thane,202,Cars24 Cities,2026-08
cars 24 delhi ncr,201,Cars24 Cities,2026-08
e challan car 24,199,Cars24 Challan,2026-08
car 24 gwalior,198,Cars24 Cities,2026-08
cars24 karnal,197,Cars24 Cities,2026-08
cars 24 singanallur,197,Cars24,2026-08
cars24 prayagraj,194,Cars24 Cities,2026-08
car24.com india,194,Cars24,2026-08
cars24 salem,193,Cars24 Cities,2026-08
cars 24 kanpur,192,Cars24 Cities,2026-08
cars 24.com,192,Cars24,2026-08
prachi sharma cars24,191,Cars24,2026-08
car24 vehicle details,190,Others,2026-08
car 24 callan,189,Cars24 Challan,2026-08
cars24 customer care number bangalore,189,Cars24 Customer Care,2026-08
cars24 e challan check,185,Cars24 Challan,2026-08
cars 24 mohali,185,Cars24 Cities,2026-08
cars 24 toll free number,182,Cars24 Customer Care,2026-08
car 24 jabalpur,182,Cars24 Cities,2026-08
car24 kanpur,181,Cars24 Cities,2026-08
cars24 job vacancy,180,Others,2026-08
car 24 toll free number,179,Cars24 Customer Care,2026-08
cars24 jammu,178,Cars24 Cities,2026-08
cars24 gwalior,177,Cars24 Cities,2026-08
24 car bazar,177,Cars24,2026-08
cars 24 raipur,176,Cars24 Cities,2026-08
cars24 challan status,176,Cars24 Challan,2026-08
cars 24 vijayawada,176,Cars24 Cities,2026-08
car 24 tathawade,176,Cars24 Cities,2026-08
cars 24 bachupally,176,Cars24 Cities,2026-08
car 24 gorakhpur,175,Cars24 Cities,2026-08
cars24 visakhapatnam address,174,Cars24 Cities,2026-08
cars24 rto check,173,Others,2026-08
cars24 jobs,173,Others,2026-08
"cars24 - sell used cars in mulund, mumbai",173,Cars24 Sell,2026-08
car24 jabalpur,172,Cars24 Cities,2026-08
car24 noida,172,Cars24 Cities,2026-08
cars24 kerala,172,Cars24 Cities,2026-08
cars24 services private limited,172,Others,2026-08
cars24 customer care mobile number,172,Cars24 Customer Care,2026-08
car 24 vehicle details,171,Others,2026-08
cars24 office gurgaon,170,Cars24 Cities,2026-08
cars24 customer care toll free number india,169,Cars24 Customer Care,2026-08
car 24 patna bihar,169,Cars24 Cities,2026-08
cars 24 bhubaneswar,169,Cars24 Cities,2026-08
cars24 ahmedabad address,168,Cars24 Cities,2026-08
car 24 check challan,167,Cars24 Challan,2026-08
cars24 owner details,164,Others,2026-08
cars24 online challan check,164,Cars24 Challan,2026-08
cars24 pune contact number,162,Cars24 Customer Care,2026-08
cars24 used car,160,Cars24 Buy,2026-08
car 24 thane,160,Cars24 Cities,2026-08
"cars24 - buy, sell, finance used cars in whitefield, bangalore mahadevapura reviews",159,Cars24 Sell,2026-08
cars24 helpline,158,Cars24 Customer Care,2026-08
cars24 jamshedpur,158,Cars24 Cities,2026-08
cars24 customer care toll free number india 24x7 near pune,157,Cars24 Customer Care,2026-08
car24 patna used cars,156,Cars24 Buy,2026-08
thar cars24,155,Cars24 + Car Model,2026-08
cars 24 ranchi,155,Cars24 Cities,2026-08
cars24 surat contact number,154,Cars24 Customer Care,2026-08
cars24 rohini,153,Cars24,2026-08
24 car challan check,152,Cars24 Challan,2026-08
cars24 career,150,Others,2026-08
cars24 reviews,150,Others,2026-08
car24 car details,149,Others,2026-08
cars24 loan,149,Cars24 Buy,2026-08
cars 24 challan pay,149,Cars24 Challan,2026-08
24 cars coimbatore,149,Cars24 Cities,2026-08
car24challan,148,Cars24 Challan,2026-08
cars 24 boat,148,Cars24,2026-08
sell car on cars24,147,Cars24 Sell,2026-08
cars24 gorakhpur,146,Cars24 Cities,2026-08
car 24 pdi,146,PDI,2026-08
nearby cars24,146,Cars24,2026-08
challan 24 cars,144,Cars24 Challan,2026-08
car24 bhubaneswar,143,Cars24 Cities,2026-08
cars24 memo,141,Cars24 Challan,2026-08
cars24 buy used cars,141,Cars24 Buy,2026-08
cars24 astra tower,141,Cars24,2026-08
cars24 challan customer care number,140,Cars24 Challan,2026-08
cars24 pdi cost,140,PDI,2026-08
car 24 office near me,140,Cars24 Cities,2026-08
cars24 used cars pune,139,Cars24 Buy,2026-08
cars 24 kolhapur,139,Cars24 Cities,2026-08
cars 24 guwahati,138,Cars24 Cities,2026-08
cars24 karnavati,138,Cars24,2026-08
cars24 चालान,137,Cars24 Challan,2026-08
cars24 korum mall,136,Cars24,2026-08
car24 jodhpur,135,Cars24 Cities,2026-08
car 24 karnal,134,Cars24 Cities,2026-08
cars24 gujarat,133,Cars24 Cities,2026-08
24 cars pune,133,Cars24 Cities,2026-08
what is cars24,132,Cars24,2026-08
cars24 muzaffarpur,130,Cars24 Cities,2026-08
cars24 kota,128,Cars24 Cities,2026-08
cars24 gurugram,128,Cars24 Cities,2026-08
cars24 emi calculator,127,Cars24 Buy,2026-08
cars24 support,127,Cars24 Customer Care,2026-08
bike challan check cars24,127,Cars24 Challan,2026-08
cars24 hosur,126,Cars24,2026-08
cars 24 pdi service,126,PDI,2026-08
car 24 india,125,Cars24,2026-08
cars 24 vadapalani,125,Cars24,2026-08
car 24 buy car,125,Cars24 Buy,2026-08
car 24 varanasi,124,Cars24 Cities,2026-08
cars24 fortuner,123,Cars24 + Car Model,2026-08
vehicle challan cars24,123,Cars24 Challan,2026-08
e challan payment cars24,123,Cars24 Challan,2026-08
cars24 gurgaon office,123,Cars24 Cities,2026-08
car24 nashik,122,Cars24 Cities,2026-08
cars 24 jabalpur,122,Cars24 Cities,2026-08
cars24 corporate support office sector 38,122,Cars24 Customer Care,2026-08
cars24 service history,121,Others,2026-08
car24 kompally,120,Cars24 Cities,2026-08
cars24 vapi,120,Cars24,2026-08
cars24 rohtak,120,Cars24 Cities,2026-08
cars24 chennai contact number,120,Cars24 Customer Care,2026-08
cars24 vadapalani,120,Cars24,2026-08
"cars24 - buy, sell, finance used cars in gandhi nagar, bangalore",120,Cars24 Sell,2026-08
cars 24 helpline,119,Cars24 Customer Care,2026-08
cars24 all india,119,Cars24,2026-08
car24 echallan,119,Cars24 Challan,2026-08
cars24 fine,119,Cars24,2026-08
challan details cars24,118,Cars24 Challan,2026-08
cars24 rohini metro walk,117,Cars24,2026-08
cars24 singanallur,117,Cars24,2026-08
vehicle details cars24,116,Others,2026-08
cars24com,116,Cars24,2026-08
cars24 auction,116,Cars24 Buy,2026-08
cars24 moradabad,116,Cars24 Cities,2026-08
cars24 financial services,116,Cars24 Buy,2026-08
cars24 boat in gurgaon,116,Cars24 Cities,2026-08
car24 challan status,115,Cars24 Challan,2026-08
cars24 ahmedabad naroda,115,Cars24 Cities,2026-08
cars24 pondicherry,114,Cars24 Cities,2026-08
cars24 ceo email id,114,Cars24,2026-08
cars24 jaipur contact number,114,Cars24 Customer Care,2026-08
cars24 dwarka,113,Cars24,2026-08
e challan check cars24,112,Cars24 Challan,2026-08
cars 24 trichy,111,Cars24 Cities,2026-08
car24 ludhiana,111,Cars24 Cities,2026-08
cars24 pdi charges,111,PDI,2026-08
cars24 mumbai contact number,111,Cars24 Customer Care,2026-08
cars 24 second hand car,111,Cars24 Buy,2026-08
cars24 challan with photo,109,Cars24 Challan,2026-08
cars24 rc check,108,Others,2026-08
cars24 in pune,108,Cars24 Cities,2026-08
cars24 uppal,108,Cars24,2026-08
is cars24 reliable,108,Cars24,2026-08
cars24 insurance check,107,Cars24 Buy,2026-08
cars24 new car,105,Cars24 Buy,2026-08
cars24 support number,105,Cars24 Customer Care,2026-08
cars24 finance customer care number,105,Cars24 Customer Care,2026-08
cars24 customer care email id,105,Cars24 Customer Care,2026-08
cars24 complaint mail id,105,Cars24 Customer Care,2026-08
cars24 dubai,105,Cars24 Cities,2026-08
cars24challan,105,Cars24 Challan,2026-08
cars24 anand,105,Cars24 Cities,2026-08
car24 gwalior,104,Cars24 Cities,2026-08
cars24 gandhinagar bangalore,104,Cars24 Cities,2026-08
cars24 toll free number india 24 7 mumbai,104,Cars24 Customer Care,2026-08
cars24 india app,104,Cars24,2026-08
car24 showroom near me,104,Cars24 Cities,2026-08
cars24 lucknow address,104,Cars24 Cities,2026-08
"cars24 - sell used cars in bhestan, surat",104,Cars24 Sell,2026-08
cars24 bhavnagar,103,Cars24 Cities,2026-08
car 24 valuation,103,Cars24 Sell,2026-08
cars24 coimbatore contact number,103,Cars24 Customer Care,2026-08
car24 memo check,102,Cars24 Challan,2026-08
cars24 pdi service contact number,102,PDI,2026-08
cars24 navalur,102,Cars24,2026-08
car24 naroda,102,Cars24 Cities,2026-08
24 cars hyderabad,102,Cars24 Cities,2026-08
car 24 pdi service,102,PDI,2026-08
cars24 gurgaon contact number,101,Cars24 Customer Care,2026-08
car 24 jakkur,101,Cars24 Cities,2026-08
"cars24 - sell used cars in railnagar, rajkot",101,Cars24 Sell,2026-08
jimny cars24,100,Cars24 + Car Model,2026-08
cars 24 jammu,100,Cars24 Cities,2026-08
24 cars chennai,100,Cars24 Cities,2026-08
cars 24 karnal,100,Cars24 Cities,2026-08
cars24 customer care number delhi,99,Cars24 Customer Care,2026-08
cars24 buy,99,Cars24 Buy,2026-08
cars24 app download,99,Cars24,2026-08
cars24 registration check,98,Others,2026-08
car24 guwahati,98,Cars24 Cities,2026-08
cars24 website,98,Cars24,2026-08
car24 online challan,97,Cars24 Challan,2026-08
car24 valuation,96,Cars24 Sell,2026-08
cars 24 amanora mall,96,Cars24,2026-08
cars24 pending challan,95,Cars24 Challan,2026-08
car24 e challan check,95,Cars24 Challan,2026-08
car 24 amritsar,95,Cars24 Cities,2026-08
cars24 m3m urbana,95,Cars24,2026-08
cars24axle,95,Cars24 Buy,2026-08
cars24 noida sector 18,94,Cars24 Cities,2026-08
car24 online challan check,94,Cars24 Challan,2026-08
car24 app,94,Cars24,2026-08
cars 24 rohini,94,Cars24,2026-08
pay challan online cars24,93,Cars24 Challan,2026-08
cars24 ceo,93,Cars24,2026-08
cars24 kya hai,93,Cars24,2026-08
cars24 belgaum,92,Cars24 Cities,2026-08
car24 customer care number india 24x7,92,Cars24 Customer Care,2026-08
cars24 siliguri,92,Cars24 Cities,2026-08
cars24 rajkot contact number,92,Cars24 Customer Care,2026-08
cars24 pune near me,92,Cars24 Cities,2026-08
car24 careers,91,Others,2026-08
cars24 coimbatore used cars,91,Cars24 Buy,2026-08
car247,91,Cars24,2026-08
cars24 guntur,91,Cars24 Cities,2026-08
cars 24 goa,91,Cars24 Cities,2026-08
cars24 customer care number mumbai,91,Cars24 Customer Care,2026-08
cars24 in indore,91,Cars24 Cities,2026-08
cars 24 mangalore,91,Cars24 Cities,2026-08
cars 24 aurangabad,90,Cars24 Cities,2026-08
cars 24 hubli,90,Cars24 Cities,2026-08
cars24 kalyan,90,Cars24,2026-08
cars 24 head office,90,Cars24 Customer Care,2026-08
cars24 location,90,Cars24,2026-08
fortuner cars24,89,Cars24 + Car Model,2026-08
cars 24 job vacancy,89,Others,2026-08
www.cars24.com,89,Cars24,2026-08
cars 24 logo,89,Others,2026-08
cars24 contact number near me,89,Cars24 Customer Care,2026-08
cars 24 elite,88,ELITE,2026-08
online challan cars24,88,Cars24 Challan,2026-08
car 24 faridabad,88,Cars24 Cities,2026-08
cars24 bike,88,Cars24,2026-08
cars 24 office,87,Cars24,2026-08
cars 24 chalan,86,Cars24 Challan,2026-08
car 24 jalandhar,86,Cars24 Cities,2026-08
car24 login,85,Others,2026-08
cars24 automatic cars,85,Cars24 Buy,2026-08
cars24 gulbarga,85,Cars24 Cities,2026-08
cars24 customer care number hyderabad,85,Cars24 Customer Care,2026-08
cars24 jakkur reviews,85,Others,2026-08
cars24 online challan,84,Cars24 Challan,2026-08
car24 navi mumbai,84,Cars24 Cities,2026-08
www.car24.com india,84,Cars24,2026-08
cars24 trivandrum,84,Cars24 Cities,2026-08
car24 varanasi,83,Cars24 Cities,2026-08
cars24 bellahalli,83,Cars24 Cities,2026-08
car 24 aurangabad,83,Cars24 Cities,2026-08
car 24 bareilly,83,Cars24 Cities,2026-08
honda city cars24,82,Cars24 + Car Model,2026-08
cars24 karimnagar,82,Cars24 Cities,2026-08
care@cars24.com,82,Cars24,2026-08
cars24 customer care toll free number india 24x7 chennai,82,Cars24 Customer Care,2026-08
cars24 phone number,82,Cars24,2026-08
car 24 kota,82,Cars24 Cities,2026-08
cars24 online,82,Cars24,2026-08
cars24 coimbatore address,82,Cars24 Cities,2026-08
cars 24 meerut,81,Cars24 Cities,2026-08
cars24 pdi review,81,PDI,2026-08
car24 tathawade,81,Cars24 Cities,2026-08
cars24 gaur city mall,81,Cars24,2026-08
echallan car 24,80,Cars24 Challan,2026-08
pdi cars24,80,PDI,2026-08
car 24 kakkanad,80,Cars24 Cities,2026-08
cars24 kandivali,80,Cars24,2026-08
cars24 surat address,80,Cars24 Cities,2026-08
scorpio n cars24,79,Cars24 + Car Model,2026-08
car24 gorakhpur,79,Cars24 Cities,2026-08
swift cars24,79,Cars24 + Car Model,2026-08
cars 24 used cars,79,Cars24 Buy,2026-08
cars24 pdi price,79,PDI,2026-08
car 24 e challan check,79,Cars24 Challan,2026-08
cars24.com india,79,Cars24,2026-08
thar cars 24,78,Cars24 + Car Model,2026-08
cars 24 jobs,78,Others,2026-08
cars24 used cars hyderabad,78,Cars24 Buy,2026-08
baleno cars24,78,Cars24 + Car Model,2026-08
cars24 alto k10,78,Cars24 + Car Model,2026-08
car24.com,78,Cars24,2026-08
car 24 sonipat,78,Cars24,2026-08
cars24 sonipat,78,Cars24,2026-08
car 24 com,78,Cars24,2026-08
cars24 gt mall,78,Cars24,2026-08
cars24 delhi near me,78,Cars24 Cities,2026-08
"cars24 - buy, sell, finance used cars in naroda, ahmedabad photos",77,Cars24 Sell,2026-08
car24 jamshedpur,77,Cars24 Cities,2026-08
cars 24 login,77,Others,2026-08
car 24 guwahati,77,Cars24 Cities,2026-08
cars24 kandivali east,77,Cars24,2026-08
cars24 pdi contact number,76,PDI,2026-08
cars24 customer care toll free number india 24x7 ahmedabad,76,Cars24 Customer Care,2026-08
2nd hand ertiga in kolkata car24,76,Cars24 + Car Model,2026-08
how to delete cars24 account,76,Cars24,2026-08
cars24 car inspection,76,Cars24,2026-08
car 24 head office,76,Cars24 Customer Care,2026-08
customer care cars24,75,Cars24 Customer Care,2026-08
cars 24 complaint,75,Cars24 Customer Care,2026-08
cars24 visakhapatnam,75,Cars24 Cities,2026-08
cars 24 app,75,Cars24,2026-08
cars24 challan app,74,Cars24 Challan,2026-08
online challan check cars24,74,Cars24 Challan,2026-08
cars24 jalandhar,74,Cars24 Cities,2026-08
cars24 pune tathawade,74,Cars24 Cities,2026-08
cars24 number plate check,73,Cars24,2026-08
cars24 jaipur used cars,73,Cars24 Buy,2026-08
cars24 dhanbad,73,Cars24 Cities,2026-08
cars24 coimbatore singanallur,73,Cars24 Cities,2026-08
cars24 nagpur address,73,Cars24 Cities,2026-08
car 24 sell,73,Cars24 Sell,2026-08
cars 24 belapur,73,Cars24,2026-08
car24 challan customer care number,72,Cars24 Challan,2026-08
cars24 partner login,72,Others,2026-08
cars 24 thar,72,Cars24 + Car Model,2026-08
cars24 ahmedabad s.g. highway,72,Cars24 Cities,2026-08
cars24 vadodara address,72,Cars24 Cities,2026-08
car24 rc details,71,Others,2026-08
cars24 car details,71,Others,2026-08
cars24 check vehicle details,71,Others,2026-08
cars24 innova crysta,71,Cars24 + Car Model,2026-08
car24 loan customer care number,71,Cars24 Customer Care,2026-08
cars24 swift dzire,71,Cars24 + Car Model,2026-08
kompally cars24,71,Cars24 Cities,2026-08
"cars24 - sell used cars in railway road, faridabad",71,Cars24 Sell,2026-08
cars24 support email,70,Cars24 Customer Care,2026-08
cars24 ev cars,70,Cars24 Buy,2026-08
jeep compass cars24,70,Cars24 + Car Model,2026-08
cars 24 maharashtra,70,Cars24 Cities,2026-08
brezza cars24,70,Cars24 + Car Model,2026-08
car 24 complaint number,70,Cars24 Customer Care,2026-08
cars 24 trivandrum,70,Cars24 Cities,2026-08
cars24 showroom,70,Cars24,2026-08
cars24 c2c customer care number,69,Cars24 Customer Care,2026-08
rto challan cars24,69,Cars24 Challan,2026-08
cars24 loan statement download,69,Cars24 Buy,2026-08
car 24 jamshedpur,69,Cars24 Cities,2026-08
car24 udaipur,69,Cars24 Cities,2026-08
cars24 mansarovar,69,Cars24,2026-08
cars24 bmw,68,Cars24 + Car Model,2026-08
cars24 thar,68,Cars24 + Car Model,2026-08
creta cars24,68,Cars24 + Car Model,2026-08
cars24 whatsapp number,68,Cars24,2026-08
cars24 new delhi,68,Cars24 Cities,2026-08
car24 meerut,68,Cars24 Cities,2026-08
cars24 hyderabad contact number,68,Cars24 Customer Care,2026-08
cars24 metro walk rohini,68,Cars24,2026-08
cars 24 mansarovar,68,Cars24,2026-08
cars 24 saket,68,Cars24,2026-08
cars24 bangalore contact number,68,Cars24 Customer Care,2026-08
cars24 rajkot address,68,Cars24 Cities,2026-08
second hand cars24,67,Cars24 Buy,2026-08
car 24 muzaffarpur,67,Cars24 Cities,2026-08
cars 24 jodhpur,67,Cars24 Cities,2026-08
cars24 yelahanka,67,Cars24,2026-08
jakkur cars24,67,Cars24 Cities,2026-08
"cars24 - buy, sell, finance used cars in dombivli east, mumbai",67,Cars24 Sell,2026-08
cars24 rc details,66,Others,2026-08
honda civic cars24,66,Cars24 + Car Model,2026-08
cars24 scorpio,66,Cars24 + Car Model,2026-08
cars24 bihar,66,Cars24,2026-08
cars24 noida sector 18 contact number,66,Cars24 Customer Care,2026-08
cars24 bilaspur,66,Cars24,2026-08
car24 old car,66,Cars24,2026-08
cars 24 second hand cars,65,Cars24 Buy,2026-08
cars24 challan pay,65,Cars24 Challan,2026-08
cars24 durgapur,65,Cars24,2026-08
cars24 network - sell car in erode used cars,65,Cars24 Sell,2026-08
scorpio cars24,64,Cars24 + Car Model,2026-08
cars 24 support,64,Cars24 Customer Care,2026-08
cars24 sell car contact number,64,Cars24 Customer Care,2026-08
cars 24 amritsar,64,Cars24 Cities,2026-08
cars 24 whitefield,64,Cars24,2026-08
cars24 karnataka,64,Cars24,2026-08
cars24 owner name,64,Cars24,2026-08
car 24 rto check,63,Others,2026-08
car 24 customer care no,63,Cars24 Customer Care,2026-08
cars24 verna,63,Cars24 + Car Model,2026-08
cars 24 echallan,63,Cars24 Challan,2026-08
cars24 jeep compass,63,Cars24 + Car Model,2026-08
cars24 2nd hand cars,63,Cars24,2026-08
cars24 bareilly,63,Cars24 Cities,2026-08
innova crysta cars24,62,Cars24 + Car Model,2026-08
cars24 maharashtra,62,Cars24 Cities,2026-08
car24 kakkanad,62,Cars24 Cities,2026-08
cars24 darbhanga,62,Cars24 Cities,2026-08
cars24 amritsar,62,Cars24 Cities,2026-08
cars24 pune used cars,62,Cars24 Buy,2026-08
cars24 karnavati club,62,Cars24,2026-08
what if i pay 50000 upfront for a car in cars24 how much will be the emi if car costs 4.5 lakha,62,Cars24 Buy,2026-08
cars24 rc transfer status,61,Others,2026-08
car 24 car details,61,Others,2026-08
cars24 honda city,61,Cars24 + Car Model,2026-08
cars24 vellore,61,Cars24 Cities,2026-08
cars24 loan against car,61,Cars24 Buy,2026-08
cars24 naroda ahmedabad,61,Cars24 Cities,2026-08
car 24 dombivali,61,Cars24,2026-08
e challan check car 24,61,Cars24 Challan,2026-08
cars 24 thrissur,61,Cars24 Cities,2026-08
cars 24 pune address,61,Cars24 Cities,2026-08
car 24 challan toll free number,60,Cars24 Challan,2026-08
cars24 job,60,Others,2026-08
cars 24 salem,60,Cars24 Cities,2026-08
car 24 bihar,60,Cars24,2026-08
cars24 email id for complaint,60,Cars24 Customer Care,2026-08
cars24 haridwar,60,Cars24 Cities,2026-08
cars 24 dwarka,60,Cars24,2026-08
cars24 chandigarh contact number,60,Cars24 Customer Care,2026-08
cars24 lucknow contact number,60,Cars24 Customer Care,2026-08
cars24 ncr delhi,60,Cars24 Cities,2026-08
cars24 jimny,59,Cars24 + Car Model,2026-08
cars24 loan interest rate,59,Cars24 Buy,2026-08
car24 toll free number,59,Cars24 Customer Care,2026-08
nearby cars24 showroom,59,Cars24,2026-08
cars24 patna bihar,58,Cars24 Cities,2026-08
cars24 customer care toll free number india 24x7 near bengaluru,58,Cars24 Customer Care,2026-08
cars 24 kandivali,58,Cars24,2026-08
cars 24 gandhinagar,58,Cars24 Cities,2026-08
car 24 kerala,58,Cars24 Cities,2026-08
cars 24 valuation,58,Cars24 Sell,2026-08
cars24 near me location,58,Cars24 Cities,2026-08
cars24 price,58,Cars24 Buy,2026-08
cars24 car challan,57,Cars24 Challan,2026-08
car24 jalandhar,57,Cars24 Cities,2026-08
cars 24 moradabad,57,Cars24 Cities,2026-08
cars24 haldwani,57,Cars24,2026-08
cars24 rudrapur,57,Cars24,2026-08
cars24 bharuch,57,Cars24,2026-08
cars24 latur,57,Cars24,2026-08
car 24 karnavati club,57,Cars24,2026-08
cars24 used cars bangalore,56,Cars24 Buy,2026-08
car 24 dhanbad,56,Cars24 Cities,2026-08
cars 24 buy car,56,Cars24 Buy,2026-08
cars24 dwarka sector 13,56,Cars24,2026-08
car24 karnal,56,Cars24 Cities,2026-08
car24 car valuation,56,Cars24 Sell,2026-08
e-challan cars24,55,Cars24 Challan,2026-08
cars 24 belgaum,55,Cars24 Cities,2026-08
cars 24 jamshedpur,55,Cars24 Cities,2026-08
cars 24 website,55,Cars24,2026-08
cars24 satara,55,Cars24,2026-08
cars 24 jalandhar,55,Cars24 Cities,2026-08
cars24 erode,55,Cars24 Cities,2026-08
cars24 vadodara contact number,55,Cars24 Customer Care,2026-08
car 24 echallan,55,Cars24 Challan,2026-08
cars24 yeshwanthpur,55,Cars24,2026-08
cars 24 amanora,55,Cars24,2026-08
cars24 rto,54,Others,2026-08
vehicle info cars24,54,Others,2026-08
cars24 check challan online,54,Cars24 Challan,2026-08
cars24 wagon r cng,54,Cars24 + Car Model,2026-08
cars24 bhilwara,54,Cars24,2026-08
cars24 sector 18 gurgaon,54,Cars24 Cities,2026-08
cars 24 sector 18,54,Cars24,2026-08
cars24 pdi customer care number,53,PDI,2026-08
cars24 creta,53,Cars24 + Car Model,2026-08
verna cars24,53,Cars24 + Car Model,2026-08
cars24 call center number,53,Cars24,2026-08
car 24 vapi,53,Cars24,2026-08
cars24 bengaluru,53,Cars24 Cities,2026-08
24 cars surat,53,Cars24 Cities,2026-08
"cars24 - buy, sell, finance used cars in whitefield, bangalore mahadevapura",53,Cars24 Sell,2026-08
cars24 brezza,52,Cars24 + Car Model,2026-08
car 24 ahemdabad,52,Cars24,2026-08
car 24 costumer care number,52,Cars24 Customer Care,2026-08
cars24 mulund,52,Cars24,2026-08
cars24 thrissur,52,Cars24 Cities,2026-08
cars 24 bengaluru,52,Cars24 Cities,2026-08
cars24 sale,52,Cars24,2026-08
cars 24 varanasi,52,Cars24 Cities,2026-08
cars24 locations,52,Cars24,2026-08
car24 office near me,52,Cars24 Cities,2026-08
cars24 camry,51,Cars24 + Car Model,2026-08
cars24 customer support,51,Cars24 Customer Care,2026-08
cars24 commercial vehicle,51,Cars24 Buy,2026-08
cars24 escalation email id,51,Cars24,2026-08
e challan surat cars24,51,Cars24 Challan,2026-08
cars24 wagon r,51,Cars24 + Car Model,2026-08
cars24 jamnagar,51,Cars24 Cities,2026-08
cars24 surat adajan,51,Cars24 Cities,2026-08
car 24 jammu,51,Cars24 Cities,2026-08
cars24 insurance,51,Cars24 Buy,2026-08
tata punch cars24,50,Cars24 + Car Model,2026-08
swift car 24,50,Cars24 + Car Model,2026-08
cars24 hiring,50,Others,2026-08
cars24 haryana,50,Cars24,2026-08
cars24 address,50,Cars24,2026-08
cars24 vadodara akshar chowk,50,Cars24 Cities,2026-08
car24 thane,50,Cars24 Cities,2026-08
cars24 rajahmundry,50,Cars24 Cities,2026-08
cars24 timing,50,Cars24,2026-08
cars 24 car details,49,Others,2026-08
car24 new car,49,Cars24 Buy,2026-08
cars24 swift,49,Cars24 + Car Model,2026-08
cars 24 pondicherry,49,Cars24 Cities,2026-08
cars 24 madurai,49,Cars24 Cities,2026-08
cars24 price check,49,Cars24 Buy,2026-08
cars24 dehgam,49,Cars24,2026-08
used cars cars24,49,Cars24 Buy,2026-08
cars24.,49,Cars24,2026-08
car24 sale car,49,Cars24,2026-08
cars24 financial services pvt ltd,49,Cars24 Buy,2026-08
cars24 tirupati,49,Cars24 Cities,2026-08
car 24 attapur,49,Cars24,2026-08
cars24 indore address,49,Cars24 Cities,2026-08
cars24 gurgaon office contact number,49,Cars24 Customer Care,2026-08
cars24 news,49,Cars24,2026-08
cars24 diesel cars,48,Cars24,2026-08
honda city cars 24,48,Cars24 + Car Model,2026-08
cars 24 loan,48,Cars24 Buy,2026-08
24 cars kochi,48,Cars24 Cities,2026-08
car24 head office,48,Cars24 Customer Care,2026-08
cars24 careers india,47,Others,2026-08
care@cars24,47,Cars24,2026-08
cars 24 siliguri,47,Cars24 Cities,2026-08
cars24 loan login,47,Cars24 Buy,2026-08
cars24 tirupur,47,Cars24 Cities,2026-08
cars24 aligarh,47,Cars24 Cities,2026-08
cars24 channel partner,47,Cars24,2026-08
cars 24 belapur navi mumbai,47,Cars24 Cities,2026-08
car24 second hand car,47,Cars24 Buy,2026-08
cars24 nashik contact number,47,Cars24 Customer Care,2026-08
cars24 - golden cars | sell used cars in vadakara,47,Cars24 Sell,2026-08
tata nano cars24,46,Cars24 + Car Model,2026-08
car 24 in patna,46,Cars24 Cities,2026-08
car24 anand,46,Cars24 Cities,2026-08
honda elevate cars24,46,Cars24 + Car Model,2026-08
cars24 agartala,46,Cars24 Cities,2026-08
car 24 .com,46,Cars24,2026-08
car24 goregaon,46,Cars24 Cities,2026-08
car24 sell,46,Cars24 Sell,2026-08
"cars24 - buy, sell, finance used cars in nexus mall koramangala, bangalore reviews",46,Cars24 Sell,2026-08
"cars24 - buy, sell, finance used cars in nexus whitefield mall, bangalore",46,Cars24 Sell,2026-08
cars24 e challan customer care number,45,Cars24 Challan,2026-08
cars24 ertiga cng,45,Cars24 + Car Model,2026-08
car24 amritsar,45,Cars24 Cities,2026-08
cars 24 uae,45,Cars24,2026-08
tata tiago cars24,45,Cars24 + Car Model,2026-08
cars24 jobs work from home,45,Others,2026-08
car 24 chllan,45,Cars24,2026-08
cars24 kia seltos,44,Cars24 + Car Model,2026-08
car24 चालान चेक,44,Cars24 Challan,2026-08
cars 24 honda city,44,Cars24 + Car Model,2026-08
car 24 bharuch,44,Cars24,2026-08
cars 24 kerala,44,Cars24 Cities,2026-08
car 24 prayagraj,44,Cars24 Cities,2026-08
cars 24 vellore,44,Cars24 Cities,2026-08
car 24 loan department,44,Cars24 Buy,2026-08
car24 pay challan,44,Cars24 Challan,2026-08
cars24 inspection charges,44,Cars24,2026-08
cars24 inspection report,44,Cars24,2026-08
cars24/7,44,Cars24,2026-08
cars24 near me used cars,44,Cars24 Buy,2026-08
cars24 panvel,44,Cars24,2026-08
cars24 greater noida,44,Cars24 Cities,2026-08
cars24 vehicle information,43,Others,2026-08
cars24 challan helpline number,43,Cars24 Challan,2026-08
cars 24 fortuner,43,Cars24 + Car Model,2026-08
cars24 scorpio n,43,Cars24 + Car Model,2026-08
cars24 rc transfer,43,Others,2026-08
honda amaze cars24,43,Cars24 + Car Model,2026-08
cars 24 auction,43,Cars24 Buy,2026-08
cars24 bangalore used cars,43,Cars24 Buy,2026-08
cars24 challan bike,43,Cars24 Challan,2026-08
cars24 challan is real or fake,43,Cars24 Challan,2026-08
car24 delhi ncr,43,Cars24 Cities,2026-08
cars 24 in pune,43,Cars24 Cities,2026-08
cars24 lb nagar,43,Cars24,2026-08
24 cars mumbai,43,Cars24 Cities,2026-08
car 24 kolhapur,43,Cars24 Cities,2026-08
cars24 delhi contact number,43,Cars24 Customer Care,2026-08
cars 24 m3m urbana,43,Cars24,2026-08
memo check cars24,42,Cars24 Challan,2026-08
cars24 baleno,42,Cars24 + Car Model,2026-08
cars24 partner,42,Cars24,2026-08
cars24 assam,42,Cars24,2026-08
car24 complaint number,42,Cars24 Customer Care,2026-08
car 24 aligarh,42,Cars24 Cities,2026-08
car24 loan,42,Cars24 Buy,2026-08
cars 24 navalur,42,Cars24,2026-08
car 24 sale,42,Cars24,2026-08
car24 pdi service,42,PDI,2026-08
cars 24 guntur,42,Cars24 Cities,2026-08
cars24 rto details,41,Others,2026-08
cars24 complaint,41,Cars24 Customer Care,2026-08
cars24 grievance email,41,Cars24,2026-08
cars24 jabalpur contact number,41,Cars24 Customer Care,2026-08
car24 job vacancy,41,Others,2026-08
cars24 ambala,41,Cars24 Cities,2026-08
cars24 bike challan,41,Cars24 Challan,2026-08
cars24 under 2 lakh,41,Cars24,2026-08
car24 vapi,41,Cars24,2026-08
cars24 ertiga,41,Cars24 + Car Model,2026-08
bachupally cars24,41,Cars24 Cities,2026-08
car24 dhanbad,41,Cars24 Cities,2026-08
cars24 chalan,41,Cars24 Challan,2026-08
car24 jakkur,41,Cars24 Cities,2026-08
cars24 uppal hyderabad,41,Cars24 Cities,2026-08
cars24 office,41,Cars24,2026-08
cars24 saket,41,Cars24,2026-08
cars24 contact,40,Cars24,2026-08
cars24 delhi used cars,40,Cars24 Buy,2026-08
challan check car24,40,Cars24 Challan,2026-08
cars24 scrap,40,Cars24,2026-08
cars24 surat cng car,40,Cars24 Buy,2026-08
car 24/7,40,Cars24,2026-08
cars 24 jhansi,40,Cars24,2026-08
cars24 jalgaon,40,Cars24,2026-08
cars 24 solapur,40,Cars24 Cities,2026-08
cars24 patna contact number,40,Cars24 Customer Care,2026-08
"cars24 - buy, sell, finance used cars in amanora mall, pune",40,Cars24 Sell,2026-08
car24 owner details,39,Others,2026-08
cars 24 creta,39,Cars24 + Car Model,2026-08
verna cars 24,39,Cars24 + Car Model,2026-08
cars24 challan delhi,39,Cars24 Challan,2026-08
cars24 tathawade used cars,39,Cars24 Buy,2026-08
cars24 jobs for freshers,39,Others,2026-08
cars 24 naroda,39,Cars24 Cities,2026-08
cars24 kompally contact number,39,Cars24 Customer Care,2026-08
car24 vizag,39,Cars24 Cities,2026-08
cars24 pimpri chinchwad,39,Cars24,2026-08
"cars24 - buy, sell, finance used cars in avani riverside mall, kolkata choura bustee, shibpur reviews",39,Cars24 Sell,2026-08
virtus cars24,38,Cars24 + Car Model,2026-08
car24 in faridabad,38,Cars24 Cities,2026-08
cars24 details,38,Cars24,2026-08
thar roxx cars24,38,Cars24 + Car Model,2026-08
honda brio cars24,38,Cars24,2026-08
cars 24 scorpio,38,Cars24 + Car Model,2026-08
customer care number cars24,38,Cars24 Customer Care,2026-08
cars24 hyderabad used cars,38,Cars24 Buy,2026-08
delete cars24 account,38,Cars24,2026-08
cars24 customer care number gurgaon,38,Cars24 Customer Care,2026-08
cars24 kolkata contact number,38,Cars24 Customer Care,2026-08
car24 delhi used cars,38,Cars24 Buy,2026-08
cars24 store near me,38,Cars24 Cities,2026-08
cars 24 rto,37,Others,2026-08
cars24 mercedes,37,Cars24 + Car Model,2026-08
polo cars24,37,Cars24 + Car Model,2026-08
cars24 tata punch,37,Cars24 + Car Model,2026-08
cars 24 dubai,37,Cars24 Cities,2026-08
cars24 in lucknow,37,Cars24 Cities,2026-08
car24 aurangabad,37,Cars24 Cities,2026-08
car 24 panchkula,37,Cars24,2026-08
challan car24,37,Cars24 Challan,2026-08
car24 mysore,37,Cars24 Cities,2026-08
cars 24 price,37,Cars24 Buy,2026-08
cars 24 vapi,37,Cars24,2026-08
cars24 valuation 2026,37,Cars24 Sell,2026-08
team cars24,37,Cars24,2026-08
cars 24 noida sector 18,37,Cars24 Cities,2026-08
car24 mansarovar,37,Cars24,2026-08
cars 24 uppal,37,Cars24,2026-08
cars24 company,37,Cars24,2026-08
cars24 indore contact number,37,Cars24 Customer Care,2026-08
cars 24 rc check,36,Others,2026-08
ford endeavour cars24,36,Cars24 + Car Model,2026-08
cars24 scrap car,36,Cars24,2026-08
swift car24,36,Cars24 + Car Model,2026-08
cars24 customer care number mumbai 24x7,36,Cars24 Customer Care,2026-08
car24 customer care number delhi delhi 24x7,36,Cars24 Customer Care,2026-08
car24 belgaum,36,Cars24 Cities,2026-08
cars24 bike sell,36,Cars24 Sell,2026-08
cars24 himatnagar,36,Cars24,2026-08
cars 24 aligarh,36,Cars24 Cities,2026-08
car 24 price check,36,Cars24 Buy,2026-08
car24 muzaffarpur,36,Cars24 Cities,2026-08
cars 24 review,36,Others,2026-08
what is cars 24,36,Cars24,2026-08
cars24 hub,36,Cars24,2026-08
cars24 new cars,35,Cars24 + Car Model,2026-08
skoda superb cars24,35,Cars24 + Car Model,2026-08
mg hector cars24,35,Cars24 + Car Model,2026-08
ford ecosport cars24,35,Cars24 + Car Model,2026-08
challan cars 24,35,Cars24 Challan,2026-08
car24 fine check,35,Cars24 Challan,2026-08
grand vitara cars24,35,Cars24 + Car Model,2026-08
tata altroz cars24,35,Cars24 + Car Model,2026-08
tata nexon cars24,35,Cars24 + Car Model,2026-08
cars24 challan details,35,Cars24 Challan,2026-08
skoda slavia cars24,35,Cars24 + Car Model,2026-08
cars24 official website,35,Cars24,2026-08
cars24 trichy used cars,35,Cars24 Buy,2026-08
car24 bharuch,35,Cars24,2026-08
car 24 siliguri,35,Cars24 Cities,2026-08
car 24 swift,35,Cars24 + Car Model,2026-08
car24 email id,35,Cars24,2026-08
cars 24 navi mumbai,35,Cars24 Cities,2026-08
cars24 zirakpur,35,Cars24,2026-08
cars 24 dhanbad,35,Cars24 Cities,2026-08
cars 24 car sell,35,Cars24 Sell,2026-08
"cars24 - buy, sell, finance used cars in kandivali, mumbai co-operative housing society, कांदिवली ईस्ट",35,Cars24 Sell,2026-08
bmw cars24,34,Cars24 + Car Model,2026-08
cars24 ecosport,34,Cars24,2026-08
challan status cars24,34,Cars24 Challan,2026-08
cars24 innova,34,Cars24 + Car Model,2026-08
challan check cars 24,34,Cars24 Challan,2026-08
kia sonet cars24,34,Cars24 + Car Model,2026-08
car24 aligarh,34,Cars24 Cities,2026-08
cars24 customer service,34,Cars24 Customer Care,2026-08
cars24 bike challan check,34,Cars24 Challan,2026-08
cars24 call,34,Cars24,2026-08
cars24 raipur chhattisgarh,34,Cars24 Cities,2026-08
kia seltos cars24,34,Cars24 + Car Model,2026-08
car24 pdi charges,34,PDI,2026-08
cars24 .com,34,Cars24,2026-08
cars24 delhi car value,34,Cars24 Sell,2026-08
cars24 loan foreclosure,34,Cars24 Buy,2026-08
car 24 hisar,34,Cars24 Cities,2026-08
care cars24 com,34,Cars24,2026-08
cars24 mumbai used cars,34,Cars24 Buy,2026-08
car 24 moradabad,34,Cars24 Cities,2026-08
cars24 axel,34,Cars24,2026-08
how to block cars24 calls,34,Cars24,2026-08
cars24 bangalore address,34,Cars24 Cities,2026-08
cars 24 gt mall,34,Cars24,2026-08
cars24 patna address,34,Cars24 Cities,2026-08
car24 mansarovar jaipur,34,Cars24 Cities,2026-08
car 24 number,34,Cars24,2026-08
cars24 endeavour,33,Cars24,2026-08
cars24 honda civic,33,Cars24 + Car Model,2026-08
cars24 west bengal,33,Cars24,2026-08
cars 24 chellan check,33,Cars24,2026-08
cars24 saharanpur,33,Cars24 Cities,2026-08
e challan up cars24,33,Cars24 Challan,2026-08
cars24 bolero,33,Cars24 + Car Model,2026-08
cars24 tamil nadu,33,Cars24,2026-08
car 24 online challan,33,Cars24 Challan,2026-08
cars24 junagadh,33,Cars24,2026-08
cars24 panipat,33,Cars24 Cities,2026-08
car 24 pay challan,33,Cars24 Challan,2026-08
cars24 bestech mall mohali,33,Cars24 Cities,2026-08
is cars24 reliable for challan payment,33,Cars24 Challan,2026-08
cars 24 attapur,33,Cars24,2026-08
cars 24 mulund,33,Cars24,2026-08
cars24 sangli,33,Cars24,2026-08
cars 24 ev cars,32,Cars24 Buy,2026-08
cars24 channel partner login,32,Others,2026-08
cars 24 bmw,32,Cars24 + Car Model,2026-08
cars24 customer care number delhi delhi 24x7,32,Cars24 Customer Care,2026-08
cars24 kochi used cars,32,Cars24 Buy,2026-08
creta cars 24,32,Cars24 + Car Model,2026-08
online challan check car 24,32,Cars24 Challan,2026-08
alto k10 cars24,32,Cars24 + Car Model,2026-08
cars24 in hyderabad,32,Cars24 Cities,2026-08
car 24 haldwani,32,Cars24,2026-08
car24 punjab,32,Cars24 Cities,2026-08
cars24 mehsana,32,Cars24 Cities,2026-08
lucknow cars24,32,Cars24 Cities,2026-08
car24 jammu,32,Cars24 Cities,2026-08
cars 24 tirupati,32,Cars24 Cities,2026-08
car 24 used cars,32,Cars24 Buy,2026-08
cars24 e-challan,32,Cars24 Challan,2026-08
24 cars bangalore,32,Cars24 Cities,2026-08
cars24 patna atal path,32,Cars24 Cities,2026-08
cars24 solapur,32,Cars24 Cities,2026-08
cars24 thane korum mall,32,Cars24 Cities,2026-08
cars24 service centre,32,Cars24,2026-08
cars24 near by me,32,Cars24,2026-08
cars24 car info,31,Others,2026-08
honda civic cars 24,31,Cars24 + Car Model,2026-08
scars 24,31,Cars24,2026-08
challan check 24 car,31,Cars24 Challan,2026-08
ertiga cars24,31,Cars24 + Car Model,2026-08
cars24 loan calculator,31,Cars24 Buy,2026-08
celerio cars24,31,Cars24 + Car Model,2026-08
cars24 cng car,31,Cars24 Buy,2026-08
innova crysta cars 24,31,Cars24 + Car Model,2026-08
cars24 punjab,31,Cars24 Cities,2026-08
car24 traffic challan,31,Cars24 Challan,2026-08
cars24 customer care no,31,Cars24 Customer Care,2026-08
cars24 shimoga,31,Cars24 Cities,2026-08
car24 auction,31,Cars24 Buy,2026-08
cars24 ahmednagar,31,Cars24,2026-08
car24 in chandigarh,31,Cars24 Cities,2026-08
cars24 car,31,Cars24,2026-08
used cars24,31,Cars24 Buy,2026-08
car24 challan details,31,Cars24 Challan,2026-08
cars 24 jamnagar,31,Cars24 Cities,2026-08
how to stop calls from cars24,31,Cars24,2026-08
car24 hub near me,31,Cars24 Cities,2026-08
cars 24 metro walk,31,Cars24,2026-08
cars 24 sell my car,31,Cars24 Sell,2026-08
"cars24 - buy, sell, finance used cars in avani riverside mall, kolkata choura bustee, shibpur",31,Cars24 Sell,2026-08
fortuner cars 24,30,Cars24 + Car Model,2026-08
cars24 thar roxx,30,Cars24 + Car Model,2026-08
bmw cars 24,30,Cars24 + Car Model,2026-08
cars24 customer care number bangalore 24x7,30,Cars24 Customer Care,2026-08
cars24 electric car,30,Cars24 Buy,2026-08
nissan magnite cars24,30,Cars24 + Car Model,2026-08
car24 chllan,30,Cars24,2026-08
cars24 in patna,30,Cars24 Cities,2026-08
cars24 i20,30,Cars24 + Car Model,2026-08
cars 24 haridwar,30,Cars24 Cities,2026-08
cars24 kollam,30,Cars24 Cities,2026-08
cars24 seawoods,30,Cars24,2026-08
cars 24 number,30,Cars24,2026-08
cars24 sell bike,30,Cars24 Sell,2026-08
cars24 value check,30,Cars24,2026-08
cars24 kannur,30,Cars24 Cities,2026-08
cars24 network,30,Cars24,2026-08
cars24 network - sell car in erode photos,30,Cars24 Sell,2026-08
cars24 nellore,30,Cars24 Cities,2026-08
cars24 info,29,Cars24,2026-08
cars 24 new car,29,Cars24 Buy,2026-08
cars24 career page,29,Others,2026-08
ford endeavour cars 24,29,Cars24 + Car Model,2026-08
tata safari cars24,29,Cars24 + Car Model,2026-08
cars24 loan customer care,29,Cars24 Customer Care,2026-08
thar car 24,29,Cars24 + Car Model,2026-08
cars24 regency anantam dombivli east,29,Cars24 Cities,2026-08
cars24 tata tiago,29,Cars24 + Car Model,2026-08
cars24 nanded,29,Cars24 Cities,2026-08
nexon cars24,29,Cars24 + Car Model,2026-08
cars 24 panchkula,29,Cars24,2026-08
cars24 hyderabad near me,29,Cars24 Cities,2026-08
cars24 return policy,29,Cars24,2026-08
cars 24 scrap,29,Cars24,2026-08
how to stop cars24 calls,29,Cars24,2026-08
c24 car,29,Cars24,2026-08
cars24 kottayam,29,Cars24,2026-08
car24.com traffic challan,29,Cars24 Challan,2026-08
cars 24 sonipat,29,Cars24,2026-08
cars24 jobs in pune,29,Others,2026-08
"cars24 - buy, sell, finance used cars in bachupally, hyderabad reviews",29,Cars24 Sell,2026-08
cars24 australia,29,Cars24,2026-08
cars24 ford endeavour,28,Cars24 + Car Model,2026-08
cars24 grand vitara,28,Cars24 + Car Model,2026-08
cars24 xuv700,28,Cars24 + Car Model,2026-08
tata harrier cars24,28,Cars24 + Car Model,2026-08
xuv700 cars24,28,Cars24 + Car Model,2026-08
cars24 challan contact number,28,Cars24 Challan,2026-08
cars24 honda amaze,28,Cars24 + Car Model,2026-08
cars24 nagpur under 2 lakh,28,Cars24 Cities,2026-08
cars 24 customer service,28,Cars24 Customer Care,2026-08
bolero cars24,28,Cars24 + Car Model,2026-08
car 24 car valuation,28,Cars24 Sell,2026-08
car 24 loan,28,Cars24 Buy,2026-08
honda city car 24,28,Cars24 + Car Model,2026-08
i20 cars24,28,Cars24 + Car Model,2026-08
second hand car car24,28,Cars24 Buy,2026-08
cars24 bhavnagar contact number,28,Cars24 Customer Care,2026-08
cars24 mumbai near me,28,Cars24 Cities,2026-08
cars24 nissan magnite,28,Cars24 + Car Model,2026-08
cars24 ujjain,28,Cars24 Cities,2026-08
cars 24 in madurai,28,Cars24 Cities,2026-08
cars 24 sangli,28,Cars24,2026-08
cars24 finance,28,Cars24,2026-08
car24 dombivli,28,Cars24 Cities,2026-08
car24 rajouri garden,28,Cars24 Cities,2026-08
car 24 thiruverkadu,28,Cars24 Cities,2026-08
cars 24 latur,28,Cars24,2026-08
cars24 customer care toll free number hyderabad,28,Cars24 Customer Care,2026-08
cars24 dombivli east,28,Cars24 Cities,2026-08
car 24 kalyan,28,Cars24,2026-08
car valuation cars24,28,Cars24 Sell,2026-08
cars24 personal loan,28,Cars24 Buy,2026-08
cars24 avani mall,28,Cars24,2026-08
cars24 kompally reviews,28,Others,2026-08
cars24 bachupally reviews,28,Others,2026-08
cars24 bhoruka tech park,28,Cars24,2026-08
"cars24 - sell used cars in pimple nilakh, pune",28,Cars24 Sell,2026-08
endeavour cars24,27,Cars24,2026-08
car24 details,27,Cars24,2026-08
car24 emi calculator,27,Cars24 Buy,2026-08
cars24 nexus koramangala,27,Cars24,2026-08
cars24 ahmedabad used cars,27,Cars24 Buy,2026-08
cars24 goa used cars,27,Cars24 Buy,2026-08
cars24 vahan details,27,Cars24,2026-08
car24 career,27,Others,2026-08
cars24 partner helpline number,27,Cars24 Customer Care,2026-08
car24 mumbai used cars,27,Cars24 Buy,2026-08
cars 24 email id,27,Cars24,2026-08
kia carens cars24,27,Cars24 + Car Model,2026-08
echallan cars 24,27,Cars24 Challan,2026-08
car24 rohtak,27,Cars24 Cities,2026-08
cars24 tirunelveli,27,Cars24 Cities,2026-08
cars24 barasat,27,Cars24,2026-08
car 24x7,27,Cars24,2026-08
cars 24 sell,27,Cars24 Sell,2026-08
car 24 app,27,Cars24,2026-08
cars24 jobs in hyderabad,27,Others,2026-08
car 24 mansarovar jaipur,27,Cars24 Cities,2026-08
"cars24 - buy, sell, finance used car in uppal, hyderabad",27,Cars24 Sell,2026-08
"cars24 - buy, sell, finance used cars in vaishnavi sapphire centre, bangalore",27,Cars24 Sell,2026-08
cars24 rc status,26,Cars24,2026-08
tata hexa cars24,26,Cars24 + Car Model,2026-08
car info cars24,26,Others,2026-08
cars24 luxury cars,26,Cars24 Buy,2026-08
honda accord cars24,26,Cars24,2026-08
cars 24 career,26,Others,2026-08
cars24 hubli used cars,26,Cars24 Buy,2026-08
cars24 job openings,26,Others,2026-08
cars24 rto challan,26,Cars24 Challan,2026-08
car 24 honda city,26,Cars24 + Car Model,2026-08
cars24 scorpio classic,26,Cars24 + Car Model,2026-08
kia sonet cars 24,26,Cars24 + Car Model,2026-08
car24 chandigarh,26,Cars24 Cities,2026-08
cars 24 banglore,26,Cars24,2026-08
cars24.com hyderabad,26,Cars24 Cities,2026-08
cars24 in navi mumbai,26,Cars24 Cities,2026-08
manoj yadav cars24,26,Cars24,2026-08
cars24 toll free number india 24 7,26,Cars24 Customer Care,2026-08
car24 kolhapur,26,Cars24 Cities,2026-08
cars24 nagpur contact number,26,Cars24 Customer Care,2026-08
car24 inspection,26,Cars24,2026-08
second hand car cars24,26,Cars24 Buy,2026-08
cars 24 gorakhpur,26,Cars24 Cities,2026-08
cars 24 gurugram office,26,Cars24 Cities,2026-08
cars24 purchase car,26,Cars24,2026-08
cars24 bhubaneswar contact number,26,Cars24 Customer Care,2026-08
cars24 raj nagar extension ghaziabad,26,Cars24 Cities,2026-08
jobs at cars24,26,Others,2026-08
car 24 alwar,26,Cars24 Cities,2026-08
cars 24 finance,26,Cars24,2026-08
cars24 atal path,26,Cars24,2026-08
cars24 cars,26,Cars24,2026-08
cars24 sale car,26,Cars24,2026-08
cars24 nexus mall,26,Cars24,2026-08
cars24 sell,26,Cars24 Sell,2026-08
cars 24 owner name,26,Cars24,2026-08
cars24 jobs in delhi,26,Others,2026-08
cars24 admin panel,26,Cars24,2026-08
cars24 network - sell car in erode,26,Cars24 Sell,2026-08
cars24 coimbatore reviews,26,Others,2026-08
deployment cars24,26,Cars24,2026-08
car24 rto details,25,Others,2026-08
cars24 all cars in india,25,Cars24,2026-08
corolla altis cars24,25,Cars24 + Car Model,2026-08
ahmedabad e memo cars 24,25,Cars24 Challan,2026-08
kwid cars24,25,Cars24 + Car Model,2026-08
tata sierra cars24,25,Cars24,2026-08
cars 24 scorpio n,25,Cars24 + Car Model,2026-08
cars24 eeco car,25,Cars24,2026-08
24 cars in hyderabad,25,Cars24 Cities,2026-08
cars 24 .com,25,Cars24,2026-08
car24 pune used cars,25,Cars24 Buy,2026-08
cars 24 buy used car,25,Cars24 Buy,2026-08
cars 24 rohini delhi,25,Cars24 Cities,2026-08
cars24 allahabad,25,Cars24 Cities,2026-08
car 24 in goa,25,Cars24 Cities,2026-08
cars 24 rohtak,25,Cars24 Cities,2026-08
car 24 mansarovar,25,Cars24,2026-08
cars 24 used car valuation,25,Cars24 Sell,2026-08
cars 24 gnb mall,25,Cars24,2026-08
"cars24 - sell used cars in bairidevarkoppa, hubli photos",25,Cars24 Sell,2026-08
car truth by cars24,25,Cars24,2026-08
car24 customer care number bangalore,25,Cars24 Customer Care,2026-08
challan payment car24,25,Cars24 Challan,2026-08
"cars24 - sell used cars in shalimar bagh, delhi block b, shalimar bagh",25,Cars24 Sell,2026-08
cars24 boat challan,25,Cars24 Challan,2026-08
seltos cars24,24,Cars24,2026-08
cars24 fastag,24,Cars24,2026-08
customer care cars 24,24,Cars24 Customer Care,2026-08
cars24 khammam,24,Cars24,2026-08
cars24 internship,24,Others,2026-08
cars24 customer care email,24,Cars24 Customer Care,2026-08
cars24 harrier,24,Cars24 + Car Model,2026-08
cars24 vacancy,24,Others,2026-08
cars 24 hr contact number,24,Cars24 Customer Care,2026-08
venue cars24,24,Cars24 + Car Model,2026-08
tata tigor cars24,24,Cars24 + Car Model,2026-08
cars 24 bareilly,24,Cars24 Cities,2026-08
cars24 customer care contact number,24,Cars24 Customer Care,2026-08
cars24 himachal pradesh,24,Cars24,2026-08
cars24 purnia,24,Cars24 Cities,2026-08
car24 ahmedabad naroda,24,Cars24 Cities,2026-08
cars 24 punjab,24,Cars24 Cities,2026-08
cars24 resale value,24,Cars24,2026-08
cars24 tata nexon,24,Cars24 + Car Model,2026-08
cars24 in delhi,24,Cars24 Cities,2026-08
cars247,24,Cars24,2026-08
pune cars24,24,Cars24 Cities,2026-08
car24 kerala,24,Cars24 Cities,2026-08
cars24 loan customer care toll free number,24,Cars24 Customer Care,2026-08
"cars24 - buy, sell, finance used cars in jakkur post, bangalore photos",24,Cars24 Sell,2026-08
second hand cars cars24,24,Cars24 Buy,2026-08
vikram chopra cars24,24,Cars24,2026-08
car 24 rohtak,24,Cars24 Cities,2026-08
cars24 audi,23,Cars24 + Car Model,2026-08
cars 24 verna,23,Cars24 + Car Model,2026-08
cars24 channel partner customer care number,23,Cars24 Customer Care,2026-08
xuv 500 cars24,23,Cars24,2026-08
cars 24 carrers,23,Cars24,2026-08
cars24 bhagalpur,23,Cars24 Cities,2026-08
car24 haridwar,23,Cars24 Cities,2026-08
cars 24 baleno,23,Cars24 + Car Model,2026-08
cars24 car buy,23,Cars24 Buy,2026-08
cars24 raichur,23,Cars24,2026-08
cars24 sambhaji nagar,23,Cars24,2026-08
cars 24 insurance,23,Cars24 Buy,2026-08
cars24 navsari,23,Cars24,2026-08
cars24 jaipur mansarovar,23,Cars24 Cities,2026-08
cars24 palakkad,23,Cars24 Cities,2026-08
cars24 patiala,23,Cars24 Cities,2026-08
cars24 rohini sector 10,23,Cars24,2026-08
www.car 24.com,23,Cars24,2026-08
cars24 nexus mall koramangala,23,Cars24,2026-08
cars24 pune hadapsar,23,Cars24 Cities,2026-08
cars 24 in hyderabad,23,Cars24 Cities,2026-08
cars24 hub rohini,23,Cars24,2026-08
cars24 near me contact number,23,Cars24 Customer Care,2026-08
cars24 metro walk,23,Cars24,2026-08
renault kwid cars24,23,Cars24 + Car Model,2026-08
cars24 faridabad contact number,23,Cars24 Customer Care,2026-08
owner of cars24,23,Cars24,2026-08
"cars24 - buy, sell, finance used cars in udyog vihar, sector 18, gurgaon",23,Cars24 Sell,2026-08
cars24 used,22,Cars24,2026-08
cars24 satna,22,Cars24,2026-08
ignis cars24,22,Cars24 + Car Model,2026-08
car 24 bhilwara,22,Cars24,2026-08
cars 24 job,22,Others,2026-08
wagon r cars24,22,Cars24 + Car Model,2026-08
cars 24 in ranchi,22,Cars24 Cities,2026-08
car 24 patiala,22,Cars24 Cities,2026-08
car24 patiala,22,Cars24 Cities,2026-08
cars24 hisar,22,Cars24 Cities,2026-08
jobs in cars24,22,Others,2026-08
cars24 deoghar,22,Cars24,2026-08
cars24 gorakhpur contact number,22,Cars24 Customer Care,2026-08
cars24 in ahmedabad,22,Cars24 Cities,2026-08
cars24 kozhikode,22,Cars24 Cities,2026-08
cars24 raipur contact number,22,Cars24 Customer Care,2026-08
cars24 vijaya mall,22,Cars24,2026-08
cars 24 kollam,22,Cars24 Cities,2026-08
cars24 bulandshahr,22,Cars24,2026-08
cars24 chhatrapati sambhaji nagar,22,Cars24,2026-08
cars24 mansarovar jaipur,22,Cars24 Cities,2026-08
car24 karnavati club,22,Cars24,2026-08
cars 24 tathwade,22,Cars24,2026-08
cars24 jakkur bangalore,22,Cars24 Cities,2026-08
cars24 mohali contact number,22,Cars24 Customer Care,2026-08
cars24 dehradun location,22,Cars24 Cities,2026-08
cars24 gandhidham,22,Cars24,2026-08
cars24 nexus whitefield,22,Cars24,2026-08
car 24 jamnagar,22,Cars24 Cities,2026-08
cars24 faridabad address,22,Cars24 Cities,2026-08
near cars24 branch near me,22,Cars24 Cities,2026-08
"cars24 - buy, sell, finance used cars in nishal arcade, surat",22,Cars24 Sell,2026-08
cars24 cng,21,Cars24,2026-08
cars 24 used cars bangalore,21,Cars24 Buy,2026-08
cars24 duster,21,Cars24 + Car Model,2026-08
cars24 car check,21,Cars24,2026-08
skoda octavia cars24,21,Cars24 + Car Model,2026-08
innova cars24,21,Cars24 + Car Model,2026-08
mg comet cars24,21,Cars24 + Car Model,2026-08
cars24 customer care toll free number india 24x7 hyderabad,21,Cars24 Customer Care,2026-08
tata nano cars 24,21,Cars24 + Car Model,2026-08
cars24 mg hector,21,Cars24 + Car Model,2026-08
cars24 polo,21,Cars24 + Car Model,2026-08
honda amaze cars 24,21,Cars24 + Car Model,2026-08
verna car 24,21,Cars24 + Car Model,2026-08
cars 24 kota,21,Cars24 Cities,2026-08
cars 24 udaipur,21,Cars24 Cities,2026-08
cars24 financial services customer care number,21,Cars24 Customer Care,2026-08
cars24 fronx,21,Cars24 + Car Model,2026-08
cars24 jhansi,21,Cars24,2026-08
cars 24 nagpur maharashtra,21,Cars24 Cities,2026-08
cars24 in varanasi,21,Cars24 Cities,2026-08
pdi cars 24,21,PDI,2026-08
cars 24 gandhidham,21,Cars24,2026-08
cars24 bhilai,21,Cars24,2026-08
"cars24, second hand car price",21,Cars24 Buy,2026-08
cars24 avani riverside mall,21,Cars24,2026-08
cars 24 kottayam,21,Cars24,2026-08
cars24 indirapuram,21,Cars24,2026-08
cars24 sell my car,21,Cars24 Sell,2026-08
cars24 lucknow contact number 24x7,21,Cars24 Customer Care,2026-08
cars24 bhoruka,21,Cars24,2026-08
spinny vs cars24,21,Cars24,2026-08
car 24 details,20,Cars24,2026-08
toyota camry cars24,20,Cars24 + Car Model,2026-08
xl6 cars24,20,Cars24 + Car Model,2026-08
bolero neo cars24,20,Cars24 + Car Model,2026-08
cars24 delhi cng cars,20,Cars24 Buy,2026-08
xuv 700 cars24,20,Cars24 + Car Model,2026-08
cars24 eeco 7 seater cng price,20,Cars24 Buy,2026-08
cars24 kia carens,20,Cars24 + Car Model,2026-08
honda jazz cars24,20,Cars24 + Car Model,2026-08
cars 24 erode,20,Cars24 Cities,2026-08
cars24 chennai thiruverkadu,20,Cars24 Cities,2026-08
cars24 tata safari,20,Cars24 + Car Model,2026-08
check challan cars 24,20,Cars24 Challan,2026-08
car 24 mathura,20,Cars24 Cities,2026-08
cars24 ajmer,20,Cars24 Cities,2026-08
cars24 pune customer care number,20,Cars24 Customer Care,2026-08
cars24 tata harrier,20,Cars24 + Car Model,2026-08
car 24 banglore,20,Cars24,2026-08
car 24 rudrapur,20,Cars24,2026-08
car24 prayagraj,20,Cars24 Cities,2026-08
cars24 akola,20,Cars24 Cities,2026-08
cars24 bangalore jakkur,20,Cars24 Cities,2026-08
cars24 patna used cars,20,Cars24 Buy,2026-08
cars24 regency anantam,20,Cars24,2026-08
polo cars 24,20,Cars24 + Car Model,2026-08
24 car sales,20,Cars24,2026-08
car24 panipat,20,Cars24 Cities,2026-08
care.loans@cars24.com,20,Cars24 Buy,2026-08
cars 24 gwalior,20,Cars24 Cities,2026-08
cars24 second hand cars,20,Cars24 Buy,2026-08
car24 rewari,20,Cars24,2026-08
cars24 karnal contact number,20,Cars24 Customer Care,2026-08
cars24 kochi contact number,20,Cars24 Customer Care,2026-08
sell cars24,20,Cars24 Sell,2026-08
car 24 ujjain,20,Cars24 Cities,2026-08
cars 24 kalyan,20,Cars24,2026-08
cars24 used car valuation,20,Cars24 Sell,2026-08
cars24 gnb mall,20,Cars24,2026-08
cars24 gurgaon address,20,Cars24 Cities,2026-08
cars24 photos,20,Cars24,2026-08
cars24 rohini metro walk nearest metro station,20,Cars24,2026-08
axle cars24,20,Cars24 Buy,2026-08
"cars24 - sell used cars in behala, kolkata",20,Cars24 Sell,2026-08
"cars24 - sell used cars in east of kailash, delhi",20,Cars24 Sell,2026-08
cars24 jobs in chennai,20,Others,2026-08
cars24 ciaz ahmedabad,19,Cars24 + Car Model,2026-08
cars24 registration,19,Cars24,2026-08
cars24 xuv500,19,Cars24 + Car Model,2026-08
car 24e chalan,19,Cars24 Challan,2026-08
cars24 bike details,19,Cars24,2026-08
cars24 luxury,19,Cars24,2026-08
cars24 warranty customer care number,19,Cars24 Customer Care,2026-08
maruti 800 cars24,19,Cars24,2026-08
cars 24 customer support,19,Cars24 Customer Care,2026-08
cars 24 luxury cars,19,Cars24 Buy,2026-08
cars24 challan payment receipt download,19,Cars24 Challan,2026-08
slavia cars24,19,Cars24 + Car Model,2026-08
cars24 delhi challan,19,Cars24 Challan,2026-08
customer care number of cars24,19,Cars24 Customer Care,2026-08
fronx cars24,19,Cars24 + Car Model,2026-08
skoda kushaq cars24,19,Cars24 + Car Model,2026-08
xuv500 cars24,19,Cars24 + Car Model,2026-08
cars 24 challan details,19,Cars24 Challan,2026-08
cars 24 jimny,19,Cars24 + Car Model,2026-08
cars24 chennai used cars price list,19,Cars24 Buy,2026-08
cars24 kompally photos,19,Cars24 Cities,2026-08
cars24 panchkula,19,Cars24,2026-08
car24 job,19,Others,2026-08
cars24 skoda slavia,19,Cars24 + Car Model,2026-08
car24 honda city,19,Cars24 + Car Model,2026-08
cars24 eeco,19,Cars24,2026-08
cars24 support number india 24 7,19,Cars24 Customer Care,2026-08
car 24 auction,19,Cars24 Buy,2026-08
cars 24 nanded,19,Cars24 Cities,2026-08
cars 24 ujjain,19,Cars24 Cities,2026-08
cars24 google reviews,19,Others,2026-08
cars24 under 1 lakh,19,Cars24,2026-08
cars24 morbi,19,Cars24,2026-08
cars24 rajasthan,19,Cars24,2026-08
cars24 vehicle history,19,Cars24,2026-08
car 24 car sale,19,Cars24,2026-08
car 24 palanpur,19,Cars24,2026-08
car24 sale,19,Cars24,2026-08
cars24 chandrapur,19,Cars24,2026-08
cars24 koramangala,19,Cars24,2026-08
cars24 lucknow gomti nagar,19,Cars24 Cities,2026-08
cars24 thane address,19,Cars24 Cities,2026-08
car 24 car sell,19,Cars24 Sell,2026-08
cars 24 jalgaon,19,Cars24,2026-08
cars24 branch near me,19,Cars24 Cities,2026-08
cars24 ghaziabad contact number,19,Cars24 Customer Care,2026-08
24 car service,19,Cars24,2026-08
cars 24 memo,19,Cars24 Challan,2026-08
cars 24 zirakpur,19,Cars24,2026-08
cars24 gomti nagar lucknow,19,Cars24 Cities,2026-08
cars24 korum,19,Cars24,2026-08
rohini cars24,19,Cars24,2026-08
"cars24 - buy, sell, finance used cars in whitefield, bangalore",19,Cars24 Sell,2026-08
"cars24 - sell used cars in rohini sector 11, new delhi",19,Cars24 Sell,2026-08
cars24 saket hub,19,Cars24,2026-08
used honda city cars24,18,Cars24 + Car Model,2026-08
cars 24 hiring,18,Others,2026-08
pajero cars24,18,Cars24,2026-08
cars24 ignis,18,Cars24 + Car Model,2026-08
cars24 nano,18,Cars24 + Car Model,2026-08
cars24 new,18,Cars24,2026-08
scorpio classic cars24,18,Cars24 + Car Model,2026-08
car 24 chaalan,18,Cars24,2026-08
hyundai verna cars24,18,Cars24 + Car Model,2026-08
skoda rapid cars24,18,Cars24 + Car Model,2026-08
cars 24 gulbarga,18,Cars24 Cities,2026-08
cars24 live auction,18,Cars24 Buy,2026-08
kia seltos cars 24,18,Cars24 + Car Model,2026-08
car 24 latur,18,Cars24,2026-08
car 24 meerut,18,Cars24 Cities,2026-08
cars 24 honda civic,18,Cars24 + Car Model,2026-08
cars24 lifetime warranty,18,Cars24,2026-08
24 cars nagpur,18,Cars24 Cities,2026-08
cars 24 tirunelveli,18,Cars24 Cities,2026-08
cars24 account delete,18,Cars24,2026-08
cars24 in jaipur,18,Cars24 Cities,2026-08
car 24 dombivli east,18,Cars24 Cities,2026-08
car24 customer care email id,18,Cars24 Customer Care,2026-08
car24 hubli,18,Cars24 Cities,2026-08
cars 24 gujarat,18,Cars24 Cities,2026-08
cars 24 in dehradun,18,Cars24 Cities,2026-08
cars24 i10,18,Cars24,2026-08
cars24 vadodara price list,18,Cars24 Buy,2026-08
car 24 rohini,18,Cars24,2026-08
cars 24 hosur,18,Cars24,2026-08
cars24 customer care number pune,18,Cars24 Customer Care,2026-08
cars24*7,18,Cars24,2026-08
second hand car 24,18,Cars24 Buy,2026-08
car 24 ajmer,18,Cars24 Cities,2026-08
cars24 bangalore location,18,Cars24 Cities,2026-08
cars24 mysore contact number,18,Cars24 Customer Care,2026-08
cars24 ranchi contact number,18,Cars24 Customer Care,2026-08
cars24 vadapalani contact number,18,Cars24 Customer Care,2026-08
car 24 rajkot contact number,18,Cars24 Customer Care,2026-08
cars24 contact number delhi,18,Cars24 Customer Care,2026-08
cars24 dindigul,18,Cars24,2026-08
nearest cars24 branch near me,18,Cars24 Cities,2026-08
car24 gandhinagar,18,Cars24 Cities,2026-08
cars24 gajuwaka,18,Cars24,2026-08
"cars24 - buy, sell, finance used cars in jakkur post, bangalore",18,Cars24 Sell,2026-08
cars24 dwarka sector 6,18,Cars24,2026-08
"cars24 - sell used cars in kharbi, nagpur kharabi reviews",18,Cars24 Sell,2026-08
cars24 coupon code,18,Cars24,2026-08
cars24 alcazar,17,Cars24 + Car Model,2026-08
cars24 carrer,17,Cars24,2026-08
toyota fortuner cars24,17,Cars24 + Car Model,2026-08
cars24 compare,17,Cars24,2026-08
cars24 car scrap,17,Cars24,2026-08
cars24 delete account,17,Cars24,2026-08
cars24 ev,17,Cars24,2026-08
cars24 loan foreclosure contact number,17,Cars24 Customer Care,2026-08
car 24 fine check,17,Cars24 Challan,2026-08
cars 24 hyd,17,Cars24,2026-08
cars24 mail,17,Cars24,2026-08
cars 24 cars,17,Cars24,2026-08
cars 24 contact,17,Cars24,2026-08
cars24 customer support number,17,Cars24 Customer Care,2026-08
cars24 scorpio s11,17,Cars24 + Car Model,2026-08
car24 challancheck,17,Cars24 Challan,2026-08
car 24 ambala,17,Cars24 Cities,2026-08
car24 goa,17,Cars24 Cities,2026-08
cars24 alto 800,17,Cars24 + Car Model,2026-08
cars24 call center,17,Cars24,2026-08
cars24 franchise,17,Cars24,2026-08
cars24 sagar,17,Cars24 Cities,2026-08
car 24 creta,17,Cars24 + Car Model,2026-08
car 24 jhansi,17,Cars24,2026-08
car 24 thar,17,Cars24 + Car Model,2026-08
car 247,17,Cars24,2026-08
car24 buy,17,Cars24 Buy,2026-08
car24 jhansi,17,Cars24,2026-08
car24 loan login,17,Cars24 Buy,2026-08
cars 24 swift,17,Cars24 + Car Model,2026-08
cars 24/7,17,Cars24,2026-08
cars24 30 days return policy,17,Cars24,2026-08
cars24 dombivli address,17,Cars24 Cities,2026-08
cars24 helpline number india,17,Cars24 Customer Care,2026-08
cars24 in nagpur,17,Cars24 Cities,2026-08
car24 zirakpur,17,Cars24,2026-08
cars 24 hyderabad address,17,Cars24 Cities,2026-08
cars24 customer care number kolkata,17,Cars24 Customer Care,2026-08
cars24 hr contact number,17,Cars24 Customer Care,2026-08
cars24 naroda contact number,17,Cars24 Customer Care,2026-08
verified direct seller cars24,17,Cars24,2026-08
car 24 insurance,17,Cars24 Buy,2026-08
cars 24 ambala,17,Cars24 Cities,2026-08
cars24 davangere,17,Cars24,2026-08
cars24 gt world mall,17,Cars24,2026-08
cars24 gurgaon near me,17,Cars24 Cities,2026-08
cars24 raj nagar ghaziabad,17,Cars24 Cities,2026-08
cars 24 kya hai,17,Cars24,2026-08
cars24 amanora mall,17,Cars24,2026-08
car24 app download,17,Cars24,2026-08
cars24 kharghar,17,Cars24,2026-08
cars24 navi mumbai address,17,Cars24 Cities,2026-08
cars 24 founder,17,Cars24,2026-08
cars24 gt mall reviews,17,Others,2026-08
cars24 corolla altis,16,Cars24 + Car Model,2026-08
cars24 jharkhand,16,Cars24,2026-08
cars24 premium,16,Cars24 Buy,2026-08
hilux cars24,16,Cars24,2026-08
mercedes cars24,16,Cars24 + Car Model,2026-08
car loan emi calculator cars24,16,Cars24 Buy,2026-08
duster cars24,16,Cars24 + Car Model,2026-08
tiago cars24,16,Cars24 + Car Model,2026-08
car 24 job,16,Others,2026-08
cars24 innova hycross,16,Cars24 + Car Model,2026-08
cars24 uttar pradesh,16,Cars24,2026-08
cars24 verna diesel,16,Cars24 + Car Model,2026-08
ciaz cars24,16,Cars24 + Car Model,2026-08
renault triber cars24,16,Cars24 + Car Model,2026-08
car 24 bilaspur,16,Cars24,2026-08
car24 fortuner,16,Cars24 + Car Model,2026-08
cars 24 partner,16,Cars24,2026-08
cars24 faridabad piyush mahendra mall,16,Cars24 Cities,2026-08
cars24 lucknow used cars,16,Cars24 Buy,2026-08
used ertiga in bangalore cars24,16,Cars24 + Car Model,2026-08
car 24 haridwar,16,Cars24 Cities,2026-08
cars 24 internship,16,Others,2026-08
cars24 tata nano,16,Cars24 + Car Model,2026-08
swift cars 24,16,Cars24 + Car Model,2026-08
car 24 ertiga cng,16,Cars24 + Car Model,2026-08
cars24 bokaro,16,Cars24 Cities,2026-08
cars24 chhattisgarh,16,Cars24,2026-08
cars24 customer care number chennai,16,Cars24 Customer Care,2026-08
cars24 ludhiana contact number,16,Cars24 Customer Care,2026-08
cars24 noida address sector 18,16,Cars24 Cities,2026-08
cars24 outlet near me,16,Cars24 Cities,2026-08
sell car at cars24,16,Cars24 Sell,2026-08
car 24 bathinda,16,Cars24 Cities,2026-08
car24india,16,Cars24,2026-08
cars 24 thiruverkadu chennai,16,Cars24 Cities,2026-08
cars24 car loan interest rate,16,Cars24 Buy,2026-08
cars24 jaipur address,16,Cars24 Cities,2026-08
belapur cars24,16,Cars24,2026-08
cars 24 customer care no,16,Cars24 Customer Care,2026-08
cars 24 hub,16,Cars24,2026-08
cars24 agra contact number,16,Cars24 Customer Care,2026-08
cars 24 gvk mall,16,Cars24,2026-08
cars24 complaint email id,16,Cars24 Customer Care,2026-08
cars24 in mumbai,16,Cars24 Cities,2026-08
cars24 varanasi contact number,16,Cars24 Customer Care,2026-08
cars24 इंदौर,16,Cars24,2026-08
cars 24 ajmer,16,Cars24 Cities,2026-08
cars 24 gurgaon office,16,Cars24 Cities,2026-08
cars24 pdi booking,16,PDI,2026-08
cars24 vehicle search,15,Cars24,2026-08
cars24 honda jazz,15,Cars24 + Car Model,2026-08
car24 insurance check,15,Cars24 Buy,2026-08
cars24 customer care toll free number india 24x7 kolkata,15,Cars24 Customer Care,2026-08
cars24 virtus,15,Cars24 + Car Model,2026-08
datsun redi go cars24,15,Cars24,2026-08
skoda kylaq cars24,15,Cars24,2026-08
xuv300 cars24,15,Cars24,2026-08
cars 24 hisar,15,Cars24 Cities,2026-08
cars24 civic,15,Cars24,2026-08
check challan online car 24,15,Cars24 Challan,2026-08
ciaz cars 24,15,Cars24 + Car Model,2026-08
24 car bazar lucknow,15,Cars24 Cities,2026-08
baleno cars 24,15,Cars24 + Car Model,2026-08
cars 24 ev,15,Cars24,2026-08
cars24 work from home jobs,15,Others,2026-08
challan status car 24,15,Cars24 Challan,2026-08
grand i10 cars24,15,Cars24 + Car Model,2026-08
grand i10 nios cars24,15,Cars24 + Car Model,2026-08
indore cars24,15,Cars24 Cities,2026-08
24 cars delhi,15,Cars24 Cities,2026-08
alcazar cars24,15,Cars24 + Car Model,2026-08
car24 insurance,15,Cars24 Buy,2026-08
cars 24 call,15,Cars24,2026-08
cars 24 franchise,15,Cars24,2026-08
cars24 bike valuation,15,Cars24 Sell,2026-08
cars24 celerio,15,Cars24 + Car Model,2026-08
cars24 faridabad sector 7,15,Cars24 Cities,2026-08
cars24 kwid,15,Cars24 + Car Model,2026-08
cars24 mathura,15,Cars24 Cities,2026-08
cars24 old cars,15,Cars24,2026-08
check challan car24,15,Cars24 Challan,2026-08
car 24 alto 800,15,Cars24 + Car Model,2026-08
car 24 in ahmedabad,15,Cars24 Cities,2026-08
cars24 calicut,15,Cars24 Cities,2026-08
cars24 in kolkata,15,Cars24 Cities,2026-08
cars24 loan status,15,Cars24 Buy,2026-08
cars24 maruti suzuki,15,Cars24,2026-08
cars24 muzaffarnagar,15,Cars24,2026-08
cars24 new car pdi,15,PDI,2026-08
cars24 head office address,15,Cars24 Customer Care,2026-08
cars24 insurance customer care number,15,Cars24 Customer Care,2026-08
cars24 pdi cost for new car,15,PDI,2026-08
jeep compass cars 24,15,Cars24 + Car Model,2026-08
buy cars 24,15,Cars24 Buy,2026-08
car24 kalyan,15,Cars24,2026-08
cars 24 lifetime warranty,15,Cars24,2026-08
cars24 dombivli contact number,15,Cars24 Customer Care,2026-08
cars24 hyderabad location,15,Cars24 Cities,2026-08
cars24 srinagar,15,Cars24 Cities,2026-08
cars24 vizag contact number,15,Cars24 Customer Care,2026-08
used car 24,15,Cars24 Buy,2026-08
car24 bachupally hyderabad,15,Cars24 Cities,2026-08
car24 pdi review,15,PDI,2026-08
cars 24 panipat,15,Cars24 Cities,2026-08
cars24 headquarters,15,Cars24,2026-08
cars24 nishal arcade surat,15,Cars24 Cities,2026-08
tathawade cars24,15,Cars24 Cities,2026-08
car24 owner,15,Cars24,2026-08
cars24 yamunanagar,15,Cars24,2026-08
car24 near me location,15,Cars24 Cities,2026-08
"cars24 - buy, sell, finance used cars in belapur, mumbai navi mumbai",15,Cars24 Sell,2026-08
cars24 dhanbad contact number,15,Cars24 Customer Care,2026-08
naroda cars24,15,Cars24 Cities,2026-08
cars24 nearby,15,Cars24,2026-08
near by cars24 showroom,15,Cars24,2026-08
cars 24 service center,15,Cars24,2026-08
24 cars launch,15,Cars24,2026-08
"cars24 - sell used cars in gaur city, noida",15,Cars24 Sell,2026-08
cars24 carrers,14,Cars24,2026-08
cars24 ford ecosport,14,Cars24 + Car Model,2026-08
cars24 in india,14,Cars24,2026-08
toyota hilux cars24,14,Cars24,2026-08
cars24 affiliate program,14,Cars24,2026-08
cars24 chennai customer care number,14,Cars24 Customer Care,2026-08
chalan car 24,14,Cars24 Challan,2026-08
elantra cars24,14,Cars24 + Car Model,2026-08
hyundai elantra cars24,14,Cars24 + Car Model,2026-08
jimny cars 24,14,Cars24 + Car Model,2026-08
cars24 ncr,14,Cars24,2026-08
swift dzire cars24,14,Cars24 + Car Model,2026-08
cars24 chandigarh used cars,14,Cars24 Buy,2026-08
cars24 skoda octavia,14,Cars24 + Car Model,2026-08
harrier cars24,14,Cars24 + Car Model,2026-08
honda wrv cars24,14,Cars24 + Car Model,2026-08
skoda slavia cars 24,14,Cars24 + Car Model,2026-08
toyota hyryder cars24,14,Cars24 + Car Model,2026-08
car 24 uae,14,Cars24,2026-08
car24 gandhidham,14,Cars24,2026-08
car24 vijayawada,14,Cars24 Cities,2026-08
cars24 loan statement,14,Cars24 Buy,2026-08
scorpio s11 cars24,14,Cars24 + Car Model,2026-08
car 24 inspection,14,Cars24,2026-08
car24 greater noida,14,Cars24 Cities,2026-08
cars 24 jharkhand,14,Cars24,2026-08
cars24 customer care number india 24x7,14,Cars24 Customer Care,2026-08
cars24 dehradun contact number,14,Cars24 Customer Care,2026-08
cars24 in coimbatore,14,Cars24 Cities,2026-08
magnite cars24,14,Cars24 + Car Model,2026-08
sell my car cars24,14,Cars24 Sell,2026-08
car24 bareilly,14,Cars24 Cities,2026-08
cars 24 kompally hyderabad,14,Cars24 Cities,2026-08
cars 24 tirupur,14,Cars24 Cities,2026-08
cars24 customer care toll free number hyderabad 24x7,14,Cars24 Customer Care,2026-08
cars24 elite pune,14,ELITE,2026-08
cars24 kanpur contact number,14,Cars24 Customer Care,2026-08
24 cars for sale,14,Cars24,2026-08
car 24 memo,14,Cars24 Challan,2026-08
car 24 old car,14,Cars24,2026-08
car24 review,14,Others,2026-08
cars24 chhindwara,14,Cars24,2026-08
cars24 godhra,14,Cars24,2026-08
cars24 salem contact number,14,Cars24 Customer Care,2026-08
car24 finance,14,Cars24,2026-08
"cars24 - buy, sell, finance used cars in atal path, patna photos",14,Cars24 Sell,2026-08
cars24 customer care number noida,14,Cars24 Customer Care,2026-08
cars24 pune location,14,Cars24 Cities,2026-08
car24 near me used cars,14,Cars24 Buy,2026-08
cars24 car sell,14,Cars24 Sell,2026-08
cars24 ghaziabad address,14,Cars24 Cities,2026-08
cars24 jodhpur contact number,14,Cars24 Customer Care,2026-08
cars24 meerut contact number,14,Cars24 Customer Care,2026-08
attapur cars24,14,Cars24,2026-08
car24 attapur,14,Cars24,2026-08
cars 24 rudrapur,14,Cars24,2026-08
cars24 application,14,Cars24,2026-08
cars24 dealership,14,Cars24,2026-08
cars24 gwalior address,14,Cars24 Cities,2026-08
cars 24 ceo,14,Cars24,2026-08
nearest cars24 showroom,14,Cars24,2026-08
"cars24 - sell used cars in spaze platinum tower, gurugram",14,Cars24 Sell,2026-08
cars24 elite - b and j cars | sell premium used cars in delhi model basti,14,ELITE,2026-08
cars 24 used hyd,13,Cars24,2026-08
car24 thar,13,Cars24 + Car Model,2026-08
cars 24 innova,13,Cars24 + Car Model,2026-08
cars24 fastag recharge,13,Cars24,2026-08
cars24 information,13,Cars24,2026-08
scorpio n cars 24,13,Cars24 + Car Model,2026-08
brezza cars 24,13,Cars24 + Car Model,2026-08
cars24 octavia,13,Cars24 + Car Model,2026-08
hyundai tucson cars24,13,Cars24 + Car Model,2026-08
s presso cars24,13,Cars24,2026-08
car24 kolkata used cars,13,Cars24 Buy,2026-08
cars24 challan toll free number,13,Cars24 Challan,2026-08
cars24 ciaz,13,Cars24 + Car Model,2026-08
cars24 in chandigarh,13,Cars24 Cities,2026-08
cars24 s presso,13,Cars24,2026-08
nano cars 24,13,Cars24 + Car Model,2026-08
virtus gt cars24,13,Cars24 + Car Model,2026-08
car 24 alto,13,Cars24 + Car Model,2026-08
cars 24 tata nano,13,Cars24 + Car Model,2026-08
cars24 email,13,Cars24,2026-08
cars24 kharagpur,13,Cars24,2026-08
new cars24,13,Cars24 + Car Model,2026-08
scorpio cars 24,13,Cars24 + Car Model,2026-08
second hand cars 24,13,Cars24 Buy,2026-08
car 24 customer number,13,Cars24,2026-08
car 24 jharkhand,13,Cars24,2026-08
car 24 madurai,13,Cars24 Cities,2026-08
car 24 satna,13,Cars24,2026-08
cars 24 palakkad,13,Cars24 Cities,2026-08
cars 24 tamil nadu,13,Cars24,2026-08
cars 24 vacancy,13,Others,2026-08
"cars24 - buy, sell, finance used cars in kakkanad yard, kochi photos",13,Cars24 Sell,2026-08
cars24 7 seater car,13,Cars24,2026-08
cars24 auction cars,13,Cars24 Buy,2026-08
cars24 check price,13,Cars24 Buy,2026-08
cars24 grievance,13,Cars24,2026-08
cars24 hub chennai,13,Cars24 Cities,2026-08
cars24 indore used cars,13,Cars24 Buy,2026-08
cars24 jakkur used cars,13,Cars24 Buy,2026-08
cars24 nagercoil,13,Cars24,2026-08
cars24 palanpur,13,Cars24,2026-08
cars24 pre delivery inspection,13,PDI,2026-08
cars24 rc transfer time,13,Others,2026-08
cars24 services,13,Cars24,2026-08
cars24 tiago,13,Cars24 + Car Model,2026-08
alto cars24,13,Cars24 + Car Model,2026-08
car 24 in pune,13,Cars24 Cities,2026-08
car24 bathinda,13,Cars24 Cities,2026-08
car24 metro walk,13,Cars24,2026-08
car24 website,13,Cars24,2026-08
cars24 car price check,13,Cars24 Buy,2026-08
cars24 guwahati contact number,13,Cars24 Customer Care,2026-08
cars24 loan details,13,Cars24 Buy,2026-08
cars24 mysore used cars,13,Cars24 Buy,2026-08
cars24 pay challan online,13,Cars24 Challan,2026-08
cars24 rohini hub,13,Cars24,2026-08
car 24 7,13,Cars24,2026-08
car24 bhopal used cars,13,Cars24 Buy,2026-08
cars 24 in chennai,13,Cars24 Cities,2026-08
cars 24 in delhi,13,Cars24 Cities,2026-08
cars 24 newtown,13,Cars24,2026-08
cars 24 satara,13,Cars24,2026-08
cars24 andhra pradesh,13,Cars24,2026-08
cars24 hours,13,Cars24,2026-08
cars24 jabalpur address,13,Cars24 Cities,2026-08
cars24 meerut address,13,Cars24 Cities,2026-08
cars24 muzaffarpur contact number,13,Cars24 Customer Care,2026-08
cars24 tumkur,13,Cars24 Cities,2026-08
cars24 two wheeler,13,Cars24,2026-08
ceo of cars24,13,Cars24,2026-08
e24 car,13,Cars24,2026-08
surat cars24,13,Cars24 Cities,2026-08
car24 service history,13,Others,2026-08
cars 24 bilaspur,13,Cars24,2026-08
cars 24 corporate office,13,Cars24,2026-08
cars24 aurangabad contact number,13,Cars24 Customer Care,2026-08
cars24 extended warranty,13,Cars24,2026-08
cars24 madurai contact number,13,Cars24 Customer Care,2026-08
cars24 undri,13,Cars24,2026-08
"cars24 - sell used cars in kalyan, mumbai photos",13,Cars24 Sell,2026-08
cars24 bahadurgarh,13,Cars24,2026-08
cars24 bhopal address,13,Cars24 Cities,2026-08
cars24 mysore location,13,Cars24 Cities,2026-08
cars24 pal surat,13,Cars24 Cities,2026-08
cars24 trichy address,13,Cars24 Cities,2026-08
cars24 history,13,Cars24,2026-08
car 24 mehsana,13,Cars24 Cities,2026-08
"cars24 - sell used cars in undri, pune photos",13,Cars24 Sell,2026-08
cars24 open on sunday,13,Cars24,2026-08
"cars24 - udyog vihar, sector 18, gurgaon",13,Cars24 Cities,2026-08
camry cars24,12,Cars24 + Car Model,2026-08
cars 24 xuv 700,12,Cars24 + Car Model,2026-08
cars24 complaint email,12,Cars24 Customer Care,2026-08
car 24 fortuner,12,Cars24 + Car Model,2026-08
car24 elite,12,ELITE,2026-08
cars 24 details,12,Cars24,2026-08
used creta cars24,12,Cars24 + Car Model,2026-08
car 24 scorpio,12,Cars24 + Car Model,2026-08
cars 24 haldwani,12,Cars24,2026-08
cars24 check car details,12,Others,2026-08
cars24 vehicle challan,12,Cars24 Challan,2026-08
hyundai verna cars 24,12,Cars24 + Car Model,2026-08
kia carens cars 24,12,Cars24 + Car Model,2026-08
nissan kicks cars24,12,Cars24,2026-08
24 car sell,12,Cars24 Sell,2026-08
alto 800 cars24,12,Cars24 + Car Model,2026-08
car 24 in mumbai,12,Cars24 Cities,2026-08
car24 kochi used cars,12,Cars24 Buy,2026-08
car24 चालान,12,Cars24 Challan,2026-08
cars 24 customer care email,12,Cars24 Customer Care,2026-08
cars24 cars24,12,Cars24,2026-08
cars24 creta diesel,12,Cars24 + Car Model,2026-08
cars24 job apply online,12,Others,2026-08
cars24 surat challan,12,Cars24 Challan,2026-08
cars24 swift dzire price,12,Cars24 + Car Model,2026-08
ecosport cars24,12,Cars24,2026-08
fronx cars 24,12,Cars24 + Car Model,2026-08
thar roxx cars 24,12,Cars24 + Car Model,2026-08
car24 dombivli east,12,Cars24 Cities,2026-08
car24 email id for complaint,12,Cars24 Customer Care,2026-08
cars24 under 5 lakhs,12,Cars24,2026-08
cars24 used cars delhi,12,Cars24 Buy,2026-08
cars24 used cars mumbai,12,Cars24 Buy,2026-08
challan pay cars24,12,Cars24 Challan,2026-08
e challan cars 24,12,Cars24 Challan,2026-08
altroz cars24,12,Cars24 + Car Model,2026-08
car 24 elite,12,ELITE,2026-08
cars 24 mail id,12,Cars24,2026-08
cars 24 toll free,12,Cars24 Customer Care,2026-08
cars 24 vashi,12,Cars24,2026-08
cars24 alwar,12,Cars24 Cities,2026-08
cars24 bhiwani,12,Cars24,2026-08
cars24 hubli contact number,12,Cars24 Customer Care,2026-08
cars24 in ghaziabad,12,Cars24 Cities,2026-08
cars24 listing fee refund,12,Cars24,2026-08
cars24 nashik used cars,12,Cars24 Buy,2026-08
cars24 new car price,12,Cars24 Buy,2026-08
cars24 sg highway,12,Cars24,2026-08
cars24new,12,Cars24,2026-08
about cars 24,12,Cars24,2026-08
ahmedabad cars24,12,Cars24 Cities,2026-08
car 24 hours,12,Cars24,2026-08
car24 trivandrum,12,Cars24 Cities,2026-08
cars 24 tamilnadu,12,Cars24,2026-08
cars24 bellahalli location,12,Cars24 Cities,2026-08
cars24 bikes,12,Cars24,2026-08
cars24 call number,12,Cars24,2026-08
cars24 contact number bangalore,12,Cars24 Customer Care,2026-08
cars24 dealer,12,Cars24,2026-08
cars24 dehradun used cars,12,Cars24 Buy,2026-08
cars24 exchange bonus,12,Cars24,2026-08
cars24 mail id,12,Cars24,2026-08
cars24 rental,12,Cars24,2026-08
cars24 wagon r cng price,12,Cars24 + Car Model,2026-08
cars 24 thanjavur,12,Cars24 Cities,2026-08
cars24 address gurgaon,12,Cars24 Cities,2026-08
car 24 hub,12,Cars24,2026-08
cars 24 koramangala,12,Cars24,2026-08
cars24 pvt ltd,12,Cars24,2026-08
car24 whitefield,12,Cars24,2026-08
cars24 franchise cost,12,Cars24,2026-08
car 24 app download,12,Cars24,2026-08
cars 24 gurugram,12,Cars24 Cities,2026-08
"cars24 - buy, sell, finance used cars in tathawade, pune",12,Cars24 Sell,2026-08
cars24 - sell used cars in meerut,12,Cars24 Sell,2026-08
cars 24 email,11,Cars24,2026-08
toyota yaris cars24,11,Cars24,2026-08
car24 rto check,11,Others,2026-08
cars 24 polo,11,Cars24 + Car Model,2026-08
dzire cars24,11,Cars24 + Car Model,2026-08
cars 24 company,11,Cars24,2026-08
cars24 in goa,11,Cars24 Cities,2026-08
cars 24 7,11,Cars24,2026-08
cars24 com,11,Cars24,2026-08
cars24 kavach,11,Cars24,2026-08
cars24 nadiad,11,Cars24 Cities,2026-08
cars24 tamil nadu used cars,11,Cars24 Buy,2026-08
challan online cars24,11,Cars24 Challan,2026-08
honda crv cars24,11,Cars24,2026-08
hyundai venue cars24,11,Cars24 + Car Model,2026-08
alto cars 24,11,Cars24 + Car Model,2026-08
car 24 ertiga,11,Cars24 + Car Model,2026-08
car24 helpline,11,Cars24 Customer Care,2026-08
cars24 alto,11,Cars24 + Car Model,2026-08
cars24 financial services pvt ltd customer care number,11,Cars24 Customer Care,2026-08
cars24 pune hinjewadi,11,Cars24 Cities,2026-08
cars24 silchar,11,Cars24 Cities,2026-08
cars24 swift diesel,11,Cars24 + Car Model,2026-08
cars24 vasai,11,Cars24,2026-08
cars24 vellore contact number,11,Cars24 Customer Care,2026-08
is cars24 extended warranty mandatory,11,Cars24,2026-08
suzuki jimny cars24,11,Cars24 + Car Model,2026-08
car 24 mail id,11,Cars24,2026-08
car 24 new delhi,11,Cars24 Cities,2026-08
"cars 24 near mumbai, maharashtra",11,Cars24 Cities,2026-08
cars24 gulbarga contact number,11,Cars24 Customer Care,2026-08
cars24 mahindra thar,11,Cars24 + Car Model,2026-08
cars24 odisha,11,Cars24,2026-08
cars24 scrap car price,11,Cars24 Buy,2026-08
cars24pdi,11,Cars24,2026-08
24 car ahmedabad,11,Cars24 Cities,2026-08
car 24.,11,Cars24,2026-08
car24. com,11,Cars24,2026-08
cars 24 anand,11,Cars24 Cities,2026-08
cars 24 buy,11,Cars24 Buy,2026-08
cars 24 karnataka,11,Cars24,2026-08
cars 24 store near me,11,Cars24 Cities,2026-08
cars24 authorised service centre,11,Cars24,2026-08
cars24 bhuj,11,Cars24,2026-08
cars24 company details,11,Cars24,2026-08
cars24 dhule,11,Cars24,2026-08
cars24 email address,11,Cars24,2026-08
cars24 in noida,11,Cars24 Cities,2026-08
cars24 jakkur contact number,11,Cars24 Customer Care,2026-08
cars24 loan payment online,11,Cars24 Buy,2026-08
cars24 panipat contact number,11,Cars24 Customer Care,2026-08
cars24 vaishnavi sapphire mall yeshwanthpur,11,Cars24,2026-08
car 24 hubli,11,Cars24 Cities,2026-08
car24 car sale,11,Cars24,2026-08
cars24 chennai address,11,Cars24 Cities,2026-08
cars24 com challan,11,Cars24 Challan,2026-08
cars24 howrah,11,Cars24,2026-08
cars24 patan,11,Cars24,2026-08
cars24 pune maharashtra,11,Cars24 Cities,2026-08
cars24 udupi,11,Cars24,2026-08
cars24 vadodara location,11,Cars24 Cities,2026-08
pune cars 24,11,Cars24 Cities,2026-08
car24 delhi contact number,11,Cars24 Customer Care,2026-08
"cars24 - sell used cars in sevoke road-new, siliguri photos",11,Cars24 Sell,2026-08
cars24 bhopal contact number,11,Cars24 Customer Care,2026-08
cars24 service centre near me,11,Cars24 Cities,2026-08
what does cars24 do,11,Cars24,2026-08
cars 24 app download,11,Cars24,2026-08
"cars24 - buy, sell, finance used cars in vaishnavi sapphire centre, bangalore phase 1, yeswanthpur",11,Cars24 Sell,2026-08
cars24 zero down payment,11,Cars24,2026-08
cars 24 location,11,Cars24,2026-08
cars24 amanora reviews,11,Others,2026-08
cars24 gaur city mall noida,11,Cars24 Cities,2026-08
cars24 sell used car,11,Cars24 Sell,2026-08
loans24 by cars24,11,Cars24 Buy,2026-08
"cars24 buy used cars, coimbatore kotharinagar",11,Cars24 Buy,2026-08
audi cars24,10,Cars24 + Car Model,2026-08
bmw x1 cars24,10,Cars24 + Car Model,2026-08
cars24 scooty,10,Cars24,2026-08
cars24 toyota,10,Cars24,2026-08
check challan online cars24,10,Cars24 Challan,2026-08
cars 24 innova crysta,10,Cars24 + Car Model,2026-08
cars24 car loan,10,Cars24 Buy,2026-08
cars24 pollution check,10,Cars24,2026-08
vento cars24,10,Cars24 + Car Model,2026-08
car 24 goa,10,Cars24 Cities,2026-08
cars24 thar price,10,Cars24 + Car Model,2026-08
cars24 venue,10,Cars24 + Car Model,2026-08
cars24 volkswagen polo,10,Cars24 + Car Model,2026-08
hyundai i20 cars24,10,Cars24 + Car Model,2026-08
mg hector cars 24,10,Cars24 + Car Model,2026-08
rohini cars24 hub,10,Cars24,2026-08
call cars24,10,Cars24,2026-08
car24 bangalore used cars,10,Cars24 Buy,2026-08
car24 lucknow used cars,10,Cars24 Buy,2026-08
car24 siliguri,10,Cars24 Cities,2026-08
car24 toll free number india 24 7,10,Cars24 Customer Care,2026-08
cars 24 ignis,10,Cars24 + Car Model,2026-08
cars 24 in mumbai,10,Cars24 Cities,2026-08
cars 24 online,10,Cars24,2026-08
cars24 atal path patna,10,Cars24 Cities,2026-08
cars24 in chennai,10,Cars24 Cities,2026-08
cars24 warranty policy,10,Cars24,2026-08
swift dzire car 24,10,Cars24 + Car Model,2026-08
tata curvv cars24,10,Cars24 + Car Model,2026-08
car 24 deoghar,10,Cars24,2026-08
car 24 login,10,Others,2026-08
car24 gujarat,10,Cars24 Cities,2026-08
car24 haldwani,10,Cars24,2026-08
cars24 inspection near me,10,Cars24 Cities,2026-08
cars24 kurukshetra,10,Cars24,2026-08
cars24 mumbai customer care number,10,Cars24 Customer Care,2026-08
cars24 rewari,10,Cars24,2026-08
eeco cars24,10,Cars24,2026-08
hyundai exter cars24,10,Cars24,2026-08
i10 cars24,10,Cars24,2026-08
in cars 24,10,Cars24,2026-08
car 24 car,10,Cars24,2026-08
car 24 cars,10,Cars24,2026-08
car 24 jalgaon,10,Cars24,2026-08
car 24 kya hai,10,Cars24,2026-08
car24 finance customer care number,10,Cars24 Customer Care,2026-08
car24 mehsana,10,Cars24 Cities,2026-08
car24 thrissur,10,Cars24 Cities,2026-08
cars 24 bharuch,10,Cars24,2026-08
"cars 24 near bengaluru, karnataka",10,Cars24,2026-08
cars 24 nellore,10,Cars24 Cities,2026-08
cars24 ankleshwar,10,Cars24,2026-08
cars24 download,10,Cars24,2026-08
cars24 elite delhi,10,ELITE,2026-08
cars24 moto sell bike,10,Cars24 Sell,2026-08
cars24 nanded used cars,10,Cars24 Buy,2026-08
cars24 near uppal hyderabad,10,Cars24 Cities,2026-08
cars24 surendranagar,10,Cars24,2026-08
car 24 old car sale,10,Cars24,2026-08
car24 atal path patna,10,Cars24 Cities,2026-08
cars 24 bangalore contact number,10,Cars24 Customer Care,2026-08
cars 24 undri,10,Cars24,2026-08
cars24 chennai near me,10,Cars24 Cities,2026-08
cars24 chennai vadapalani,10,Cars24 Cities,2026-08
cars24 forum mall,10,Cars24,2026-08
cars24 mantra mall attapur,10,Cars24,2026-08
cars24 online valuation,10,Cars24 Sell,2026-08
cars24 second hand,10,Cars24 Buy,2026-08
cars24 service,10,Cars24,2026-08
cars24 sri ganganagar,10,Cars24,2026-08
cars24 vapi address,10,Cars24,2026-08
sell car 24,10,Cars24 Sell,2026-08
toyota glanza cars24,10,Cars24 + Car Model,2026-08
car 24 naroda ahmedabad,10,Cars24 Cities,2026-08
car24 customer care number delhi,10,Cars24 Customer Care,2026-08
cars24 akshar chowk vadodara,10,Cars24 Cities,2026-08
cars24 amravati,10,Cars24 Cities,2026-08
cars24 bangalore near me,10,Cars24 Cities,2026-08
cars24 loan foreclosure charges,10,Cars24 Buy,2026-08
cars24 recruitment,10,Cars24,2026-08
cars24 rohtak contact number,10,Cars24 Customer Care,2026-08
"cars24 - sell used cars in attapur, hyderabad photos",10,Cars24 Sell,2026-08
"cars24 - sell used cars in sachin magdalla road, surat photos",10,Cars24 Sell,2026-08
cars24 gachibowli office,10,Cars24,2026-08
cars24 vacancy in delhi,10,Others,2026-08
car 24 cargo,10,Cars24,2026-08
"cars24 - buy, sell, finance used cars in rohini, delhi sector 10, rohini",10,Cars24 Sell,2026-08
"cars24 - sell used cars in bhankrota, jaipur",10,Cars24 Sell,2026-08
cars24 bike delhi,10,Cars24 Cities,2026-08
"cars24 brisbane - buy, sell & finance used cars",10,Cars24 Sell,2026-08
cars24 jobs in ahmedabad,10,Others,2026-08
cars24 jobs in jaipur,10,Others,2026-08
cars24 naroda reviews,10,Others,2026-08
24 car pune,9,Cars24 Cities,2026-08
cars24 etios liva,9,Cars24 + Car Model,2026-08
car24 jobs,9,Others,2026-08
cars24 delhi rohini,9,Cars24 Cities,2026-08
cars24 elantra,9,Cars24 + Car Model,2026-08
cars24 range rover,9,Cars24,2026-08
cars24 selling process,9,Cars24,2026-08
challan check online cars24,9,Cars24 Challan,2026-08
creta car 24,9,Cars24 + Car Model,2026-08
ford freestyle cars24,9,Cars24,2026-08
i20 cars 24,9,Cars24 + Car Model,2026-08
audi q3 cars24,9,Cars24 + Car Model,2026-08
car 24 alto k10,9,Cars24 + Car Model,2026-08
car 24 baleno,9,Cars24 + Car Model,2026-08
car 24 dubai,9,Cars24 Cities,2026-08
car24 latur,9,Cars24,2026-08
cars 24 tata punch,9,Cars24 + Car Model,2026-08
cars24 7,9,Cars24,2026-08
cars24 bidding,9,Cars24,2026-08
cars24 celerio cng,9,Cars24 + Car Model,2026-08
cars24 dzire,9,Cars24 + Car Model,2026-08
cars24 leadership team,9,Cars24,2026-08
cars24 loan closure,9,Cars24 Buy,2026-08
cars24 naroda used cars,9,Cars24 Buy,2026-08
cars24 rto services,9,Others,2026-08
cars24 sambalpur,9,Cars24,2026-08
innova hycross cars24,9,Cars24 + Car Model,2026-08
mg gloster cars24,9,Cars24 + Car Model,2026-08
nissan magnite cars 24,9,Cars24 + Car Model,2026-08
octavia cars24,9,Cars24 + Car Model,2026-08
tata punch cars 24,9,Cars24 + Car Model,2026-08
xuv 700 cars 24,9,Cars24 + Car Model,2026-08
24 cars ahmedabad,9,Cars24 Cities,2026-08
car 24 agra contact number,9,Cars24 Customer Care,2026-08
car 24 hour,9,Cars24,2026-08
car 24 in bangalore,9,Cars24 Cities,2026-08
car 24 nanded,9,Cars24 Cities,2026-08
car24 complaint email id,9,Cars24 Customer Care,2026-08
car24 junagadh,9,Cars24,2026-08
car24 patna bihar,9,Cars24 Cities,2026-08
cars 24 brezza,9,Cars24 + Car Model,2026-08
cars24 aurangabad maharashtra,9,Cars24 Cities,2026-08
cars24 bangalore buy used cars,9,Cars24 Buy,2026-08
cars24 bathinda,9,Cars24 Cities,2026-08
cars24 dealer registration online,9,Cars24,2026-08
cars24 dwarka contact number,9,Cars24 Customer Care,2026-08
cars24 kia sonet,9,Cars24 + Car Model,2026-08
cars24 kolkata address,9,Cars24 Cities,2026-08
cars24 raipur address,9,Cars24 Cities,2026-08
cars24 rent,9,Cars24,2026-08
cars24 rewa,9,Cars24,2026-08
cars24 second hand car price,9,Cars24 Buy,2026-08
cars24 sitamarhi,9,Cars24,2026-08
cars24 vashi,9,Cars24,2026-08
cars24 view challan,9,Cars24 Challan,2026-08
cars24 vijayawada contact number,9,Cars24 Customer Care,2026-08
honda jazz cars 24,9,Cars24 + Car Model,2026-08
i20 diesel cars24,9,Cars24 + Car Model,2026-08
kiger cars24,9,Cars24 + Car Model,2026-08
verna car24,9,Cars24 + Car Model,2026-08
car 24 ahmedabad contact number,9,Cars24 Customer Care,2026-08
car 24 ahmednagar,9,Cars24,2026-08
car 24 swift cng,9,Cars24 + Car Model,2026-08
car24 buy used cars,9,Cars24 Buy,2026-08
car24 madurai,9,Cars24 Cities,2026-08
car24s,9,Cars24,2026-08
cars 24 ahmednagar,9,Cars24,2026-08
cars 24 pdi booking,9,PDI,2026-08
cars 24x7,9,Cars24,2026-08
cars24 ai,9,Cars24,2026-08
cars24 anantapur,9,Cars24,2026-08
cars24 buy and sell,9,Cars24 Sell,2026-08
cars24 buy used car,9,Cars24 Buy,2026-08
cars24 customer care number ahmedabad,9,Cars24 Customer Care,2026-08
cars24 customer care toll free number india 24x7 delhi contact,9,Cars24 Customer Care,2026-08
cars24 dealer auction,9,Cars24 Buy,2026-08
cars24 escalation email,9,Cars24,2026-08
cars24 gachibowli,9,Cars24,2026-08
cars24 gwalior contact number,9,Cars24 Customer Care,2026-08
cars24 in kanpur,9,Cars24 Cities,2026-08
cars24 jobs near me,9,Others,2026-08
cars24 report,9,Cars24,2026-08
cars24 thane contact number,9,Cars24 Customer Care,2026-08
cars24 thiruverkadu contact number,9,Cars24 Customer Care,2026-08
cars24 thiruverkadu used cars,9,Cars24 Buy,2026-08
cars24 urbana,9,Cars24,2026-08
cars24 used car inspection,9,Cars24 Buy,2026-08
job in cars24,9,Others,2026-08
car 24 amravati,9,Cars24 Cities,2026-08
car 24 anand,9,Cars24 Cities,2026-08
car 24 kottayam,9,Cars24,2026-08
car 24 udaipur,9,Cars24 Cities,2026-08
car 240 challan,9,Cars24 Challan,2026-08
car24 kota,9,Cars24 Cities,2026-08
cars24 aligarh contact number,9,Cars24 Customer Care,2026-08
cars24 asansol,9,Cars24,2026-08
cars24 contact number pune,9,Cars24 Customer Care,2026-08
cars24 loan repayment,9,Cars24 Buy,2026-08
cars24 old car sale,9,Cars24,2026-08
cars24 swift price,9,Cars24 + Car Model,2026-08
car cars24,9,Cars24,2026-08
car24 gomti nagar lucknow,9,Cars24 Cities,2026-08
car24 sri ganganagar,9,Cars24,2026-08
cars24 jaguar,9,Cars24 + Car Model,2026-08
cars24 kakkanad contact number,9,Cars24 Customer Care,2026-08
cars24 kolkata used cars,9,Cars24 Buy,2026-08
cars24 office in mumbai,9,Cars24 Cities,2026-08
cars24 office jaipur,9,Cars24 Cities,2026-08
cars24 raj nagar extension,9,Cars24,2026-08
24 cars contact number,9,Cars24 Customer Care,2026-08
car24 second hand,9,Cars24 Buy,2026-08
"cars24 - buy, sell, finance used cars in amanora mall, pune photos",9,Cars24 Sell,2026-08
cars24 belapur address,9,Cars24,2026-08
cars24 ceo name,9,Cars24,2026-08
cars24 rating,9,Cars24,2026-08
cars24 revenue,9,Cars24,2026-08
cars24 sydney,9,Cars24 Cities,2026-08
www.cars24,9,Cars24,2026-08
car24 dwarka,9,Cars24,2026-08
car24 jamnagar,9,Cars24 Cities,2026-08
cars24 nashik address,9,Cars24 Cities,2026-08
"cars24 - buy, sell, finance used cars in mantra mall, hyderabad fort view colony",9,Cars24 Sell,2026-08
"cars24 buy used cars in kompally, hyderabad reviews",9,Cars24 Buy,2026-08
cars24 deployment inc,9,Cars24,2026-08
cars24 gurgaon customer care number,9,Cars24 Customer Care,2026-08
cars24 openings,9,Cars24,2026-08
cars24 travels guntur,9,Cars24 Cities,2026-08
careers cars24,8,Others,2026-08
cars24 madurai used cars,8,Cars24 Buy,2026-08
hyundai creta cars24,8,Cars24 + Car Model,2026-08
s cross cars24,8,Cars24,2026-08
used cars in cars24,8,Cars24 Buy,2026-08
cars24 altroz,8,Cars24 + Car Model,2026-08
cars24 amanora address,8,Cars24,2026-08
cars24 banglore,8,Cars24,2026-08
cars24 compare cars,8,Cars24,2026-08
cars24 honda elevate,8,Cars24 + Car Model,2026-08
cars24 kottayam used cars,8,Cars24 Buy,2026-08
cars24 rc transfer complaints,8,Cars24 Customer Care,2026-08
polo gt cars24,8,Cars24 + Car Model,2026-08
skoda kodiaq cars24,8,Cars24 + Car Model,2026-08
tata tiago ev cars24,8,Cars24 + Car Model,2026-08
car 24 career,8,Others,2026-08
car24 bihar,8,Cars24,2026-08
car24 swift,8,Cars24 + Car Model,2026-08
cars 24 mercedes,8,Cars24 + Car Model,2026-08
cars24 contact number mumbai,8,Cars24 Customer Care,2026-08
cars24 gaya,8,Cars24 Cities,2026-08
cars24 in meerut,8,Cars24 Cities,2026-08
cars24 mangalore used cars,8,Cars24 Buy,2026-08
cars24 old car buy,8,Cars24 Buy,2026-08
cars24 ratlam,8,Cars24,2026-08
cars24 safari,8,Cars24 + Car Model,2026-08
cars24 telangana,8,Cars24,2026-08
cars24 uttarakhand,8,Cars24,2026-08
cars24 vapi contact number,8,Cars24 Customer Care,2026-08
ford figo cars24,8,Cars24 + Car Model,2026-08
ignis cars 24,8,Cars24 + Car Model,2026-08
used car cars24,8,Cars24 Buy,2026-08
car 24 online,8,Cars24,2026-08
car24 financial services pvt ltd,8,Cars24 Buy,2026-08
car24 sonipat,8,Cars24,2026-08
car24 surat location,8,Cars24 Cities,2026-08
cars 24 cng,8,Cars24,2026-08
cars 24 dwarka sector 13,8,Cars24,2026-08
cars 24 used car inspection,8,Cars24 Buy,2026-08
cars24 after sales service,8,Cars24,2026-08
cars24 attapur used cars,8,Cars24 Buy,2026-08
cars24 auction time,8,Cars24 Buy,2026-08
cars24 complaint email id india,8,Cars24 Customer Care,2026-08
cars24 ernakulam,8,Cars24,2026-08
cars24 gurugram haryana,8,Cars24 Cities,2026-08
cars24 interest rate,8,Cars24,2026-08
cars24 rohini sector 11,8,Cars24,2026-08
cars24 zirakpur punjab,8,Cars24 Cities,2026-08
ccar 24,8,Cars24,2026-08
customer care car 24,8,Cars24 Customer Care,2026-08
car 24 ahmedabad naroda,8,Cars24 Cities,2026-08
car 24 old car buy,8,Cars24 Buy,2026-08
car 24 purnia,8,Cars24 Cities,2026-08
car24 bhavnagar,8,Cars24 Cities,2026-08
cars 24 car loan,8,Cars24 Buy,2026-08
cars 24 near delhi,8,Cars24 Cities,2026-08
"cars24 - sell used cars in bapunagar, junagadh photos",8,Cars24 Sell,2026-08
cars24 bangalore customer care number,8,Cars24 Customer Care,2026-08
cars24 baramati,8,Cars24,2026-08
cars24 customer care bangalore toll free number,8,Cars24 Customer Care,2026-08
"cars24 gomti nagar, lucknow contact number",8,Cars24 Customer Care,2026-08
cars24 in bangalore,8,Cars24 Cities,2026-08
cars24 jodhpur address,8,Cars24 Cities,2026-08
cars24 latur used cars,8,Cars24 Buy,2026-08
cars24 moradabad contact number,8,Cars24 Customer Care,2026-08
cars24 thanjavur,8,Cars24 Cities,2026-08
cars24 used cars chennai,8,Cars24 Buy,2026-08
how does cars24 auction work,8,Cars24 Buy,2026-08
near me cars24 showroom,8,Cars24 Cities,2026-08
used creta in bangalore cars24,8,Cars24 + Car Model,2026-08
car 24 scrap,8,Cars24,2026-08
car 24s,8,Cars24,2026-08
car24 bachupally,8,Cars24 Cities,2026-08
cars 24 office near me,8,Cars24 Cities,2026-08
cars 24 return policy,8,Cars24,2026-08
cars24 ahmedabad karnavati club,8,Cars24 Cities,2026-08
cars24 car price,8,Cars24 Buy,2026-08
cars24 channel partner for pc,8,Cars24,2026-08
cars24 gurugram office,8,Cars24 Cities,2026-08
cars24 in bihar,8,Cars24,2026-08
cars24 jaipur near me,8,Cars24 Cities,2026-08
cars24 kolhapur contact number,8,Cars24 Customer Care,2026-08
cars24 lucknow location,8,Cars24 Cities,2026-08
cars24 nexus vijaya mall,8,Cars24,2026-08
cars24 omr,8,Cars24,2026-08
does cars24 negotiate while buying,8,Cars24,2026-08
near cars24 showroom,8,Cars24,2026-08
ruchit agarwal cars24,8,Cars24,2026-08
car 24 naroda,8,Cars24 Cities,2026-08
car24 pune address,8,Cars24 Cities,2026-08
cars 24 hadapsar,8,Cars24,2026-08
"cars24 - buy, sell, finance used cars in kompally, hyderabad photos",8,Cars24 Sell,2026-08
"cars24 - sell used cars in tarabai park, kolhapur photos",8,Cars24 Sell,2026-08
cars24 corporate head office,8,Cars24 Customer Care,2026-08
cars24 kya hai in hindi,8,Cars24,2026-08
cars24 surat location,8,Cars24 Cities,2026-08
jakkur cars24 location,8,Cars24 Cities,2026-08
"cars24 - buy, sell, finance used cars in belapur, mumbai photos",8,Cars24 Sell,2026-08
cars24 network - sell car in erode reviews,8,Cars24 Sell,2026-08
nearest cars24,8,Cars24,2026-08
"cars24 - buy, sell, finance used cars in astra tower, kolkata",8,Cars24 Sell,2026-08
"cars24 - sell used cars in dwarka sector 6, delhi",8,Cars24 Sell,2026-08
"cars24 - sell used cars in makhan majra, chandigarh",8,Cars24 Sell,2026-08
cars24 direct sale still available,8,Cars24,2026-08
car24com,7,Cars24,2026-08
cars 24 ciaz,7,Cars24 + Car Model,2026-08
cars24 dubai careers,7,Others,2026-08
cars24 luxe,7,Cars24,2026-08
cars24 salem address,7,Cars24 Cities,2026-08
cars24 toyota camry,7,Cars24 + Car Model,2026-08
used brezza in bangalore cars24,7,Cars24 + Car Model,2026-08
www cars24 com india,7,Cars24,2026-08
car 24 dwarka,7,Cars24,2026-08
car24 allahabad,7,Cars24 Cities,2026-08
cars 24 alto,7,Cars24 + Car Model,2026-08
cars 24 nano,7,Cars24 + Car Model,2026-08
cars24 7 seater,7,Cars24,2026-08
cars24 arabia,7,Cars24,2026-08
cars24 care number,7,Cars24 Customer Care,2026-08
cars24 ertiga price,7,Cars24 + Car Model,2026-08
cars24 escalation,7,Cars24,2026-08
cars24 evaluation,7,Cars24 Sell,2026-08
e cars24,7,Cars24,2026-08
ertiga cars 24,7,Cars24 + Car Model,2026-08
kwid cars 24,7,Cars24 + Car Model,2026-08
mini cooper cars24,7,Cars24,2026-08
toyota corolla cars24,7,Cars24 + Car Model,2026-08
used car loan cars24,7,Cars24 Buy,2026-08
car 24 swift dzire,7,Cars24 + Car Model,2026-08
car 247 customer care number,7,Cars24 Customer Care,2026-08
car24 challn,7,Cars24,2026-08
car24 sell car contact number,7,Cars24 Customer Care,2026-08
car24 vastral,7,Cars24,2026-08
cars 24 call center,7,Cars24,2026-08
cars 24 premium,7,Cars24 Buy,2026-08
cars 24 virtus,7,Cars24 + Car Model,2026-08
"cars24 - buy, sell, finance used cars in astra tower, kolkata kolkata",7,Cars24 Sell,2026-08
cars24 car service,7,Cars24,2026-08
cars24 corporate office,7,Cars24,2026-08
cars24 grievance officer,7,Cars24,2026-08
cars24 head office number,7,Cars24 Customer Care,2026-08
cars24 help number,7,Cars24,2026-08
cars24 madurai address,7,Cars24 Cities,2026-08
cars24 mira road,7,Cars24,2026-08
cars24 pune amanora,7,Cars24 Cities,2026-08
cars24 refund policy,7,Cars24,2026-08
cars24 rental cars,7,Cars24,2026-08
cars24 seller protection policy,7,Cars24,2026-08
cars24 skoda superb,7,Cars24 + Car Model,2026-08
cars24 yeshwanthpur bangalore,7,Cars24 Cities,2026-08
delhi cars24,7,Cars24 Cities,2026-08
e-challan car 24,7,Cars24 Challan,2026-08
korum mall cars24,7,Cars24,2026-08
mycars24,7,Cars24,2026-08
renault duster cars24,7,Cars24 + Car Model,2026-08
volkswagen virtus cars24,7,Cars24 + Car Model,2026-08
bangalore cars24,7,Cars24 Cities,2026-08
car 24 gandhidham,7,Cars24,2026-08
car 24 website,7,Cars24,2026-08
car24 bike,7,Cars24,2026-08
car24 jalgaon,7,Cars24,2026-08
car24 trichy,7,Cars24 Cities,2026-08
car24 used cars delhi ncr,7,Cars24 Buy,2026-08
cars 24 chllan check,7,Cars24,2026-08
cars 24 cutomer care,7,Cars24,2026-08
cars 24 mathura,7,Cars24 Cities,2026-08
cars24 bareilly contact number,7,Cars24 Customer Care,2026-08
cars24 check car value,7,Cars24 Sell,2026-08
cars24 dibrugarh,7,Cars24 Cities,2026-08
cars24 goregaon east,7,Cars24 Cities,2026-08
cars24 in dehradun,7,Cars24 Cities,2026-08
cars24 in tamilnadu,7,Cars24,2026-08
cars24 ka customer care number,7,Cars24 Customer Care,2026-08
cars24 kannur contact number,7,Cars24 Customer Care,2026-08
cars24 loan eligibility,7,Cars24 Buy,2026-08
cars24 moto,7,Cars24,2026-08
cars24 rourkela,7,Cars24 Cities,2026-08
cars24 up,7,Cars24,2026-08
cars24 valsad,7,Cars24,2026-08
cars24.uae,7,Cars24,2026-08
cartruth by cars24,7,Cars24,2026-08
exter cars24,7,Cars24,2026-08
shivanshu makkar cars24,7,Cars24,2026-08
car24 amravati,7,Cars24 Cities,2026-08
car24 baroda,7,Cars24,2026-08
cars 24 bike sell,7,Cars24 Sell,2026-08
cars 24 reviews,7,Others,2026-08
cars 24 rewari,7,Cars24,2026-08
cars 24 wakad,7,Cars24,2026-08
cars 24.,7,Cars24,2026-08
cars 24\,7,Cars24,2026-08
cars24 borivali,7,Cars24,2026-08
cars24 ceo email id for complaint,7,Cars24 Customer Care,2026-08
cars24 contact number chennai,7,Cars24 Customer Care,2026-08
cars24 exchange offer,7,Cars24,2026-08
cars24 gorakhpur address,7,Cars24 Cities,2026-08
cars24 gps tracker app,7,Cars24,2026-08
cars24 gurgaon used cars,7,Cars24 Buy,2026-08
cars24 hadapsar pune,7,Cars24 Cities,2026-08
cars24 haralur,7,Cars24,2026-08
cars24 hsr layout,7,Cars24,2026-08
cars24 kurnool,7,Cars24,2026-08
cars24 logo png,7,Others,2026-08
cars24 ranchi address,7,Cars24 Cities,2026-08
cars24 trichy contact number,7,Cars24 Customer Care,2026-08
cars24 udaipur contact number,7,Cars24 Customer Care,2026-08
cars24 value,7,Cars24,2026-08
how to sell car on cars24,7,Cars24 Sell,2026-08
near cars24,7,Cars24,2026-08
near me cars24,7,Cars24 Cities,2026-08
pune cars24 kothrud,7,Cars24 Cities,2026-08
sell car cars24,7,Cars24 Sell,2026-08
tata tiago cars 24,7,Cars24 + Car Model,2026-08
who is the owner of cars24,7,Cars24,2026-08
24 cars kakkanad,7,Cars24 Cities,2026-08
can we negotiate with cars24,7,Cars24,2026-08
car 24 lucknow contact number,7,Cars24 Customer Care,2026-08
car24 korum mall thane,7,Cars24 Cities,2026-08
cars24 bachupally location,7,Cars24 Cities,2026-08
cars24 banashankari,7,Cars24,2026-08
cars24 gaur city,7,Cars24,2026-08
cars24 in surat,7,Cars24 Cities,2026-08
cars24 radisson blu dwarka,7,Cars24,2026-08
cars24 zirakpur contact number,7,Cars24 Customer Care,2026-08
m3m urbana cars24,7,Cars24,2026-08
pay challan cars24,7,Cars24 Challan,2026-08
cars24 whitefield bangalore,7,Cars24 Cities,2026-08
cars 24 new cars,6,Cars24 + Car Model,2026-08
cars24 do not disturb,6,Cars24,2026-08
cars24 hr number,6,Cars24,2026-08
cars24 uae careers,6,Others,2026-08
cars24],6,Cars24,2026-08
car 24 baroda,6,Cars24,2026-08
car 24 panipat,6,Cars24 Cities,2026-08
car24 commercial vehicle,6,Cars24 Buy,2026-08
cars 24 buy cars,6,Cars24 Buy,2026-08
cars 24 chalan check,6,Cars24 Challan,2026-08
cars 24 new car pdi,6,PDI,2026-08
cars 24 thar roxx,6,Cars24 + Car Model,2026-08
"cars24 - sell used cars in bhowanipore, kolkata used cars",6,Cars24 Sell,2026-08
cars24 calculator,6,Cars24,2026-08
cars24 car value check,6,Cars24 Sell,2026-08
cars24 customer complaints,6,Cars24 Customer Care,2026-08
cars24 free home inspection,6,Cars24,2026-08
cars24 hapur,6,Cars24,2026-08
cars24 investor relations,6,Cars24,2026-08
cars24 navi mumbai used cars,6,Cars24 Buy,2026-08
cars24 noida contact number,6,Cars24 Customer Care,2026-08
cars24 toll free number india,6,Cars24 Customer Care,2026-08
cars24 under 3 lakh,6,Cars24,2026-08
cars24',6,Cars24,2026-08
is extended warranty mandatory in cars24,6,Cars24,2026-08
mg astor cars24,6,Cars24 + Car Model,2026-08
nissan micra cars24,6,Cars24,2026-08
rajkot cars24,6,Cars24 Cities,2026-08
used cars 24,6,Cars24 Buy,2026-08
volkswagen polo cars24,6,Cars24 + Car Model,2026-08
24 cara,6,Cars24,2026-08
24 cars kerala,6,Cars24 Cities,2026-08
car 24 new car,6,Cars24 Buy,2026-08
car 24 partner,6,Cars24,2026-08
car24 ajmer,6,Cars24 Cities,2026-08
car24 scrap,6,Cars24,2026-08
car24 uae,6,Cars24,2026-08
car24.,6,Cars24,2026-08
car24/7,6,Cars24,2026-08
car24chalan,6,Cars24 Challan,2026-08
cars 24 ertiga,6,Cars24 + Car Model,2026-08
cars 24 fronx,6,Cars24 + Car Model,2026-08
cars 24 inspection,6,Cars24,2026-08
cars 247,6,Cars24,2026-08
cars24 banjara hills,6,Cars24,2026-08
cars24 bolero neo,6,Cars24 + Car Model,2026-08
cars24 c2c,6,Cars24,2026-08
cars24 contact no,6,Cars24,2026-08
cars24 contact number gurgaon,6,Cars24 Customer Care,2026-08
cars24 customer service number,6,Cars24 Customer Care,2026-08
cars24 driver job,6,Others,2026-08
cars24 gandhinagar contact number,6,Cars24 Customer Care,2026-08
cars24 hyd,6,Cars24,2026-08
cars24 in nashik,6,Cars24 Cities,2026-08
cars24 pondicherry used cars,6,Cars24 Buy,2026-08
cars24 rajouri garden contact number,6,Cars24 Customer Care,2026-08
cars24 renault kwid,6,Cars24 + Car Model,2026-08
cars24 rent a car,6,Cars24,2026-08
cars24 shyam nagar kanpur,6,Cars24 Cities,2026-08
cars24 vehicle inspection,6,Cars24,2026-08
gajendra jangid cars24,6,Cars24,2026-08
how to delete account in cars24,6,Cars24,2026-08
punch cars24,6,Cars24 + Car Model,2026-08
24 carwale,6,Cars24,2026-08
car 24 bhavnagar,6,Cars24 Cities,2026-08
car 24 himatnagar,6,Cars24,2026-08
car 24 mysore,6,Cars24 Cities,2026-08
car24 alwar,6,Cars24 Cities,2026-08
car24 bike sell,6,Cars24 Sell,2026-08
car24 ghaziabad,6,Cars24 Cities,2026-08
car24 office,6,Cars24,2026-08
car24 कस्टमर केयर नंबर,6,Cars24,2026-08
cars 24 bhilwara,6,Cars24,2026-08
cars 24 wave one noida,6,Cars24 Cities,2026-08
"cars24 - buy, sell, finance used cars in tathawade, pune photos",6,Cars24 Sell,2026-08
cars24 agra location,6,Cars24 Cities,2026-08
cars24 aurangabad address,6,Cars24 Cities,2026-08
cars24 bidding process,6,Cars24,2026-08
cars24 car history,6,Cars24,2026-08
cars24 car inspection charges,6,Cars24,2026-08
cars24 delhi customer care number,6,Cars24 Customer Care,2026-08
cars24 for sale,6,Cars24,2026-08
cars24 gvk mall,6,Cars24,2026-08
cars24 hub mumbai,6,Cars24 Cities,2026-08
cars24 india app download,6,Cars24,2026-08
cars24 kompally address,6,Cars24 Cities,2026-08
cars24 loan status login,6,Cars24 Buy,2026-08
cars24 service center,6,Cars24,2026-08
cars24 service private limited,6,Cars24,2026-08
cars24 services pvt ltd,6,Cars24,2026-08
cars24 warranty,6,Cars24,2026-08
cars24axel,6,Cars24,2026-08
nagpur cars24,6,Cars24 Cities,2026-08
what is car24,6,Cars24,2026-08
car 24 near by me,6,Cars24,2026-08
car24 patna contact number,6,Cars24 Customer Care,2026-08
cars 24 kannur,6,Cars24 Cities,2026-08
"cars 24 near gurugram, haryana",6,Cars24,2026-08
cars24 abu dhabi,6,Cars24 Cities,2026-08
cars24 ahmedabad near me,6,Cars24 Cities,2026-08
cars24 car valuation online,6,Cars24 Sell,2026-08
cars24 chennai location,6,Cars24 Cities,2026-08
cars24 head office gurgaon,6,Cars24 Customer Care,2026-08
cars24 kukatpally,6,Cars24,2026-08
cars24 m3m,6,Cars24,2026-08
cars24 near me under 2 lakhs,6,Cars24 Cities,2026-08
cars24 policy,6,Cars24,2026-08
cars24 pollachi,6,Cars24,2026-08
cars24 sector 18 noida,6,Cars24 Cities,2026-08
cars24 showroom in chennai,6,Cars24 Cities,2026-08
cars24 wakad,6,Cars24,2026-08
cars24 whitefield contact number,6,Cars24 Customer Care,2026-08
ccars24,6,Cars24,2026-08
ecco 2024 car price on road price,6,Cars24 Buy,2026-08
https://www.cars24.com/offer/cars24_yard_referral/,6,Cars24,2026-08
noida cars24 branch,6,Cars24 Cities,2026-08
thiruverkadu cars24,6,Cars24 Cities,2026-08
24 car care,6,Cars24,2026-08
"cars24 - buy, sell, finance used cars in korum mall, mumbai samata nagar",6,Cars24 Sell,2026-08
cars24 head office bangalore,6,Cars24 Customer Care,2026-08
cars24 nearest branch,6,Cars24,2026-08
cars24 nexus mall whitefield,6,Cars24,2026-08
cars24 valuation in rupees,6,Cars24 Sell,2026-08
cars24 services franchise,6,Cars24,2026-08
amaze cars24,5,Cars24 + Car Model,2026-08
car 24 zirakpur,5,Cars24,2026-08
cars 24 jeep compass,5,Cars24 + Car Model,2026-08
cars24 annual report,5,Cars24,2026-08
cars24 arabia careers,5,Others,2026-08
cars24 bangalore office,5,Cars24 Cities,2026-08
cars24 job apply,5,Others,2026-08
cars24 rc transfer process,5,Others,2026-08
cars24 renault duster,5,Cars24 + Car Model,2026-08
cars24 vehicle details check,5,Others,2026-08
cars24 wagholi pune,5,Cars24 Cities,2026-08
ford figo cars 24,5,Cars24 + Car Model,2026-08
tata hexa cars 24,5,Cars24 + Car Model,2026-08
tata tiago car 24,5,Cars24 + Car Model,2026-08
thar car24,5,Cars24 + Car Model,2026-08
about cars24,5,Cars24,2026-08
about cars24 company,5,Cars24,2026-08
car 24 bulandshahr,5,Cars24,2026-08
car 247 cars for sale,5,Cars24,2026-08
car24 nanded,5,Cars24 Cities,2026-08
cars 24 coimbatore contact number,5,Cars24 Customer Care,2026-08
cars 24 i20,5,Cars24 + Car Model,2026-08
cars 24 panvel,5,Cars24,2026-08
cars 24 patiala,5,Cars24 Cities,2026-08
"cars24 - buy, sell, finance used cars in gt world mall, bangalore photos",5,Cars24 Sell,2026-08
cars24 - on wheels | sell used cars in latur photos,5,Cars24 Sell,2026-08
cars24 book appointment,5,Cars24,2026-08
cars24 buy new car,5,Cars24 Buy,2026-08
cars24 car report,5,Cars24,2026-08
cars24 complaints,5,Cars24 Customer Care,2026-08
cars24 cuddalore,5,Cars24,2026-08
cars24 dnd,5,Cars24,2026-08
cars24 elite bangalore,5,ELITE,2026-08
cars24 feedback,5,Cars24,2026-08
cars24 finance login,5,Others,2026-08
cars24 honda,5,Cars24,2026-08
cars24 howrah avani mall,5,Cars24,2026-08
cars24 hub kandivali mumbai,5,Cars24 Cities,2026-08
cars24 kompally hyderabad,5,Cars24 Cities,2026-08
cars24 loan process,5,Cars24 Buy,2026-08
cars24 mumbai buy,5,Cars24 Buy,2026-08
cars24 mumbai office,5,Cars24 Cities,2026-08
cars24 nexon,5,Cars24 + Car Model,2026-08
cars24 nexon ev,5,Cars24 + Car Model,2026-08
cars24 office in bangalore,5,Cars24 Cities,2026-08
cars24 pathankot,5,Cars24,2026-08
cars24 requirements,5,Cars24,2026-08
cars24 seltos,5,Cars24,2026-08
cars24 uae used cars,5,Cars24 Buy,2026-08
cars24.in,5,Cars24,2026-08
cars24elite,5,Cars24,2026-08
celerio cars 24,5,Cars24 + Car Model,2026-08
delete cars 24 account,5,Cars24,2026-08
dombivli cars24,5,Cars24 Cities,2026-08
elevate cars24,5,Cars24,2026-08
hexa cars24,5,Cars24 + Car Model,2026-08
hyundai i10 cars24,5,Cars24,2026-08
mahindra xuv 3xo cars24,5,Cars24 + Car Model,2026-08
nissan gravite cars24,5,Cars24,2026-08
s24 car,5,Cars24,2026-08
toyota etios cars24,5,Cars24 + Car Model,2026-08
wagon r cars 24,5,Cars24 + Car Model,2026-08
24 car buy,5,Cars24 Buy,2026-08
buy car from cars24,5,Cars24 Buy,2026-08
car 24 finance,5,Cars24,2026-08
car 24 in delhi,5,Cars24 Cities,2026-08
car24 car,5,Cars24,2026-08
car24 partner,5,Cars24,2026-08
cars 24 ai,5,Cars24,2026-08
cars 24 tata tiago,5,Cars24 + Car Model,2026-08
cars 24 warranty,5,Cars24,2026-08
cars24 0 down payment,5,Cars24,2026-08
cars24 alappuzha,5,Cars24,2026-08
cars24 amritsar contact number,5,Cars24 Customer Care,2026-08
cars24 bhubaneswar address,5,Cars24 Cities,2026-08
cars24 brand ambassador,5,Cars24,2026-08
cars24 car exchange offer,5,Cars24,2026-08
cars24 challans,5,Cars24 Challan,2026-08
cars24 enasan,5,Cars24,2026-08
cars24 goa contact number,5,Cars24 Customer Care,2026-08
cars24 images,5,Cars24,2026-08
cars24 mangalore contact number,5,Cars24 Customer Care,2026-08
cars24 owned stock,5,Cars24,2026-08
cars24 service number,5,Cars24,2026-08
cars24 siliguri contact number,5,Cars24 Customer Care,2026-08
cars24 tirupati contact number,5,Cars24 Customer Care,2026-08
cars24 ulhasnagar,5,Cars24,2026-08
cars24 yard near me,5,Cars24 Cities,2026-08
cars24 कस्टमर केयर नंबर,5,Cars24,2026-08
chennai cars24,5,Cars24 Cities,2026-08
nexus whitefield cars24,5,Cars24,2026-08
skoda kylaq cars 24,5,Cars24,2026-08
tata nexon cars 24,5,Cars24 + Car Model,2026-08
vikram cars24,5,Cars24,2026-08
yelahanka cars24,5,Cars24,2026-08
car 24 mobile number,5,Cars24 Customer Care,2026-08
car 24 rewari,5,Cars24,2026-08
car 24/7 near me,5,Cars24 Cities,2026-08
car24 car sell,5,Cars24 Sell,2026-08
car24 darbhanga,5,Cars24 Cities,2026-08
car24 gurugram,5,Cars24 Cities,2026-08
car24 lucknow address,5,Cars24 Cities,2026-08
car24 service center,5,Cars24,2026-08
cars 24 bike,5,Cars24,2026-08
cars 24 bikes,5,Cars24,2026-08
cars 24 chembur,5,Cars24,2026-08
cars 24 honda amaze,5,Cars24 + Car Model,2026-08
cars 24 pune near me,5,Cars24 Cities,2026-08
"cars24 - buy, sell, finance used cars in bachupally, hyderabad photos",5,Cars24 Sell,2026-08
cars24 attapur hyderabad,5,Cars24 Cities,2026-08
cars24 call centre number,5,Cars24,2026-08
cars24 chd,5,Cars24,2026-08
cars24 company valuation,5,Cars24 Sell,2026-08
cars24 hub jakkur,5,Cars24 Cities,2026-08
cars24 jakkur photos,5,Cars24 Cities,2026-08
cars24 meaning,5,Cars24,2026-08
cars24 mobile number,5,Cars24 Customer Care,2026-08
cars24 mulund address,5,Cars24,2026-08
cars24 near boduppal hyderabad telangana,5,Cars24 Cities,2026-08
cars24 new town kolkata,5,Cars24 Cities,2026-08
cars24 patna location,5,Cars24 Cities,2026-08
cars24 pre delivery inspection cost,5,PDI,2026-08
cars24 sector 66 gurgaon,5,Cars24 Cities,2026-08
cars24 self drive cars,5,Cars24,2026-08
cars24 singanallur location,5,Cars24,2026-08
cars24 surat near me,5,Cars24 Cities,2026-08
cars24 undri pune,5,Cars24 Cities,2026-08
how to buy car from cars24,5,Cars24 Buy,2026-08
i 24 car,5,Cars24,2026-08
ignis car24,5,Cars24 + Car Model,2026-08
m parivahan e challan cars24,5,Cars24 Challan,2026-08
my cars24,5,Cars24,2026-08
used car valuation cars24,5,Cars24 Sell,2026-08
used car24,5,Cars24 Buy,2026-08
vadapalani cars24,5,Cars24,2026-08
cars 24 ad,5,Cars24,2026-08
cars 24 calicut,5,Cars24 Cities,2026-08
cars 24 hub near me,5,Cars24 Cities,2026-08
"cars24 - buy, sell, finance used cars in nexus vijaya mall, chennai photos",5,Cars24 Sell,2026-08
"cars24 - sell used cars in kharbi, nagpur photos",5,Cars24 Sell,2026-08
cars24 address near me,5,Cars24 Cities,2026-08
cars24 cfo,5,Cars24,2026-08
cars24 founder name,5,Cars24,2026-08
cars24 hub m3m urbana gurugram,5,Cars24 Cities,2026-08
cars24 kharbi,5,Cars24,2026-08
cars24 malhar mega mall indore,5,Cars24 Cities,2026-08
cars24 mechanic,5,Cars24,2026-08
cars24 network login,5,Others,2026-08
cars24 क्या है,5,Cars24,2026-08
protekt pro cars24,5,Cars24,2026-08
car 24 showroom,5,Cars24,2026-08
car 24 jobs,4,Others,2026-08
car24 ambala,4,Cars24 Cities,2026-08
cars24 attapur address,4,Cars24,2026-08
cars24 car purchase,4,Cars24,2026-08
cars24 dekho,4,Cars24,2026-08
cars24 hazaribagh,4,Cars24,2026-08
cars24 in mysore,4,Cars24 Cities,2026-08
cars24 in ranchi,4,Cars24 Cities,2026-08
cars24 kolhapur address,4,Cars24 Cities,2026-08
cars24 merchandise,4,Cars24,2026-08
cars24 official email id,4,Cars24,2026-08
cars24 rc transfer charges,4,Others,2026-08
cars24 registered office address,4,Cars24,2026-08
cars24 sales,4,Cars24,2026-08
cars24 tamilnadu,4,Cars24,2026-08
cars24 tesla,4,Cars24,2026-08
cars24 victoria,4,Cars24,2026-08
cars24pune,4,Cars24,2026-08
check vehicle details cars24,4,Others,2026-08
delhi traffic challan cars24,4,Cars24 Challan,2026-08
honda accord cars 24,4,Cars24,2026-08
honda brv cars24,4,Cars24,2026-08
new car 24,4,Cars24 Buy,2026-08
patna cars24 branch,4,Cars24 Cities,2026-08
tata punch car 24,4,Cars24 + Car Model,2026-08
used cars cars 24,4,Cars24 Buy,2026-08
what is cars24 lifetime warranty,4,Cars24,2026-08
xuv 500 cars 24,4,Cars24,2026-08
24 car bazar jaipur,4,Cars24 Cities,2026-08
aura cars24,4,Cars24 + Car Model,2026-08
buy car cars24,4,Cars24 Buy,2026-08
car 24 bhagalpur,4,Cars24 Cities,2026-08
car 24 gandhinagar,4,Cars24 Cities,2026-08
car 24 junagadh,4,Cars24,2026-08
car health monitor cars24,4,Cars24,2026-08
car pdi cars24,4,PDI,2026-08
car24 baleno,4,Cars24 + Car Model,2026-08
car24 customer number,4,Cars24,2026-08
car24 kerala used cars,4,Cars24 Buy,2026-08
car24 noida sector 18,4,Cars24 Cities,2026-08
car24 palanpur,4,Cars24,2026-08
car24 verna,4,Cars24 + Car Model,2026-08
car24x7,4,Cars24,2026-08
cars 24 30 day return policy,4,Cars24,2026-08
cars 24 au,4,Cars24,2026-08
cars 24 car,4,Cars24,2026-08
cars 24 car info,4,Others,2026-08
cars 24 escalation matrix,4,Cars24,2026-08
cars24 autopilot,4,Cars24,2026-08
cars24 booking amount refund,4,Cars24,2026-08
cars24 branches,4,Cars24,2026-08
cars24 car value,4,Cars24 Sell,2026-08
cars24 contact number hyderabad,4,Cars24 Customer Care,2026-08
"cars24 customer care number near bengaluru, karnataka",4,Cars24 Customer Care,2026-08
cars24 elevate,4,Cars24,2026-08
cars24 exchange,4,Cars24,2026-08
cars24 fastag customer care number,4,Cars24 Customer Care,2026-08
cars24 fortuner price,4,Cars24 + Car Model,2026-08
cars24 ganganagar,4,Cars24,2026-08
cars24 gota ahmedabad,4,Cars24 Cities,2026-08
cars24 gvk,4,Cars24,2026-08
cars24 head office email id,4,Cars24 Customer Care,2026-08
cars24 hosur contact number,4,Cars24 Customer Care,2026-08
cars24 hyryder,4,Cars24 + Car Model,2026-08
cars24 hyundai i20,4,Cars24 + Car Model,2026-08
cars24 in gurgaon,4,Cars24 Cities,2026-08
cars24 inspection contact number,4,Cars24 Customer Care,2026-08
cars24 jhunjhunu,4,Cars24,2026-08
cars24 kalyan address,4,Cars24,2026-08
cars24 kompally used cars,4,Cars24 Buy,2026-08
cars24 location near me,4,Cars24 Cities,2026-08
cars24 market value,4,Cars24,2026-08
cars24 office bangalore,4,Cars24 Cities,2026-08
cars24 pre owned cars,4,Cars24,2026-08
cars24 rudrapur contact number,4,Cars24 Customer Care,2026-08
cars24 s cross,4,Cars24,2026-08
cars24 thailand,4,Cars24,2026-08
cars24 token refund policy,4,Cars24,2026-08
cars24 under 4 lakh,4,Cars24,2026-08
cars24 vaishali ghaziabad,4,Cars24 Cities,2026-08
gnb mall cars24,4,Cars24,2026-08
how to delete car24 account,4,Cars24,2026-08
hyundai alcazar cars24,4,Cars24 + Car Model,2026-08
hyundai eon cars24,4,Cars24,2026-08
nano cars24,4,Cars24 + Car Model,2026-08
rajouri garden cars24,4,Cars24 Cities,2026-08
ruchit cars24,4,Cars24,2026-08
santro cars24,4,Cars24 + Car Model,2026-08
skoda cars24,4,Cars24,2026-08
venue cars 24,4,Cars24 + Car Model,2026-08
amanora mall cars24,4,Cars24,2026-08
can we bargain in cars24,4,Cars24,2026-08
car 24 agartala,4,Cars24 Cities,2026-08
car 24 call center,4,Cars24,2026-08
car24 gurgaon office,4,Cars24 Cities,2026-08
car24 in lucknow,4,Cars24 Cities,2026-08
car24 logo,4,Others,2026-08
car24 m3m urbana,4,Cars24,2026-08
car24 number,4,Cars24,2026-08
car24 price,4,Cars24 Buy,2026-08
cars 24 com,4,Cars24,2026-08
cars 24 in mysore,4,Cars24 Cities,2026-08
cars 24 pdi charges,4,PDI,2026-08
cars 24*7,4,Cars24,2026-08
"cars24 - buy, sell, finance used cars in whitefield, bangalore photos",4,Cars24 Sell,2026-08
cars24 amravati used cars,4,Cars24 Buy,2026-08
cars24 ayodhya,4,Cars24,2026-08
cars24 bachupally contact number,4,Cars24 Customer Care,2026-08
cars24 car selling process,4,Cars24,2026-08
cars24 chandigarh address,4,Cars24 Cities,2026-08
cars24 chennai sholinganallur,4,Cars24 Cities,2026-08
cars24 cuttack,4,Cars24 Cities,2026-08
cars24 dealer app,4,Cars24,2026-08
cars24 electronic city,4,Cars24,2026-08
cars24 goregaon address,4,Cars24 Cities,2026-08
cars24 hadapsar,4,Cars24,2026-08
cars24 hajipur,4,Cars24,2026-08
cars24 hinjewadi,4,Cars24,2026-08
cars24 hub mall,4,Cars24,2026-08
cars24 in andhra pradesh,4,Cars24,2026-08
cars24 inspection report download,4,Cars24,2026-08
cars24 jaipur office,4,Cars24 Cities,2026-08
cars24 jammu contact number,4,Cars24 Customer Care,2026-08
cars24 job vacancy near me,4,Others,2026-08
cars24 kaithal,4,Cars24,2026-08
cars24 karnavati club ahmedabad,4,Cars24 Cities,2026-08
cars24 lucknow ertiga,4,Cars24 + Car Model,2026-08
cars24 mohali address,4,Cars24 Cities,2026-08
cars24 office delhi,4,Cars24 Cities,2026-08
cars24 office in gurgaon,4,Cars24 Cities,2026-08
cars24 payment process,4,Cars24,2026-08
cars24 pdi for new car,4,PDI,2026-08
cars24 piyush mahendra mall,4,Cars24,2026-08
cars24 private limited,4,Cars24,2026-08
cars24 satara contact number,4,Cars24 Customer Care,2026-08
cars24 sell car price,4,Cars24 Sell,2026-08
cars24 singanallur contact number,4,Cars24 Customer Care,2026-08
cars24 sonipat contact number,4,Cars24 Customer Care,2026-08
cars24 tathawade photos,4,Cars24 Cities,2026-08
cars24 taxi car,4,Cars24,2026-08
cars24 thakur village,4,Cars24,2026-08
cars24 vikram chopra,4,Cars24,2026-08
cars24 vizag address,4,Cars24 Cities,2026-08
does cars24 give good price,4,Cars24 Buy,2026-08
does cars24 negotiate,4,Cars24,2026-08
ertiga car 24,4,Cars24 + Car Model,2026-08
ertiga car24,4,Cars24 + Car Model,2026-08
hyderabad cars24,4,Cars24 Cities,2026-08
lucknow car 24,4,Cars24 Cities,2026-08
24 cars lucknow,4,Cars24 Cities,2026-08
car 24 challan payment,4,Cars24 Challan,2026-08
car 24 seven,4,Cars24,2026-08
car24 cng car,4,Cars24 Buy,2026-08
car24 online,4,Cars24,2026-08
car24 pune location,4,Cars24 Cities,2026-08
cars 24 axle,4,Cars24 Buy,2026-08
cars 24 bestech mall mohali,4,Cars24 Cities,2026-08
cars 24 gaur city,4,Cars24,2026-08
cars 24 in bangalore,4,Cars24 Cities,2026-08
cars 24 near,4,Cars24,2026-08
cars 24 wiki,4,Cars24,2026-08
"cars24 - buy, sell, finance used cars in karnavati, ahmedabad mumatpura reviews",4,Cars24 Sell,2026-08
"cars24 - buy, sell, finance used cars in vivekananda nagar, coimbatore photos",4,Cars24 Sell,2026-08
cars24 andheri,4,Cars24,2026-08
cars24 car history report,4,Cars24,2026-08
cars24 car sale,4,Cars24,2026-08
cars24 gnb mall ghaziabad,4,Cars24 Cities,2026-08
cars24 in faridabad,4,Cars24 Cities,2026-08
cars24 karnavati club contact number,4,Cars24 Customer Care,2026-08
cars24 lifetime warranty review,4,Others,2026-08
cars24 near by,4,Cars24,2026-08
cars24 price calculator,4,Cars24 Buy,2026-08
cars24 review for buying,4,Others,2026-08
cars24 scam,4,Cars24,2026-08
cars24 vastral,4,Cars24,2026-08
cars24 workshop near me,4,Cars24 Cities,2026-08
https //www.cars24.com india,4,Cars24,2026-08
spinny or cars24 which is best for selling car,4,Cars24,2026-08
cars24 quotation,4,Cars24,2026-08
2024 cars for sale,3,Cars24,2026-08
24 car number plate,3,Others,2026-08
baleno car24,3,Cars24 + Car Model,2026-08
buy car on cars24,3,Cars24 Buy,2026-08
car24 car inspection,3,Cars24,2026-08
car24 check,3,Cars24,2026-08
car24 rc check,3,Others,2026-08
cars 24 bangalore office,3,Cars24 Cities,2026-08
cars 24 history,3,Cars24,2026-08
cars 24 interest rate,3,Cars24,2026-08
cars 24 tumkur,3,Cars24 Cities,2026-08
cars24 - habibi car zone | sell used cars in moradabad photos,3,Cars24 Sell,2026-08
cars24 30 day return policy,3,Cars24,2026-08
cars24 ambikapur,3,Cars24,2026-08
cars24 appointment booking,3,Cars24,2026-08
cars24 azamgarh,3,Cars24,2026-08
cars24 customer care phone number,3,Cars24 Customer Care,2026-08
cars24 dealer login,3,Others,2026-08
cars24 hilux,3,Cars24,2026-08
cars24 in dwarka,3,Cars24,2026-08
cars24 india website,3,Cars24,2026-08
cars24 loan department contact number,3,Cars24 Customer Care,2026-08
cars24 old car,3,Cars24,2026-08
cars24 partners,3,Cars24,2026-08
cars24 rajkot price,3,Cars24 Buy,2026-08
cars24 sector 67 gurgaon,3,Cars24 Cities,2026-08
cars24 services pvt. ltd.,3,Cars24,2026-08
cars24 site,3,Cars24,2026-08
cars24 skoda rapid,3,Cars24 + Car Model,2026-08
cars24 spam calls,3,Cars24,2026-08
cars24 terms and conditions,3,Cars24,2026-08
cars24 used cars india,3,Cars24 Buy,2026-08
cng cars24,3,Cars24 Buy,2026-08
customer care number car 24,3,Cars24 Customer Care,2026-08
from cars24,3,Cars24,2026-08
grand vitara cars 24,3,Cars24 + Car Model,2026-08
honda city car24,3,Cars24 + Car Model,2026-08
i20 car24,3,Cars24 + Car Model,2026-08
jobs in cars 24,3,Others,2026-08
mahindra thar cars24,3,Cars24 + Car Model,2026-08
renault kwid cars 24,3,Cars24 + Car Model,2026-08
safari cars24,3,Cars24 + Car Model,2026-08
team cars 24,3,Cars24,2026-08
www.car24,3,Cars24,2026-08
24 cars vesu,3,Cars24,2026-08
alto k10 cars 24,3,Cars24 + Car Model,2026-08
brezza car24,3,Cars24 + Car Model,2026-08
car 24 bachupally,3,Cars24 Cities,2026-08
car 24 gurugram,3,Cars24 Cities,2026-08
car24 amanora mall,3,Cars24,2026-08
car24 dubai,3,Cars24 Cities,2026-08
car24 gt mall,3,Cars24,2026-08
car24 hisar,3,Cars24 Cities,2026-08
car24 hub,3,Cars24,2026-08
car24 hyderabad used cars,3,Cars24 Buy,2026-08
car24 news,3,Cars24,2026-08
car24 noida sector 18 used cars,3,Cars24 Buy,2026-08
car24 service,3,Cars24,2026-08
car24 services pvt ltd,3,Cars24,2026-08
cars 24 cfo,3,Cars24,2026-08
cars 24 chlaan,3,Cars24,2026-08
cars 24 in coimbatore,3,Cars24 Cities,2026-08
cars 24 in india,3,Cars24,2026-08
cars 24 kakinada,3,Cars24 Cities,2026-08
cars 24 mumbai office,3,Cars24 Cities,2026-08
cars 24 new,3,Cars24,2026-08
cars 24 service,3,Cars24,2026-08
cars 24 services pvt ltd,3,Cars24,2026-08
"cars24 - buy, sell, finance used cars in dombivli east, mumbai photos",3,Cars24 Sell,2026-08
"cars24 - sell used cars in sector 5, panchkula photos",3,Cars24 Sell,2026-08
"cars24 - sell used cars in vashi, mumbai photos",3,Cars24 Sell,2026-08
cars24 account number,3,Cars24,2026-08
cars24 branch,3,Cars24,2026-08
cars24 buy cars,3,Cars24 Buy,2026-08
cars24 car value calculator,3,Cars24 Sell,2026-08
cars24 chalaan,3,Cars24,2026-08
cars24 corporate office gurgaon,3,Cars24 Cities,2026-08
cars24 customer care number hyderabad 24x7,3,Cars24 Customer Care,2026-08
cars24 customer care number lucknow,3,Cars24 Customer Care,2026-08
cars24 customer number,3,Cars24,2026-08
cars24 delhi contact number 24x7,3,Cars24 Customer Care,2026-08
cars24 fraud,3,Cars24,2026-08
cars24 giridih,3,Cars24,2026-08
cars24 hebbal bangalore,3,Cars24 Cities,2026-08
cars24 helpline mail id,3,Cars24 Customer Care,2026-08
cars24 hyderabad attapur,3,Cars24 Cities,2026-08
cars24 in hubli,3,Cars24 Cities,2026-08
cars24 indore near me,3,Cars24 Cities,2026-08
cars24 is which type of company,3,Cars24,2026-08
cars24 jabalpur photos,3,Cars24 Cities,2026-08
cars24 jakkur yard bangalore,3,Cars24 Cities,2026-08
cars24 jobs in mumbai,3,Others,2026-08
cars24 jodhpur location,3,Cars24 Cities,2026-08
cars24 kandivali address,3,Cars24,2026-08
cars24 korum mall thane,3,Cars24 Cities,2026-08
cars24 krishnagiri,3,Cars24,2026-08
cars24 kya h,3,Cars24,2026-08
cars24 loan noc download,3,Cars24 Buy,2026-08
cars24 melbourne,3,Cars24 Cities,2026-08
cars24 office hyderabad,3,Cars24 Cities,2026-08
cars24 pune amanora mall,3,Cars24 Cities,2026-08
cars24 resale car,3,Cars24,2026-08
cars24 rewari contact number,3,Cars24 Customer Care,2026-08
cars24 rithala,3,Cars24,2026-08
cars24 rohini address,3,Cars24,2026-08
cars24 sarai office,3,Cars24,2026-08
cars24 senior management email id,3,Cars24,2026-08
cars24 t permit car,3,Cars24,2026-08
cars24 tathawade contact number,3,Cars24 Customer Care,2026-08
cars24 toll free,3,Cars24 Customer Care,2026-08
cars24 vijayawada address,3,Cars24 Cities,2026-08
cars24 warehouse,3,Cars24,2026-08
cars243,3,Cars24,2026-08
cars247 login,3,Others,2026-08
cars24hub,3,Cars24,2026-08
does cars24 buy commercial cars,3,Cars24 Buy,2026-08
ford ecosport cars 24,3,Cars24 + Car Model,2026-08
from cars 24,3,Cars24,2026-08
gurugram cars24 office,3,Cars24 Cities,2026-08
how to close cars24 loan,3,Cars24 Buy,2026-08
how to get refund from cars24,3,Cars24,2026-08
https www cars24 com,3,Cars24,2026-08
jimny car cars24,3,Cars24 + Car Model,2026-08
kompally cars 24,3,Cars24 Cities,2026-08
m3m cars24,3,Cars24,2026-08
maruti suzuki cars24,3,Cars24,2026-08
mycar24,3,Cars24,2026-08
near me cars24 office,3,Cars24 Cities,2026-08
nishal arcade cars24,3,Cars24,2026-08
owner of cars24 india,3,Cars24,2026-08
s presso cars 24,3,Cars24,2026-08
sell car in cars24,3,Cars24 Sell,2026-08
tata nexon ev cars24,3,Cars24 + Car Model,2026-08
tata safari cars 24,3,Cars24 + Car Model,2026-08
vellore cars24,3,Cars24 Cities,2026-08
verna car 24 model,3,Cars24 + Car Model,2026-08
24 car insurance,3,Cars24 Buy,2026-08
bellahalli cars24,3,Cars24 Cities,2026-08
car 24 bhiwadi,3,Cars24,2026-08
car 24 bike,3,Cars24,2026-08
car 24 indore contact number,3,Cars24 Customer Care,2026-08
car 24*7,3,Cars24,2026-08
car car 24,3,Cars24,2026-08
car24 kandivali,3,Cars24,2026-08
car24 panvel,3,Cars24,2026-08
car24 phone number,3,Cars24,2026-08
car24 uppal,3,Cars24,2026-08
cars 24 australia,3,Cars24,2026-08
cars 24 bestech,3,Cars24,2026-08
cars 24 mehsana,3,Cars24 Cities,2026-08
cars 24 open time,3,Cars24,2026-08
cars 24 sale,3,Cars24,2026-08
cars24 ahemdabad,3,Cars24,2026-08
cars24 belapur contact number,3,Cars24 Customer Care,2026-08
cars24 bikaner,3,Cars24 Cities,2026-08
cars24 car service history,3,Others,2026-08
cars24 co,3,Cars24,2026-08
cars24 dwarka radisson blu,3,Cars24,2026-08
cars24 for bikes,3,Cars24,2026-08
cars24 full name,3,Cars24,2026-08
cars24 gurgaon head office,3,Cars24 Customer Care,2026-08
cars24 gurgaon m3m,3,Cars24 Cities,2026-08
cars24 head office in hyderabad,3,Cars24 Customer Care,2026-08
cars24 history check,3,Cars24,2026-08
cars24 hq,3,Cars24,2026-08
cars24 hub vivekananda nagar coimbatore,3,Cars24 Cities,2026-08
cars24 hubs in hyderabad,3,Cars24 Cities,2026-08
cars24 jalandhar contact number,3,Cars24 Customer Care,2026-08
cars24 kandivali thakur village,3,Cars24,2026-08
cars24 listing fee,3,Cars24,2026-08
cars24 merch,3,Cars24,2026-08
cars24 near rohini delhi,3,Cars24 Cities,2026-08
cars24 pune address,3,Cars24 Cities,2026-08
cars24 sarai faridabad,3,Cars24 Cities,2026-08
cars24 sas tower,3,Cars24,2026-08
cars24 sell your car,3,Cars24 Sell,2026-08
cars24 singasandra,3,Cars24,2026-08
cars24 thiruverkadu photos,3,Cars24 Cities,2026-08
cars24uae,3,Cars24,2026-08
delhi car 24,3,Cars24 Cities,2026-08
do cars24 negotiate,3,Cars24,2026-08
ecco 2024 car price on road,3,Cars24 Buy,2026-08
how does cars24 work,3,Cars24,2026-08
how to sell car in cars24,3,Cars24 Sell,2026-08
is cars24 genuine,3,Cars24,2026-08
is cars24 open on sunday,3,Cars24,2026-08
my car 24,3,Cars24,2026-08
near by car 24,3,Cars24,2026-08
nearby cars24 showroom near me,3,Cars24 Cities,2026-08
scars24,3,Cars24,2026-08
selling car to cars24,3,Cars24,2026-08
what cars24 do,3,Cars24,2026-08
cars24 hub in pune,3,Cars24 Cities,2026-08
audi a4 cars24,2,Cars24 + Car Model,2026-08
audi a6 cars24,2,Cars24 + Car Model,2026-08
buy used cars cars24,2,Cars24 Buy,2026-08
car 24 buy,2,Cars24 Buy,2026-08
car 24 kannur,2,Cars24 Cities,2026-08
car 24\,2,Cars24,2026-08
car24 address,2,Cars24,2026-08
car24 company,2,Cars24,2026-08
car24 faridabad,2,Cars24 Cities,2026-08
car24 gaur city mall,2,Cars24,2026-08
car24 pune contact number,2,Cars24 Customer Care,2026-08
car24 rajkot contact number,2,Cars24 Customer Care,2026-08
car24 saket,2,Cars24,2026-08
car24 salem,2,Cars24 Cities,2026-08
car24 solapur,2,Cars24 Cities,2026-08
car244,2,Cars24,2026-08
cars 24 ahmedabad address,2,Cars24 Cities,2026-08
cars 24 audi,2,Cars24 + Car Model,2026-08
cars 24 baner,2,Cars24,2026-08
cars 24 challa,2,Cars24,2026-08
cars 24 dombivali,2,Cars24,2026-08
cars 24 in ahmedabad,2,Cars24 Cities,2026-08
cars 24 in goa,2,Cars24 Cities,2026-08
cars 24 kavach,2,Cars24,2026-08
cars 24 near kanpur uttar pradesh,2,Cars24 Cities,2026-08
cars 24 news,2,Cars24,2026-08
cars 24 office in gurgaon,2,Cars24 Cities,2026-08
cars 24 rent,2,Cars24,2026-08
cars 24 sell bike,2,Cars24 Sell,2026-08
cars 24 venue,2,Cars24 + Car Model,2026-08
cars 24',2,Cars24,2026-08
cars 244,2,Cars24,2026-08
cars 247 finance,2,Cars24,2026-08
"cars24 - buy, sell, finance used cars in goregaon east, mumbai cama industrial estate, goregaon east reviews",2,Cars24 Sell,2026-08
"cars24 - buy, sell, finance used cars in nexus whitefield mall, bangalore prestige ozone",2,Cars24 Sell,2026-08
"cars24 - buy, sell, finance used cars in vaishnavi sapphire centre, bangalore photos",2,Cars24 Sell,2026-08
"cars24 - sell used cars in saket, new delhi photos",2,Cars24 Sell,2026-08
cars24 about,2,Cars24,2026-08
cars24 about company,2,Cars24,2026-08
cars24 about us,2,Cars24,2026-08
cars24 ahmedabad location,2,Cars24 Cities,2026-08
cars24 auction process,2,Cars24 Buy,2026-08
cars24 baleno price,2,Cars24 + Car Model,2026-08
cars24 belgaum contact number,2,Cars24 Customer Care,2026-08
cars24 book inspection,2,Cars24,2026-08
cars24 business model,2,Cars24,2026-08
cars24 customer care number toll free,2,Cars24 Customer Care,2026-08
cars24 customer review,2,Others,2026-08
cars24 dombivli used cars,2,Cars24 Buy,2026-08
cars24 etawah,2,Cars24,2026-08
cars24 fine check online,2,Cars24 Challan,2026-08
cars24 germany,2,Cars24,2026-08
cars24 grand i10,2,Cars24 + Car Model,2026-08
cars24 guntur contact number,2,Cars24 Customer Care,2026-08
cars24 help,2,Cars24,2026-08
cars24 hr,2,Cars24,2026-08
cars24 hr email id,2,Cars24,2026-08
cars24 hub goregaon mumbai,2,Cars24 Cities,2026-08
cars24 hub jaipur,2,Cars24 Cities,2026-08
cars24 hyderabad office,2,Cars24 Cities,2026-08
cars24 hyderabad rent,2,Cars24 Cities,2026-08
cars24 investors,2,Cars24,2026-08
cars24 jamnagar contact number,2,Cars24 Customer Care,2026-08
cars24 jobs in bangalore,2,Others,2026-08
cars24 ka toll free number,2,Cars24 Customer Care,2026-08
cars24 karur,2,Cars24,2026-08
cars24 kerala contact number,2,Cars24 Customer Care,2026-08
cars24 kolkata head office,2,Cars24 Customer Care,2026-08
cars24 kolkata office,2,Cars24 Cities,2026-08
cars24 kothrud,2,Cars24,2026-08
cars24 main office,2,Cars24,2026-08
cars24 malappuram,2,Cars24,2026-08
cars24 me job kaise paye,2,Others,2026-08
cars24 new logo,2,Others,2026-08
cars24 offers,2,Cars24,2026-08
cars24 office in ahmedabad,2,Cars24 Cities,2026-08
cars24 online auction,2,Cars24 Buy,2026-08
cars24 partner app,2,Cars24,2026-08
cars24 rc not transferred,2,Cars24,2026-08
cars24 roorkee,2,Cars24 Cities,2026-08
cars24 sarkhej ahmedabad,2,Cars24 Cities,2026-08
cars24 stockyard,2,Cars24,2026-08
cars24 udaipur used cars,2,Cars24 Buy,2026-08
cars24 workshop,2,Cars24,2026-08
cars24 xl6,2,Cars24 + Car Model,2026-08
cars24 xuv 700,2,Cars24 + Car Model,2026-08
cars24 yavatmal,2,Cars24,2026-08
cars24. com,2,Cars24,2026-08
cars24:,2,Cars24,2026-08
cars24fin,2,Cars24,2026-08
challan payment cars24,2,Cars24 Challan,2026-08
contact cars24,2,Cars24,2026-08
contact number of cars24,2,Cars24 Customer Care,2026-08
does car24 negotiate price,2,Cars24 Buy,2026-08
how to become cars24 channel partner,2,Cars24,2026-08
how to block calls from cars24,2,Cars24,2026-08
how to delete account from cars24,2,Cars24,2026-08
how to remove car from cars24,2,Cars24,2026-08
how to stop getting calls from cars24,2,Cars24,2026-08
india cars24,2,Cars24,2026-08
is cars24 safe to pay challan,2,Cars24 Challan,2026-08
maruti cars24,2,Cars24,2026-08
new car24,2,Cars24 Buy,2026-08
old car 24,2,Cars24,2026-08
regency anantam cars24,2,Cars24,2026-08
saket cars24,2,Cars24,2026-08
second hand car24,2,Cars24 Buy,2026-08
sector 18 cars24,2,Cars24,2026-08
uae cars24,2,Cars24,2026-08
used car on cars24,2,Cars24 Buy,2026-08
valuation of cars24,2,Cars24 Sell,2026-08
vcars24,2,Cars24,2026-08
vehicleinfo support cars24 com,2,Cars24 Customer Care,2026-08
virtus cars 24,2,Cars24 + Car Model,2026-08
volvo cars24,2,Cars24 + Car Model,2026-08
www.car24.de http //www.car24.de,2,Cars24,2026-08
24 card,2,Cars24,2026-08
24 cars buy,2,Cars24 Buy,2026-08
ahmedabad car 24,2,Cars24 Cities,2026-08
astra tower cars24,2,Cars24,2026-08
autopilot cars24 customer care number,2,Cars24 Customer Care,2026-08
car 24 in hyderabad,2,Cars24 Cities,2026-08
car 24 office,2,Cars24,2026-08
car24 bulandshahr,2,Cars24,2026-08
car24 channel partner,2,Cars24,2026-08
car24 customer care number mumbai,2,Cars24 Customer Care,2026-08
car24 kandivali east,2,Cars24,2026-08
car24 kya hai,2,Cars24,2026-08
car24 location,2,Cars24,2026-08
car24 showroom,2,Cars24,2026-08
car24 singanallur,2,Cars24,2026-08
car24 store near me,2,Cars24 Cities,2026-08
car24 value,2,Cars24,2026-08
car245,2,Cars24,2026-08
care@car24.com,2,Cars24,2026-08
cars 24 arabia,2,Cars24,2026-08
cars 24 coimbatore address,2,Cars24 Cities,2026-08
cars 24 fine,2,Cars24,2026-08
cars 24 luxe,2,Cars24,2026-08
cars 24 nagpur contact number,2,Cars24 Customer Care,2026-08
"cars 24 near kochi, kerala",2,Cars24 Cities,2026-08
cars 24 nexon,2,Cars24 + Car Model,2026-08
cars 24 office gurgaon,2,Cars24 Cities,2026-08
cars 24 resale,2,Cars24,2026-08
cars 24 turnover,2,Cars24,2026-08
"cars24 - buy, sell, finance used cars in akshar party, rajkot",2,Cars24 Sell,2026-08
"cars24 - buy, sell, finance used cars in karnavati, ahmedabad photos",2,Cars24 Sell,2026-08
"cars24 - buy, sell, finance used cars in korum mall, mumbai photos",2,Cars24 Sell,2026-08
cars24 - sell used cars in jabalpur photos,2,Cars24 Sell,2026-08
cars24 ambala cantt,2,Cars24 Cities,2026-08
cars24 apk,2,Cars24,2026-08
cars24 app download apk,2,Cars24,2026-08
cars24 assured buyback,2,Cars24,2026-08
cars24 bijnor,2,Cars24,2026-08
cars24 blog,2,Cars24,2026-08
cars24 botanical garden,2,Cars24,2026-08
cars24 branches in hyderabad,2,Cars24 Cities,2026-08
cars24 calicut contact number,2,Cars24 Customer Care,2026-08
cars24 contact us,2,Cars24,2026-08
cars24 customer care number haryana,2,Cars24 Customer Care,2026-08
cars24 emi payment online,2,Cars24 Buy,2026-08
cars24 escalation matrix,2,Cars24,2026-08
cars24 established year,2,Cars24,2026-08
cars24 faridabad office,2,Cars24 Cities,2026-08
cars24 finance review,2,Others,2026-08
cars24 founders office,2,Cars24,2026-08
cars24 fraud cases,2,Cars24,2026-08
cars24 garage,2,Cars24,2026-08
"cars24 gomti nagar, lucknow",2,Cars24 Cities,2026-08
cars24 google review,2,Others,2026-08
cars24 gurgaon corporate office,2,Cars24 Cities,2026-08
cars24 hongasandra,2,Cars24,2026-08
cars24 hub gaur city mall greater noida,2,Cars24 Cities,2026-08
cars24 hub hyderabad,2,Cars24 Cities,2026-08
cars24 hub kompally hyderabad,2,Cars24 Cities,2026-08
cars24 hub metro walk rohini new delhi,2,Cars24 Cities,2026-08
cars24 in guwahati,2,Cars24 Cities,2026-08
cars24 in vadodara,2,Cars24 Cities,2026-08
cars24 junagadh contact number,2,Cars24 Customer Care,2026-08
cars24 kottayam contact number,2,Cars24 Customer Care,2026-08
cars24 locations near me,2,Cars24 Cities,2026-08
cars24 management team,2,Cars24,2026-08
cars24 mangyawas jaipur,2,Cars24 Cities,2026-08
cars24 mumbai office address,2,Cars24 Cities,2026-08
cars24 nahur,2,Cars24,2026-08
cars24 negotiation,2,Cars24,2026-08
cars24 noida extension,2,Cars24 Cities,2026-08
cars24 noida sector 63,2,Cars24 Cities,2026-08
cars24 office in faridabad,2,Cars24 Cities,2026-08
cars24 office mumbai,2,Cars24 Cities,2026-08
cars24 pimple nilakh,2,Cars24,2026-08
cars24 rajouri garden address,2,Cars24 Cities,2026-08
cars24 rohtak address,2,Cars24 Cities,2026-08
cars24 showroom bangalore,2,Cars24 Cities,2026-08
cars24 shyamal cross road,2,Cars24,2026-08
cars24 started in which year,2,Cars24,2026-08
cars24 thrissur contact number,2,Cars24 Customer Care,2026-08
cars24 used car loan,2,Cars24 Buy,2026-08
cars24 used car showroom,2,Cars24 Buy,2026-08
cars24 vikhroli office,2,Cars24,2026-08
cars24 wiki,2,Cars24,2026-08
ceo cars24,2,Cars24,2026-08
ghaziabad cars24 branch,2,Cars24 Cities,2026-08
gurgaon cars24 office,2,Cars24 Cities,2026-08
hyundai cars24,2,Cars24,2026-08
nearby cars24 office,2,Cars24,2026-08
online cars 24,2,Cars24,2026-08
owner of cars 24,2,Cars24,2026-08
sholinganallur cars24,2,Cars24 Cities,2026-08
spinny or cars 24,2,Cars24,2026-08
what about cars 24,2,Cars24,2026-08
car 24 price,2,Cars24 Buy,2026-08
car24 australia,2,Cars24,2026-08
cars 24 in noida,2,Cars24 Cities,2026-08
cars 24 new logo,2,Others,2026-08
cars24 ad,2,Cars24,2026-08
cars24 coupon,2,Cars24,2026-08
cars24 customer experience for buying a used car,2,Cars24 Buy,2026-08
cars24 dimapur,2,Cars24,2026-08
cars24 driver app,2,Cars24,2026-08
cars24 fde,2,Cars24,2026-08
cars24 hub lucknow,2,Cars24 Cities,2026-08
cars24 near me address,2,Cars24 Cities,2026-08
cars24 vaishali nagar jaipur,2,Cars24 Cities,2026-08
cars24 vs acko – which is better for online challan payment?,2,Cars24 Challan,2026-08
cars24 vs carinfo – which is better for online challan payment?,2,Cars24 Challan,2026-08
cars24 vs park+ – which is better for online challan payment?,2,Cars24 Challan,2026-08
cars24 vs parkplus – which is better for online challan payment?,2,Cars24 Challan,2026-08
cars24 vs vehicleinfo – which is better for online challan payment?,2,Cars24 Challan,2026-08
cars24network,2,Cars24,2026-08
does cars24 actually show all costs upfront or are there hidden fees like traditional dealers and how good is their ai valuation,2,Cars24 Sell,2026-08
does cars24 charge extra fees for challan payment?,2,Cars24 Challan,2026-08
ecco 2024 car mileage,2,Cars24,2026-08
how long does it take to transfer the rc on cars24?,2,Cars24,2026-08
is cars24 reliable for checking pending traffic challans in india?,2,Cars24 Challan,2026-08
why does my challan show on parivahan but not on cars24?,2,Cars24 Challan,2026-08
"""cars24""",1,Cars24,2026-08
1 lakh second hand cars24 price,1,Cars24 Buy,2026-08
2024 car for sale,1,Cars24,2026-08
a24 car,1,Cars24,2026-08
agra cars24 branch,1,Cars24 Cities,2026-08
autopilot cars24,1,Cars24,2026-08
baleno car 24 model price,1,Cars24 + Car Model,2026-08
bolero cars 24,1,Cars24 + Car Model,2026-08
buy cars24,1,Cars24 Buy,2026-08
call cars 24,1,Cars24,2026-08
car 24 7 contact number,1,Cars24 Customer Care,2026-08
car 24 abu dhabi,1,Cars24 Cities,2026-08
car 24 ceo,1,Cars24,2026-08
car 24 chandigarh contact number,1,Cars24 Customer Care,2026-08
car 24 chhindwara,1,Cars24,2026-08
car 24 evaluation,1,Cars24 Sell,2026-08
car 24 jaipur contact number,1,Cars24 Customer Care,2026-08
car 24 karnal contact number,1,Cars24 Customer Care,2026-08
car 24 logo,1,Others,2026-08
car 24 navsari,1,Cars24,2026-08
car 24 online challan check,1,Cars24 Challan,2026-08
car 24 phone number,1,Cars24,2026-08
car 24 review,1,Others,2026-08
car 240,1,Cars24,2026-08
car 243,1,Cars24,2026-08
car challan check cars24,1,Cars24 Challan,2026-08
car24 ahmedabad sg highway,1,Cars24 Cities,2026-08
car24 alto,1,Cars24 + Car Model,2026-08
car24 cars,1,Cars24,2026-08
car24 company details,1,Cars24,2026-08
car24 coupon code,1,Cars24,2026-08
car24 customer care number india,1,Cars24 Customer Care,2026-08
car24 ev car,1,Cars24,2026-08
car24 exchange offer,1,Cars24,2026-08
car24 in patna,1,Cars24 Cities,2026-08
car24 indore used cars,1,Cars24 Buy,2026-08
car24 jaipur contact number,1,Cars24 Customer Care,2026-08
car24 lucknow contact number,1,Cars24 Customer Care,2026-08
car24 network,1,Cars24,2026-08
car24 office gurgaon,1,Cars24 Cities,2026-08
car24 portal,1,Cars24,2026-08
car24 price check,1,Cars24 Buy,2026-08
car24 rohini,1,Cars24,2026-08
car24 sholinganallur,1,Cars24 Cities,2026-08
car24 surat address,1,Cars24 Cities,2026-08
car24 surat used cars,1,Cars24 Buy,2026-08
car24 value check,1,Cars24,2026-08
car247 login,1,Others,2026-08
care cars24 com email,1,Cars24,2026-08
cars 24 about,1,Cars24,2026-08
cars 24 ae,1,Cars24,2026-08
cars 24 alto 800,1,Cars24 + Car Model,2026-08
cars 24 amravati,1,Cars24 Cities,2026-08
cars 24 customer care number near bengaluru karnataka,1,Cars24 Customer Care,2026-08
cars 24 dombivli,1,Cars24 Cities,2026-08
cars 24 evaluation,1,Cars24 Sell,2026-08
cars 24 financials,1,Cars24,2026-08
cars 24 greater noida,1,Cars24 Cities,2026-08
cars 24 hours,1,Cars24,2026-08
cars 24 in dubai,1,Cars24 Cities,2026-08
cars 24 in kerala,1,Cars24 Cities,2026-08
cars 24 in lucknow,1,Cars24 Cities,2026-08
cars 24 mg hector,1,Cars24 + Car Model,2026-08
cars 24 pdi coupon code,1,PDI,2026-08
cars 24 rental,1,Cars24,2026-08
cars 24 report,1,Cars24,2026-08
cars 24 rohini hub,1,Cars24,2026-08
cars 24 used,1,Cars24,2026-08
cars 24 wagon r,1,Cars24 + Car Model,2026-08
cars 24 wikipedia,1,Cars24,2026-08
cars 24.ae,1,Cars24,2026-08
cars 24.in,1,Cars24,2026-08
cars 24],1,Cars24,2026-08
cars cars 24,1,Cars24,2026-08
cars24 - buy sell finance used cars in gnb mall ghaziabad raj nagar extension reviews,1,Cars24 Sell,2026-08
"cars24 - buy, sell, finance used cars in astra tower, kolkata photos",1,Cars24 Sell,2026-08
"cars24 - buy, sell, finance used cars in avani riverside mall, kolkata photos",1,Cars24 Sell,2026-08
"cars24 - buy, sell, finance used cars in bestech square mall, chandigarh photos",1,Cars24 Sell,2026-08
"cars24 - buy, sell, finance used cars in gandhi nagar, bangalore photos",1,Cars24 Sell,2026-08
"cars24 - buy, sell, finance used cars in gnb mall, ghaziabad raj nagar extension reviews",1,Cars24 Sell,2026-08
"cars24 - buy, sell, finance used cars in goregaon east, mumbai cama industrial estate, goregaon east",1,Cars24 Sell,2026-08
"cars24 - buy, sell, finance used cars in goregaon east, mumbai photos",1,Cars24 Sell,2026-08
"cars24 - buy, sell, finance used cars in mantra mall, hyderabad reviews",1,Cars24 Sell,2026-08
"cars24 - buy, sell, finance used cars in nexus mall koramangala, bangalore photos",1,Cars24 Sell,2026-08
"cars24 - sell used cars in akshar party, rajkot photos",1,Cars24 Sell,2026-08
cars24 - sell used cars in gwalior photos,1,Cars24 Sell,2026-08
cars24 - sell used cars in kanpur photos,1,Cars24 Sell,2026-08
"cars24 - sell used cars in kodimatha, kottayam photos",1,Cars24 Sell,2026-08
"cars24 - sell used cars in porvorim, goa photos",1,Cars24 Sell,2026-08
cars24 - the auto lounge | sell used cars in adipur photos,1,Cars24 Sell,2026-08
cars24 ahmedabad second hand,1,Cars24 Buy,2026-08
cars24 ambala contact number,1,Cars24 Customer Care,2026-08
cars24 anna nagar,1,Cars24,2026-08
cars24 au,1,Cars24,2026-08
cars24 aus,1,Cars24,2026-08
cars24 baleno cng,1,Cars24 + Car Model,2026-08
cars24 bangalore customer care number 24x7,1,Cars24 Customer Care,2026-08
cars24 bareilly address,1,Cars24 Cities,2026-08
cars24 baroda,1,Cars24,2026-08
cars24 begusarai,1,Cars24,2026-08
cars24 bellahalli bangalore,1,Cars24 Cities,2026-08
cars24 bharuch address,1,Cars24,2026-08
cars24 brisbane used cars,1,Cars24 Buy,2026-08
cars24 buy a car,1,Cars24 Buy,2026-08
cars24 buy used car online,1,Cars24 Buy,2026-08
cars24 buyback guarantee,1,Cars24,2026-08
cars24 car check up,1,Cars24,2026-08
cars24 car loan customer care number,1,Cars24 Customer Care,2026-08
cars24 careers uae,1,Others,2026-08
cars24 cars for sale,1,Cars24,2026-08
cars24 centres near me,1,Cars24 Cities,2026-08
cars24 charges for selling car,1,Cars24,2026-08
cars24 chat,1,Cars24,2026-08
cars24 coimbatore singanallur contact number,1,Cars24 Customer Care,2026-08
cars24 commission charges,1,Cars24,2026-08
cars24 company name,1,Cars24,2026-08
cars24 company owner,1,Cars24,2026-08
cars24 company profile,1,Cars24,2026-08
cars24 contact number ahmedabad,1,Cars24 Customer Care,2026-08
cars24 contact number india,1,Cars24 Customer Care,2026-08
cars24 customer,1,Cars24,2026-08
cars24 customer care number jaipur,1,Cars24 Customer Care,2026-08
cars24 customer care toll free number india 24x7 faridabad,1,Cars24 Customer Care,2026-08
cars24 customer reviews,1,Others,2026-08
cars24 delhi address,1,Cars24 Cities,2026-08
cars24 delhi office,1,Cars24 Cities,2026-08
cars24 discount,1,Cars24,2026-08
cars24 email id for complaint india,1,Cars24 Customer Care,2026-08
cars24 escalation email address,1,Cars24,2026-08
cars24 extended warranty review,1,Others,2026-08
cars24 facebook,1,Cars24,2026-08
cars24 ghaziabad raj nagar extension,1,Cars24 Cities,2026-08
cars24 grievance email id,1,Cars24,2026-08
cars24 grievance redressal,1,Cars24,2026-08
cars24 gurgaon office address,1,Cars24 Cities,2026-08
cars24 guwahati address,1,Cars24 Cities,2026-08
cars24 gwalior reviews,1,Others,2026-08
cars24 himatnagar contact number,1,Cars24 Customer Care,2026-08
cars24 hub bangalore,1,Cars24 Cities,2026-08
cars24 hub bhoruka tech park whitefield bangalore,1,Cars24 Cities,2026-08
cars24 hub ghaziabad,1,Cars24 Cities,2026-08
cars24 hub gnb mall ghaziabad,1,Cars24 Cities,2026-08
cars24 hub gomti nagar lucknow,1,Cars24 Cities,2026-08
cars24 hubs,1,Cars24,2026-08
cars24 india used cars,1,Cars24 Buy,2026-08
cars24 indore address vijay nagar,1,Cars24 Cities,2026-08
cars24 inspection booking,1,Cars24,2026-08
cars24 itanagar,1,Cars24,2026-08
cars24 jaipur location,1,Cars24 Cities,2026-08
cars24 jamshedpur contact number,1,Cars24 Customer Care,2026-08
cars24 jobs in gurgaon,1,Others,2026-08
cars24 kakkanad location,1,Cars24 Cities,2026-08
cars24 karnavati ahmedabad,1,Cars24 Cities,2026-08
cars24 kochi location,1,Cars24 Cities,2026-08
cars24 lifetime warranty price,1,Cars24 Buy,2026-08
cars24 listing,1,Cars24,2026-08
cars24 loan app,1,Cars24 Buy,2026-08
cars24 mahadevapura,1,Cars24,2026-08
cars24 mansarovar jaipur contact number,1,Cars24 Customer Care,2026-08
cars24 md mail id,1,Cars24,2026-08
cars24 mehsana contact number,1,Cars24 Customer Care,2026-08
cars24 mobile app,1,Cars24,2026-08
cars24 nagarbhavi,1,Cars24,2026-08
cars24 office in kolkata,1,Cars24 Cities,2026-08
cars24 office pune,1,Cars24 Cities,2026-08
cars24 omni van,1,Cars24,2026-08
cars24 open today,1,Cars24,2026-08
cars24 opening hours,1,Cars24,2026-08
cars24 opening time,1,Cars24,2026-08
cars24 ownership,1,Cars24,2026-08
cars24 palwal,1,Cars24,2026-08
cars24 pdi coupon,1,PDI,2026-08
cars24 pdi reddit,1,PDI,2026-08
cars24 premium cars,1,Cars24 Buy,2026-08
cars24 price negotiation,1,Cars24 Buy,2026-08
cars24 purchase,1,Cars24,2026-08
cars24 review for selling,1,Others,2026-08
cars24 roadside assistance,1,Cars24,2026-08
cars24 rohini contact number,1,Cars24 Customer Care,2026-08
cars24 sale contact number,1,Cars24 Customer Care,2026-08
cars24 sales job,1,Others,2026-08
cars24 sell car customer care number,1,Cars24 Customer Care,2026-08
cars24 sell online,1,Cars24 Sell,2026-08
cars24 sell pro review,1,Cars24 Sell,2026-08
cars24 service history coupon code,1,Others,2026-08
cars24 services private limited gurgaon,1,Others,2026-08
cars24 shimla,1,Cars24,2026-08
cars24 sholinganallur contact number,1,Cars24 Customer Care,2026-08
cars24 skoda kylaq,1,Cars24,2026-08
cars24 spinny,1,Cars24,2026-08
cars24 store,1,Cars24,2026-08
cars24 team,1,Cars24,2026-08
cars24 test drive,1,Cars24,2026-08
cars24 uae website,1,Cars24,2026-08
cars24 udyog vihar gurgaon,1,Cars24 Cities,2026-08
cars24 upparpally,1,Cars24,2026-08
cars24 used car loan interest rate,1,Cars24 Buy,2026-08
cars24 vehicle check,1,Cars24,2026-08
cars24 vehicle history report,1,Cars24,2026-08
cars24 velachery,1,Cars24,2026-08
cars24 vibhuti khand lucknow,1,Cars24 Cities,2026-08
cars24 vikaspuri,1,Cars24,2026-08
cars24 wagholi,1,Cars24,2026-08
cars24 warangal,1,Cars24 Cities,2026-08
cars24 whatsapp,1,Cars24,2026-08
cars24 wikipedia,1,Cars24,2026-08
cars24.ae,1,Cars24,2026-08
cars24.con,1,Cars24,2026-08
cars24mumbai,1,Cars24,2026-08
ccar24,1,Cars24,2026-08
ceo of cars 24,1,Cars24,2026-08
check cars 24,1,Cars24,2026-08
chennai cars 24,1,Cars24 Cities,2026-08
currently tokened in cars24,1,Cars24,2026-08
defender cars24,1,Cars24,2026-08
delhi cars24 branch,1,Cars24 Cities,2026-08
do cars24 negotiate price,1,Cars24 Buy,2026-08
does cars24 sell accidental cars,1,Cars24 Sell,2026-08
e 24 car,1,Cars24,2026-08
e-car24,1,Cars24,2026-08
ecco 2024 car price 7 seater on road price,1,Cars24 Buy,2026-08
ecco 2024 car price top model,1,Cars24 Buy,2026-08
eco cars24,1,Cars24,2026-08
https www cars24 com my challan,1,Cars24 Challan,2026-08
https://www.cars24.com,1,Cars24,2026-08
https://www.cars24.com/,1,Cars24,2026-08
hubli cars24,1,Cars24 Cities,2026-08
insurance 24 by cars24,1,Cars24 Buy,2026-08
is it good to buy car from cars24,1,Cars24 Buy,2026-08
jayesh gupta cars24,1,Cars24,2026-08
karnavati cars24,1,Cars24,2026-08
low price cars24 price,1,Cars24 Buy,2026-08
metro walk rohini cars24,1,Cars24,2026-08
mk cars24,1,Cars24,2026-08
my car24,1,Cars24,2026-08
my cars 24,1,Cars24,2026-08
mysore cars24,1,Cars24 Cities,2026-08
near car 24,1,Cars24,2026-08
near me car 24,1,Cars24 Cities,2026-08
nearby car 24,1,Cars24,2026-08
old cars24,1,Cars24,2026-08
olx cars24,1,Cars24,2026-08
owner of car24,1,Cars24,2026-08
pune cars24 branch,1,Cars24 Cities,2026-08
rajat sharma cars24,1,Cars24,2026-08
review of cars24,1,Others,2026-08
sell bike on cars24,1,Cars24 Sell,2026-08
spinny cars 24,1,Cars24,2026-08
tata harrier cars 24,1,Cars24 + Car Model,2026-08
tiago cars 24,1,Cars24 + Car Model,2026-08
triber cars24,1,Cars24 + Car Model,2026-08
used thar cars24,1,Cars24 + Car Model,2026-08
vcars 24,1,Cars24,2026-08
vehicle information by number maharashtra cars24,1,Others,2026-08
vikram chopra cars 24,1,Cars24,2026-08
what about cars24,1,Cars24,2026-08
what is lifetime warranty in cars24,1,Cars24,2026-08
what is verified direct seller in cars24,1,Cars24,2026-08
whitefield cars24,1,Cars24,2026-08
who is the ceo of cars24,1,Cars24,2026-08
www car 24 com,1,Cars24,2026-08
24 cart,1,Cars24,2026-08
are spinny and cars24 prices really “fixed” or can you negotiate?,1,Cars24,2026-08
bhoruka tech park cars24,1,Cars24,2026-08
car 24 challan pay,1,Cars24 Challan,2026-08
car24 ceo,1,Cars24,2026-08
car24 owner name,1,Cars24,2026-08
carinfo vs vehicleinfo vs cars24 – which app is more accurate for checking challans?,1,Cars24 Challan,2026-08
cars 24 car buy,1,Cars24 Buy,2026-08
cars 24 delhi office,1,Cars24 Cities,2026-08
cars 24 founders,1,Cars24,2026-08
cars 24 pune location,1,Cars24 Cities,2026-08
cars 24 rajouri garden,1,Cars24 Cities,2026-08
cars 24 revenue,1,Cars24,2026-08
cars 24 sydney,1,Cars24 Cities,2026-08
cars24 appointment,1,Cars24,2026-08
cars24 closing time,1,Cars24,2026-08
cars24 customer experience,1,Cars24,2026-08
cars24 estimate,1,Cars24,2026-08
cars24 financials,1,Cars24,2026-08
cars24 hisar contact number,1,Cars24 Customer Care,2026-08
cars24 home inspection,1,Cars24,2026-08
cars24 hyderabad phone number,1,Cars24 Cities,2026-08
cars24 in kerala,1,Cars24 Cities,2026-08
cars24 kattupakkam,1,Cars24,2026-08
cars24 listed company,1,Cars24,2026-08
cars24 or spinny which is better,1,Cars24,2026-08
cars24 pdi vs spinny – which is more trustworthy?,1,PDI,2026-08
cars24 thiruverkadu reviews,1,Others,2026-08
cars24 turnover,1,Cars24,2026-08
cars24 vanasthalipuram,1,Cars24,2026-08
cars24 vs carvaidya vs carcid - which is better for a used car pdi,1,PDI,2026-08
cars24 vs carvaidya vs carcid vs zekardo vs pdi boss vs gomechanic - which is better for pdi of car i want to buy?,1,PDI,2026-08
cars24 vs zekardo vs pdi boss - which is better for a new car pdi,1,PDI,2026-08
cars24 vs zekardo vs pdi boss - which is better for a used car pdi?,1,PDI,2026-08
cars24 zero worry max,1,Cars24,2026-08
honest review of cars24 pdi service vs independent inspection after reading mixed reddit reviews is it reliable,1,PDI,2026-08
how cars24 works,1,Cars24,2026-08
how to check cars24 loan status,1,Cars24 Buy,2026-08
is cars24 good,1,Cars24,2026-08
is it safe to sell car to cars24,1,Cars24 Sell,2026-08
is spinny and cars24 same,1,Cars24,2026-08
is v3cars and cars24 same,1,Cars24,2026-08
jaipur cars24,1,Cars24 Cities,2026-08
jaipur cars24 branch,1,Cars24 Cities,2026-08
jayesh cars24,1,Cars24,2026-08
sas tower cars24,1,Cars24,2026-08
sell car cars 24,1,Cars24 Sell,2026-08
should i use cars24 or government portal for paying challans?,1,Cars24 Challan,2026-08
