city,date,CarWale,Cardekho,Cars24,MFC,MTV,OLX,Spinny
Agra,2025-01-01,35.8,41.3,12.4,0.2,1.1,3.3,5.9
Agra,2025-01-02,37.2,39.2,12.4,0.3,0.5,2.9,7.5
Agra,2025-01-03,39.7,37.8,11.1,0.2,1.1,3.0,7.1
Agra,2025-01-04,36.6,37.2,12.5,0.3,1.5,3.3,8.6
Agra,2025-01-05,38.3,37.2,11.8,0.4,2.3,2.9,7.0
Agra,2025-01-06,34.2,39.8,13.1,0.3,1.5,3.7,7.5
Agra,2025-01-07,37.1,34.6,13.4,0.3,0.8,3.8,10.1
Agra,2025-01-08,38.5,36.6,12.2,0.1,1.3,2.9,8.4
Agra,2025-01-09,37.0,35.9,12.4,0.4,1.3,4.2,8.8
Agra,2025-01-10,37.7,36.1,13.9,0.2,1.8,3.1,7.1
Agra,2025-01-11,38.1,36.5,11.5,0.9,2.1,3.5,7.5
Agra,2025-01-12,37.9,36.1,12.0,0.1,1.0,3.7,9.1
Agra,2025-01-13,36.3,40.5,12.6,0.4,1.1,3.1,6.1
Agra,2025-01-14,33.5,40.7,12.1,0.7,2.2,3.4,7.4
Agra,2025-01-15,35.9,40.2,13.6,0.7,1.2,2.3,6.1
Agra,2025-01-16,37.2,41.4,11.3,0.7,0.6,3.2,5.6
Agra,2025-01-17,37.6,40.6,12.0,0.4,0.6,2.8,6.0
Agra,2025-01-18,38.6,39.2,11.9,0.1,0.8,2.7,6.7
Agra,2025-01-19,38.5,40.3,11.0,0.2,1.3,2.8,5.9
Agra,2025-01-20,35.7,40.4,13.1,0.2,1.0,3.8,5.8
Agra,2025-01-21,38.5,35.9,13.8,0.4,1.5,2.9,6.9
Agra,2025-01-22,36.7,40.8,11.7,0.3,1.1,2.3,7.1
Agra,2025-01-23,37.4,40.4,11.3,0.5,1.7,3.2,5.6
Agra,2025-01-24,38.4,37.6,11.2,0.2,1.7,3.7,7.2
Agra,2025-01-25,39.3,37.0,12.2,0.6,0.8,2.5,7.6
Agra,2025-01-26,34.6,41.0,13.4,0.2,1.6,2.4,6.8
Agra,2025-01-27,39.3,37.9,12.5,0.2,1.0,2.9,6.2
Agra,2025-01-28,35.6,40.5,13.2,0.5,1.7,2.3,6.3
Agra,2025-01-29,36.6,38.9,13.0,0.2,0.7,2.2,8.3
Agra,2025-01-30,36.8,38.8,12.6,0.5,1.0,3.2,7.2
Agra,2025-01-31,39.0,38.2,12.1,0.5,0.6,3.0,6.6
Agra,2025-02-01,38.9,36.5,12.7,0.2,1.4,2.0,8.4
Agra,2025-02-02,37.1,39.5,11.8,0.2,1.5,1.9,8.0
Agra,2025-02-03,37.3,38.3,12.9,0.4,1.1,2.9,7.1
Agra,2025-02-04,34.5,41.3,13.8,0.2,1.0,2.7,6.5
Agra,2025-02-05,36.8,38.4,14.1,0.4,0.7,2.6,6.9
Agra,2025-02-06,37.3,39.3,13.9,0.5,0.7,2.1,6.1
Agra,2025-02-07,37.1,37.9,13.4,0.2,1.0,2.1,8.4
Agra,2025-02-08,39.6,37.5,11.9,0.5,0.7,2.7,7.1
Agra,2025-02-09,35.8,39.2,14.0,0.2,0.5,3.3,7.1
Agra,2025-02-10,35.6,40.2,14.0,0.7,0.9,2.7,5.7
Agra,2025-02-11,39.4,40.6,10.7,0.4,1.1,1.7,6.1
Agra,2025-02-12,39.3,39.6,12.2,0.4,0.9,2.2,5.5
Agra,2025-02-13,39.4,40.7,12.1,0.6,0.8,2.4,4.0
Agra,2025-02-14,36.7,41.4,11.3,0.2,1.1,2.6,6.7
Agra,2025-02-15,37.4,41.8,9.7,0.8,1.0,2.7,6.6
Agra,2025-02-16,38.0,39.0,11.5,0.1,0.9,3.1,7.4
Agra,2025-02-17,36.4,38.5,14.2,0.4,1.1,2.3,7.1
Agra,2025-02-18,36.5,36.8,13.8,0.2,0.9,2.5,9.3
Agra,2025-02-19,36.7,37.5,13.3,0.3,1.1,3.2,8.0
Agra,2025-02-20,37.1,39.3,12.6,0.3,0.7,3.2,6.7
Agra,2025-02-21,40.6,36.8,13.7,0.6,1.2,1.9,5.2
Agra,2025-02-22,36.1,36.5,16.5,0.3,1.3,3.0,6.3
Agra,2025-02-23,39.4,39.6,12.1,0.4,0.6,2.7,5.2
Agra,2025-02-24,34.8,41.4,13.5,0.3,1.0,2.9,6.0
Agra,2025-02-25,39.1,38.4,12.4,0.7,0.7,2.6,6.1
Agra,2025-02-26,36.8,39.1,12.6,0.6,1.3,3.1,6.5
Agra,2025-02-27,37.4,38.2,11.2,0.8,1.7,3.1,7.7
Agra,2025-02-28,39.3,34.9,15.4,0.2,1.2,2.6,6.4
Agra,2025-03-01,37.0,39.1,14.4,0.2,0.6,1.8,7.0
Agra,2025-03-02,40.0,37.7,12.6,0.3,1.3,1.7,6.4
Agra,2025-03-03,37.9,35.1,16.1,0.3,1.1,2.2,7.2
Agra,2025-03-04,37.0,38.4,13.3,0.1,1.6,2.3,7.3
Agra,2025-03-05,36.9,36.7,15.1,0.1,1.2,2.7,7.3
Agra,2025-03-06,37.2,33.2,17.6,0.9,0.5,2.8,7.8
Agra,2025-03-07,41.3,33.9,14.6,0.2,0.8,2.2,7.1
Agra,2025-03-08,40.4,33.3,16.1,0.4,1.4,2.6,5.8
Agra,2025-03-09,38.9,35.1,15.6,0.3,1.0,2.8,6.3
Agra,2025-03-10,36.4,33.1,18.4,0.2,2.0,2.4,7.5
Agra,2025-03-11,34.5,36.8,17.4,0.4,1.0,2.7,7.2
Agra,2025-03-12,34.6,39.2,15.6,0.1,1.4,2.0,7.2
Agra,2025-03-13,37.6,35.3,12.5,0.3,1.3,4.2,8.8
Agra,2025-03-14,39.0,38.5,12.7,0.3,0.6,2.0,6.9
Agra,2025-03-15,32.1,40.7,13.9,0.4,1.1,2.5,9.2
Agra,2025-03-16,35.6,37.2,13.3,0.4,1.0,2.3,10.1
Agra,2025-03-17,36.8,39.5,13.2,0.4,1.5,2.1,6.5
Agra,2025-03-18,36.7,38.8,13.6,0.4,0.8,1.9,7.8
Agra,2025-03-19,36.5,39.1,15.2,0.4,0.8,1.5,6.6
Agra,2025-03-20,37.1,36.5,15.4,0.5,0.9,1.6,8.1
Agra,2025-03-21,38.6,36.3,14.9,0.3,0.9,1.6,7.4
Agra,2025-03-22,38.7,35.8,15.0,0.3,0.8,2.2,7.3
Agra,2025-03-23,39.1,35.1,17.4,0.4,0.9,1.6,5.5
Agra,2025-03-24,36.0,35.0,16.1,0.1,1.3,2.6,8.8
Agra,2025-03-25,36.4,37.8,16.2,0.1,0.9,2.4,6.2
Agra,2025-03-26,39.3,38.1,14.7,0.5,0.8,1.9,4.7
Agra,2025-03-27,38.3,35.3,15.9,0.1,1.0,2.8,6.7
Agra,2025-03-28,39.9,35.0,14.9,0.3,1.0,2.1,7.0
Agra,2025-03-29,37.1,34.4,17.2,0.1,1.3,2.2,7.7
Agra,2025-03-30,35.7,38.0,15.1,0.3,1.1,1.7,8.1
Agra,2025-03-31,38.5,36.9,14.0,0.3,0.9,2.6,6.9
Agra,2025-04-01,41.5,33.6,14.6,0.1,0.6,3.2,6.5
Agra,2025-04-02,38.0,35.4,15.5,,1.4,2.8,7.0
Agra,2025-04-03,40.9,32.6,16.8,0.2,0.5,3.2,5.7
Agra,2025-04-04,36.2,34.7,16.2,0.2,1.1,3.0,8.7
Agra,2025-04-05,36.4,33.8,17.5,0.2,0.7,3.2,8.3
Agra,2025-04-06,35.1,37.7,13.6,0.2,1.4,3.8,8.3
Agra,2025-04-07,34.2,36.8,16.7,0.3,1.2,2.2,8.6
Agra,2025-04-08,36.1,39.1,12.9,0.3,0.9,2.6,8.1
Agra,2025-04-09,36.6,36.1,15.3,0.2,1.5,3.8,6.5
Agra,2025-04-10,34.6,36.4,16.1,0.3,1.4,4.3,7.0
Agra,2025-04-11,36.7,36.9,15.3,0.2,1.0,3.3,6.6
Agra,2025-04-12,35.8,37.9,16.3,0.5,0.9,2.5,6.1
Agra,2025-04-13,38.6,37.0,13.9,0.3,0.5,2.8,6.9
Agra,2025-04-14,34.9,39.7,13.9,0.2,1.5,2.9,6.9
Agra,2025-04-15,39.2,34.7,14.9,,1.2,1.8,8.2
Agra,2025-04-16,37.2,35.1,13.7,0.5,0.9,3.8,8.8
Agra,2025-04-17,36.4,34.9,16.5,0.6,1.6,3.0,7.1
Agra,2025-04-18,37.2,37.3,14.4,0.5,0.7,2.6,7.3
Agra,2025-04-19,37.6,35.0,15.4,0.5,1.2,2.4,8.0
Agra,2025-04-20,34.9,35.5,15.9,0.2,1.1,2.5,9.8
Agra,2025-04-21,35.5,35.0,17.2,0.4,1.1,2.2,8.6
Agra,2025-04-22,38.6,35.7,14.8,0.2,0.4,2.0,8.3
Agra,2025-04-23,38.0,34.3,16.4,0.1,0.9,1.3,8.9
Agra,2025-04-24,40.0,33.2,14.4,0.1,1.0,2.4,8.9
Agra,2025-04-25,37.9,32.0,18.0,0.6,1.0,1.1,9.5
Agra,2025-04-26,36.7,34.3,14.5,0.5,1.3,1.9,10.8
Agra,2025-04-27,38.6,33.2,14.5,0.1,0.8,1.6,11.2
Agra,2025-04-28,32.9,37.5,17.2,0.4,1.0,2.2,8.8
Agra,2025-04-29,39.1,32.5,17.4,0.1,0.4,2.8,7.8
Agra,2025-04-30,37.7,36.1,16.0,0.3,0.5,3.0,6.4
Agra,2025-05-01,38.5,35.0,14.4,0.4,1.0,2.2,8.4
Agra,2025-05-02,37.4,34.8,14.7,0.2,0.8,1.4,10.7
Agra,2025-05-03,37.4,33.0,15.4,0.4,1.2,2.2,10.6
Agra,2025-05-04,35.2,33.5,15.2,0.2,1.6,2.5,11.7
Agra,2025-05-05,37.0,35.0,14.4,0.4,0.9,3.0,9.3
Agra,2025-05-06,37.5,35.6,15.9,0.1,1.6,2.0,7.2
Agra,2025-05-07,34.2,37.6,15.9,0.2,0.5,2.0,9.6
Agra,2025-05-08,37.0,31.2,18.8,0.7,1.0,2.5,8.9
Agra,2025-05-09,36.9,34.4,17.7,0.4,1.1,1.9,7.6
Agra,2025-05-10,34.8,35.3,17.8,0.3,0.9,2.2,8.7
Agra,2025-05-11,36.5,35.2,15.8,0.1,0.8,2.8,8.9
Agra,2025-05-12,37.1,33.8,18.3,0.3,0.9,2.5,7.1
Agra,2025-05-13,35.0,32.7,16.3,0.4,1.5,3.6,10.7
Agra,2025-05-14,38.2,31.6,17.6,0.1,1.2,2.6,8.6
Agra,2025-05-15,36.1,35.1,17.7,0.2,1.7,1.6,7.6
Agra,2025-05-16,37.6,36.8,14.4,0.2,0.9,2.6,7.5
Agra,2025-05-17,38.4,36.0,14.3,0.5,1.6,2.6,6.6
Agra,2025-05-18,37.1,34.5,14.6,0.5,1.3,2.4,9.5
Agra,2025-05-19,32.6,35.6,18.8,0.2,0.9,3.8,8.3
Agra,2025-05-20,37.0,35.0,16.1,0.2,1.6,2.5,7.6
Agra,2025-05-21,35.1,38.4,14.1,0.6,0.8,3.1,8.0
Agra,2025-05-22,36.1,37.1,16.1,0.2,0.8,3.0,6.8
Agra,2025-05-23,38.7,35.4,14.1,0.3,0.6,2.4,8.6
Agra,2025-05-24,38.2,37.3,13.7,,1.2,2.3,7.4
Agra,2025-05-25,36.5,38.4,13.3,0.1,1.1,2.6,8.1
Agra,2025-05-26,35.4,36.8,16.1,0.2,1.1,2.6,7.8
Agra,2025-05-27,36.2,33.5,15.6,0.5,1.2,2.1,10.8
Agra,2025-05-28,38.3,35.4,13.1,0.2,1.4,3.2,8.4
Agra,2025-05-29,33.2,37.5,16.8,0.1,0.8,1.6,9.9
Agra,2025-05-30,30.4,39.8,13.4,,1.0,1.6,13.8
Agra,2025-05-31,31.7,36.1,20.6,0.2,1.4,2.2,7.9
Agra,2025-06-01,38.0,35.2,13.0,0.3,1.0,2.5,10.0
Agra,2025-06-02,33.3,38.3,16.3,0.4,1.3,1.3,9.0
Agra,2025-06-03,33.3,32.6,14.8,0.2,1.1,2.3,15.7
Agra,2025-06-04,34.1,37.0,15.7,0.3,0.9,3.0,9.0
Agra,2025-06-05,33.5,37.2,17.9,0.4,0.9,2.1,8.0
Agra,2025-06-06,37.4,34.2,16.8,0.1,0.9,2.7,7.8
Agra,2025-06-07,35.5,37.2,15.2,0.4,1.1,3.0,7.6
Agra,2025-06-08,33.3,37.7,16.8,0.4,1.3,2.8,7.7
Agra,2025-06-09,33.2,38.2,17.7,0.5,1.3,1.2,7.9
Agra,2025-06-10,33.8,37.9,15.9,0.4,1.1,1.3,9.7
Agra,2025-06-11,38.8,36.6,14.1,0.2,0.9,2.3,7.1
Agra,2025-06-12,35.8,37.3,14.3,0.5,1.0,2.2,8.9
Agra,2025-06-13,35.1,35.1,17.6,0.2,1.3,3.0,7.7
Agra,2025-06-14,34.9,38.4,15.0,0.4,1.0,3.3,7.1
Agra,2025-06-15,35.4,35.7,16.0,0.2,1.3,2.3,9.2
Agra,2025-06-16,34.4,38.1,14.6,,1.5,2.3,9.2
Agra,2025-06-17,35.8,34.1,15.5,0.2,0.9,3.2,10.2
Agra,2025-06-18,35.2,38.8,16.2,0.2,1.1,2.7,5.9
Agra,2025-06-19,37.8,35.5,13.6,,1.1,2.0,10.0
Agra,2025-06-20,34.5,37.3,16.0,0.5,1.2,2.3,8.1
Agra,2025-06-21,34.0,35.3,17.5,0.3,1.4,2.6,8.9
Agra,2025-06-22,34.0,38.2,13.3,0.9,1.0,3.8,8.9
Agra,2025-06-23,36.2,35.0,16.2,0.4,0.8,2.0,9.3
Agra,2025-06-24,35.5,38.7,16.0,0.2,1.0,2.1,6.5
Agra,2025-06-25,31.5,38.5,19.0,0.3,0.7,2.4,7.5
Agra,2025-06-26,33.1,39.0,15.7,0.6,1.2,2.3,8.1
Agra,2025-06-27,33.1,40.2,14.1,0.1,1.2,2.8,8.5
Agra,2025-06-28,35.7,36.6,15.0,0.1,1.6,2.2,8.8
Agra,2025-06-29,34.0,36.6,15.1,0.2,1.7,3.0,9.4
Agra,2025-06-30,33.3,37.2,17.0,0.3,1.1,1.8,9.3
Agra,2025-07-01,32.4,36.3,16.4,0.4,0.7,3.0,10.7
Agra,2025-07-02,27.8,37.5,19.0,0.2,1.5,3.2,10.9
Agra,2025-07-03,33.4,36.6,17.5,0.2,0.8,3.3,8.2
Agra,2025-07-04,32.8,33.9,20.4,0.3,0.7,2.9,9.0
Agra,2025-07-05,32.5,34.2,18.0,0.4,1.6,2.8,10.4
Agra,2025-07-06,33.9,35.3,18.6,0.3,1.0,2.4,8.5
Agra,2025-07-07,32.4,35.4,17.6,0.3,0.9,3.0,10.4
Agra,2025-07-08,34.6,34.2,18.3,0.3,1.2,3.4,8.1
Agra,2025-07-09,37.0,33.2,17.0,0.4,1.3,2.3,8.8
Agra,2025-07-10,36.0,32.7,17.4,,1.2,3.0,9.6
Agra,2025-07-11,31.6,37.8,15.5,0.1,1.4,3.1,10.4
Agra,2025-07-12,34.6,33.6,18.8,0.2,0.9,1.4,10.4
Agra,2025-07-13,32.6,35.9,17.8,0.2,1.5,2.4,9.5
Agra,2025-07-14,40.4,33.7,14.1,0.3,1.0,2.4,8.1
Agra,2025-07-15,35.9,33.7,18.5,0.4,0.6,1.9,9.1
Agra,2025-07-16,36.4,36.0,15.0,0.1,0.4,1.8,10.3
Agra,2025-07-17,33.3,38.6,16.4,0.3,0.9,1.4,9.2
Agra,2025-07-18,35.6,38.1,14.2,0.2,0.7,2.3,8.9
Agra,2025-07-19,36.6,38.4,14.5,0.1,1.1,1.3,7.9
Agra,2025-07-20,33.9,39.7,15.8,0.4,0.8,2.0,7.4
Agra,2025-07-21,36.8,34.4,17.6,0.2,0.4,1.9,8.8
Agra,2025-07-22,37.7,36.6,15.1,0.3,0.4,1.8,8.0
Agra,2025-07-23,33.1,39.3,15.5,0.1,1.1,1.7,9.2
Agra,2025-07-24,31.1,38.1,19.7,0.1,1.2,2.0,7.9
Agra,2025-07-25,29.4,39.4,17.9,0.4,0.7,2.4,9.9
Agra,2025-07-26,34.6,38.6,14.8,0.2,0.9,1.3,9.7
Agra,2025-07-27,30.5,39.0,16.7,0.2,1.2,2.1,10.2
Agra,2025-07-28,34.0,39.2,15.1,,0.9,1.5,9.3
Agra,2025-07-29,31.7,38.2,18.0,0.2,0.9,1.7,9.4
Agra,2025-07-30,34.8,36.8,16.1,0.3,1.0,2.2,8.8
Agra,2025-07-31,35.8,37.0,15.3,0.1,0.9,1.6,9.3
Agra,2025-08-01,34.8,34.3,17.5,0.1,1.5,1.5,10.4
Agra,2025-08-02,34.4,34.0,18.5,0.3,1.1,2.1,9.6
Agra,2025-08-03,35.8,35.0,16.2,0.2,0.8,2.1,9.7
Agra,2025-08-04,35.7,36.6,17.1,,0.9,1.3,8.5
Agra,2025-08-05,36.6,35.9,15.8,0.5,0.7,1.8,8.6
Agra,2025-08-06,38.1,35.2,13.9,0.2,1.0,2.4,9.3
Agra,2025-08-07,33.6,40.6,15.3,0.1,0.5,1.7,8.0
Agra,2025-08-08,35.1,38.5,15.7,,0.9,1.8,8.0
Agra,2025-08-09,35.2,38.4,13.6,0.2,0.7,1.6,10.3
Agra,2025-08-10,33.9,36.7,17.8,0.3,1.3,2.1,7.8
Agra,2025-08-11,34.3,35.7,18.0,0.5,0.5,2.0,9.0
Agra,2025-08-12,37.2,35.6,16.9,0.2,0.7,2.1,7.4
Agra,2025-08-13,33.8,35.4,18.5,0.3,1.2,1.3,9.6
Agra,2025-08-14,37.3,36.2,16.7,0.2,0.8,1.6,7.3
Agra,2025-08-15,36.0,38.5,13.3,0.2,1.3,1.5,9.2
Agra,2025-08-16,38.2,36.8,13.8,0.3,0.7,1.8,8.3
Agra,2025-08-17,37.1,36.8,15.6,0.1,1.2,2.3,6.9
Agra,2025-08-18,33.2,39.0,16.7,0.2,0.7,2.2,7.9
Agra,2025-08-19,34.5,36.4,16.7,0.4,1.4,2.8,7.6
Agra,2025-08-20,34.3,39.7,14.5,,0.5,1.7,9.2
Agra,2025-08-21,34.6,36.6,15.4,0.5,0.7,1.5,10.6
Agra,2025-08-22,33.0,40.8,15.5,0.2,0.8,1.4,8.4
Agra,2025-08-23,37.5,38.9,14.1,0.2,0.8,1.8,6.9
Agra,2025-08-24,38.1,35.1,16.2,0.5,0.6,2.2,7.2
Agra,2025-08-25,37.0,36.9,15.8,0.2,0.4,1.8,7.8
Agra,2025-08-26,34.5,39.0,16.4,0.3,0.4,2.2,7.1
Agra,2025-08-27,31.8,38.5,18.2,0.3,1.3,2.0,7.8
Agra,2025-08-28,35.1,37.7,15.4,0.5,1.0,2.8,7.6
Agra,2025-08-29,35.6,36.7,15.8,0.4,1.3,2.2,8.0
Agra,2025-08-30,36.2,36.8,14.7,0.3,1.2,2.2,8.5
Agra,2025-08-31,35.6,38.5,15.1,0.1,0.7,2.9,7.0
Agra,2025-09-01,35.5,36.8,17.7,0.2,0.9,2.3,6.7
Agra,2025-09-02,36.1,34.4,15.8,0.3,0.6,3.5,9.2
Agra,2025-09-03,42.4,38.9,11.1,0.2,1.2,1.7,4.5
Agra,2025-09-04,48.9,36.1,8.6,0.0,0.3,1.2,4.9
Agra,2025-09-05,40.0,42.0,10.0,0.3,0.6,1.5,5.5
Agra,2025-09-06,37.7,43.5,11.1,0.1,0.6,1.5,5.5
Agra,2025-09-07,39.0,42.7,10.3,0.1,0.6,1.4,5.9
Agra,2025-09-08,38.1,44.0,10.4,0.2,0.4,1.3,5.6
Agra,2025-09-09,36.2,41.1,16.4,0.1,0.3,0.9,4.9
Agra,2025-09-10,33.9,43.9,13.3,0.1,0.9,1.2,6.8
Agra,2025-09-11,35.8,39.8,15.1,,0.7,1.8,6.9
Agra,2025-09-12,34.2,40.8,16.8,0.2,0.7,1.4,5.9
Agra,2025-09-13,33.9,41.9,14.9,0.2,0.6,2.0,6.4
Agra,2025-09-14,36.6,38.5,12.1,0.1,0.6,1.8,10.3
Agra,2025-09-15,34.6,41.2,14.7,0.1,1.9,1.1,6.4
Agra,2025-09-16,38.4,38.9,13.6,0.1,1.1,1.5,6.4
Agra,2025-09-17,36.1,37.2,15.7,0.2,1.1,2.4,7.2
Agra,2025-09-18,36.6,39.0,15.2,0.1,0.5,2.2,6.5
Agra,2025-09-19,35.4,41.8,12.5,0.1,1.1,1.9,7.3
Agra,2025-09-20,37.4,40.7,12.2,,1.0,2.0,6.7
Agra,2025-09-21,40.8,41.9,7.7,0.1,0.7,1.5,7.4
Agra,2025-09-22,44.5,40.4,8.9,0.1,0.7,0.8,4.7
Agra,2025-09-23,37.3,46.0,10.0,0.1,0.9,0.7,5.1
Agra,2025-09-24,37.4,42.3,10.6,,0.8,1.4,7.6
Agra,2025-09-25,36.2,42.5,12.4,0.1,0.9,1.2,6.6
Agra,2025-09-26,35.2,41.2,13.7,0.2,0.4,1.6,7.7
Agra,2025-09-27,37.2,42.1,12.0,,0.7,1.2,6.8
Agra,2025-09-28,37.3,39.4,9.2,0.1,1.7,1.4,10.8
Agra,2025-09-29,36.6,41.7,13.1,0.1,1.0,1.1,6.4
Agra,2025-09-30,37.0,41.4,12.3,0.1,0.6,1.4,7.3
Agra,2025-10-01,37.8,42.5,11.1,0.1,0.9,1.4,6.2
Agra,2025-10-02,38.0,42.0,11.6,0.1,1.4,1.3,5.7
Agra,2025-10-03,39.9,41.1,10.6,0.2,0.9,1.5,5.9
Agra,2025-10-04,37.5,42.8,11.2,,1.2,1.0,6.3
Agra,2025-10-05,35.7,41.6,13.5,0.1,1.3,1.1,6.6
Agra,2025-10-06,38.7,41.1,10.9,0.1,1.1,1.5,6.6
Agra,2025-10-07,37.4,41.9,12.0,0.1,0.8,1.4,6.5
Agra,2025-10-08,38.2,40.2,12.2,,1.3,1.7,6.4
Agra,2025-10-09,38.7,41.1,12.7,0.1,0.7,1.8,4.8
Agra,2025-10-10,38.3,42.5,10.9,0.1,0.5,1.3,6.3
Agra,2025-10-11,35.6,44.9,12.3,,0.5,1.5,5.3
Agra,2025-10-12,35.5,44.0,12.6,0.1,0.9,1.4,5.4
Agra,2025-10-13,37.4,40.5,13.7,0.1,0.9,1.7,5.7
Agra,2025-10-14,35.7,44.6,11.7,,0.9,1.2,5.8
Agra,2025-10-15,39.0,39.0,14.4,,1.2,0.8,5.6
Agra,2025-10-16,34.3,41.3,14.2,0.2,0.9,2.0,7.2
Agra,2025-10-17,37.7,39.3,12.7,0.1,0.9,2.2,7.1
Agra,2025-10-18,37.7,42.1,9.6,0.1,0.9,1.4,8.1
Agra,2025-10-19,35.8,44.4,11.2,0.2,0.5,1.3,6.5
Agra,2025-10-20,38.9,42.5,8.5,0.1,1.2,1.6,7.3
Agra,2025-10-21,37.7,40.1,12.2,0.1,0.9,0.9,8.2
Agra,2025-10-22,38.1,41.0,11.9,0.2,1.0,1.2,6.6
Agra,2025-10-23,37.4,42.5,12.6,0.2,0.7,1.1,5.5
Agra,2025-10-24,36.6,39.6,15.0,0.1,0.9,1.7,6.1
Agra,2025-10-25,36.5,40.7,13.1,0.2,1.4,1.6,6.4
Agra,2025-10-26,37.5,41.8,13.4,0.1,0.3,1.4,5.6
Agra,2025-10-27,37.5,36.8,15.2,0.2,1.0,1.6,7.6
Agra,2025-10-28,34.0,38.6,16.3,,0.6,2.8,7.7
Agra,2025-10-29,38.7,38.7,14.1,0.1,0.5,1.7,6.1
Agra,2025-10-30,36.5,38.8,15.3,0.1,1.3,2.0,6.0
Agra,2025-10-31,39.3,35.8,16.1,0.2,1.0,0.9,6.7
Agra,2025-11-01,36.6,40.6,14.3,0.1,0.4,1.3,6.7
Agra,2025-11-02,38.9,38.8,12.9,0.1,0.6,2.0,6.6
Agra,2025-11-03,38.3,37.6,15.5,0.2,0.7,1.8,5.9
Agra,2025-11-04,40.9,42.6,10.6,0.2,0.6,0.5,4.5
Agra,2025-11-05,40.4,39.2,13.2,0.1,0.4,1.0,5.8
Agra,2025-11-06,37.3,41.1,14.0,0.1,0.9,1.2,5.5
Agra,2025-11-07,38.3,42.3,11.6,0.1,0.6,1.3,5.9
Agra,2025-11-08,37.2,38.1,14.8,,1.5,1.1,7.3
Agra,2025-11-09,40.7,38.8,13.1,0.1,0.6,1.7,5.0
Agra,2025-11-10,36.4,41.2,14.0,0.2,0.7,1.6,5.8
Agra,2025-11-11,36.5,38.4,15.5,0.1,0.7,2.1,6.7
Agra,2025-11-12,38.6,35.6,17.0,0.2,0.7,1.3,6.6
Agra,2025-11-13,35.1,39.0,15.3,0.2,1.0,2.0,7.3
Agra,2025-11-14,38.8,36.4,13.1,0.2,0.5,3.1,7.8
Agra,2025-11-15,39.1,41.6,11.4,0.2,0.3,1.4,6.0
Agra,2025-11-16,36.8,39.1,14.6,0.3,1.3,1.4,6.5
Agra,2025-11-17,40.3,37.2,14.0,0.1,0.8,1.7,5.9
Agra,2025-11-18,34.7,38.2,18.4,0.2,1.2,1.5,5.8
Agra,2025-11-19,38.1,37.0,15.4,0.5,0.9,2.4,5.8
Agra,2025-11-20,39.4,38.5,15.8,0.2,0.5,1.2,4.4
Agra,2025-11-21,34.5,40.3,14.6,,1.0,2.8,6.8
Agra,2025-11-22,34.9,40.4,15.0,0.4,1.2,1.9,6.1
Agra,2025-11-23,37.7,38.0,14.3,0.4,0.4,1.2,8.0
Agra,2025-11-24,35.5,37.5,15.1,0.5,0.7,1.1,9.6
Agra,2025-11-25,42.9,43.5,8.6,0.1,0.5,0.7,3.6
Agra,2025-11-26,41.1,42.7,10.1,0.1,0.8,1.2,4.1
Agra,2025-11-27,41.3,39.5,10.5,0.1,0.6,1.8,6.2
Agra,2025-11-28,35.3,43.1,12.9,0.1,0.6,1.6,6.5
Agra,2025-11-29,38.5,40.5,12.8,0.2,0.6,1.9,5.4
Agra,2025-11-30,34.5,39.1,15.0,0.1,1.1,2.2,8.1
Agra,2025-12-01,35.6,39.2,15.6,0.3,0.8,1.2,7.3
Agra,2025-12-02,33.2,41.3,16.6,0.1,0.6,1.4,6.7
Agra,2025-12-03,36.1,37.7,17.4,0.3,0.8,1.6,6.2
Agra,2025-12-04,35.3,40.7,14.9,0.1,0.8,1.7,6.5
Agra,2025-12-05,39.0,35.8,16.5,0.2,0.8,1.1,6.5
Agra,2025-12-06,39.1,40.2,11.7,0.2,1.5,1.6,5.7
Agra,2025-12-07,37.7,39.6,12.7,,0.9,2.3,6.9
Agra,2025-12-08,37.0,38.4,14.6,0.1,1.0,1.8,7.2
Agra,2025-12-09,34.6,40.7,14.9,,1.1,2.3,6.4
Agra,2025-12-10,37.7,42.1,12.1,0.1,0.8,1.4,5.8
Agra,2025-12-11,36.9,39.5,16.8,0.2,0.7,1.3,4.7
Agra,2025-12-12,34.1,40.6,16.4,0.7,1.5,0.9,5.9
Agra,2025-12-13,34.6,39.4,15.9,0.2,1.1,1.5,7.4
Agra,2025-12-14,35.7,39.6,14.6,0.1,0.6,1.5,8.0
Agra,2025-12-15,37.2,40.5,12.9,0.1,0.6,1.6,7.2
Agra,2025-12-16,33.0,40.7,16.2,0.1,1.1,1.5,7.4
Agra,2025-12-17,35.2,41.1,13.7,,0.8,1.3,7.9
Agra,2025-12-18,34.6,39.3,14.9,0.1,1.2,1.9,8.0
Agra,2025-12-19,34.2,39.3,15.8,0.1,0.6,2.5,7.4
Agra,2025-12-20,36.0,37.5,16.9,0.1,0.6,1.5,7.4
Agra,2025-12-21,35.1,35.2,19.4,0.1,1.6,1.5,7.1
Agra,2025-12-22,32.6,40.0,18.0,0.1,0.9,1.5,7.1
Agra,2025-12-23,35.6,39.6,14.2,0.2,1.2,1.4,7.9
Agra,2025-12-24,33.0,39.9,15.1,0.2,0.8,2.4,8.6
Agra,2025-12-25,36.6,37.6,14.7,0.3,0.9,2.4,7.5
Agra,2025-12-26,36.3,40.1,14.2,0.1,0.8,1.7,6.8
Agra,2025-12-27,34.8,38.6,16.5,0.2,1.2,1.8,7.0
Agra,2025-12-28,35.1,39.2,13.9,0.1,0.5,2.8,8.4
Agra,2025-12-29,36.4,38.0,15.2,,0.6,2.4,7.4
Agra,2025-12-30,34.5,42.2,13.0,0.3,0.8,1.8,7.5
Agra,2025-12-31,31.1,40.2,15.0,0.1,0.9,2.6,10.1
Agra,2026-01-01,35.8,38.8,14.4,0.3,0.9,1.7,8.0
Agra,2026-01-02,36.7,38.6,13.8,0.1,1.5,1.4,8.0
Agra,2026-01-03,34.6,40.8,13.5,0.3,1.1,1.7,8.1
Agra,2026-01-04,34.5,39.7,14.4,0.1,1.0,2.3,8.0
Agra,2026-01-05,36.3,40.6,14.9,0.2,0.5,1.8,5.7
Agra,2026-01-06,35.2,41.6,14.6,0.2,1.1,1.7,5.6
Agra,2026-01-07,36.9,38.6,14.8,0.2,1.0,1.6,7.0
Agra,2026-01-08,35.4,39.2,16.5,0.2,0.4,1.2,7.1
Agra,2026-01-09,35.1,40.6,15.2,0.1,0.9,1.2,7.0
Agra,2026-01-10,36.0,37.0,15.0,0.2,0.7,2.2,8.8
Agra,2026-01-11,37.9,38.0,14.7,0.3,1.0,1.6,6.4
Agra,2026-01-12,36.6,38.9,14.5,0.3,0.7,2.7,6.4
Agra,2026-01-13,38.5,43.5,10.6,,0.7,1.8,5.0
Agra,2026-01-14,36.1,44.1,10.5,0.2,0.9,2.4,5.9
Agra,2026-01-15,37.0,41.5,12.0,,0.4,1.6,7.5
Agra,2026-01-16,35.3,39.3,14.1,0.1,0.6,1.5,9.0
Agra,2026-01-17,33.8,40.4,14.4,0.1,1.0,2.0,8.2
Agra,2026-01-18,34.7,40.7,14.1,0.2,0.7,2.1,7.5
Agra,2026-01-19,31.5,43.6,14.7,0.1,0.8,1.7,7.6
Agra,2026-01-20,38.9,39.0,13.8,,0.4,1.3,6.6
Agra,2026-01-21,37.5,38.4,14.2,0.1,0.6,1.7,7.6
Agra,2026-01-22,37.2,40.0,13.1,0.1,0.8,1.7,7.1
Agra,2026-01-23,34.3,41.5,13.0,0.2,0.8,1.5,8.6
Agra,2026-01-24,34.5,39.1,15.0,0.1,0.6,1.7,9.1
Agra,2026-01-25,34.6,39.5,14.1,0.2,0.9,1.4,9.3
Agra,2026-01-26,41.0,38.3,12.7,0.1,0.7,1.2,6.1
Agra,2026-01-27,37.8,38.6,14.0,0.1,0.5,2.2,6.9
Agra,2026-01-28,37.5,38.3,14.9,0.1,0.7,1.8,6.6
Agra,2026-01-29,33.7,39.5,16.8,,1.1,1.5,7.5
Agra,2026-01-30,34.7,38.8,16.1,0.2,0.5,1.7,8.1
Agra,2026-01-31,37.9,38.5,14.4,0.2,0.3,1.1,7.7
Agra,2026-02-01,36.1,39.9,13.6,0.1,1.3,1.5,7.5
Agra,2026-02-02,33.1,40.0,17.2,0.1,0.7,2.5,6.5
Agra,2026-02-03,37.0,38.0,14.3,,0.7,2.1,7.9
Agra,2026-02-04,34.4,40.1,14.9,0.1,0.7,1.5,8.3
Agra,2026-02-05,34.5,41.1,14.7,0.1,0.7,1.8,7.0
Agra,2026-02-06,34.7,39.5,16.6,,0.8,0.9,7.6
Agra,2026-02-07,35.2,38.7,15.4,0.3,1.2,1.4,7.8
Agra,2026-02-08,34.0,40.3,15.0,0.2,0.7,1.3,8.6
Agra,2026-02-09,35.3,39.5,15.8,0.2,0.7,1.6,6.8
Agra,2026-02-10,32.8,41.4,14.3,0.1,0.6,1.8,9.0
Agra,2026-02-11,33.5,39.2,17.1,0.1,0.8,1.5,7.7
Agra,2026-02-12,34.0,41.0,14.0,,1.0,2.2,7.8
Agra,2026-02-13,34.0,39.2,15.3,0.5,0.7,1.6,8.7
Agra,2026-02-14,33.9,41.2,15.4,0.3,0.7,1.1,7.5
Agra,2026-02-15,32.6,36.0,15.3,0.1,1.1,1.3,13.5
Agra,2026-02-16,34.7,38.3,16.2,0.1,1.0,2.2,7.6
Agra,2026-02-17,34.4,42.1,15.3,,0.7,1.3,6.3
Agra,2026-02-18,35.3,41.7,11.2,0.1,0.9,1.9,8.7
Agra,2026-02-19,35.8,41.6,13.7,0.2,0.6,2.0,6.2
Agra,2026-02-20,36.2,42.9,13.4,0.1,0.6,1.5,5.3
Agra,2026-02-21,34.7,43.2,11.8,,0.6,2.6,7.1
Agra,2026-02-22,33.4,39.5,15.9,,1.3,1.7,8.2
Agra,2026-02-23,33.7,40.7,16.2,0.1,0.5,1.1,7.6
Agra,2026-02-24,35.9,38.1,16.6,0.2,0.4,1.1,7.6
Agra,2026-02-25,33.2,38.9,18.7,,0.9,1.5,6.8
Agra,2026-02-26,33.8,38.1,14.3,0.2,0.9,2.4,10.1
Agra,2026-02-27,32.7,39.2,18.8,0.1,0.5,1.0,7.6
Agra,2026-02-28,33.6,37.4,18.6,0.2,0.5,1.4,8.3
Agra,2026-03-01,36.0,34.1,16.2,0.2,0.4,2.5,10.6
Agra,2026-03-02,36.4,38.0,15.3,0.2,0.8,1.1,8.2
Agra,2026-03-03,38.3,37.8,14.5,0.1,0.7,1.8,6.8
Agra,2026-03-04,34.5,39.8,15.3,0.2,0.6,0.8,8.7
Agra,2026-03-05,30.2,37.9,15.5,,1.0,1.4,14.0
Agra,2026-03-06,31.8,40.5,17.4,0.2,0.4,2.1,7.6
Agra,2026-03-07,34.6,40.0,15.0,0.1,0.8,1.2,8.3
Agra,2026-03-08,32.7,34.0,17.8,,0.8,1.1,13.6
Agra,2026-03-09,32.2,42.1,14.7,0.2,0.2,2.2,8.4
Agra,2026-03-10,32.9,40.2,17.5,0.3,0.5,2.0,6.7
Agra,2026-03-11,36.3,39.7,14.3,0.1,0.4,1.8,7.4
Agra,2026-03-12,34.0,42.0,14.5,0.2,1.1,1.1,7.1
Agra,2026-03-13,28.2,35.9,18.0,0.2,0.4,1.6,15.7
Agra,2026-03-14,29.2,37.2,17.6,0.1,0.4,2.2,13.3
Agra,2026-03-15,34.3,38.6,13.6,0.1,0.5,1.1,11.8
Agra,2026-03-16,34.8,38.9,14.5,0.2,0.2,1.4,10.0
Agra,2026-03-17,36.8,38.1,14.1,0.2,0.4,1.2,9.1
Agra,2026-03-18,31.9,38.0,16.3,0.1,0.6,1.3,11.8
Agra,2026-03-19,34.3,35.6,16.6,0.1,0.8,1.7,11.0
Agra,2026-03-20,34.6,40.9,14.2,,0.6,1.5,8.3
Agra,2026-03-21,34.7,38.8,15.2,0.1,0.5,1.6,9.1
Agra,2026-03-22,37.0,37.3,14.6,0.1,0.5,2.1,8.6
Agra,2026-03-23,33.2,39.2,13.9,0.1,0.6,1.2,11.8
Agra,2026-03-24,30.2,37.5,16.2,0.1,0.6,1.6,13.9
Agra,2026-03-25,31.1,36.3,16.3,0.1,0.9,1.7,13.6
Agra,2026-03-26,34.1,39.3,13.8,0.1,0.9,1.5,10.3
Agra,2026-03-27,33.7,39.4,16.2,0.1,0.5,1.6,8.5
Agra,2026-03-28,36.8,37.5,14.1,0.1,0.7,1.7,9.1
Agra,2026-03-29,34.2,38.0,15.2,0.1,0.8,1.8,9.9
Agra,2026-03-30,34.0,37.2,17.9,0.1,0.3,1.1,9.4
Agra,2026-03-31,34.9,36.7,17.4,,0.4,2.0,8.6
Agra,2026-04-01,33.0,38.0,19.1,0.1,0.6,2.0,7.1
Agra,2026-04-02,34.9,37.1,15.9,0.1,0.7,2.1,9.1
Agra,2026-04-03,34.1,37.1,16.0,0.1,0.7,2.6,9.5
Agra,2026-04-04,32.0,38.7,17.0,0.1,0.8,2.0,9.4
Agra,2026-04-05,31.1,39.8,16.9,0.2,0.9,2.4,8.7
Agra,2026-04-06,33.9,39.1,16.6,0.1,0.3,2.3,7.8
Agra,2026-04-07,33.5,39.3,15.8,0.2,0.5,1.5,9.2
Agra,2026-04-08,33.0,37.7,16.3,0.1,0.6,1.6,10.7
Agra,2026-04-09,33.0,39.6,16.4,,0.4,1.9,8.6
Agra,2026-04-10,33.9,36.4,16.2,,0.8,1.8,10.9
Agra,2026-04-11,36.4,35.3,16.1,0.1,0.8,1.9,9.3
Agra,2026-04-12,33.6,38.7,14.4,,0.7,1.5,11.1
Agra,2026-04-13,34.1,35.9,16.6,,0.9,1.9,10.7
Agra,2026-04-14,34.7,38.7,15.1,0.1,0.4,1.1,9.9
Agra,2026-04-15,35.2,36.4,17.4,0.2,0.7,1.1,9.0
Agra,2026-04-16,35.3,39.0,14.5,0.5,0.5,1.3,8.9
Agra,2026-04-17,34.9,39.6,14.9,0.2,1.2,1.1,8.3
Agra,2026-04-18,33.6,37.2,15.2,0.2,0.7,2.0,11.2
Agra,2026-04-19,33.7,41.2,14.8,0.3,0.6,1.3,8.2
Agra,2026-04-20,33.0,39.7,16.2,0.3,0.7,1.9,8.2
Agra,2026-04-21,32.7,40.0,15.7,0.2,0.7,1.7,9.0
Agra,2026-04-22,35.2,36.9,17.0,,0.6,1.6,8.8
Agra,2026-04-23,33.1,38.6,14.9,0.1,0.4,2.7,10.2
Agra,2026-04-24,35.3,36.9,14.9,0.3,1.0,2.8,8.8
Agra,2026-04-25,37.4,36.4,12.3,0.2,0.5,2.1,11.1
Agra,2026-04-26,34.8,39.0,13.3,,1.2,2.0,9.7
Agra,2026-04-27,33.4,39.6,15.9,0.2,0.8,1.4,8.6
Agra,2026-04-28,33.9,38.2,16.0,0.1,0.9,1.7,9.2
Agra,2026-04-29,34.6,37.1,14.9,0.2,0.6,2.5,10.1
Agra,2026-04-30,31.4,37.4,17.1,0.2,1.7,2.4,9.8
Agra,2026-05-01,33.0,37.9,14.9,0.1,1.2,1.9,10.9
Agra,2026-05-02,33.2,37.8,16.5,,0.9,1.4,10.1
Agra,2026-05-03,34.5,37.3,16.2,0.2,0.8,1.6,9.5
Agra,2026-05-04,34.7,32.4,19.2,0.2,0.7,2.2,10.6
Agra,2026-05-05,37.7,36.1,13.9,0.2,1.4,1.9,8.8
Agra,2026-05-06,31.7,37.7,17.3,0.2,1.0,1.7,10.5
Agra,2026-05-07,31.9,33.6,21.6,0.2,0.7,2.1,10.0
Agra,2026-05-08,30.5,34.4,21.9,0.2,1.3,1.9,9.8
Agra,2026-05-09,33.4,35.2,19.5,,0.6,2.1,9.1
Agra,2026-05-10,34.8,37.8,15.2,0.1,1.1,1.0,9.9
Agra,2026-05-11,36.6,37.4,15.6,,0.6,1.6,8.2
Agra,2026-05-12,33.6,38.1,17.4,0.2,1.0,1.7,8.1
Agra,2026-05-13,33.0,38.3,16.2,0.1,1.0,2.3,9.0
Agra,2026-05-14,36.7,33.7,17.4,0.1,0.5,2.2,9.5
Agra,2026-05-15,32.3,36.8,19.1,,0.5,2.6,8.7
Agra,2026-05-16,33.5,37.7,18.4,0.1,0.8,1.7,7.9
Agra,2026-05-17,32.6,38.3,17.5,0.1,0.4,1.5,9.6
Agra,2026-05-18,33.0,38.1,16.5,0.4,0.5,1.8,9.5
Agra,2026-05-19,33.7,36.1,16.5,0.2,0.7,1.2,11.7
Agra,2026-05-20,32.4,35.3,19.1,0.1,0.6,2.4,10.1
Agra,2026-05-21,37.0,35.7,18.3,0.1,0.8,1.3,6.8
Agra,2026-05-22,36.7,36.2,18.3,0.1,0.5,1.2,7.0
Agra,2026-05-23,35.4,35.6,18.2,0.1,1.0,1.8,7.9
Agra,2026-05-24,33.8,38.2,17.8,0.1,0.5,1.8,7.8
Agra,2026-05-25,29.7,42.0,17.6,0.1,0.7,1.5,8.4
Agra,2026-05-26,33.9,34.6,20.0,0.2,0.8,1.5,9.1
Agra,2026-05-27,34.8,37.7,17.0,0.1,1.3,0.6,8.5
Agra,2026-05-28,37.0,42.0,11.6,0.1,0.4,1.2,7.8
Agra,2026-05-29,33.6,34.9,19.8,0.3,0.8,1.6,9.0
Agra,2026-05-30,33.9,37.9,18.6,0.1,0.9,1.2,7.3
Agra,2026-05-31,34.3,37.3,17.2,0.1,0.6,1.9,8.7
Agra,2026-06-01,30.5,40.4,16.7,0.2,0.4,2.3,9.5
Agra,2026-06-02,33.8,37.0,19.0,0.1,0.5,1.4,8.1
Agra,2026-06-03,32.9,38.2,16.7,0.5,0.6,2.5,8.6
Agra,2026-06-04,34.2,37.4,19.2,0.1,1.0,2.2,5.9
Agra,2026-06-05,33.1,38.2,18.1,0.1,0.7,2.6,7.3
Agra,2026-06-06,33.9,38.5,14.6,0.5,1.4,2.2,9.0
Agra,2026-06-07,34.6,36.9,14.9,0.2,1.9,1.7,9.7
Agra,2026-06-08,34.5,35.7,18.0,0.1,1.1,1.1,9.6
Agra,2026-06-09,31.5,38.8,19.0,0.1,0.7,1.4,8.5
Agra,2026-06-10,31.1,37.1,19.0,0.4,1.2,1.9,9.2
Agra,2026-06-11,33.4,37.2,16.0,,0.5,1.9,10.9
Agra,2026-06-12,35.7,36.3,16.3,0.1,1.9,1.3,8.4
Agra,2026-06-13,34.5,35.6,18.6,0.2,1.2,1.3,8.6
Agra,2026-06-14,31.6,38.4,16.8,0.4,0.8,1.7,10.3
Agra,2026-06-15,33.6,36.3,18.6,,0.7,2.0,8.7
Agra,2026-06-16,32.4,39.2,17.4,0.1,0.9,1.8,8.3
Agra,2026-06-17,34.9,36.6,17.9,0.1,1.1,1.7,7.7
Agra,2026-06-18,35.6,36.3,18.6,0.4,0.7,1.3,7.3
Agra,2026-06-19,30.9,40.1,17.1,0.1,0.6,2.0,9.3
Agra,2026-06-20,32.7,36.6,17.9,0.1,1.0,1.2,10.5
Agra,2026-06-21,32.2,39.6,16.1,0.2,0.6,1.7,9.7
Agra,2026-06-22,33.0,34.1,19.8,0.3,0.4,2.3,10.2
Agra,2026-06-23,31.7,38.0,19.3,0.3,0.6,2.1,8.1
Agra,2026-06-24,33.1,37.8,18.5,0.2,1.1,2.0,7.3
Agra,2026-06-25,31.4,37.2,20.5,0.1,0.8,0.9,9.1
Agra,2026-06-26,32.8,34.8,19.3,0.1,1.1,0.9,10.9
Agra,2026-06-27,32.0,34.8,20.7,0.1,1.1,2.3,9.1
Agra,2026-06-28,32.3,35.5,19.3,,1.2,1.8,10.0
Agra,2026-06-29,36.1,31.6,21.0,0.2,1.4,1.6,8.2
Agra,2026-06-30,36.3,35.6,17.9,0.1,1.4,1.7,7.1
Agra,2026-07-01,33.3,36.6,18.6,,0.7,0.8,10.0
Agra,2026-07-02,35.8,37.6,18.9,0.2,1.0,1.1,5.4
Agra,2026-07-03,38.0,33.9,18.6,0.1,1.1,1.1,7.3
Agra,2026-07-04,31.5,38.6,20.1,0.1,0.3,0.9,8.5
Agra,2026-07-05,34.5,35.4,21.1,,0.4,1.2,7.4
Agra,2026-07-06,33.9,35.0,20.0,,0.9,1.7,8.4
Agra,2026-07-07,33.4,35.4,18.2,0.5,0.9,2.4,9.3
Agra,2026-07-08,30.6,40.9,17.1,0.1,0.9,1.6,8.8
Agra,2026-07-09,32.5,42.4,15.2,0.1,0.4,2.5,6.7
Agra,2026-07-10,29.0,43.7,16.0,0.2,0.9,1.7,8.5
Agra,2026-07-11,32.7,42.6,15.1,0.1,0.7,1.6,7.1
Agra,2026-07-12,32.6,38.9,17.2,0.1,0.7,0.8,9.6
Agra,2026-07-13,35.7,36.3,17.1,0.3,0.7,2.1,7.9
Agra,2026-07-14,32.8,38.3,18.4,0.3,0.6,1.4,8.2
Agra,2026-07-15,32.0,37.0,18.5,0.3,0.4,1.7,10.2
Agra,2026-07-16,33.6,35.1,19.6,0.2,0.9,1.4,9.2
Agra,2026-07-17,34.3,33.6,20.8,,1.1,1.4,8.9
Agra,2026-07-18,31.9,37.1,20.3,0.2,0.9,2.0,7.6
Agra,2026-07-19,34.9,34.9,18.8,0.1,0.8,2.1,8.3
Agra,2026-07-20,36.6,35.2,19.3,0.1,0.6,0.9,7.4
Agra,2026-07-21,31.8,39.5,19.0,,0.8,1.2,7.7
Agra,2026-07-22,35.0,33.8,18.3,0.1,1.0,1.8,9.9
Agra,2026-07-23,36.0,36.5,18.3,0.1,0.8,1.2,7.1
Agra,2026-07-24,38.9,39.2,12.6,0.1,0.6,1.5,7.1
Agra,2026-07-25,36.3,38.4,14.4,,1.3,1.0,8.7
Agra,2026-07-26,35.4,38.9,15.5,0.2,0.6,1.3,8.0
Agra,2026-07-27,34.0,40.8,14.9,0.1,0.6,1.1,8.5
Agra,2026-07-28,35.6,36.9,16.3,0.1,0.7,2.0,8.5
Agra,2026-07-29,34.8,38.4,17.6,,1.0,1.1,7.2
Agra,2026-07-30,35.7,36.8,18.7,,0.4,1.3,7.0
Agra,2026-07-31,34.6,35.9,18.2,,1.2,1.8,8.3
Agra,2026-08-01,33.9,34.4,20.2,0.2,0.8,1.3,9.1
Agra,2026-08-02,36.2,34.1,18.2,0.1,0.7,1.4,9.3
Agra,2026-08-03,35.6,33.9,16.1,0.1,0.7,2.0,11.6
Agra,2026-08-04,37.6,34.9,15.6,,0.7,2.2,9.1
Agra,2026-08-05,36.3,36.4,16.4,,0.8,2.0,8.2
Agra,2026-08-06,36.1,37.2,15.2,0.2,1.1,1.9,8.2
Agra,2026-08-07,34.0,36.7,18.8,0.1,0.8,1.7,7.9
Agra,2026-08-08,34.8,37.6,17.4,0.4,0.8,1.3,7.7
Agra,2026-08-09,37.9,33.8,15.6,0.1,1.1,1.6,9.9
Agra,2026-08-10,31.2,37.3,18.5,0.2,0.5,2.0,10.3
Agra,2026-08-11,32.0,37.5,18.3,0.3,1.1,2.1,8.7
Agra,2026-08-12,32.6,36.7,18.5,0.1,0.7,1.7,9.7
Agra,2026-08-13,34.7,35.3,19.6,0.4,0.4,1.8,7.8
Agra,2026-08-14,36.7,35.5,16.3,0.1,0.9,1.2,9.3
Agra,2026-08-15,38.5,37.8,14.2,0.1,0.6,1.5,7.2
Agra,2026-08-16,35.4,35.1,17.7,0.1,0.7,1.9,9.1
Agra,2026-08-17,39.0,35.3,15.6,0.2,0.8,1.9,7.1
Agra,2026-08-18,35.1,36.9,15.9,0.4,1.7,1.6,8.4
Agra,2026-08-19,36.6,34.9,17.7,0.3,0.8,2.0,7.6
Agra,2026-08-20,33.9,38.0,16.3,0.2,0.5,1.8,9.4
Agra,2026-08-21,33.7,38.0,15.7,,0.9,1.2,10.5
Agra,2026-08-22,35.5,34.6,17.8,0.3,0.9,1.8,9.1
Agra,2026-08-23,34.5,36.7,17.2,0.2,0.4,1.3,9.7
Agra,2026-08-24,32.9,33.5,21.4,,1.2,1.7,9.3
Agra,2026-08-25,31.6,39.2,16.9,0.3,1.1,1.0,10.1
Agra,2026-08-26,38.2,35.8,14.8,,1.2,2.1,7.9
Agra,2026-08-27,34.8,36.6,17.7,0.3,0.5,1.1,9.0
Agra,2026-08-28,35.4,34.9,16.0,0.4,0.7,1.9,10.8
Agra,2026-08-29,32.0,36.8,17.1,0.1,1.1,1.7,11.1
Agra,2026-08-30,33.3,35.9,17.5,0.1,1.1,1.4,10.7
Agra,2026-08-31,34.0,37.2,16.2,0.2,1.0,1.5,9.9
Ahmedabad,2025-01-01,29.3,23.8,23.6,0.0,0.8,1.3,21.2
Ahmedabad,2025-01-02,31.9,23.0,23.0,,1.2,1.2,19.8
Ahmedabad,2025-01-03,31.1,21.5,24.7,0.0,1.2,1.0,20.4
Ahmedabad,2025-01-04,29.2,20.7,25.4,0.0,1.5,1.1,22.1
Ahmedabad,2025-01-05,31.7,21.8,23.3,0.1,0.8,0.9,21.4
Ahmedabad,2025-01-06,31.0,22.2,24.6,0.0,1.3,0.7,20.1
Ahmedabad,2025-01-07,32.4,21.1,23.6,,1.1,1.2,20.6
Ahmedabad,2025-01-08,32.5,22.2,22.1,0.1,0.7,1.1,21.2
Ahmedabad,2025-01-09,33.2,21.0,22.5,0.1,1.0,0.9,21.3
Ahmedabad,2025-01-10,32.3,21.5,22.8,0.1,1.2,1.3,20.9
Ahmedabad,2025-01-11,32.1,22.3,22.8,0.1,1.2,0.9,20.7
Ahmedabad,2025-01-12,32.0,20.5,24.0,0.2,1.2,1.2,21.0
Ahmedabad,2025-01-13,33.1,21.8,24.0,0.1,0.9,1.3,18.7
Ahmedabad,2025-01-14,32.7,22.6,22.4,0.1,1.0,1.5,19.8
Ahmedabad,2025-01-15,32.1,23.2,22.8,0.2,1.2,1.0,19.5
Ahmedabad,2025-01-16,32.5,22.8,23.0,0.1,1.3,1.0,19.2
Ahmedabad,2025-01-17,32.5,23.4,22.4,0.2,1.2,1.1,19.3
Ahmedabad,2025-01-18,34.6,22.8,22.5,,1.0,1.0,18.1
Ahmedabad,2025-01-19,31.3,23.5,24.0,0.2,0.9,1.2,18.8
Ahmedabad,2025-01-20,32.1,23.1,22.6,0.2,1.0,1.5,19.7
Ahmedabad,2025-01-21,30.9,24.2,23.5,0.1,1.1,1.1,19.1
Ahmedabad,2025-01-22,32.5,24.3,22.4,0.1,0.8,1.4,18.6
Ahmedabad,2025-01-23,31.3,23.5,23.9,0.0,1.1,1.2,19.0
Ahmedabad,2025-01-24,29.5,24.1,24.4,0.1,1.1,1.1,19.7
Ahmedabad,2025-01-25,30.0,23.6,23.0,0.1,1.2,0.9,21.1
Ahmedabad,2025-01-26,31.8,23.7,23.1,0.1,0.6,0.9,19.9
Ahmedabad,2025-01-27,31.6,22.8,23.3,0.0,1.2,1.1,20.0
Ahmedabad,2025-01-28,28.2,22.2,28.4,0.1,0.8,1.0,19.4
Ahmedabad,2025-01-29,31.0,20.9,25.9,0.1,0.8,0.9,20.4
Ahmedabad,2025-01-30,30.3,22.5,24.1,0.1,0.9,1.2,20.9
Ahmedabad,2025-01-31,32.0,21.8,22.8,0.1,0.9,1.3,21.2
Ahmedabad,2025-02-01,32.1,23.2,23.1,0.0,0.8,1.1,19.7
Ahmedabad,2025-02-02,32.6,22.5,22.6,0.1,1.0,1.2,20.0
Ahmedabad,2025-02-03,32.1,23.6,21.5,0.0,0.8,1.3,20.5
Ahmedabad,2025-02-04,31.6,23.0,23.5,0.1,0.8,1.3,19.7
Ahmedabad,2025-02-05,31.5,21.8,24.9,,0.9,1.1,19.8
Ahmedabad,2025-02-06,31.4,22.9,23.8,0.0,1.1,0.9,20.0
Ahmedabad,2025-02-07,31.1,22.2,24.9,0.1,0.8,1.0,19.9
Ahmedabad,2025-02-08,32.2,22.9,22.3,0.1,1.1,1.3,20.1
Ahmedabad,2025-02-09,29.8,21.7,25.6,0.1,1.0,1.4,20.5
Ahmedabad,2025-02-10,31.7,21.8,25.2,0.1,0.9,1.1,19.1
Ahmedabad,2025-02-11,31.3,22.6,24.5,0.1,0.9,1.0,19.6
Ahmedabad,2025-02-12,30.7,22.8,23.3,0.1,1.1,1.2,20.9
Ahmedabad,2025-02-13,31.0,23.0,24.2,0.1,0.7,1.0,20.0
Ahmedabad,2025-02-14,32.3,23.4,22.7,0.1,0.7,1.0,19.9
Ahmedabad,2025-02-15,31.2,24.0,23.0,0.1,0.9,1.3,19.5
Ahmedabad,2025-02-16,31.3,22.2,25.1,0.1,0.8,0.9,19.5
Ahmedabad,2025-02-17,30.4,22.0,25.4,0.1,1.1,0.9,20.1
Ahmedabad,2025-02-18,30.7,21.1,26.1,0.1,0.9,1.3,19.8
Ahmedabad,2025-02-19,32.1,20.7,24.8,0.1,0.8,1.0,20.5
Ahmedabad,2025-02-20,31.3,23.8,25.0,0.2,0.7,1.0,18.1
Ahmedabad,2025-02-21,31.7,21.5,24.6,0.0,0.6,1.3,20.3
Ahmedabad,2025-02-22,31.4,22.6,23.9,0.2,1.1,1.5,19.3
Ahmedabad,2025-02-23,31.7,22.7,24.8,0.1,0.9,1.2,18.6
Ahmedabad,2025-02-24,29.4,23.0,25.5,0.1,0.8,1.1,20.1
Ahmedabad,2025-02-25,30.2,22.2,25.4,0.0,0.7,1.5,20.1
Ahmedabad,2025-02-26,30.8,22.5,24.2,0.1,0.9,1.1,20.4
Ahmedabad,2025-02-27,29.0,23.7,25.7,,0.7,1.1,19.8
Ahmedabad,2025-02-28,31.5,20.1,26.2,0.0,0.6,1.0,20.6
Ahmedabad,2025-03-01,30.6,21.8,25.3,0.0,0.9,1.0,20.4
Ahmedabad,2025-03-02,30.3,21.6,25.9,0.0,0.7,1.0,20.5
Ahmedabad,2025-03-03,29.2,22.8,25.6,0.1,0.9,1.0,20.5
Ahmedabad,2025-03-04,30.5,21.0,25.2,,0.7,1.1,21.5
Ahmedabad,2025-03-05,29.2,21.4,26.6,,0.8,1.1,20.9
Ahmedabad,2025-03-06,30.1,21.7,25.4,0.0,0.7,1.1,21.0
Ahmedabad,2025-03-07,31.2,20.8,24.9,0.1,0.9,0.8,21.3
Ahmedabad,2025-03-08,29.2,21.2,25.2,0.1,0.9,1.4,22.0
Ahmedabad,2025-03-09,30.4,22.6,24.4,0.0,0.9,0.9,20.7
Ahmedabad,2025-03-10,27.7,20.4,27.9,0.1,1.0,1.1,21.9
Ahmedabad,2025-03-11,30.2,21.6,25.1,0.1,0.7,0.8,21.5
Ahmedabad,2025-03-12,31.6,19.9,24.5,0.1,0.7,0.6,22.5
Ahmedabad,2025-03-13,30.7,21.4,23.8,0.0,0.8,1.0,22.3
Ahmedabad,2025-03-14,31.2,21.2,23.3,0.0,1.1,1.4,21.7
Ahmedabad,2025-03-15,30.2,22.3,23.9,0.1,1.0,1.3,21.2
Ahmedabad,2025-03-16,29.5,22.9,23.8,0.1,0.9,0.7,22.1
Ahmedabad,2025-03-17,28.9,22.5,25.1,0.1,1.1,1.0,21.3
Ahmedabad,2025-03-18,30.9,22.4,23.4,0.1,0.7,1.0,21.4
Ahmedabad,2025-03-19,31.4,20.8,24.0,0.1,1.2,1.0,21.4
Ahmedabad,2025-03-20,29.2,23.4,23.4,0.1,0.9,1.0,22.1
Ahmedabad,2025-03-21,29.6,22.8,23.5,0.1,1.1,1.1,21.9
Ahmedabad,2025-03-22,32.1,21.5,22.8,0.1,1.1,1.1,21.2
Ahmedabad,2025-03-23,29.5,21.4,23.7,0.1,1.2,1.1,23.0
Ahmedabad,2025-03-24,31.4,21.9,22.3,0.1,1.2,0.7,22.5
Ahmedabad,2025-03-25,29.3,23.0,24.6,0.0,0.8,0.9,21.4
Ahmedabad,2025-03-26,32.1,22.3,22.9,0.1,0.9,1.1,20.5
Ahmedabad,2025-03-27,28.6,22.2,25.3,0.1,1.1,1.2,21.6
Ahmedabad,2025-03-28,30.9,21.7,24.3,0.1,0.9,1.0,21.2
Ahmedabad,2025-03-29,30.0,21.0,24.3,0.1,0.7,1.1,22.8
Ahmedabad,2025-03-30,31.6,22.3,23.5,0.1,0.9,1.6,19.9
Ahmedabad,2025-03-31,30.4,23.7,22.3,0.0,0.8,1.0,21.7
Ahmedabad,2025-04-01,30.5,21.8,24.7,0.1,0.8,0.9,21.2
Ahmedabad,2025-04-02,31.9,21.7,23.7,0.1,0.6,0.9,21.2
Ahmedabad,2025-04-03,29.6,20.5,24.0,0.1,1.0,1.4,23.5
Ahmedabad,2025-04-04,31.2,21.9,24.6,0.1,0.7,0.8,20.7
Ahmedabad,2025-04-05,31.8,20.6,23.8,0.1,1.3,0.9,21.5
Ahmedabad,2025-04-06,31.8,21.5,24.2,0.1,1.0,0.8,20.6
Ahmedabad,2025-04-07,30.4,22.1,25.0,0.1,1.0,1.1,20.4
Ahmedabad,2025-04-08,29.8,20.6,26.1,0.2,0.9,1.2,21.1
Ahmedabad,2025-04-09,29.3,21.8,25.2,0.1,0.7,1.0,22.0
Ahmedabad,2025-04-10,29.4,21.7,26.1,0.1,0.6,0.8,21.2
Ahmedabad,2025-04-11,32.4,21.1,25.0,0.1,0.6,0.7,20.2
Ahmedabad,2025-04-12,31.2,20.4,26.3,0.1,0.8,0.5,20.8
Ahmedabad,2025-04-13,29.6,23.5,24.3,0.0,0.8,0.9,20.9
Ahmedabad,2025-04-14,31.2,22.7,23.7,0.0,1.0,1.1,20.2
Ahmedabad,2025-04-15,31.8,22.1,23.7,0.1,0.7,1.0,20.6
Ahmedabad,2025-04-16,31.3,22.8,22.8,0.1,0.9,0.7,21.3
Ahmedabad,2025-04-17,32.0,21.1,23.0,0.1,1.0,1.1,21.8
Ahmedabad,2025-04-18,31.6,21.8,23.0,0.1,1.1,0.9,21.5
Ahmedabad,2025-04-19,30.5,21.0,24.6,0.1,1.1,1.1,21.8
Ahmedabad,2025-04-20,29.1,23.4,23.2,0.0,0.7,1.1,22.4
Ahmedabad,2025-04-21,30.4,21.0,23.5,0.0,1.1,1.2,22.6
Ahmedabad,2025-04-22,29.4,21.3,24.2,0.1,0.8,1.4,23.0
Ahmedabad,2025-04-23,30.0,20.9,25.1,0.1,1.1,1.0,21.8
Ahmedabad,2025-04-24,29.2,20.0,25.0,0.1,0.9,0.8,24.1
Ahmedabad,2025-04-25,27.7,20.5,24.1,0.1,0.8,0.9,25.8
Ahmedabad,2025-04-26,29.0,20.7,24.3,0.1,1.2,0.7,24.0
Ahmedabad,2025-04-27,28.2,20.8,23.7,0.1,0.8,1.0,25.3
Ahmedabad,2025-04-28,28.2,21.8,24.3,0.1,0.9,0.9,23.8
Ahmedabad,2025-04-29,28.7,20.6,25.2,0.2,0.6,1.1,23.7
Ahmedabad,2025-04-30,29.3,22.9,22.9,0.1,0.8,0.9,23.0
Ahmedabad,2025-05-01,29.3,20.8,24.8,0.1,0.8,0.9,23.3
Ahmedabad,2025-05-02,28.6,23.6,23.3,0.0,0.9,0.8,22.7
Ahmedabad,2025-05-03,28.3,19.7,25.1,0.0,0.9,1.0,25.0
Ahmedabad,2025-05-04,28.5,20.7,25.3,0.1,0.7,1.2,23.5
Ahmedabad,2025-05-05,27.9,22.0,25.5,0.1,1.3,0.8,22.4
Ahmedabad,2025-05-06,29.1,21.7,24.5,0.1,0.8,0.7,23.1
Ahmedabad,2025-05-07,28.6,22.5,24.7,,1.1,1.1,21.9
Ahmedabad,2025-05-08,28.6,21.3,25.5,0.1,0.6,1.1,22.9
Ahmedabad,2025-05-09,29.5,21.9,24.0,0.1,0.7,0.6,23.1
Ahmedabad,2025-05-10,29.9,20.6,24.9,0.1,0.6,1.2,22.7
Ahmedabad,2025-05-11,29.1,20.1,25.3,0.0,0.9,1.0,23.4
Ahmedabad,2025-05-12,28.3,20.7,26.1,0.1,0.7,1.1,23.1
Ahmedabad,2025-05-13,27.5,20.7,26.2,0.1,0.9,0.9,23.6
Ahmedabad,2025-05-14,28.0,21.0,25.9,0.0,0.9,1.0,23.2
Ahmedabad,2025-05-15,27.8,22.1,25.5,0.2,1.2,1.2,22.0
Ahmedabad,2025-05-16,28.8,21.0,24.9,0.0,0.9,1.0,23.3
Ahmedabad,2025-05-17,28.3,20.6,24.7,0.1,1.1,1.1,24.2
Ahmedabad,2025-05-18,27.5,20.7,24.7,0.1,1.1,0.7,25.3
Ahmedabad,2025-05-19,29.2,20.0,25.8,0.1,0.8,0.8,23.3
Ahmedabad,2025-05-20,30.2,21.1,25.9,0.1,0.8,0.7,21.1
Ahmedabad,2025-05-21,29.9,21.7,24.4,0.0,0.8,0.9,22.2
Ahmedabad,2025-05-22,31.5,22.1,23.6,0.1,0.7,1.1,21.1
Ahmedabad,2025-05-23,30.0,23.0,22.1,0.2,0.9,1.0,22.8
Ahmedabad,2025-05-24,30.6,22.1,23.4,0.1,1.1,0.7,21.9
Ahmedabad,2025-05-25,28.0,22.1,24.5,0.1,0.9,0.8,23.5
Ahmedabad,2025-05-26,30.4,21.4,24.7,0.2,1.0,0.8,21.5
Ahmedabad,2025-05-27,27.7,21.9,25.7,0.0,0.8,0.7,23.1
Ahmedabad,2025-05-28,29.5,20.5,23.9,0.1,1.1,1.3,23.6
Ahmedabad,2025-05-29,28.3,20.7,25.1,0.0,0.7,1.0,24.1
Ahmedabad,2025-05-30,27.5,19.6,24.5,0.1,0.8,0.5,27.0
Ahmedabad,2025-05-31,28.6,19.8,25.0,0.1,0.7,1.1,24.6
Ahmedabad,2025-06-01,27.5,21.3,24.3,0.2,0.7,0.9,25.1
Ahmedabad,2025-06-02,29.8,20.9,24.7,0.1,0.9,0.9,22.6
Ahmedabad,2025-06-03,27.2,20.6,21.5,0.0,0.7,0.8,29.2
Ahmedabad,2025-06-04,29.0,21.2,24.7,0.1,0.7,1.1,23.2
Ahmedabad,2025-06-05,29.1,21.1,24.2,0.1,0.8,1.0,23.6
Ahmedabad,2025-06-06,28.4,22.6,23.4,0.1,0.8,1.0,23.7
Ahmedabad,2025-06-07,29.0,21.1,23.7,0.1,1.0,1.1,24.1
Ahmedabad,2025-06-08,28.4,21.3,25.6,0.2,1.0,1.0,22.5
Ahmedabad,2025-06-09,27.7,21.3,27.0,0.2,1.0,0.6,22.2
Ahmedabad,2025-06-10,26.6,22.0,27.2,0.1,0.8,0.9,22.5
Ahmedabad,2025-06-11,26.7,21.4,26.6,0.1,0.9,1.1,23.1
Ahmedabad,2025-06-12,26.9,21.8,26.8,0.1,0.7,0.8,22.9
Ahmedabad,2025-06-13,28.2,21.6,25.5,0.0,1.1,0.7,22.9
Ahmedabad,2025-06-14,28.0,21.1,24.2,0.1,1.2,1.0,24.4
Ahmedabad,2025-06-15,27.9,19.8,26.9,0.1,1.0,0.9,23.4
Ahmedabad,2025-06-16,27.8,21.1,25.4,0.1,0.8,0.9,24.0
Ahmedabad,2025-06-17,26.6,19.9,25.5,0.1,0.8,1.1,26.1
Ahmedabad,2025-06-18,28.7,20.9,25.7,0.0,1.0,0.8,22.9
Ahmedabad,2025-06-19,26.5,22.2,26.6,0.0,0.7,0.9,23.1
Ahmedabad,2025-06-20,27.5,21.8,24.8,0.1,1.1,1.2,23.6
Ahmedabad,2025-06-21,28.9,21.7,24.5,0.2,1.4,0.9,22.5
Ahmedabad,2025-06-22,27.7,21.8,25.3,0.1,1.0,0.7,23.4
Ahmedabad,2025-06-23,29.7,21.4,25.8,0.1,0.8,0.7,21.6
Ahmedabad,2025-06-24,29.2,20.3,24.9,0.1,1.0,1.1,23.4
Ahmedabad,2025-06-25,29.5,20.8,24.4,0.2,1.3,1.0,22.9
Ahmedabad,2025-06-26,26.6,22.5,24.2,0.0,1.2,1.1,24.3
Ahmedabad,2025-06-27,28.6,22.9,23.9,0.1,1.1,0.9,22.6
Ahmedabad,2025-06-28,28.4,22.5,24.5,0.1,1.1,1.0,22.4
Ahmedabad,2025-06-29,28.0,21.0,24.9,0.1,1.1,1.1,23.7
Ahmedabad,2025-06-30,28.4,22.3,24.7,0.1,0.9,1.0,22.6
Ahmedabad,2025-07-01,30.0,21.2,25.0,0.2,0.9,0.9,21.8
Ahmedabad,2025-07-02,28.0,20.4,26.8,0.0,0.7,0.9,23.1
Ahmedabad,2025-07-03,29.0,21.6,25.3,0.1,0.8,0.8,22.4
Ahmedabad,2025-07-04,29.8,21.5,25.3,0.1,0.6,0.9,21.8
Ahmedabad,2025-07-05,27.9,21.1,26.8,0.2,0.7,1.1,22.2
Ahmedabad,2025-07-06,28.6,21.9,26.6,0.1,0.9,0.8,21.1
Ahmedabad,2025-07-07,30.1,19.1,27.2,0.1,0.9,0.9,21.8
Ahmedabad,2025-07-08,29.6,20.5,26.4,0.1,0.9,0.9,21.6
Ahmedabad,2025-07-09,31.7,20.0,24.0,0.0,1.0,0.9,22.4
Ahmedabad,2025-07-10,30.0,21.5,25.0,0.0,1.0,0.9,21.7
Ahmedabad,2025-07-11,29.2,19.4,27.2,0.1,1.1,1.0,22.1
Ahmedabad,2025-07-12,28.8,21.3,25.1,0.1,0.8,0.8,23.1
Ahmedabad,2025-07-13,29.8,20.4,25.0,0.1,1.2,0.6,22.9
Ahmedabad,2025-07-14,29.4,22.4,24.5,0.2,1.0,0.8,21.8
Ahmedabad,2025-07-15,30.3,21.8,25.1,0.1,0.5,1.0,21.2
Ahmedabad,2025-07-16,30.1,21.7,25.0,0.1,0.7,0.9,21.4
Ahmedabad,2025-07-17,30.2,21.4,25.2,0.1,0.8,0.8,21.6
Ahmedabad,2025-07-18,29.5,21.5,25.8,0.1,0.9,1.0,21.3
Ahmedabad,2025-07-19,29.7,20.7,25.6,0.1,0.9,1.0,22.0
Ahmedabad,2025-07-20,29.4,22.3,25.4,0.1,0.9,0.8,21.1
Ahmedabad,2025-07-21,29.3,21.8,24.9,0.0,0.9,1.1,22.0
Ahmedabad,2025-07-22,28.8,21.5,25.6,0.1,1.0,0.8,22.2
Ahmedabad,2025-07-23,31.1,22.2,23.9,0.1,0.7,0.7,21.4
Ahmedabad,2025-07-24,31.0,21.6,24.5,0.0,0.7,0.5,21.7
Ahmedabad,2025-07-25,28.5,22.6,25.0,0.1,0.7,0.9,22.2
Ahmedabad,2025-07-26,29.0,22.0,23.7,0.1,1.3,1.7,22.2
Ahmedabad,2025-07-27,29.6,23.0,23.7,0.1,1.0,1.3,21.3
Ahmedabad,2025-07-28,28.3,23.2,24.7,0.1,1.0,1.1,21.8
Ahmedabad,2025-07-29,29.1,22.4,24.9,0.0,1.2,0.8,21.6
Ahmedabad,2025-07-30,29.1,21.8,25.4,0.1,0.9,1.0,21.8
Ahmedabad,2025-07-31,29.3,21.9,25.7,0.1,0.7,0.9,21.3
Ahmedabad,2025-08-01,30.1,22.9,24.4,0.1,0.7,0.7,21.1
Ahmedabad,2025-08-02,30.2,22.1,25.6,0.1,0.7,0.7,20.8
Ahmedabad,2025-08-03,32.0,20.9,24.4,0.1,0.8,1.1,20.7
Ahmedabad,2025-08-04,32.3,20.1,24.0,0.1,0.8,0.9,21.9
Ahmedabad,2025-08-05,31.8,21.5,24.1,0.1,0.5,1.0,21.0
Ahmedabad,2025-08-06,30.6,21.7,25.0,0.0,0.8,0.6,21.2
Ahmedabad,2025-08-07,31.5,23.1,23.8,0.0,0.9,1.2,19.5
Ahmedabad,2025-08-08,35.2,21.0,22.6,0.0,0.8,1.0,19.4
Ahmedabad,2025-08-09,31.9,24.0,22.8,0.1,1.0,0.8,19.4
Ahmedabad,2025-08-10,30.1,23.8,24.4,0.1,1.0,1.0,19.7
Ahmedabad,2025-08-11,30.4,21.3,25.9,0.1,0.9,0.9,20.6
Ahmedabad,2025-08-12,31.2,23.4,23.3,0.1,1.1,1.1,19.8
Ahmedabad,2025-08-13,31.1,23.3,23.8,0.1,1.2,0.7,19.9
Ahmedabad,2025-08-14,31.5,22.4,23.8,,0.9,0.8,20.6
Ahmedabad,2025-08-15,32.6,23.6,21.9,0.0,1.0,0.9,20.0
Ahmedabad,2025-08-16,33.8,23.8,21.3,0.1,0.9,1.0,19.1
Ahmedabad,2025-08-17,32.1,23.6,23.8,0.0,0.9,0.9,18.6
Ahmedabad,2025-08-18,31.8,22.5,23.5,0.0,0.8,0.9,20.6
Ahmedabad,2025-08-19,31.0,21.7,22.7,0.1,1.0,1.3,22.1
Ahmedabad,2025-08-20,30.9,22.6,24.5,0.0,0.8,0.8,20.4
Ahmedabad,2025-08-21,29.9,23.5,24.7,0.0,0.8,1.1,20.0
Ahmedabad,2025-08-22,30.1,23.1,25.2,0.1,1.1,0.9,19.6
Ahmedabad,2025-08-23,30.3,23.1,24.1,0.0,1.1,0.7,20.7
Ahmedabad,2025-08-24,29.6,23.4,23.6,0.1,1.2,1.1,21.0
Ahmedabad,2025-08-25,30.3,21.2,25.7,0.1,1.2,1.0,20.5
Ahmedabad,2025-08-26,31.7,23.6,23.8,0.0,0.8,0.6,19.4
Ahmedabad,2025-08-27,29.6,24.7,24.3,0.1,0.7,0.7,19.9
Ahmedabad,2025-08-28,30.8,22.8,23.8,0.1,1.1,0.7,20.7
Ahmedabad,2025-08-29,30.6,22.9,24.9,0.0,0.9,0.8,19.9
Ahmedabad,2025-08-30,30.0,23.6,24.0,,1.1,0.9,20.4
Ahmedabad,2025-08-31,29.9,22.3,24.8,0.0,0.8,0.9,21.3
Ahmedabad,2025-09-01,29.9,23.4,24.7,0.1,0.8,0.6,20.5
Ahmedabad,2025-09-02,30.8,21.5,25.3,0.1,0.7,0.5,21.1
Ahmedabad,2025-09-03,39.6,27.7,17.0,0.0,0.5,0.6,14.6
Ahmedabad,2025-09-04,39.5,27.7,16.9,0.1,0.6,0.7,14.6
Ahmedabad,2025-09-05,36.6,27.2,18.1,0.0,0.6,0.7,16.7
Ahmedabad,2025-09-06,36.3,28.0,18.4,0.1,0.6,0.6,16.0
Ahmedabad,2025-09-07,37.1,27.9,18.4,0.0,0.8,0.8,15.1
Ahmedabad,2025-09-08,35.7,27.2,19.6,0.0,0.5,0.6,16.4
Ahmedabad,2025-09-09,36.2,25.6,19.8,0.0,1.0,0.6,16.9
Ahmedabad,2025-09-10,35.3,25.3,21.1,0.0,0.5,0.6,17.1
Ahmedabad,2025-09-11,33.0,26.2,21.4,0.0,0.6,0.7,18.0
Ahmedabad,2025-09-12,34.0,25.7,21.0,,0.7,0.7,17.8
Ahmedabad,2025-09-13,33.6,24.9,21.4,0.0,0.6,0.8,18.7
Ahmedabad,2025-09-14,30.6,24.8,20.3,0.0,0.7,0.7,22.9
Ahmedabad,2025-09-15,34.5,25.4,20.5,0.0,0.8,0.7,18.2
Ahmedabad,2025-09-16,33.5,26.7,20.5,0.1,0.8,0.7,17.7
Ahmedabad,2025-09-17,33.5,25.1,21.3,0.1,0.8,0.7,18.4
Ahmedabad,2025-09-18,34.3,25.0,21.0,,0.7,0.6,18.3
Ahmedabad,2025-09-19,33.8,25.2,20.6,0.1,0.6,0.8,18.9
Ahmedabad,2025-09-20,33.9,27.0,20.1,0.0,0.7,0.7,17.7
Ahmedabad,2025-09-21,36.7,26.2,17.3,0.0,0.7,0.5,18.7
Ahmedabad,2025-09-22,38.4,29.1,17.0,0.0,0.5,0.4,14.5
Ahmedabad,2025-09-23,37.6,28.3,17.9,0.0,0.8,0.5,14.9
Ahmedabad,2025-09-24,35.9,27.9,18.6,0.0,0.6,0.5,16.5
Ahmedabad,2025-09-25,35.4,28.1,19.6,0.1,0.7,0.5,15.8
Ahmedabad,2025-09-26,35.4,28.5,17.6,0.1,0.7,0.6,17.1
Ahmedabad,2025-09-27,33.9,27.3,19.5,0.0,0.8,0.4,18.0
Ahmedabad,2025-09-28,32.0,25.9,18.4,0.0,1.1,0.6,22.1
Ahmedabad,2025-09-29,33.3,26.7,21.7,,0.9,0.4,17.0
Ahmedabad,2025-09-30,33.5,26.7,21.3,0.1,0.7,0.5,17.3
Ahmedabad,2025-10-01,34.3,26.3,20.8,0.0,0.8,0.5,17.3
Ahmedabad,2025-10-02,34.7,26.1,21.3,0.0,0.7,0.6,16.6
Ahmedabad,2025-10-03,34.0,26.9,20.4,0.0,0.8,0.7,17.1
Ahmedabad,2025-10-04,33.5,26.7,21.3,0.0,0.8,0.6,17.0
Ahmedabad,2025-10-05,32.6,26.2,23.4,0.0,0.8,0.7,16.2
Ahmedabad,2025-10-06,34.4,25.4,21.7,0.1,0.6,0.7,17.1
Ahmedabad,2025-10-07,34.5,26.4,21.4,0.0,0.7,0.6,16.2
Ahmedabad,2025-10-08,33.6,25.7,22.2,0.1,0.9,0.5,17.0
Ahmedabad,2025-10-09,34.8,25.3,21.6,0.0,1.0,0.7,16.7
Ahmedabad,2025-10-10,34.9,25.2,21.4,0.1,0.8,0.6,17.0
Ahmedabad,2025-10-11,32.8,25.7,21.7,0.0,0.6,0.6,18.5
Ahmedabad,2025-10-12,33.1,24.2,23.3,0.0,0.9,0.5,17.9
Ahmedabad,2025-10-13,33.0,24.8,21.7,0.1,0.9,0.7,18.9
Ahmedabad,2025-10-14,32.5,25.5,22.8,,0.5,0.5,18.2
Ahmedabad,2025-10-15,33.2,26.4,22.2,0.0,0.5,0.4,17.3
Ahmedabad,2025-10-16,32.4,25.0,23.3,0.1,0.7,0.5,18.1
Ahmedabad,2025-10-17,34.3,24.6,21.6,0.1,0.5,0.5,18.2
Ahmedabad,2025-10-18,35.0,26.0,20.4,,0.5,0.4,17.7
Ahmedabad,2025-10-19,35.2,27.0,20.0,0.1,0.8,0.5,16.4
Ahmedabad,2025-10-20,33.7,26.0,20.9,,0.9,0.7,17.8
Ahmedabad,2025-10-21,34.8,24.2,22.1,0.0,0.6,0.6,17.7
Ahmedabad,2025-10-22,34.7,25.3,21.6,0.2,0.6,0.6,17.0
Ahmedabad,2025-10-23,31.5,25.8,23.9,0.0,0.7,0.6,17.5
Ahmedabad,2025-10-24,33.9,25.7,21.9,0.1,0.6,1.0,16.7
Ahmedabad,2025-10-25,33.3,25.5,22.0,0.0,0.7,0.7,17.7
Ahmedabad,2025-10-26,33.7,26.9,21.4,0.0,0.6,0.6,16.9
Ahmedabad,2025-10-27,31.5,26.0,22.8,0.0,0.9,0.5,18.3
Ahmedabad,2025-10-28,30.8,26.8,23.6,0.0,0.7,0.6,17.6
Ahmedabad,2025-10-29,31.4,25.9,24.0,0.0,1.0,0.7,17.0
Ahmedabad,2025-10-30,31.4,23.2,24.8,0.0,0.8,0.8,19.0
Ahmedabad,2025-10-31,33.0,24.6,21.7,0.0,0.6,0.6,19.5
Ahmedabad,2025-11-01,33.1,25.1,23.1,0.1,0.8,0.7,17.2
Ahmedabad,2025-11-02,33.4,24.2,23.4,0.0,0.8,0.6,17.5
Ahmedabad,2025-11-03,34.9,25.4,21.4,0.0,0.8,0.6,16.8
Ahmedabad,2025-11-04,37.7,30.0,17.9,0.0,0.4,0.5,13.5
Ahmedabad,2025-11-05,36.0,27.5,19.9,,0.5,0.4,15.6
Ahmedabad,2025-11-06,35.2,27.0,20.7,0.0,0.4,0.4,16.3
Ahmedabad,2025-11-07,33.4,26.5,21.7,0.1,0.4,0.5,17.4
Ahmedabad,2025-11-08,32.0,25.1,23.9,0.1,0.8,0.6,17.7
Ahmedabad,2025-11-09,32.9,26.3,22.4,0.0,1.2,0.8,16.3
Ahmedabad,2025-11-10,33.0,26.3,23.2,0.0,0.7,0.6,16.2
Ahmedabad,2025-11-11,31.7,27.1,22.6,0.1,0.6,0.8,17.1
Ahmedabad,2025-11-12,33.4,25.1,22.1,0.1,0.6,0.9,17.8
Ahmedabad,2025-11-13,33.3,26.0,22.3,0.1,0.7,0.8,16.9
Ahmedabad,2025-11-14,31.8,25.5,23.1,0.2,0.5,0.6,18.2
Ahmedabad,2025-11-15,34.5,25.9,22.1,0.0,0.8,0.5,16.2
Ahmedabad,2025-11-16,33.1,25.6,22.6,0.0,0.5,0.6,17.5
Ahmedabad,2025-11-17,32.1,26.0,22.7,0.1,0.8,0.8,17.6
Ahmedabad,2025-11-18,30.5,24.5,24.6,0.1,0.8,0.8,18.7
Ahmedabad,2025-11-19,30.1,24.3,25.2,0.1,0.7,0.7,19.0
Ahmedabad,2025-11-20,31.9,25.4,22.9,0.0,0.7,0.7,18.4
Ahmedabad,2025-11-21,31.8,23.8,25.0,0.0,0.7,0.6,18.0
Ahmedabad,2025-11-22,31.3,25.2,24.6,0.0,0.6,0.7,17.5
Ahmedabad,2025-11-23,31.1,25.2,23.9,0.0,0.6,0.7,18.4
Ahmedabad,2025-11-24,32.3,25.1,23.7,0.1,0.6,0.9,17.2
Ahmedabad,2025-11-25,42.9,31.5,14.2,,0.2,0.3,10.9
Ahmedabad,2025-11-26,38.1,29.4,18.0,0.0,0.5,0.6,13.3
Ahmedabad,2025-11-27,35.3,27.7,20.8,,0.7,0.5,15.1
Ahmedabad,2025-11-28,34.7,26.9,21.7,0.0,0.5,0.5,15.7
Ahmedabad,2025-11-29,33.0,26.4,22.9,0.0,0.4,0.7,16.5
Ahmedabad,2025-11-30,32.9,24.8,23.9,0.1,0.7,0.8,16.9
Ahmedabad,2025-12-01,31.4,25.2,24.4,,0.7,0.8,17.6
Ahmedabad,2025-12-02,32.0,25.9,24.6,0.1,0.8,0.5,16.2
Ahmedabad,2025-12-03,33.7,25.0,23.5,0.0,0.7,0.6,16.4
Ahmedabad,2025-12-04,33.8,25.4,23.0,0.1,0.9,0.7,16.1
Ahmedabad,2025-12-05,31.2,24.4,25.7,0.0,0.7,0.5,17.5
Ahmedabad,2025-12-06,34.5,25.5,22.4,0.1,0.6,0.7,16.2
Ahmedabad,2025-12-07,32.9,25.8,23.2,,0.9,0.6,16.7
Ahmedabad,2025-12-08,31.1,26.5,22.7,0.0,1.1,0.6,17.9
Ahmedabad,2025-12-09,32.3,23.4,24.3,0.0,0.9,0.8,18.2
Ahmedabad,2025-12-10,34.5,26.1,22.1,0.1,0.5,0.7,16.1
Ahmedabad,2025-12-11,33.5,25.5,23.1,0.1,0.7,0.6,16.5
Ahmedabad,2025-12-12,33.5,25.1,22.5,0.0,0.8,0.4,17.7
Ahmedabad,2025-12-13,33.5,24.5,24.2,0.0,0.9,0.5,16.4
Ahmedabad,2025-12-14,32.1,26.2,21.9,0.1,0.6,0.5,18.5
Ahmedabad,2025-12-15,33.9,26.8,22.6,0.1,0.7,0.5,15.5
Ahmedabad,2025-12-16,31.3,25.1,24.6,0.1,0.9,0.6,17.4
Ahmedabad,2025-12-17,30.7,26.6,24.1,0.1,0.5,0.6,17.3
Ahmedabad,2025-12-18,31.6,26.9,24.2,0.0,0.6,0.6,16.1
Ahmedabad,2025-12-19,31.7,25.2,23.8,0.1,0.8,0.7,17.7
Ahmedabad,2025-12-20,30.8,24.6,24.6,0.0,0.8,0.8,18.4
Ahmedabad,2025-12-21,30.5,25.7,23.1,0.0,0.7,0.6,19.4
Ahmedabad,2025-12-22,30.8,24.4,25.7,,0.8,0.5,17.9
Ahmedabad,2025-12-23,30.0,25.4,25.8,0.1,0.6,0.6,17.5
Ahmedabad,2025-12-24,31.3,25.2,25.1,0.0,0.8,0.6,17.0
Ahmedabad,2025-12-25,31.7,23.1,24.5,0.1,0.7,0.8,19.0
Ahmedabad,2025-12-26,30.2,23.9,25.5,0.1,0.7,1.0,18.7
Ahmedabad,2025-12-27,30.4,25.2,25.3,,0.8,0.8,17.6
Ahmedabad,2025-12-28,29.3,24.4,26.1,0.1,0.5,0.8,18.9
Ahmedabad,2025-12-29,29.7,23.2,27.3,0.0,0.6,0.8,18.4
Ahmedabad,2025-12-30,29.3,24.2,26.6,0.1,0.5,0.9,18.4
Ahmedabad,2025-12-31,27.5,22.8,28.9,0.1,0.6,0.8,19.3
Ahmedabad,2026-01-01,29.2,25.3,25.9,0.1,0.6,0.5,18.4
Ahmedabad,2026-01-02,31.6,25.0,24.4,0.1,0.7,0.9,17.3
Ahmedabad,2026-01-03,29.1,23.0,26.7,0.1,0.9,0.8,19.4
Ahmedabad,2026-01-04,30.6,25.0,25.3,0.1,0.5,0.7,17.8
Ahmedabad,2026-01-05,33.2,25.6,23.5,,0.6,0.6,16.4
Ahmedabad,2026-01-06,32.4,26.8,24.5,0.1,0.4,0.7,15.1
Ahmedabad,2026-01-07,32.8,24.8,24.5,0.0,0.6,0.5,16.8
Ahmedabad,2026-01-08,31.3,25.6,25.2,0.0,0.5,0.7,16.7
Ahmedabad,2026-01-09,30.9,25.4,23.5,,0.8,0.9,18.5
Ahmedabad,2026-01-10,30.3,23.3,25.3,0.0,0.5,0.6,19.9
Ahmedabad,2026-01-11,29.3,25.6,25.1,0.0,0.7,0.4,18.9
Ahmedabad,2026-01-12,31.0,23.6,25.9,0.0,0.5,0.6,18.3
Ahmedabad,2026-01-13,37.3,30.1,17.9,0.2,0.5,0.8,13.2
Ahmedabad,2026-01-14,35.5,27.5,20.5,0.0,0.4,0.7,15.4
Ahmedabad,2026-01-15,34.3,26.8,21.2,0.0,0.5,0.7,16.3
Ahmedabad,2026-01-16,31.8,26.5,23.3,0.1,0.8,0.5,17.1
Ahmedabad,2026-01-17,29.7,26.7,24.0,0.1,0.8,0.7,18.0
Ahmedabad,2026-01-18,31.1,25.5,24.3,0.1,0.7,0.6,17.6
Ahmedabad,2026-01-19,30.9,24.5,25.4,0.0,0.6,0.5,18.0
Ahmedabad,2026-01-20,33.4,27.5,22.5,0.0,0.6,0.5,15.4
Ahmedabad,2026-01-21,31.9,25.9,23.2,0.0,0.6,0.8,17.5
Ahmedabad,2026-01-22,31.6,25.3,23.7,0.1,0.7,0.7,17.9
Ahmedabad,2026-01-23,33.1,25.4,22.7,0.1,0.9,0.8,17.0
Ahmedabad,2026-01-24,31.5,23.9,23.5,0.1,0.8,0.6,19.7
Ahmedabad,2026-01-25,32.6,24.2,23.1,0.0,0.9,0.9,18.3
Ahmedabad,2026-01-26,34.1,25.7,21.7,0.1,0.9,0.5,17.0
Ahmedabad,2026-01-27,34.3,25.7,22.5,0.0,0.7,0.7,16.1
Ahmedabad,2026-01-28,32.4,25.2,23.4,0.0,0.7,0.7,17.6
Ahmedabad,2026-01-29,31.9,24.4,24.6,0.1,0.6,0.7,17.8
Ahmedabad,2026-01-30,30.8,24.8,24.3,0.1,0.7,0.7,18.6
Ahmedabad,2026-01-31,30.8,22.8,25.1,0.1,0.8,0.6,19.9
Ahmedabad,2026-02-01,29.7,25.0,25.7,0.0,0.6,0.8,18.0
Ahmedabad,2026-02-02,31.1,23.7,25.4,0.1,0.5,0.9,18.3
Ahmedabad,2026-02-03,30.9,24.4,25.7,0.0,0.6,0.5,17.8
Ahmedabad,2026-02-04,30.0,24.5,26.6,0.1,0.9,0.6,17.2
Ahmedabad,2026-02-05,30.6,26.1,24.2,0.0,0.6,0.7,17.7
Ahmedabad,2026-02-06,30.7,24.8,24.8,0.0,0.6,0.9,18.3
Ahmedabad,2026-02-07,33.2,23.5,24.9,0.0,0.5,0.7,17.2
Ahmedabad,2026-02-08,30.5,24.8,24.8,0.1,1.0,0.7,18.1
Ahmedabad,2026-02-09,30.4,23.5,27.0,0.1,0.5,0.7,17.8
Ahmedabad,2026-02-10,30.7,24.9,25.0,0.0,0.7,0.5,18.2
Ahmedabad,2026-02-11,31.2,23.1,24.8,,0.5,1.0,19.3
Ahmedabad,2026-02-12,31.2,24.7,24.5,0.1,0.4,0.7,18.5
Ahmedabad,2026-02-13,30.5,24.0,23.6,0.0,0.8,0.9,20.1
Ahmedabad,2026-02-14,31.0,24.0,24.3,,0.6,0.8,19.2
Ahmedabad,2026-02-15,29.8,23.4,22.4,0.1,0.9,0.4,22.9
Ahmedabad,2026-02-16,29.4,23.4,23.9,0.0,0.9,0.8,21.6
Ahmedabad,2026-02-17,33.2,25.3,23.0,0.1,0.6,0.6,17.2
Ahmedabad,2026-02-18,33.3,25.7,22.0,0.1,0.5,0.8,17.7
Ahmedabad,2026-02-19,30.6,24.5,23.7,0.1,0.6,1.0,19.5
Ahmedabad,2026-02-20,33.1,25.8,21.8,0.1,0.6,1.0,17.8
Ahmedabad,2026-02-21,31.7,26.1,23.7,0.1,0.5,0.8,17.2
Ahmedabad,2026-02-22,30.4,23.0,25.1,0.0,0.5,0.7,20.3
Ahmedabad,2026-02-23,30.8,24.7,24.8,0.0,0.5,0.5,18.7
Ahmedabad,2026-02-24,31.3,25.5,23.7,0.0,0.6,0.9,18.0
Ahmedabad,2026-02-25,30.1,25.5,25.5,0.1,0.6,0.5,17.7
Ahmedabad,2026-02-26,29.2,22.9,24.7,0.0,0.7,0.7,21.7
Ahmedabad,2026-02-27,28.8,23.6,26.0,,0.4,0.8,20.3
Ahmedabad,2026-02-28,30.5,21.6,26.1,0.0,0.7,1.0,20.1
Ahmedabad,2026-03-01,28.8,23.3,26.4,0.0,0.7,0.4,20.5
Ahmedabad,2026-03-02,30.4,24.2,25.4,0.0,0.4,0.7,18.8
Ahmedabad,2026-03-03,29.9,23.6,25.0,,0.5,0.7,20.3
Ahmedabad,2026-03-04,30.7,23.5,25.1,0.1,0.6,0.7,19.3
Ahmedabad,2026-03-05,28.0,22.7,27.0,,0.5,0.8,20.9
Ahmedabad,2026-03-06,28.0,23.3,27.2,0.1,0.3,0.8,20.3
Ahmedabad,2026-03-07,27.4,24.0,26.5,,0.9,0.8,20.4
Ahmedabad,2026-03-08,27.5,22.2,25.8,0.0,0.4,0.5,23.5
Ahmedabad,2026-03-09,28.2,24.2,25.5,0.1,0.7,0.5,20.8
Ahmedabad,2026-03-10,30.1,24.8,25.4,0.0,0.7,0.7,18.4
Ahmedabad,2026-03-11,29.3,22.9,26.7,0.1,0.5,0.9,19.7
Ahmedabad,2026-03-12,30.4,23.8,25.4,0.0,0.6,0.8,19.0
Ahmedabad,2026-03-13,30.2,22.9,25.2,0.0,0.4,0.6,20.8
Ahmedabad,2026-03-14,30.7,23.7,24.7,0.0,0.6,0.8,19.5
Ahmedabad,2026-03-15,29.2,23.0,25.6,0.0,0.8,0.4,20.9
Ahmedabad,2026-03-16,29.1,23.7,27.3,0.1,0.8,0.5,18.5
Ahmedabad,2026-03-17,31.0,25.7,24.7,0.0,0.4,0.7,17.4
Ahmedabad,2026-03-18,31.1,22.9,26.3,,0.8,0.7,18.2
Ahmedabad,2026-03-19,30.2,24.0,24.6,0.0,0.7,0.6,19.9
Ahmedabad,2026-03-20,30.5,24.5,25.5,0.1,0.6,1.0,17.8
Ahmedabad,2026-03-21,30.5,24.8,25.7,0.1,0.6,0.9,17.5
Ahmedabad,2026-03-22,29.9,23.8,25.9,0.0,0.7,0.6,19.1
Ahmedabad,2026-03-23,33.1,24.1,24.6,,0.5,0.6,17.1
Ahmedabad,2026-03-24,33.3,25.0,23.8,0.0,0.3,0.6,17.0
Ahmedabad,2026-03-25,31.9,23.1,25.6,0.0,0.7,0.5,18.1
Ahmedabad,2026-03-26,31.3,24.3,25.0,0.0,0.8,0.6,18.0
Ahmedabad,2026-03-27,29.9,25.0,26.1,0.1,0.6,0.3,17.9
Ahmedabad,2026-03-28,31.2,23.6,24.7,0.0,0.8,0.9,18.8
Ahmedabad,2026-03-29,30.9,23.8,26.1,0.0,0.5,0.9,17.7
Ahmedabad,2026-03-30,30.6,22.9,27.0,0.1,0.4,0.7,18.3
Ahmedabad,2026-03-31,29.4,24.9,26.2,0.1,0.7,0.7,17.9
Ahmedabad,2026-04-01,30.3,24.5,25.6,0.0,0.5,0.8,18.2
Ahmedabad,2026-04-02,31.3,24.3,25.7,0.1,0.6,0.3,17.7
Ahmedabad,2026-04-03,30.3,24.1,26.6,0.1,0.6,0.8,17.6
Ahmedabad,2026-04-04,28.5,23.0,28.1,0.0,0.6,0.8,19.0
Ahmedabad,2026-04-05,29.6,23.6,27.3,0.0,0.8,0.7,17.9
Ahmedabad,2026-04-06,30.0,22.9,27.0,0.1,0.6,0.6,18.8
Ahmedabad,2026-04-07,30.1,23.9,25.7,0.1,0.8,0.8,18.7
Ahmedabad,2026-04-08,30.2,22.6,27.0,0.0,0.5,0.8,18.9
Ahmedabad,2026-04-09,30.3,23.4,26.0,0.0,0.7,0.7,18.9
Ahmedabad,2026-04-10,31.9,21.4,26.2,0.1,0.5,0.8,19.1
Ahmedabad,2026-04-11,28.6,23.5,26.5,0.0,0.6,0.6,20.2
Ahmedabad,2026-04-12,30.3,22.0,26.8,0.0,0.5,0.7,19.7
Ahmedabad,2026-04-13,28.9,22.5,28.3,0.0,0.8,0.9,18.5
Ahmedabad,2026-04-14,30.2,23.2,27.0,,0.5,0.7,18.4
Ahmedabad,2026-04-15,29.8,22.6,26.2,0.1,0.7,0.7,20.0
Ahmedabad,2026-04-16,29.1,22.3,26.7,0.0,0.6,0.9,20.4
Ahmedabad,2026-04-17,30.4,22.9,26.1,0.0,0.6,0.5,19.4
Ahmedabad,2026-04-18,29.6,22.6,25.6,0.0,0.6,0.7,20.8
Ahmedabad,2026-04-19,30.1,23.8,25.3,0.0,0.7,0.5,19.6
Ahmedabad,2026-04-20,30.7,23.9,24.6,0.1,0.9,0.5,19.3
Ahmedabad,2026-04-21,31.9,23.0,26.5,0.0,0.9,0.7,16.9
Ahmedabad,2026-04-22,29.3,23.1,26.8,0.1,0.7,0.6,19.4
Ahmedabad,2026-04-23,29.8,22.6,27.0,0.0,0.8,0.6,19.1
Ahmedabad,2026-04-24,30.2,23.7,26.8,,0.7,0.8,17.8
Ahmedabad,2026-04-25,29.3,23.4,27.1,0.1,0.7,0.6,18.9
Ahmedabad,2026-04-26,28.5,22.6,28.2,0.1,0.8,0.9,18.9
Ahmedabad,2026-04-27,27.7,22.7,28.1,0.0,0.8,0.5,20.1
Ahmedabad,2026-04-28,28.2,21.8,28.7,0.0,0.8,0.6,19.7
Ahmedabad,2026-04-29,29.6,21.7,28.0,0.0,0.5,0.6,19.5
Ahmedabad,2026-04-30,27.5,23.2,28.0,0.0,0.6,0.8,19.9
Ahmedabad,2026-05-01,30.7,23.3,26.4,,0.5,0.9,18.2
Ahmedabad,2026-05-02,28.9,23.6,27.0,0.1,0.9,0.6,18.8
Ahmedabad,2026-05-03,29.4,22.6,27.8,0.0,0.8,0.8,18.6
Ahmedabad,2026-05-04,28.2,21.7,28.4,,0.7,0.8,20.2
Ahmedabad,2026-05-05,29.0,23.3,27.6,,0.5,0.7,18.8
Ahmedabad,2026-05-06,28.4,23.6,26.9,0.0,0.7,1.0,19.4
Ahmedabad,2026-05-07,27.4,23.2,28.8,,0.8,0.8,19.1
Ahmedabad,2026-05-08,30.7,23.6,25.3,0.1,0.5,1.1,18.7
Ahmedabad,2026-05-09,28.1,22.9,28.5,0.1,0.7,0.8,18.9
Ahmedabad,2026-05-10,27.6,23.2,28.1,,0.6,0.8,19.8
Ahmedabad,2026-05-11,28.2,23.5,27.9,,0.6,1.0,18.8
Ahmedabad,2026-05-12,29.1,24.0,27.1,0.1,0.7,0.8,18.1
Ahmedabad,2026-05-13,29.6,24.2,26.0,0.0,0.9,0.8,18.5
Ahmedabad,2026-05-14,30.4,23.2,26.8,,0.4,0.9,18.2
Ahmedabad,2026-05-15,30.7,24.8,25.5,0.0,0.9,0.7,17.3
Ahmedabad,2026-05-16,29.0,24.7,26.6,0.0,0.7,0.7,18.3
Ahmedabad,2026-05-17,29.1,23.2,27.5,,0.8,0.5,18.8
Ahmedabad,2026-05-18,28.4,23.2,28.4,0.0,0.8,0.7,18.4
Ahmedabad,2026-05-19,29.5,24.2,26.3,0.0,0.6,0.7,18.5
Ahmedabad,2026-05-20,28.6,23.7,27.5,0.0,0.6,0.6,18.9
Ahmedabad,2026-05-21,31.6,23.1,26.4,0.0,0.9,0.6,17.3
Ahmedabad,2026-05-22,32.6,24.6,25.2,0.0,0.6,0.5,16.4
Ahmedabad,2026-05-23,30.5,23.3,26.9,0.0,1.2,0.6,17.5
Ahmedabad,2026-05-24,29.8,23.9,26.9,0.0,0.9,0.7,17.9
Ahmedabad,2026-05-25,27.9,23.9,27.3,0.0,0.7,0.8,19.3
Ahmedabad,2026-05-26,28.7,23.5,27.8,0.0,0.9,0.7,18.4
Ahmedabad,2026-05-27,30.4,23.0,27.3,0.0,0.8,0.6,17.9
Ahmedabad,2026-05-28,35.9,26.5,20.4,0.1,0.5,0.6,16.0
Ahmedabad,2026-05-29,32.6,25.6,23.5,0.0,0.6,0.5,17.2
Ahmedabad,2026-05-30,30.7,24.3,26.2,0.0,0.8,0.5,17.5
Ahmedabad,2026-05-31,30.7,23.6,26.0,,0.9,0.6,18.2
Ahmedabad,2026-06-01,30.2,24.3,25.3,0.0,1.2,0.5,18.5
Ahmedabad,2026-06-02,30.9,24.0,26.8,0.0,0.7,0.5,17.1
Ahmedabad,2026-06-03,28.8,24.7,25.8,0.0,0.5,0.6,19.5
Ahmedabad,2026-06-04,29.8,23.6,26.9,0.1,0.7,0.7,18.1
Ahmedabad,2026-06-05,29.0,22.7,27.5,0.0,0.9,0.8,19.2
Ahmedabad,2026-06-06,28.6,23.2,27.7,0.0,0.7,0.7,19.0
Ahmedabad,2026-06-07,28.8,23.6,27.2,0.0,1.2,0.5,18.7
Ahmedabad,2026-06-08,29.1,23.9,25.9,0.0,0.9,0.6,19.5
Ahmedabad,2026-06-09,28.2,22.5,28.2,,0.7,1.3,19.1
Ahmedabad,2026-06-10,27.3,23.1,29.6,0.1,0.6,0.6,18.6
Ahmedabad,2026-06-11,30.9,22.5,26.4,0.1,0.5,0.6,19.0
Ahmedabad,2026-06-12,29.2,24.4,26.4,0.0,0.8,0.7,18.5
Ahmedabad,2026-06-13,30.0,22.3,25.7,0.1,0.8,0.9,20.2
Ahmedabad,2026-06-14,29.1,22.1,27.3,0.0,0.7,0.7,20.1
Ahmedabad,2026-06-15,28.6,22.9,27.8,0.0,0.5,0.5,19.6
Ahmedabad,2026-06-16,28.3,22.8,29.1,,0.7,0.7,18.5
Ahmedabad,2026-06-17,29.0,21.7,29.9,0.0,0.9,0.7,17.8
Ahmedabad,2026-06-18,28.8,22.0,28.0,,0.4,0.7,20.1
Ahmedabad,2026-06-19,29.5,22.3,28.0,0.0,0.6,0.4,19.2
Ahmedabad,2026-06-20,29.2,21.4,27.9,,0.9,0.6,20.0
Ahmedabad,2026-06-21,29.6,21.7,27.1,0.0,0.6,0.4,20.6
Ahmedabad,2026-06-22,27.4,23.4,28.6,0.0,0.8,0.8,19.0
Ahmedabad,2026-06-23,27.2,21.6,30.0,0.1,0.5,1.1,19.5
Ahmedabad,2026-06-24,28.0,22.0,28.3,0.1,0.8,0.6,20.3
Ahmedabad,2026-06-25,28.5,22.0,28.7,0.0,0.7,0.7,19.5
Ahmedabad,2026-06-26,27.2,21.9,27.7,,0.7,0.7,22.0
Ahmedabad,2026-06-27,28.7,23.1,25.3,0.0,0.9,0.8,21.2
Ahmedabad,2026-06-28,28.9,21.1,27.0,0.1,0.8,0.8,21.3
Ahmedabad,2026-06-29,28.25,22.61,27.26,0.02,0.55,0.63,20.67
Ahmedabad,2026-06-30,30.32,23.12,26.26,0.02,0.47,0.92,18.9
Ahmedabad,2026-07-01,31.02,21.19,25.98,,0.6,1.08,20.13
Ahmedabad,2026-07-02,30.08,21.45,27.44,0.09,0.57,0.94,19.43
Ahmedabad,2026-07-03,30.51,22.55,26.73,0.07,0.83,0.7,18.61
Ahmedabad,2026-07-04,27.82,22.03,27.82,0.02,1.05,0.5,20.76
Ahmedabad,2026-07-05,29.81,21.15,28.23,0.1,0.82,0.68,19.21
Ahmedabad,2026-07-06,27.91,22.33,28.52,0.09,0.74,0.92,19.48
Ahmedabad,2026-07-07,30.1,21.43,27.11,0.09,0.58,0.74,19.94
Ahmedabad,2026-07-08,29.03,23.06,26.72,0.02,0.57,0.8,19.8
Ahmedabad,2026-07-09,29.49,26.48,23.66,0.08,0.72,0.79,18.78
Ahmedabad,2026-07-10,30.23,24.47,24.97,0.04,0.68,0.68,18.93
Ahmedabad,2026-07-11,28.61,24.18,25.33,0.04,0.72,0.72,20.4
Ahmedabad,2026-07-12,27.87,25.89,25.56,,0.62,0.47,19.6
Ahmedabad,2026-07-13,28.03,24.91,27.33,0.07,0.59,0.7,18.37
Ahmedabad,2026-07-14,28.28,22.64,28.76,0.04,0.63,0.7,18.95
Ahmedabad,2026-07-15,28.1,22.81,27.56,0.07,0.72,0.72,20.02
Ahmedabad,2026-07-16,29.82,22.52,25.51,0.02,0.61,0.82,20.69
Ahmedabad,2026-07-17,30.71,21.02,25.15,0.07,0.65,0.89,21.52
Ahmedabad,2026-07-18,28.94,20.98,27.95,0.04,0.79,0.34,20.95
Ahmedabad,2026-07-19,27.84,22.32,27.92,,0.69,0.93,20.29
Ahmedabad,2026-07-20,28.21,21.54,27.74,0.09,0.66,0.54,21.23
Ahmedabad,2026-07-21,28.6,21.14,27.51,0.02,0.4,1.09,21.23
Ahmedabad,2026-07-22,29.04,20.49,28.24,0.07,0.69,0.4,21.06
Ahmedabad,2026-07-23,31.27,23.87,23.82,0.05,0.52,0.79,19.67
Ahmedabad,2026-07-24,36.82,26.67,20.06,0.13,0.58,0.47,15.26
Ahmedabad,2026-07-25,34.25,25.0,21.88,0.04,0.4,0.63,17.8
Ahmedabad,2026-07-26,32.43,22.99,23.43,,0.62,0.59,19.94
Ahmedabad,2026-07-27,31.63,24.74,23.33,0.02,0.7,0.55,19.03
Ahmedabad,2026-07-28,31.35,24.38,23.77,0.04,0.54,0.69,19.23
Ahmedabad,2026-07-29,32.15,24.49,22.63,0.04,0.66,0.78,19.25
Ahmedabad,2026-07-30,33.52,23.35,23.21,0.05,0.45,0.79,18.64
Ahmedabad,2026-07-31,30.68,22.34,24.6,,0.29,0.79,21.3
Ahmedabad,2026-08-01,30.2,23.9,24.33,,0.77,0.57,20.23
Ahmedabad,2026-08-02,29.39,23.81,25.92,0.08,0.81,0.83,19.16
Ahmedabad,2026-08-03,31.28,22.3,25.54,0.02,0.66,0.74,19.46
Ahmedabad,2026-08-04,30.27,22.89,25.76,0.04,0.7,0.51,19.82
Ahmedabad,2026-08-05,30.63,21.92,26.16,0.02,0.65,0.67,19.96
Ahmedabad,2026-08-06,32.17,24.92,22.88,0.04,0.64,0.56,18.8
Ahmedabad,2026-08-07,30.38,23.61,24.83,0.02,0.46,0.85,19.86
Ahmedabad,2026-08-08,29.65,22.76,25.58,0.06,0.79,0.49,20.68
Ahmedabad,2026-08-09,30.37,22.82,24.46,,0.52,0.76,21.07
Ahmedabad,2026-08-10,30.5,22.77,25.99,0.04,0.36,0.7,19.63
Ahmedabad,2026-08-11,30.45,21.98,25.7,0.09,0.52,0.73,20.52
Ahmedabad,2026-08-12,31.04,23.82,25.43,0.07,0.52,0.78,18.34
Ahmedabad,2026-08-13,31.67,22.98,25.09,,0.51,0.64,19.11
Ahmedabad,2026-08-14,31.45,23.71,25.19,0.04,0.65,0.65,18.31
Ahmedabad,2026-08-15,33.04,23.37,23.64,0.04,0.82,0.37,18.72
Ahmedabad,2026-08-16,31.72,23.44,23.2,0.02,0.67,0.63,20.33
Ahmedabad,2026-08-17,30.12,22.85,26.18,0.02,0.69,0.8,19.35
Ahmedabad,2026-08-18,30.46,23.63,26.46,0.04,0.75,0.62,18.03
Ahmedabad,2026-08-19,30.5,22.34,26.03,,1.02,0.3,19.81
Ahmedabad,2026-08-20,29.53,22.87,25.29,0.02,0.78,0.47,21.04
Ahmedabad,2026-08-21,31.16,22.98,23.56,0.07,0.42,0.4,21.4
Ahmedabad,2026-08-22,29.26,23.3,24.72,,0.51,0.83,21.39
Ahmedabad,2026-08-23,30.26,22.37,24.54,0.06,0.51,0.59,21.68
Ahmedabad,2026-08-24,30.03,23.1,24.47,0.17,0.6,0.64,20.99
Ahmedabad,2026-08-25,30.91,22.91,24.99,0.07,0.56,0.58,19.98
Ahmedabad,2026-08-26,34.8,22.49,22.27,0.04,0.82,0.64,18.94
Ahmedabad,2026-08-27,29.84,23.98,24.17,0.02,0.57,0.66,20.75
Ahmedabad,2026-08-28,31.74,23.45,24.31,0.04,0.53,0.45,19.47
Ahmedabad,2026-08-29,29.68,22.99,24.97,0.02,0.9,0.66,20.78
Ahmedabad,2026-08-30,28.44,21.83,27.13,0.06,0.44,0.62,21.48
Ahmedabad,2026-08-31,28.85,22.57,27.33,0.04,0.61,0.37,20.23
Bengaluru,2025-01-01,30.06,14.48,23.23,0.39,1.22,1.43,29.19
Bengaluru,2025-01-02,29.81,15.07,22.83,0.41,1.51,1.53,28.84
Bengaluru,2025-01-03,30.3,14.71,21.94,0.37,1.61,1.71,29.36
Bengaluru,2025-01-04,29.75,15.55,22.47,0.39,1.67,1.8,28.37
Bengaluru,2025-01-05,29.14,15.3,21.82,0.31,1.62,1.68,30.13
Bengaluru,2025-01-06,28.94,15.32,23.2,0.27,1.5,1.71,29.06
Bengaluru,2025-01-07,30.7,15.23,22.38,0.38,1.5,1.55,28.26
Bengaluru,2025-01-08,30.28,15.38,22.64,0.39,1.4,1.65,28.26
Bengaluru,2025-01-09,30.69,14.83,22.14,0.48,1.46,1.76,28.64
Bengaluru,2025-01-10,31.3,14.94,21.84,0.45,1.42,1.85,28.2
Bengaluru,2025-01-11,29.86,15.05,22.7,0.37,1.55,1.37,29.11
Bengaluru,2025-01-12,30.78,14.81,22.35,0.48,1.7,1.65,28.23
Bengaluru,2025-01-13,30.0,14.89,23.37,0.58,1.44,1.58,28.14
Bengaluru,2025-01-14,31.27,15.32,22.2,0.41,1.45,1.63,27.71
Bengaluru,2025-01-15,29.82,15.73,23.44,0.44,1.25,1.39,27.93
Bengaluru,2025-01-16,32.09,15.38,22.0,0.56,1.31,1.3,27.36
Bengaluru,2025-01-17,33.9,15.39,21.21,0.4,1.21,1.53,26.37
Bengaluru,2025-01-18,32.04,16.09,21.59,0.53,1.34,1.42,27.0
Bengaluru,2025-01-19,32.12,16.11,21.3,0.35,1.28,1.72,27.12
Bengaluru,2025-01-20,32.02,15.12,21.87,0.43,1.58,1.63,27.35
Bengaluru,2025-01-21,30.26,15.17,22.75,0.55,1.32,1.36,28.58
Bengaluru,2025-01-22,31.88,15.49,22.28,0.58,1.13,1.65,27.0
Bengaluru,2025-01-23,31.28,15.58,22.13,0.49,1.35,1.74,27.43
Bengaluru,2025-01-24,30.52,15.48,22.91,0.51,1.38,1.45,27.75
Bengaluru,2025-01-25,31.16,15.32,21.88,0.43,1.22,1.42,28.58
Bengaluru,2025-01-26,30.7,15.5,21.77,0.39,1.28,1.4,28.96
Bengaluru,2025-01-27,29.91,15.71,23.36,0.46,1.06,1.56,27.94
Bengaluru,2025-01-28,31.55,15.78,21.71,0.43,1.19,1.41,27.92
Bengaluru,2025-01-29,29.98,15.22,22.92,0.5,1.08,1.7,28.62
Bengaluru,2025-01-30,30.59,15.29,22.53,0.59,1.24,1.43,28.32
Bengaluru,2025-01-31,31.88,15.23,22.09,0.42,1.27,1.23,27.89
Bengaluru,2025-02-01,32.38,15.76,20.56,0.36,1.22,1.47,28.26
Bengaluru,2025-02-02,32.6,16.77,20.43,0.43,1.11,1.88,26.79
Bengaluru,2025-02-03,31.29,15.78,21.33,0.53,1.2,1.15,28.72
Bengaluru,2025-02-04,30.93,15.08,23.43,0.53,0.98,1.36,27.69
Bengaluru,2025-02-05,30.57,15.42,23.73,0.6,1.06,1.38,27.24
Bengaluru,2025-02-06,31.4,15.55,22.17,0.35,1.04,1.6,27.89
Bengaluru,2025-02-07,31.24,15.68,21.69,0.58,1.27,1.11,28.43
Bengaluru,2025-02-08,31.05,15.9,21.26,0.6,1.06,1.4,28.71
Bengaluru,2025-02-09,30.66,16.3,20.51,0.4,1.22,1.59,29.33
Bengaluru,2025-02-10,29.71,15.29,22.96,0.54,1.13,1.44,28.93
Bengaluru,2025-02-11,29.36,14.89,23.37,0.45,1.03,1.44,29.46
Bengaluru,2025-02-12,30.28,15.01,22.08,0.56,1.08,1.61,29.37
Bengaluru,2025-02-13,29.91,14.51,21.31,0.37,1.31,1.45,31.13
Bengaluru,2025-02-14,30.4,15.27,21.13,0.5,1.15,1.63,29.92
Bengaluru,2025-02-15,30.62,15.66,21.44,0.64,1.06,1.57,29.0
Bengaluru,2025-02-16,31.75,15.37,20.64,0.55,1.19,1.81,28.7
Bengaluru,2025-02-17,31.4,14.9,21.85,0.49,1.25,1.4,28.7
Bengaluru,2025-02-18,31.69,14.92,21.62,0.56,1.19,1.7,28.33
Bengaluru,2025-02-19,29.79,15.1,22.45,0.68,1.15,1.57,29.26
Bengaluru,2025-02-20,30.99,15.44,21.66,0.65,1.21,1.39,28.65
Bengaluru,2025-02-21,30.13,14.52,21.8,0.55,1.39,1.64,29.97
Bengaluru,2025-02-22,30.73,15.27,21.04,0.59,1.42,1.5,29.45
Bengaluru,2025-02-23,31.5,15.54,20.19,0.62,1.38,1.42,29.34
Bengaluru,2025-02-24,29.96,14.81,22.32,0.49,1.45,1.78,29.19
Bengaluru,2025-02-25,29.61,15.52,21.73,0.69,1.46,1.5,29.48
Bengaluru,2025-02-26,30.66,14.82,21.85,0.55,1.16,1.37,29.59
Bengaluru,2025-02-27,29.7,14.66,22.27,0.74,1.41,1.5,29.73
Bengaluru,2025-02-28,29.45,15.33,22.57,0.47,1.19,1.34,29.66
Bengaluru,2025-03-01,29.77,14.91,22.4,0.56,1.52,1.37,29.47
Bengaluru,2025-03-02,29.81,15.3,22.11,0.51,1.14,1.38,29.75
Bengaluru,2025-03-03,29.01,14.87,22.24,0.6,1.1,1.5,30.68
Bengaluru,2025-03-04,30.02,15.15,21.84,0.48,1.04,1.23,30.24
Bengaluru,2025-03-05,30.14,14.75,21.62,0.38,1.32,1.42,30.38
Bengaluru,2025-03-06,30.55,14.46,21.67,0.56,1.25,1.31,30.19
Bengaluru,2025-03-07,29.99,14.92,22.58,0.53,1.23,1.29,29.45
Bengaluru,2025-03-08,29.35,14.74,21.13,0.56,1.53,1.62,31.08
Bengaluru,2025-03-09,29.93,15.25,21.34,0.48,1.31,1.49,30.21
Bengaluru,2025-03-10,29.2,15.07,23.16,0.41,0.91,1.65,29.6
Bengaluru,2025-03-11,29.59,15.07,22.58,0.47,1.19,1.64,29.48
Bengaluru,2025-03-12,29.4,15.17,22.53,0.48,0.99,1.09,30.34
Bengaluru,2025-03-13,30.13,14.73,22.27,0.35,0.86,1.39,30.27
Bengaluru,2025-03-14,29.07,14.35,22.17,0.42,1.02,1.34,31.62
Bengaluru,2025-03-15,30.39,15.24,21.1,0.39,1.21,1.26,30.43
Bengaluru,2025-03-16,30.46,15.01,21.5,0.57,1.07,1.52,29.88
Bengaluru,2025-03-17,28.85,14.61,22.17,0.56,1.16,1.55,31.1
Bengaluru,2025-03-18,29.92,14.85,22.54,0.54,1.28,1.47,29.4
Bengaluru,2025-03-19,29.45,15.12,22.33,0.55,1.26,1.33,29.96
Bengaluru,2025-03-20,29.26,14.97,21.7,0.48,1.28,1.53,30.78
Bengaluru,2025-03-21,29.06,14.95,21.83,0.46,1.1,1.47,31.12
Bengaluru,2025-03-22,29.96,14.85,21.13,0.46,1.3,1.31,30.98
Bengaluru,2025-03-23,29.64,15.21,20.68,0.47,1.4,1.64,30.95
Bengaluru,2025-03-24,28.57,14.21,22.62,0.58,1.56,1.51,30.95
Bengaluru,2025-03-25,28.89,14.53,22.3,0.52,1.35,1.54,30.87
Bengaluru,2025-03-26,27.99,14.29,21.85,0.45,1.51,1.62,32.28
Bengaluru,2025-03-27,29.25,14.14,22.69,0.48,1.34,1.23,30.87
Bengaluru,2025-03-28,29.79,14.76,21.25,0.47,1.51,1.48,30.76
Bengaluru,2025-03-29,29.65,14.28,20.48,0.42,1.3,1.33,32.55
Bengaluru,2025-03-30,31.1,15.73,20.39,0.41,1.3,1.14,29.93
Bengaluru,2025-03-31,29.31,14.74,21.15,0.43,1.58,1.15,31.64
Bengaluru,2025-04-01,28.04,14.08,22.79,0.65,1.3,1.23,31.92
Bengaluru,2025-04-02,28.92,14.18,23.26,0.57,1.22,1.4,30.45
Bengaluru,2025-04-03,27.53,14.3,23.15,0.67,1.26,1.58,31.5
Bengaluru,2025-04-04,28.37,14.19,23.45,0.4,1.26,1.53,30.79
Bengaluru,2025-04-05,27.69,14.92,21.84,0.46,1.51,1.21,32.38
Bengaluru,2025-04-06,28.39,15.44,21.36,0.54,1.48,1.49,31.29
Bengaluru,2025-04-07,28.39,14.3,23.47,0.46,1.16,1.53,30.68
Bengaluru,2025-04-08,29.16,14.68,21.45,0.62,1.32,1.47,31.31
Bengaluru,2025-04-09,29.33,14.5,21.74,0.58,1.46,1.55,30.84
Bengaluru,2025-04-10,29.71,14.92,21.75,0.47,1.12,1.24,30.8
Bengaluru,2025-04-11,28.42,15.25,22.37,0.63,1.29,1.6,30.44
Bengaluru,2025-04-12,30.02,14.38,22.74,0.63,1.66,1.37,29.2
Bengaluru,2025-04-13,31.38,15.32,20.72,0.5,1.63,1.2,29.25
Bengaluru,2025-04-14,29.22,15.64,21.66,0.68,1.3,1.39,30.1
Bengaluru,2025-04-15,30.85,14.79,21.67,0.55,1.43,1.16,29.55
Bengaluru,2025-04-16,29.23,15.19,21.83,0.55,1.47,1.5,30.23
Bengaluru,2025-04-17,30.09,14.91,21.5,0.56,1.71,1.29,29.94
Bengaluru,2025-04-18,30.66,14.98,21.78,0.57,1.42,1.2,29.39
Bengaluru,2025-04-19,31.09,15.66,20.86,0.46,1.51,1.62,28.8
Bengaluru,2025-04-20,30.97,15.81,19.81,0.43,1.4,1.35,30.23
Bengaluru,2025-04-21,28.12,14.4,21.0,0.63,1.58,1.45,32.83
Bengaluru,2025-04-22,29.56,14.54,20.86,0.61,1.35,1.32,31.77
Bengaluru,2025-04-23,27.17,13.4,22.24,0.64,1.43,1.45,33.67
Bengaluru,2025-04-24,27.45,12.97,21.8,0.48,1.34,1.29,34.68
Bengaluru,2025-04-25,27.27,14.0,21.93,0.57,1.17,1.37,33.71
Bengaluru,2025-04-26,28.71,13.34,22.06,0.44,1.33,1.3,32.83
Bengaluru,2025-04-27,27.06,13.25,19.92,0.52,1.26,1.27,36.71
Bengaluru,2025-04-28,27.25,14.0,22.8,0.58,1.5,1.45,32.42
Bengaluru,2025-04-29,28.35,14.11,22.38,0.38,1.33,1.46,31.99
Bengaluru,2025-04-30,29.54,14.11,21.71,0.53,1.27,1.24,31.6
Bengaluru,2025-05-01,27.68,14.25,21.06,0.67,1.32,1.43,33.59
Bengaluru,2025-05-02,28.16,13.39,20.78,0.66,1.23,1.09,34.7
Bengaluru,2025-05-03,27.86,13.42,20.17,0.5,1.47,1.27,35.32
Bengaluru,2025-05-04,28.3,14.52,20.57,0.47,1.19,1.49,33.47
Bengaluru,2025-05-05,28.25,14.17,21.26,0.48,1.31,1.55,32.99
Bengaluru,2025-05-06,28.97,14.11,22.04,0.49,1.25,1.2,31.93
Bengaluru,2025-05-07,29.08,14.24,21.78,0.53,0.99,1.45,31.94
Bengaluru,2025-05-08,28.87,14.14,22.3,0.46,1.12,1.53,31.57
Bengaluru,2025-05-09,29.66,13.97,22.23,0.63,1.1,1.7,30.71
Bengaluru,2025-05-10,28.72,14.53,21.73,0.6,1.58,1.28,31.57
Bengaluru,2025-05-11,29.05,15.47,21.38,0.45,1.38,1.59,30.68
Bengaluru,2025-05-12,30.18,14.81,21.55,0.42,1.42,1.52,30.1
Bengaluru,2025-05-13,30.4,14.26,21.83,0.6,1.37,1.36,30.2
Bengaluru,2025-05-14,29.95,14.29,21.34,0.62,1.44,1.41,30.95
Bengaluru,2025-05-15,28.33,13.82,23.51,0.48,1.11,1.38,31.36
Bengaluru,2025-05-16,30.31,15.05,21.61,0.57,1.34,1.37,29.75
Bengaluru,2025-05-17,30.13,14.57,21.14,0.49,1.53,1.52,30.61
Bengaluru,2025-05-18,28.97,14.32,21.22,0.47,1.46,1.4,32.15
Bengaluru,2025-05-19,29.4,14.97,21.74,0.56,1.44,1.56,30.33
Bengaluru,2025-05-20,29.81,14.77,21.58,0.52,1.37,1.49,30.46
Bengaluru,2025-05-21,29.58,14.87,22.68,0.53,1.32,1.39,29.62
Bengaluru,2025-05-22,32.92,15.5,20.59,0.5,1.31,1.53,27.66
Bengaluru,2025-05-23,31.54,14.8,19.88,0.54,1.41,1.25,30.59
Bengaluru,2025-05-24,30.49,14.86,20.94,0.51,1.37,1.44,30.39
Bengaluru,2025-05-25,31.1,15.51,20.44,0.43,1.06,1.39,30.08
Bengaluru,2025-05-26,31.2,14.31,21.28,0.61,1.24,1.48,29.89
Bengaluru,2025-05-27,30.19,13.76,20.89,0.63,1.4,1.46,31.68
Bengaluru,2025-05-28,29.23,14.15,21.26,0.56,1.27,1.33,32.19
Bengaluru,2025-05-29,27.63,13.39,21.14,0.49,1.15,1.52,34.68
Bengaluru,2025-05-30,27.92,13.47,20.58,0.44,1.15,1.47,34.97
Bengaluru,2025-05-31,27.83,13.9,21.73,0.52,1.55,1.62,32.84
Bengaluru,2025-06-01,27.76,14.05,19.47,0.47,1.64,1.5,35.11
Bengaluru,2025-06-02,29.9,13.81,21.73,0.59,1.29,1.55,31.14
Bengaluru,2025-06-03,29.3,13.52,18.29,0.35,1.28,1.05,36.2
Bengaluru,2025-06-04,29.81,14.89,20.85,0.51,1.35,1.13,31.47
Bengaluru,2025-06-05,29.79,14.84,20.15,0.55,1.59,1.35,31.74
Bengaluru,2025-06-06,30.59,13.72,20.85,0.58,1.4,1.2,31.66
Bengaluru,2025-06-07,31.14,15.08,20.49,0.63,1.57,1.34,29.75
Bengaluru,2025-06-08,31.01,15.4,20.69,0.52,1.47,1.17,29.74
Bengaluru,2025-06-09,28.34,14.71,22.09,0.55,1.45,1.47,31.39
Bengaluru,2025-06-10,28.86,14.03,22.61,0.65,1.35,1.35,31.15
Bengaluru,2025-06-11,29.84,14.18,21.62,0.51,1.6,1.45,30.8
Bengaluru,2025-06-12,29.06,13.48,21.83,0.45,1.31,1.25,32.61
Bengaluru,2025-06-13,28.88,13.6,21.93,0.62,1.44,1.37,32.16
Bengaluru,2025-06-14,29.63,14.27,21.55,0.49,1.37,1.33,31.37
Bengaluru,2025-06-15,29.3,15.15,20.98,0.58,1.41,1.23,31.36
Bengaluru,2025-06-16,28.84,14.63,21.04,0.61,1.31,1.25,32.32
Bengaluru,2025-06-17,29.97,14.06,22.49,0.54,1.25,1.69,30.0
Bengaluru,2025-06-18,30.62,14.43,21.17,0.66,1.2,1.21,30.71
Bengaluru,2025-06-19,30.77,14.28,21.49,0.65,1.48,1.31,30.04
Bengaluru,2025-06-20,30.49,13.54,21.82,0.69,1.36,1.5,30.6
Bengaluru,2025-06-21,29.66,14.04,21.4,0.73,1.6,1.62,30.94
Bengaluru,2025-06-22,30.78,14.51,21.23,0.66,1.2,1.35,30.27
Bengaluru,2025-06-23,29.96,14.34,21.72,0.46,1.6,1.6,30.32
Bengaluru,2025-06-24,30.22,14.74,21.24,0.54,1.38,1.45,30.43
Bengaluru,2025-06-25,29.02,14.53,22.85,0.68,1.16,1.55,30.21
Bengaluru,2025-06-26,29.01,13.82,22.21,0.58,1.3,1.43,31.65
Bengaluru,2025-06-27,29.89,14.64,21.53,0.6,1.72,1.51,30.11
Bengaluru,2025-06-28,30.61,14.28,21.39,0.63,1.68,1.37,30.05
Bengaluru,2025-06-29,30.27,14.05,21.5,0.42,1.49,1.42,30.84
Bengaluru,2025-06-30,28.75,14.94,21.84,0.54,1.38,1.29,31.24
Bengaluru,2025-07-01,29.79,13.6,22.77,0.48,1.16,1.49,30.7
Bengaluru,2025-07-02,28.35,13.99,22.15,0.5,1.25,1.6,32.16
Bengaluru,2025-07-03,29.26,13.61,21.82,0.59,1.26,1.52,31.95
Bengaluru,2025-07-04,31.03,13.83,21.44,0.33,1.34,1.3,30.74
Bengaluru,2025-07-05,27.93,13.95,21.99,0.49,1.56,1.4,32.67
Bengaluru,2025-07-06,28.9,14.77,21.16,0.62,1.29,1.4,31.87
Bengaluru,2025-07-07,29.92,14.28,22.05,0.46,1.42,1.34,30.52
Bengaluru,2025-07-08,29.99,14.46,22.17,0.57,1.15,1.61,30.05
Bengaluru,2025-07-09,30.8,14.38,21.12,0.5,1.15,1.58,30.46
Bengaluru,2025-07-10,30.86,14.88,22.34,0.56,1.23,1.17,28.96
Bengaluru,2025-07-11,29.62,15.11,21.46,0.66,1.38,1.48,30.29
Bengaluru,2025-07-12,29.35,14.89,21.08,0.68,1.68,1.22,31.1
Bengaluru,2025-07-13,30.14,15.64,20.83,0.74,1.34,1.46,29.86
Bengaluru,2025-07-14,29.09,14.73,22.06,0.8,1.47,1.22,30.62
Bengaluru,2025-07-15,32.13,15.4,20.53,0.75,1.35,1.06,28.78
Bengaluru,2025-07-16,30.77,15.16,21.65,0.61,1.16,1.2,29.45
Bengaluru,2025-07-17,30.84,14.29,21.54,0.34,1.34,1.35,30.29
Bengaluru,2025-07-18,29.49,14.67,21.91,0.57,1.26,1.31,30.79
Bengaluru,2025-07-19,30.37,14.63,21.8,0.56,1.4,1.35,29.9
Bengaluru,2025-07-20,30.71,15.42,20.84,0.44,1.23,1.27,30.1
Bengaluru,2025-07-21,29.94,14.89,22.76,0.38,1.18,1.53,29.31
Bengaluru,2025-07-22,30.91,14.39,21.16,0.52,1.41,1.33,30.28
Bengaluru,2025-07-23,31.52,14.83,21.64,0.48,1.53,1.17,28.83
Bengaluru,2025-07-24,30.48,15.45,21.92,0.6,1.39,1.29,28.88
Bengaluru,2025-07-25,31.07,14.72,21.33,0.51,1.37,1.17,29.83
Bengaluru,2025-07-26,30.78,15.72,21.32,0.45,1.5,1.13,29.11
Bengaluru,2025-07-27,30.69,14.98,20.8,0.53,1.24,1.31,30.46
Bengaluru,2025-07-28,30.88,15.07,21.24,0.45,1.43,1.63,29.3
Bengaluru,2025-07-29,31.1,14.74,22.06,0.39,1.36,1.19,29.15
Bengaluru,2025-07-30,30.66,14.29,22.31,0.46,1.31,1.46,29.52
Bengaluru,2025-07-31,28.97,14.38,22.3,0.49,1.23,1.36,31.27
Bengaluru,2025-08-01,30.2,14.29,21.84,0.48,1.61,1.28,30.31
Bengaluru,2025-08-02,30.33,14.93,21.58,0.45,1.38,1.11,30.22
Bengaluru,2025-08-03,31.12,15.63,20.86,0.32,1.47,1.48,29.12
Bengaluru,2025-08-04,32.0,14.46,21.56,0.43,1.45,0.96,29.15
Bengaluru,2025-08-05,32.09,14.94,20.95,0.55,1.36,1.2,28.91
Bengaluru,2025-08-06,31.37,15.7,21.23,0.49,1.27,1.18,28.77
Bengaluru,2025-08-07,31.98,16.48,20.34,0.3,1.21,1.25,28.45
Bengaluru,2025-08-08,33.4,15.42,20.6,0.35,1.13,1.2,27.89
Bengaluru,2025-08-09,32.11,15.33,20.8,0.65,1.22,1.2,28.68
Bengaluru,2025-08-10,32.39,15.97,20.12,0.42,1.31,1.49,28.31
Bengaluru,2025-08-11,31.28,16.2,21.58,0.49,1.2,1.27,27.99
Bengaluru,2025-08-12,30.85,15.1,22.26,0.42,1.34,1.29,28.74
Bengaluru,2025-08-13,31.33,15.37,22.37,0.47,1.2,1.31,27.95
Bengaluru,2025-08-14,31.89,14.87,22.48,0.6,1.02,1.55,27.59
Bengaluru,2025-08-15,32.68,15.18,21.39,0.47,1.21,1.44,27.63
Bengaluru,2025-08-16,33.05,15.81,20.91,0.52,1.2,1.41,27.09
Bengaluru,2025-08-17,32.31,15.62,21.1,0.35,1.18,1.6,27.85
Bengaluru,2025-08-18,30.77,16.26,21.23,0.35,1.49,1.41,28.5
Bengaluru,2025-08-19,31.0,14.99,22.09,0.49,1.33,1.55,28.56
Bengaluru,2025-08-20,31.97,15.0,21.45,0.39,1.39,1.37,28.42
Bengaluru,2025-08-21,30.34,15.47,22.93,0.37,1.48,1.23,28.18
Bengaluru,2025-08-22,30.35,14.52,22.87,0.43,1.48,1.51,28.84
Bengaluru,2025-08-23,30.26,15.45,22.22,0.51,1.26,1.36,28.95
Bengaluru,2025-08-24,32.08,15.68,21.24,0.4,1.26,1.32,28.02
Bengaluru,2025-08-25,32.1,15.09,23.29,0.41,1.04,1.13,26.93
Bengaluru,2025-08-26,31.88,15.58,21.31,0.5,1.19,1.16,28.37
Bengaluru,2025-08-27,31.85,15.28,22.0,0.33,1.25,1.25,28.04
Bengaluru,2025-08-28,30.98,15.23,22.44,0.44,1.11,1.3,28.51
Bengaluru,2025-08-29,31.5,15.87,21.09,0.51,1.4,1.19,28.45
Bengaluru,2025-08-30,30.39,15.35,21.43,0.43,1.33,1.28,29.79
Bengaluru,2025-08-31,31.09,15.44,21.0,0.37,1.29,1.44,29.37
Bengaluru,2025-09-01,29.44,14.91,22.58,0.55,1.27,1.32,29.94
Bengaluru,2025-09-02,30.72,15.06,21.78,0.32,1.46,1.29,29.36
Bengaluru,2025-09-03,38.63,19.04,17.62,0.29,0.92,1.09,22.41
Bengaluru,2025-09-04,40.56,19.49,15.88,0.33,0.92,1.06,21.76
Bengaluru,2025-09-05,36.96,18.56,18.02,0.25,0.97,1.12,24.12
Bengaluru,2025-09-06,37.22,18.57,16.66,0.25,1.09,1.16,25.05
Bengaluru,2025-09-07,37.79,18.77,16.97,0.21,1.21,0.93,24.1
Bengaluru,2025-09-08,37.15,18.74,18.35,0.26,0.94,0.92,23.63
Bengaluru,2025-09-09,36.44,18.45,18.77,0.23,0.88,1.0,24.22
Bengaluru,2025-09-10,36.07,17.95,18.81,0.24,0.88,1.22,24.83
Bengaluru,2025-09-11,35.18,18.07,19.78,0.26,1.06,1.11,24.54
Bengaluru,2025-09-12,34.31,16.99,19.86,0.31,1.08,1.02,26.43
Bengaluru,2025-09-13,34.75,17.75,18.9,0.25,1.26,1.09,26.0
Bengaluru,2025-09-14,33.4,16.4,18.89,0.32,1.11,0.95,28.93
Bengaluru,2025-09-15,36.69,16.42,19.04,0.39,0.97,0.99,25.49
Bengaluru,2025-09-16,35.35,17.97,19.31,0.33,1.11,1.23,24.69
Bengaluru,2025-09-17,35.12,17.42,19.7,0.29,1.08,0.86,25.54
Bengaluru,2025-09-18,35.24,17.11,19.31,0.4,1.26,1.09,25.58
Bengaluru,2025-09-19,35.77,16.59,18.41,0.5,1.08,1.01,26.64
Bengaluru,2025-09-20,34.4,17.2,18.91,0.31,1.25,1.24,26.7
Bengaluru,2025-09-21,39.22,17.69,15.17,0.26,0.98,0.73,25.95
Bengaluru,2025-09-22,41.33,19.13,16.25,0.26,0.92,0.71,21.41
Bengaluru,2025-09-23,38.44,18.87,17.75,0.27,1.12,0.92,22.63
Bengaluru,2025-09-24,37.61,18.11,18.28,0.26,0.91,0.81,24.02
Bengaluru,2025-09-25,34.81,17.61,20.03,0.31,1.16,1.14,24.94
Bengaluru,2025-09-26,35.09,17.6,19.47,0.32,1.39,1.15,24.98
Bengaluru,2025-09-27,35.12,17.4,20.13,0.34,1.23,0.95,24.83
Bengaluru,2025-09-28,33.31,16.16,17.85,0.37,1.34,0.99,29.97
Bengaluru,2025-09-29,34.75,16.56,20.05,0.25,1.3,0.93,26.17
Bengaluru,2025-09-30,35.67,16.45,19.94,0.37,1.33,1.03,25.21
Bengaluru,2025-10-01,35.48,17.47,19.93,0.26,1.21,1.08,24.56
Bengaluru,2025-10-02,35.59,17.91,19.31,0.31,1.19,0.97,24.72
Bengaluru,2025-10-03,38.02,16.79,19.32,0.31,1.06,0.93,23.57
Bengaluru,2025-10-04,35.1,16.55,19.64,0.24,1.5,1.01,25.96
Bengaluru,2025-10-05,35.09,17.28,19.99,0.36,1.41,1.06,24.81
Bengaluru,2025-10-06,37.09,17.04,19.21,0.25,1.39,1.17,23.85
Bengaluru,2025-10-07,35.75,16.74,20.09,0.38,1.25,0.96,24.83
Bengaluru,2025-10-08,35.53,15.89,20.77,0.33,1.13,0.95,25.41
Bengaluru,2025-10-09,35.92,16.48,19.86,0.38,1.32,1.22,24.82
Bengaluru,2025-10-10,34.69,16.51,20.2,0.4,1.02,0.93,26.26
Bengaluru,2025-10-11,34.86,16.94,20.24,0.39,1.19,0.91,25.46
Bengaluru,2025-10-12,34.78,17.0,19.35,0.38,1.43,1.02,26.05
Bengaluru,2025-10-13,35.28,16.42,20.09,0.4,1.32,1.02,25.46
Bengaluru,2025-10-14,35.32,16.57,20.52,0.39,1.44,1.1,24.67
Bengaluru,2025-10-15,34.64,15.61,21.59,0.33,1.33,1.07,25.44
Bengaluru,2025-10-16,34.69,15.78,21.52,0.37,1.47,0.91,25.27
Bengaluru,2025-10-17,34.31,15.86,19.99,0.45,1.31,1.05,27.03
Bengaluru,2025-10-18,34.22,16.58,20.21,0.36,1.11,1.15,26.37
Bengaluru,2025-10-19,34.88,16.9,19.98,0.35,1.32,1.24,25.33
Bengaluru,2025-10-20,36.06,16.13,19.84,0.36,1.2,1.29,25.11
Bengaluru,2025-10-21,33.05,17.57,20.28,0.48,1.33,1.12,26.16
Bengaluru,2025-10-22,34.25,16.74,20.86,0.49,1.26,1.22,25.19
Bengaluru,2025-10-23,33.71,16.11,21.54,0.43,1.26,1.07,25.88
Bengaluru,2025-10-24,33.86,16.85,21.08,0.43,1.28,0.84,25.67
Bengaluru,2025-10-25,34.1,16.64,20.27,0.49,1.39,1.02,26.09
Bengaluru,2025-10-26,33.58,17.3,20.23,0.32,1.42,1.16,25.99
Bengaluru,2025-10-27,33.3,16.87,21.13,0.29,1.06,1.24,26.11
Bengaluru,2025-10-28,33.23,16.5,22.11,0.35,1.21,0.87,25.74
Bengaluru,2025-10-29,33.62,16.12,21.82,0.35,1.5,1.06,25.54
Bengaluru,2025-10-30,32.97,16.19,22.56,0.28,1.0,1.14,25.86
Bengaluru,2025-10-31,34.19,15.79,21.52,0.29,1.13,1.08,26.01
Bengaluru,2025-11-01,34.25,15.93,21.11,0.41,1.46,1.08,25.75
Bengaluru,2025-11-02,34.09,16.31,21.41,0.26,1.3,1.09,25.53
Bengaluru,2025-11-03,35.56,16.53,20.62,0.28,1.18,1.02,24.8
Bengaluru,2025-11-04,40.6,18.74,17.87,0.27,1.14,0.96,20.43
Bengaluru,2025-11-05,38.08,17.87,19.24,0.24,1.12,1.35,22.11
Bengaluru,2025-11-06,35.95,17.62,19.98,0.4,1.01,1.01,24.04
Bengaluru,2025-11-07,35.75,16.59,21.07,0.2,1.5,1.13,23.76
Bengaluru,2025-11-08,34.31,16.64,21.0,0.41,1.29,1.08,25.26
Bengaluru,2025-11-09,35.24,16.81,20.4,0.35,1.25,1.07,24.88
Bengaluru,2025-11-10,33.34,18.53,21.51,0.43,1.18,0.95,24.04
Bengaluru,2025-11-11,35.56,18.09,20.14,0.32,1.0,0.97,23.92
Bengaluru,2025-11-12,34.25,17.71,21.63,0.35,1.41,0.98,23.67
Bengaluru,2025-11-13,35.29,16.35,21.04,0.33,1.07,1.1,24.82
Bengaluru,2025-11-14,34.87,16.75,20.45,0.4,1.32,1.26,24.95
Bengaluru,2025-11-15,36.43,17.06,20.08,0.3,1.17,0.99,23.98
Bengaluru,2025-11-16,36.92,17.5,20.05,0.23,1.19,1.15,22.97
Bengaluru,2025-11-17,33.95,16.4,21.94,0.26,1.39,1.04,25.02
Bengaluru,2025-11-18,32.5,16.21,23.1,0.28,0.97,1.17,25.77
Bengaluru,2025-11-19,33.76,16.85,21.75,0.38,1.25,1.1,24.9
Bengaluru,2025-11-20,33.72,16.64,23.22,0.3,1.11,1.12,23.89
Bengaluru,2025-11-21,33.38,16.14,22.36,0.37,1.21,1.02,25.53
Bengaluru,2025-11-22,33.61,17.09,21.1,0.25,1.53,1.29,25.13
Bengaluru,2025-11-23,32.94,16.6,22.19,0.36,1.28,1.09,25.56
Bengaluru,2025-11-24,33.68,15.68,23.01,0.31,1.04,1.26,25.01
Bengaluru,2025-11-25,47.25,21.92,14.28,0.16,0.72,0.72,14.95
Bengaluru,2025-11-26,40.74,20.01,17.76,0.24,0.83,0.84,19.59
Bengaluru,2025-11-27,38.74,18.11,20.22,0.33,1.03,0.87,20.71
Bengaluru,2025-11-28,36.55,17.44,21.17,0.35,1.29,0.89,22.31
Bengaluru,2025-11-29,35.89,16.79,20.63,0.31,1.03,0.84,24.52
Bengaluru,2025-11-30,35.46,17.26,20.99,0.22,0.84,0.86,24.35
Bengaluru,2025-12-01,34.37,16.58,21.93,0.34,1.19,1.1,24.49
Bengaluru,2025-12-02,34.3,16.51,22.46,0.35,1.2,1.22,23.96
Bengaluru,2025-12-03,35.93,16.38,22.16,0.3,1.02,0.82,23.4
Bengaluru,2025-12-04,35.06,17.13,21.89,0.28,1.01,0.92,23.72
Bengaluru,2025-12-05,34.19,16.08,22.28,0.21,1.42,0.95,24.86
Bengaluru,2025-12-06,36.1,17.69,19.76,0.27,1.16,0.93,24.08
Bengaluru,2025-12-07,35.82,17.2,19.94,0.24,1.36,0.96,24.49
Bengaluru,2025-12-08,34.35,17.32,21.35,0.41,1.42,0.76,24.39
Bengaluru,2025-12-09,33.82,16.38,21.41,0.44,1.19,1.13,25.63
Bengaluru,2025-12-10,37.29,16.65,19.89,0.3,1.02,1.02,23.82
Bengaluru,2025-12-11,35.13,16.66,20.5,0.41,1.11,0.9,25.28
Bengaluru,2025-12-12,33.71,17.14,20.8,0.29,0.98,0.92,26.17
Bengaluru,2025-12-13,33.96,16.74,20.21,0.36,1.26,1.01,26.47
Bengaluru,2025-12-14,34.01,16.82,21.33,0.42,1.26,1.02,25.15
Bengaluru,2025-12-15,35.73,16.43,21.22,0.33,1.05,0.78,24.47
Bengaluru,2025-12-16,33.64,16.59,22.22,0.34,1.22,0.98,25.01
Bengaluru,2025-12-17,33.74,17.05,22.16,0.3,1.17,0.89,24.69
Bengaluru,2025-12-18,33.57,15.88,22.5,0.28,1.17,1.0,25.6
Bengaluru,2025-12-19,33.68,16.27,23.0,0.36,1.11,1.21,24.36
Bengaluru,2025-12-20,33.91,16.39,21.3,0.41,1.07,0.99,25.93
Bengaluru,2025-12-21,33.54,15.74,21.82,0.29,1.38,1.05,26.18
Bengaluru,2025-12-22,33.52,16.7,21.97,0.32,1.27,0.98,25.24
Bengaluru,2025-12-23,33.81,15.9,21.79,0.37,1.17,1.2,25.76
Bengaluru,2025-12-24,32.46,16.03,21.74,0.49,1.52,0.99,26.78
Bengaluru,2025-12-25,31.4,16.34,22.94,0.34,1.33,1.19,26.46
Bengaluru,2025-12-26,31.87,16.12,24.11,0.22,1.22,1.11,25.36
Bengaluru,2025-12-27,31.88,16.42,22.73,0.36,1.24,1.29,26.08
Bengaluru,2025-12-28,32.71,17.19,21.78,0.34,1.19,1.18,25.61
Bengaluru,2025-12-29,31.17,16.91,22.77,0.28,1.18,1.16,26.53
Bengaluru,2025-12-30,30.52,16.69,23.02,0.18,1.2,1.1,27.3
Bengaluru,2025-12-31,31.27,15.46,22.7,0.31,1.16,1.29,27.81
Bengaluru,2026-01-01,32.81,16.3,22.14,0.28,1.37,1.2,25.91
Bengaluru,2026-01-02,33.73,16.16,22.17,0.42,1.23,1.27,25.02
Bengaluru,2026-01-03,32.93,15.67,22.64,0.26,1.29,0.93,26.28
Bengaluru,2026-01-04,34.29,15.7,22.31,0.23,1.0,1.36,25.11
Bengaluru,2026-01-05,37.88,16.97,21.84,0.35,0.77,1.01,21.17
Bengaluru,2026-01-06,37.33,17.02,21.77,0.21,1.11,0.91,21.65
Bengaluru,2026-01-07,36.38,18.29,20.15,0.28,1.09,0.91,22.9
Bengaluru,2026-01-08,34.91,17.32,21.32,0.26,0.96,1.26,23.97
Bengaluru,2026-01-09,34.43,16.9,22.0,0.3,1.15,1.32,23.9
Bengaluru,2026-01-10,33.07,17.01,21.84,0.43,1.46,1.03,25.16
Bengaluru,2026-01-11,33.97,16.81,21.67,0.3,1.17,1.04,25.03
Bengaluru,2026-01-12,34.89,17.42,21.14,0.38,1.19,0.98,24.0
Bengaluru,2026-01-13,39.82,19.8,17.7,0.24,1.09,1.01,20.34
Bengaluru,2026-01-14,37.55,19.03,19.25,0.23,1.0,0.92,22.02
Bengaluru,2026-01-15,35.61,17.92,20.37,0.29,0.97,1.18,23.66
Bengaluru,2026-01-16,35.72,16.76,20.7,0.26,1.32,0.95,24.29
Bengaluru,2026-01-17,34.72,18.04,20.12,0.31,1.26,1.22,24.33
Bengaluru,2026-01-18,36.04,17.8,19.37,0.31,1.24,1.15,24.09
Bengaluru,2026-01-19,34.96,17.28,21.3,0.21,0.96,1.07,24.22
Bengaluru,2026-01-20,38.51,18.0,19.27,0.36,1.06,1.05,21.75
Bengaluru,2026-01-21,35.61,16.55,20.46,0.32,1.32,1.13,24.6
Bengaluru,2026-01-22,34.93,16.37,20.59,0.35,1.22,1.14,25.4
Bengaluru,2026-01-23,36.29,16.16,20.37,0.29,1.32,1.11,24.46
Bengaluru,2026-01-24,34.82,16.36,21.1,0.2,1.58,1.09,24.85
Bengaluru,2026-01-25,36.5,17.31,20.08,0.29,1.39,1.0,23.44
Bengaluru,2026-01-26,39.7,18.86,18.34,0.24,1.07,0.82,20.98
Bengaluru,2026-01-27,38.15,18.18,19.97,0.25,0.93,0.97,21.56
Bengaluru,2026-01-28,36.1,16.93,20.97,0.36,1.12,1.03,23.49
Bengaluru,2026-01-29,35.85,16.68,21.0,0.19,1.35,1.13,23.8
Bengaluru,2026-01-30,34.76,16.71,21.68,0.21,1.24,1.17,24.24
Bengaluru,2026-01-31,33.43,15.59,22.14,0.17,1.1,1.35,26.22
Bengaluru,2026-02-01,33.76,16.26,21.8,0.27,1.03,0.93,25.95
Bengaluru,2026-02-02,33.31,16.6,22.63,0.31,1.34,0.85,24.96
Bengaluru,2026-02-03,33.46,16.49,22.54,0.27,1.28,1.1,24.87
Bengaluru,2026-02-04,33.92,15.77,22.76,0.29,1.05,1.14,25.06
Bengaluru,2026-02-05,34.28,15.59,23.04,0.26,1.22,0.93,24.68
Bengaluru,2026-02-06,33.57,15.94,23.13,0.3,1.27,1.0,24.8
Bengaluru,2026-02-07,34.28,16.05,21.83,0.33,1.1,1.16,25.25
Bengaluru,2026-02-08,35.08,16.06,21.78,0.19,1.1,1.2,24.59
Bengaluru,2026-02-09,33.9,16.07,22.69,0.4,1.2,1.19,24.56
Bengaluru,2026-02-10,33.73,15.43,22.49,0.36,1.16,1.27,25.57
Bengaluru,2026-02-11,32.84,15.59,23.16,0.35,1.28,1.07,25.71
Bengaluru,2026-02-12,34.4,16.04,21.97,0.25,0.82,1.08,25.43
Bengaluru,2026-02-13,33.25,15.67,22.48,0.33,1.35,1.1,25.82
Bengaluru,2026-02-14,33.53,15.8,21.97,0.15,1.39,1.07,26.08
Bengaluru,2026-02-15,31.31,16.01,20.89,0.21,1.13,0.97,29.47
Bengaluru,2026-02-16,33.67,16.12,21.66,0.31,1.1,1.02,26.12
Bengaluru,2026-02-17,36.52,15.95,21.25,0.23,1.22,0.79,24.03
Bengaluru,2026-02-18,33.65,17.35,21.37,0.31,1.07,1.11,25.14
Bengaluru,2026-02-19,34.2,16.92,21.58,0.34,1.03,0.75,25.17
Bengaluru,2026-02-20,35.52,17.18,20.45,0.33,1.3,0.84,24.37
Bengaluru,2026-02-21,34.25,16.33,21.6,0.35,1.11,1.13,25.23
Bengaluru,2026-02-22,32.02,15.6,23.73,0.27,1.4,1.06,25.92
Bengaluru,2026-02-23,32.89,14.94,23.43,0.31,1.51,1.17,25.75
Bengaluru,2026-02-24,32.29,14.77,23.91,0.53,1.35,1.12,26.03
Bengaluru,2026-02-25,32.74,15.13,24.11,0.27,1.17,0.95,25.63
Bengaluru,2026-02-26,30.83,14.83,22.89,0.37,1.24,1.16,28.68
Bengaluru,2026-02-27,32.26,14.56,23.92,0.22,1.06,0.92,27.05
Bengaluru,2026-02-28,30.96,15.2,23.93,0.32,1.3,1.01,27.28
Bengaluru,2026-03-01,30.87,15.12,23.57,0.58,1.23,1.12,27.51
Bengaluru,2026-03-02,31.23,15.13,24.59,0.49,1.29,1.05,26.22
Bengaluru,2026-03-03,31.4,15.93,24.25,0.44,1.24,1.13,25.62
Bengaluru,2026-03-04,30.24,15.01,24.98,0.47,1.1,0.97,27.23
Bengaluru,2026-03-05,30.04,14.64,23.84,0.47,1.4,0.92,28.69
Bengaluru,2026-03-06,30.9,15.57,24.12,0.5,1.22,1.01,26.67
Bengaluru,2026-03-07,31.07,15.88,23.48,0.38,1.4,1.14,26.65
Bengaluru,2026-03-08,28.68,13.75,26.25,0.25,1.24,1.03,28.79
Bengaluru,2026-03-09,30.65,15.1,25.07,0.37,1.08,1.14,26.59
Bengaluru,2026-03-10,32.21,15.12,23.86,0.29,0.95,1.02,26.55
Bengaluru,2026-03-11,31.72,15.03,23.61,0.27,1.0,0.97,27.4
Bengaluru,2026-03-12,31.17,16.07,24.04,0.28,1.02,1.02,26.39
Bengaluru,2026-03-13,31.67,15.94,23.16,0.39,1.21,1.28,26.34
Bengaluru,2026-03-14,29.97,14.84,25.18,0.35,1.72,0.95,27.0
Bengaluru,2026-03-15,32.02,14.93,24.36,0.38,1.45,1.23,25.64
Bengaluru,2026-03-16,31.77,15.29,24.03,0.38,1.31,1.15,26.06
Bengaluru,2026-03-17,36.61,15.53,21.06,0.58,1.06,0.9,24.26
Bengaluru,2026-03-18,32.85,15.34,23.77,0.26,1.17,0.95,25.66
Bengaluru,2026-03-19,33.46,15.98,23.11,0.34,1.45,1.14,24.52
Bengaluru,2026-03-20,34.63,15.47,21.06,0.52,1.29,1.09,25.93
Bengaluru,2026-03-21,35.21,16.18,21.4,0.44,1.33,1.01,24.43
Bengaluru,2026-03-22,33.29,15.74,22.39,0.31,1.09,1.38,25.79
Bengaluru,2026-03-23,30.97,16.0,23.53,0.42,1.33,1.07,26.68
Bengaluru,2026-03-24,30.93,15.33,24.65,0.44,1.1,1.06,26.49
Bengaluru,2026-03-25,32.3,15.02,23.75,0.31,1.22,1.48,25.93
Bengaluru,2026-03-26,31.97,15.25,23.22,0.31,1.21,1.15,26.89
Bengaluru,2026-03-27,31.63,15.38,22.87,0.37,1.25,1.15,27.35
Bengaluru,2026-03-28,33.32,15.29,22.93,0.22,1.22,1.1,25.92
Bengaluru,2026-03-29,32.4,15.7,22.76,0.27,1.48,1.0,26.39
Bengaluru,2026-03-30,31.32,15.37,23.49,0.52,1.25,1.22,26.84
Bengaluru,2026-03-31,31.33,15.12,23.14,0.47,1.28,0.93,27.73
Bengaluru,2026-04-01,30.84,15.3,23.89,0.35,1.2,1.32,27.12
Bengaluru,2026-04-02,32.01,15.3,23.09,0.3,1.28,0.99,27.02
Bengaluru,2026-04-03,31.57,14.9,22.73,0.26,1.28,1.28,27.98
Bengaluru,2026-04-04,30.56,15.57,23.76,0.34,1.51,1.24,27.03
Bengaluru,2026-04-05,31.32,15.57,23.64,0.27,1.21,1.01,26.98
Bengaluru,2026-04-06,31.29,14.89,23.85,0.25,1.25,1.0,27.47
Bengaluru,2026-04-07,30.33,14.79,23.75,0.25,1.31,1.38,28.2
Bengaluru,2026-04-08,30.5,15.04,24.16,0.48,1.35,1.04,27.44
Bengaluru,2026-04-09,32.57,14.79,22.9,0.23,1.03,0.95,27.55
Bengaluru,2026-04-10,31.75,15.1,23.04,0.21,1.41,1.24,27.25
Bengaluru,2026-04-11,30.88,15.3,23.98,0.43,1.28,1.13,26.99
Bengaluru,2026-04-12,31.04,15.21,22.69,0.26,1.38,1.1,28.32
Bengaluru,2026-04-13,30.18,15.32,24.12,0.36,1.01,1.23,27.78
Bengaluru,2026-04-14,31.85,14.73,24.11,0.28,1.52,1.25,26.27
Bengaluru,2026-04-15,32.34,15.23,23.44,0.21,1.47,0.96,26.35
Bengaluru,2026-04-16,31.28,14.21,24.37,0.29,1.09,1.09,27.67
Bengaluru,2026-04-17,30.92,14.61,23.95,0.39,1.35,1.09,27.68
Bengaluru,2026-04-18,31.3,14.76,22.98,0.29,1.14,0.99,28.55
Bengaluru,2026-04-19,31.42,15.44,23.37,0.33,1.3,1.24,26.9
Bengaluru,2026-04-20,32.71,15.17,23.17,0.29,1.17,1.14,26.36
Bengaluru,2026-04-21,32.77,14.6,23.48,0.33,1.05,1.28,26.49
Bengaluru,2026-04-22,32.43,15.07,23.17,0.25,1.37,1.05,26.66
Bengaluru,2026-04-23,32.5,15.06,23.72,0.39,1.22,1.16,25.96
Bengaluru,2026-04-24,31.85,14.65,23.32,0.2,1.33,1.35,27.29
Bengaluru,2026-04-25,31.05,14.52,23.34,0.3,1.53,1.1,28.16
Bengaluru,2026-04-26,32.4,14.75,23.58,0.38,1.1,1.05,26.75
Bengaluru,2026-04-27,31.03,14.41,23.68,0.36,1.31,1.27,27.93
Bengaluru,2026-04-28,31.17,14.31,24.09,0.37,1.36,1.18,27.51
Bengaluru,2026-04-29,30.64,14.49,24.19,0.3,1.11,0.9,28.37
Bengaluru,2026-04-30,30.26,14.31,25.19,0.28,1.24,1.06,27.67
Bengaluru,2026-05-01,29.09,14.59,25.37,0.38,1.34,1.05,28.19
Bengaluru,2026-05-02,30.47,14.45,24.61,0.34,1.56,1.21,27.37
Bengaluru,2026-05-03,30.61,14.93,24.97,0.24,1.2,0.91,27.14
Bengaluru,2026-05-04,29.29,14.27,25.62,0.33,1.34,1.2,27.96
Bengaluru,2026-05-05,30.17,14.63,24.95,0.27,1.37,1.06,27.56
Bengaluru,2026-05-06,30.74,14.65,24.52,0.36,1.2,1.02,27.5
Bengaluru,2026-05-07,30.85,15.15,24.84,0.17,1.28,1.09,26.61
Bengaluru,2026-05-08,31.26,14.39,24.25,0.24,1.42,1.26,27.17
Bengaluru,2026-05-09,31.56,14.84,24.03,0.34,1.45,1.03,26.75
Bengaluru,2026-05-10,31.11,15.52,23.69,0.3,1.45,1.31,26.63
Bengaluru,2026-05-11,31.99,14.27,24.04,0.31,1.4,1.09,26.9
Bengaluru,2026-05-12,32.42,14.57,24.36,0.31,1.28,1.14,25.91
Bengaluru,2026-05-13,32.12,14.61,23.91,0.21,1.4,1.2,26.55
Bengaluru,2026-05-14,31.82,14.63,23.98,0.34,1.28,1.13,26.83
Bengaluru,2026-05-15,32.54,14.79,23.98,0.33,1.49,1.04,25.83
Bengaluru,2026-05-16,31.43,15.09,23.86,0.28,1.38,1.34,26.63
Bengaluru,2026-05-17,31.07,14.56,25.04,0.31,1.44,1.23,26.34
Bengaluru,2026-05-18,30.22,14.86,25.78,0.3,1.38,1.24,26.21
Bengaluru,2026-05-19,29.79,15.12,25.46,0.34,1.38,1.31,26.59
Bengaluru,2026-05-20,31.82,14.22,24.64,0.28,1.48,1.18,26.38
Bengaluru,2026-05-21,31.67,14.22,24.2,0.34,1.13,1.1,27.34
Bengaluru,2026-05-22,34.8,14.96,22.48,0.29,1.19,1.04,25.25
Bengaluru,2026-05-23,32.13,14.34,23.81,0.3,1.36,1.06,26.98
Bengaluru,2026-05-24,32.19,15.16,23.75,0.25,1.24,0.92,26.48
Bengaluru,2026-05-25,30.44,16.49,24.05,0.2,1.43,0.98,26.41
Bengaluru,2026-05-26,31.32,15.97,24.4,0.25,1.27,1.19,25.6
Bengaluru,2026-05-27,32.34,15.51,23.44,0.43,1.48,0.91,25.91
Bengaluru,2026-05-28,37.25,17.95,19.76,0.28,1.27,0.93,22.56
Bengaluru,2026-05-29,34.81,16.84,21.86,0.29,1.21,0.93,24.06
Bengaluru,2026-05-30,34.09,15.66,23.08,0.21,1.19,0.78,24.99
Bengaluru,2026-05-31,33.16,15.89,22.37,0.27,1.34,0.94,26.03
Bengaluru,2026-06-01,31.81,15.3,24.14,0.28,1.13,0.87,26.48
Bengaluru,2026-06-02,32.03,14.9,24.15,0.4,1.37,1.02,26.14
Bengaluru,2026-06-03,31.61,15.4,25.05,0.31,1.39,0.94,25.31
Bengaluru,2026-06-04,33.52,15.63,23.04,0.36,1.06,1.11,25.29
Bengaluru,2026-06-05,32.55,15.3,23.36,0.16,2.12,0.97,25.54
Bengaluru,2026-06-06,31.74,15.14,23.23,0.21,2.28,1.08,26.32
Bengaluru,2026-06-07,31.8,15.76,23.16,0.23,2.26,0.95,25.83
Bengaluru,2026-06-08,32.36,14.96,23.55,0.35,1.49,1.11,26.18
Bengaluru,2026-06-09,33.73,15.69,23.59,0.26,1.13,1.03,24.56
Bengaluru,2026-06-10,33.52,15.61,23.63,0.41,1.17,0.88,24.78
Bengaluru,2026-06-11,33.35,15.11,23.35,0.49,1.17,1.04,25.5
Bengaluru,2026-06-12,32.17,15.07,24.14,0.2,1.26,0.91,26.24
Bengaluru,2026-06-13,32.01,15.42,24.26,0.23,1.29,0.75,26.04
Bengaluru,2026-06-14,31.39,15.17,23.93,0.32,1.41,0.98,26.79
Bengaluru,2026-06-15,30.65,14.71,25.21,0.29,1.44,0.95,26.75
Bengaluru,2026-06-16,30.31,15.77,23.94,0.34,1.23,1.02,27.39
Bengaluru,2026-06-17,31.11,15.03,25.48,0.29,1.26,1.13,25.71
Bengaluru,2026-06-18,31.44,14.71,25.29,0.28,1.28,1.11,25.89
Bengaluru,2026-06-19,31.74,15.39,24.4,0.31,1.44,1.07,25.65
Bengaluru,2026-06-20,31.78,15.2,24.05,0.39,1.47,1.02,26.09
Bengaluru,2026-06-21,32.37,15.3,23.66,0.41,1.63,0.96,25.66
Bengaluru,2026-06-22,31.36,14.48,24.46,0.32,1.42,0.91,27.05
Bengaluru,2026-06-23,31.99,14.62,23.91,0.35,1.4,1.14,26.58
Bengaluru,2026-06-24,31.47,13.84,25.72,0.4,1.22,1.04,26.3
Bengaluru,2026-06-25,31.36,14.8,25.01,0.36,1.43,1.21,25.83
Bengaluru,2026-06-26,30.77,14.24,24.42,0.22,1.76,1.05,27.55
Bengaluru,2026-06-27,30.48,14.58,25.14,0.25,1.47,1.03,27.05
Bengaluru,2026-06-28,30.37,14.21,24.33,0.38,1.38,0.98,28.33
Bengaluru,2026-06-29,31.88,14.88,23.65,0.33,1.44,0.95,26.86
Bengaluru,2026-06-30,34.42,15.64,22.75,0.29,1.34,0.89,24.66
Bengaluru,2026-07-01,31.77,14.72,24.43,0.36,1.67,0.83,26.22
Bengaluru,2026-07-02,33.84,14.91,22.89,0.42,1.55,0.96,25.44
Bengaluru,2026-07-03,33.33,14.44,23.87,0.41,1.49,0.86,25.59
Bengaluru,2026-07-04,33.19,13.96,23.8,0.41,1.5,1.02,26.13
Bengaluru,2026-07-05,32.19,14.58,23.26,0.48,1.54,1.03,26.91
Bengaluru,2026-07-06,31.7,14.82,23.89,0.3,1.6,0.92,26.77
Bengaluru,2026-07-07,32.49,14.12,24.06,0.38,1.66,1.06,26.23
Bengaluru,2026-07-08,32.83,15.64,23.11,0.41,1.28,0.89,25.84
Bengaluru,2026-07-09,36.03,16.22,21.38,0.34,1.16,0.85,24.03
Bengaluru,2026-07-10,32.53,16.67,22.77,0.34,1.3,0.98,25.4
Bengaluru,2026-07-11,33.06,16.12,23.28,0.28,1.47,0.97,24.82
Bengaluru,2026-07-12,33.89,16.15,22.36,0.33,1.48,1.03,24.75
Bengaluru,2026-07-13,31.36,15.98,23.59,0.35,1.34,0.87,26.51
Bengaluru,2026-07-14,32.25,16.41,23.27,0.33,1.61,1.07,25.06
Bengaluru,2026-07-15,32.26,14.25,24.01,0.28,1.32,0.89,26.99
Bengaluru,2026-07-16,32.15,13.86,24.1,0.36,1.38,0.97,27.17
Bengaluru,2026-07-17,32.94,13.87,24.44,0.33,1.42,0.93,26.07
Bengaluru,2026-07-18,31.38,14.22,25.57,0.17,1.47,0.91,26.28
Bengaluru,2026-07-19,31.24,14.79,24.04,0.32,1.46,1.1,27.05
Bengaluru,2026-07-20,31.5,14.32,25.03,0.29,1.26,0.79,26.81
Bengaluru,2026-07-21,31.07,14.25,26.01,0.4,1.27,0.85,26.15
Bengaluru,2026-07-22,32.31,14.55,24.41,0.49,1.17,0.96,26.12
Bengaluru,2026-07-23,34.49,13.79,23.22,0.28,1.33,0.98,25.91
Bengaluru,2026-07-24,37.98,15.57,20.46,0.29,1.16,0.98,23.56
Bengaluru,2026-07-25,34.86,15.26,21.78,0.28,1.44,0.95,25.43
Bengaluru,2026-07-26,34.58,15.2,22.38,0.34,1.25,0.96,25.28
Bengaluru,2026-07-27,33.86,15.27,22.84,0.39,1.4,0.88,25.36
Bengaluru,2026-07-28,34.99,15.52,21.82,0.32,1.29,0.83,25.24
Bengaluru,2026-07-29,34.29,14.59,22.07,0.37,1.42,0.92,26.34
Bengaluru,2026-07-30,33.45,14.54,22.73,0.33,1.24,0.95,26.76
Bengaluru,2026-07-31,33.87,14.37,22.93,0.47,1.07,0.82,26.48
Bengaluru,2026-08-01,32.4,14.21,23.73,0.34,1.29,1.05,26.99
Bengaluru,2026-08-02,32.93,15.77,22.48,0.36,1.47,0.92,26.07
Bengaluru,2026-08-03,32.44,14.36,23.42,0.49,1.2,0.84,27.26
Bengaluru,2026-08-04,32.49,14.53,23.06,0.37,1.21,1.06,27.28
Bengaluru,2026-08-05,34.25,15.03,22.59,0.33,1.27,0.91,25.61
Bengaluru,2026-08-06,34.47,14.51,23.16,0.27,1.2,0.94,25.44
Bengaluru,2026-08-07,32.72,14.44,23.61,0.38,1.17,1.03,26.65
Bengaluru,2026-08-08,30.93,14.28,25.1,0.42,1.29,1.0,26.98
Bengaluru,2026-08-09,32.13,14.24,23.25,0.36,1.43,0.95,27.62
Bengaluru,2026-08-10,31.69,14.38,24.22,0.35,1.2,0.8,27.37
Bengaluru,2026-08-11,32.88,14.56,23.15,0.21,1.36,0.83,27.01
Bengaluru,2026-08-12,32.62,14.82,24.22,0.34,0.92,0.9,26.18
Bengaluru,2026-08-13,32.41,14.7,23.1,0.29,1.11,1.0,27.39
Bengaluru,2026-08-14,35.02,13.45,23.12,0.28,1.2,0.96,25.97
Bengaluru,2026-08-15,34.55,14.49,22.21,0.29,1.34,0.78,26.34
Bengaluru,2026-08-16,33.25,14.85,22.25,0.44,1.26,0.91,27.04
Bengaluru,2026-08-17,31.97,14.64,24.0,0.33,1.26,1.14,26.66
Bengaluru,2026-08-18,34.5,14.44,22.42,0.23,1.2,1.08,26.12
Bengaluru,2026-08-19,34.05,14.32,22.45,0.4,1.34,0.86,26.57
Bengaluru,2026-08-20,32.43,14.82,23.6,0.38,1.51,1.19,26.07
Bengaluru,2026-08-21,34.82,14.1,21.91,0.29,1.3,1.33,26.24
Bengaluru,2026-08-22,33.15,14.31,22.58,0.29,1.39,1.04,27.25
Bengaluru,2026-08-23,32.64,14.63,23.3,0.31,1.38,1.06,26.67
Bengaluru,2026-08-24,31.17,14.27,23.73,0.23,1.51,1.2,27.89
Bengaluru,2026-08-25,32.35,13.77,24.41,0.32,1.59,1.06,26.49
Bengaluru,2026-08-26,35.33,15.32,21.62,0.3,1.35,1.01,25.08
Bengaluru,2026-08-27,34.77,14.36,21.69,0.44,1.62,1.12,26.01
Bengaluru,2026-08-28,32.63,14.65,22.71,0.42,1.31,0.94,27.34
Bengaluru,2026-08-29,31.97,14.57,22.65,0.4,1.39,1.18,27.84
Bengaluru,2026-08-30,31.68,15.21,22.17,0.29,1.26,1.32,28.06
Bengaluru,2026-08-31,32.21,13.92,23.43,0.27,1.17,1.24,27.77
Bhopal,2025-01-01,40.75,38.82,8.24,0.21,1.07,2.67,8.24
Bhopal,2025-01-02,42.3,38.69,8.43,0.09,0.86,1.81,7.82
Bhopal,2025-01-03,41.38,38.17,10.65,,0.57,2.54,6.69
Bhopal,2025-01-04,37.28,40.33,10.08,0.19,1.2,2.22,8.7
Bhopal,2025-01-05,40.56,37.77,8.72,0.18,1.17,2.25,9.35
Bhopal,2025-01-06,38.45,37.07,11.32,0.37,1.1,2.39,9.29
Bhopal,2025-01-07,39.69,40.65,8.63,0.1,0.67,1.53,8.72
Bhopal,2025-01-08,37.63,39.22,11.86,0.28,0.56,2.15,8.31
Bhopal,2025-01-09,38.64,40.48,8.65,0.37,0.64,2.94,8.28
Bhopal,2025-01-10,37.91,41.67,10.9,0.37,0.64,1.56,6.96
Bhopal,2025-01-11,43.54,36.81,8.67,0.55,0.83,1.85,7.75
Bhopal,2025-01-12,39.88,36.82,10.47,0.61,0.96,1.66,9.6
Bhopal,2025-01-13,41.82,39.18,9.71,,0.63,1.8,6.86
Bhopal,2025-01-14,37.74,42.15,9.46,0.46,0.92,1.56,7.71
Bhopal,2025-01-15,39.11,40.16,10.15,0.09,1.14,1.57,7.79
Bhopal,2025-01-16,39.59,43.0,7.27,0.18,0.92,1.84,7.18
Bhopal,2025-01-17,41.31,42.45,7.69,0.09,0.87,1.57,6.03
Bhopal,2025-01-18,45.0,37.16,7.84,0.17,1.49,2.15,6.19
Bhopal,2025-01-19,39.1,39.61,10.14,,0.93,2.28,7.94
Bhopal,2025-01-20,39.39,42.58,9.25,0.16,0.48,1.59,6.54
Bhopal,2025-01-21,42.55,37.0,10.57,0.17,0.35,1.82,7.54
Bhopal,2025-01-22,39.71,41.18,9.43,,0.52,2.08,7.09
Bhopal,2025-01-23,41.77,35.49,11.09,0.37,1.02,2.87,7.39
Bhopal,2025-01-24,42.82,39.34,9.05,0.17,0.08,1.99,6.56
Bhopal,2025-01-25,44.9,39.51,7.16,0.17,0.67,1.6,5.98
Bhopal,2025-01-26,45.68,37.97,7.54,0.17,0.85,2.12,5.68
Bhopal,2025-01-27,42.92,39.41,8.63,0.08,1.06,1.63,6.27
Bhopal,2025-01-28,42.71,39.52,8.97,0.43,0.43,1.73,6.21
Bhopal,2025-01-29,40.07,40.17,9.93,0.37,1.39,2.32,5.75
Bhopal,2025-01-30,39.82,40.99,9.74,0.1,1.36,1.56,6.43
Bhopal,2025-01-31,41.6,40.09,8.3,0.57,1.23,2.08,6.13
Bhopal,2025-02-01,39.68,41.46,9.64,0.17,0.76,2.03,6.26
Bhopal,2025-02-02,38.08,43.77,8.7,0.08,0.84,1.76,6.78
Bhopal,2025-02-03,42.31,38.19,9.07,0.18,0.73,2.01,7.51
Bhopal,2025-02-04,41.16,40.71,8.36,0.09,0.44,1.96,7.29
Bhopal,2025-02-05,40.04,39.01,12.44,0.19,0.94,1.12,6.27
Bhopal,2025-02-06,42.04,36.89,10.78,0.2,0.49,2.47,7.12
Bhopal,2025-02-07,41.69,35.96,10.69,0.1,0.49,1.94,9.14
Bhopal,2025-02-08,39.48,39.48,10.21,0.09,1.08,1.9,7.77
Bhopal,2025-02-09,38.27,38.27,11.38,0.18,1.41,2.38,8.11
Bhopal,2025-02-10,41.67,36.32,10.79,0.17,0.6,2.24,8.2
Bhopal,2025-02-11,42.13,38.11,9.3,0.34,0.84,2.09,7.2
Bhopal,2025-02-12,45.26,35.68,8.62,0.26,1.13,1.57,7.48
Bhopal,2025-02-13,40.63,37.86,10.53,0.09,0.65,1.39,8.86
Bhopal,2025-02-14,37.36,39.48,11.81,0.18,0.65,2.86,7.66
Bhopal,2025-02-15,39.22,41.25,9.72,,0.88,1.77,7.16
Bhopal,2025-02-16,41.45,36.45,10.67,0.57,0.47,2.08,8.31
Bhopal,2025-02-17,39.15,39.25,9.71,,0.4,2.28,9.22
Bhopal,2025-02-18,42.22,37.78,9.86,0.1,0.19,2.03,7.83
Bhopal,2025-02-19,43.66,39.06,8.69,0.2,1.33,1.23,5.83
Bhopal,2025-02-20,42.29,36.96,10.08,0.59,0.99,2.57,6.52
Bhopal,2025-02-21,43.76,36.43,8.26,0.31,0.41,1.75,9.08
Bhopal,2025-02-22,40.55,42.37,8.95,0.18,0.27,1.37,6.3
Bhopal,2025-02-23,43.39,38.36,9.47,0.1,1.18,2.07,5.42
Bhopal,2025-02-24,41.25,41.44,9.56,0.38,0.09,2.37,4.92
Bhopal,2025-02-25,39.14,37.92,12.44,0.2,0.92,2.34,7.03
Bhopal,2025-02-26,39.74,43.27,8.45,0.28,0.93,1.86,5.48
Bhopal,2025-02-27,38.92,41.83,9.68,,0.94,1.46,7.18
Bhopal,2025-02-28,36.6,43.5,10.68,0.19,1.07,1.36,6.6
Bhopal,2025-03-01,40.99,38.61,10.47,0.35,0.7,1.76,7.12
Bhopal,2025-03-02,36.6,42.33,12.07,0.3,0.99,1.19,6.53
Bhopal,2025-03-03,39.11,39.3,12.59,0.09,1.04,1.42,6.44
Bhopal,2025-03-04,38.78,39.23,10.48,0.11,1.58,2.03,7.78
Bhopal,2025-03-05,39.87,38.24,11.38,0.43,1.19,2.06,6.83
Bhopal,2025-03-06,39.64,39.94,10.56,0.4,0.5,3.09,5.88
Bhopal,2025-03-07,39.23,42.77,10.01,,0.61,1.82,5.56
Bhopal,2025-03-08,38.96,37.92,13.02,0.42,0.94,1.56,7.19
Bhopal,2025-03-09,36.83,40.36,12.31,,1.25,2.74,6.5
Bhopal,2025-03-10,39.47,37.65,11.82,0.19,1.05,1.53,8.29
Bhopal,2025-03-11,40.02,38.85,10.51,0.21,0.74,2.12,7.54
Bhopal,2025-03-12,40.47,38.72,10.41,0.19,0.49,1.46,8.27
Bhopal,2025-03-13,40.7,36.47,11.59,0.24,0.48,2.66,7.85
Bhopal,2025-03-14,43.96,34.95,9.6,0.36,0.95,1.3,8.89
Bhopal,2025-03-15,38.04,40.28,10.19,0.28,0.84,1.87,8.5
Bhopal,2025-03-16,45.05,35.5,11.65,0.18,1.56,1.74,4.31
Bhopal,2025-03-17,39.78,37.17,14.13,0.28,0.65,1.58,6.41
Bhopal,2025-03-18,37.54,41.19,10.85,0.27,0.62,1.69,7.83
Bhopal,2025-03-19,39.5,37.87,11.99,0.09,0.27,1.17,9.11
Bhopal,2025-03-20,39.86,38.68,12.7,0.59,0.79,1.18,6.2
Bhopal,2025-03-21,40.88,38.45,10.8,0.09,0.65,2.14,6.98
Bhopal,2025-03-22,42.13,38.05,12.43,,0.76,1.14,5.5
Bhopal,2025-03-23,39.25,40.09,12.34,0.47,0.65,2.06,5.14
Bhopal,2025-03-24,42.51,36.34,11.26,0.39,0.69,2.15,6.66
Bhopal,2025-03-25,42.93,36.84,11.2,0.59,0.98,1.47,5.99
Bhopal,2025-03-26,37.59,39.25,13.19,,1.04,1.87,7.06
Bhopal,2025-03-27,38.18,40.97,11.25,,1.34,1.24,7.02
Bhopal,2025-03-28,43.77,36.85,10.33,0.11,0.85,2.24,5.86
Bhopal,2025-03-29,46.0,35.6,9.31,0.33,1.31,2.3,5.15
Bhopal,2025-03-30,43.55,36.31,10.62,0.2,1.19,1.29,6.85
Bhopal,2025-03-31,40.04,41.9,9.81,,0.39,1.57,6.28
Bhopal,2025-04-01,41.27,37.19,12.02,0.23,1.02,1.7,6.58
Bhopal,2025-04-02,38.35,39.89,11.32,,0.44,1.98,8.02
Bhopal,2025-04-03,42.03,36.79,11.87,,0.86,2.14,6.31
Bhopal,2025-04-04,40.45,40.55,9.5,0.53,0.64,2.45,5.87
Bhopal,2025-04-05,38.24,42.58,11.33,0.32,0.42,2.65,4.45
Bhopal,2025-04-06,40.02,39.83,10.7,0.19,0.39,1.83,7.04
Bhopal,2025-04-07,41.14,40.1,10.88,0.21,0.41,2.07,5.18
Bhopal,2025-04-08,39.53,38.15,12.86,0.32,0.43,2.13,6.59
Bhopal,2025-04-09,40.78,37.75,13.14,0.1,0.29,1.47,6.47
Bhopal,2025-04-10,40.25,37.99,12.73,,0.62,1.75,6.67
Bhopal,2025-04-11,43.12,37.66,11.6,0.11,0.91,1.25,5.35
Bhopal,2025-04-12,42.05,36.49,12.53,0.22,0.44,1.96,6.32
Bhopal,2025-04-13,42.33,36.8,11.75,0.29,1.26,2.14,5.44
Bhopal,2025-04-14,41.04,38.65,11.71,,0.62,2.28,5.7
Bhopal,2025-04-15,42.86,35.94,11.18,,1.04,2.53,6.45
Bhopal,2025-04-16,43.34,36.57,10.81,0.11,0.98,1.86,6.33
Bhopal,2025-04-17,41.66,37.51,11.78,0.33,0.22,2.29,6.22
Bhopal,2025-04-18,37.3,38.4,13.8,0.7,0.8,1.8,7.2
Bhopal,2025-04-19,39.71,37.29,11.98,0.19,0.77,1.74,8.31
Bhopal,2025-04-20,42.5,33.58,11.44,0.38,0.94,0.94,10.23
Bhopal,2025-04-21,39.4,34.62,11.54,0.28,0.84,2.25,11.07
Bhopal,2025-04-22,39.17,37.96,11.54,,0.71,2.13,8.5
Bhopal,2025-04-23,40.67,33.09,13.38,0.11,0.84,1.69,10.22
Bhopal,2025-04-24,41.37,35.84,12.61,0.33,0.44,1.55,7.85
Bhopal,2025-04-25,42.08,34.02,12.09,0.2,0.49,2.36,8.75
Bhopal,2025-04-26,40.06,37.21,12.23,,0.71,1.33,8.46
Bhopal,2025-04-27,34.78,35.94,12.17,0.19,0.77,3.0,13.14
Bhopal,2025-04-28,41.43,38.7,11.57,,0.74,1.89,5.68
Bhopal,2025-04-29,42.99,36.14,12.23,,0.34,1.8,6.51
Bhopal,2025-04-30,38.42,35.89,14.53,,1.68,1.79,7.68
Bhopal,2025-05-01,37.27,36.98,12.78,0.29,0.67,2.69,9.32
Bhopal,2025-05-02,33.06,39.24,12.65,0.18,0.92,2.77,11.17
Bhopal,2025-05-03,35.34,43.05,11.37,0.28,0.38,1.5,8.08
Bhopal,2025-05-04,37.32,35.6,12.73,0.1,0.77,2.01,11.48
Bhopal,2025-05-05,37.61,36.4,13.75,,0.61,1.72,9.91
Bhopal,2025-05-06,38.27,36.05,13.42,0.21,1.06,2.75,8.25
Bhopal,2025-05-07,40.66,35.8,13.59,0.55,0.88,1.22,7.29
Bhopal,2025-05-08,40.09,35.16,15.68,,1.12,1.9,6.05
Bhopal,2025-05-09,36.01,39.43,14.4,0.12,0.83,1.89,7.32
Bhopal,2025-05-10,40.02,36.9,13.82,,0.78,1.23,7.25
Bhopal,2025-05-11,37.54,36.15,14.98,0.09,1.13,2.35,7.75
Bhopal,2025-05-12,41.68,35.01,13.34,0.09,0.69,1.47,7.71
Bhopal,2025-05-13,39.03,36.92,12.25,0.18,0.62,1.59,9.43
Bhopal,2025-05-14,36.31,38.21,14.04,0.35,0.78,2.25,8.06
Bhopal,2025-05-15,36.96,39.59,14.07,0.19,0.75,1.78,6.66
Bhopal,2025-05-16,38.83,39.24,12.54,0.32,0.89,1.7,6.47
Bhopal,2025-05-17,44.04,34.15,13.27,0.08,0.85,1.52,6.09
Bhopal,2025-05-18,38.0,35.44,13.04,0.24,1.04,2.72,9.52
Bhopal,2025-05-19,40.59,36.32,13.22,0.08,1.26,2.26,6.28
Bhopal,2025-05-20,40.55,37.9,12.44,0.34,1.28,1.53,5.96
Bhopal,2025-05-21,42.39,35.25,12.38,0.17,0.86,1.03,7.91
Bhopal,2025-05-22,42.45,36.29,12.39,0.24,1.28,1.36,6.0
Bhopal,2025-05-23,40.37,39.1,11.27,0.3,0.82,1.19,6.94
Bhopal,2025-05-24,39.44,35.6,14.57,0.41,0.98,2.13,6.87
Bhopal,2025-05-25,35.45,38.25,13.47,0.4,1.6,2.25,8.58
Bhopal,2025-05-26,40.1,36.1,14.51,0.08,0.98,1.47,6.76
Bhopal,2025-05-27,37.98,36.75,14.68,0.08,0.82,1.89,7.79
Bhopal,2025-05-28,38.85,36.96,13.21,0.09,0.86,2.06,7.98
Bhopal,2025-05-29,38.82,36.06,11.78,0.37,1.38,2.76,8.83
Bhopal,2025-05-30,36.46,35.27,11.76,0.08,0.87,1.83,13.74
Bhopal,2025-05-31,39.95,34.59,14.4,0.26,1.58,2.11,7.11
Bhopal,2025-06-01,39.26,34.01,11.55,0.08,0.97,1.94,12.2
Bhopal,2025-06-02,42.65,35.57,12.7,0.36,0.82,1.18,6.72
Bhopal,2025-06-03,33.91,33.84,12.41,0.08,0.91,0.98,17.87
Bhopal,2025-06-04,42.46,37.54,10.64,0.3,0.39,1.28,7.39
Bhopal,2025-06-05,38.17,37.72,13.51,0.36,0.73,1.45,8.07
Bhopal,2025-06-06,41.77,35.13,13.63,0.09,0.44,2.21,6.73
Bhopal,2025-06-07,38.1,38.87,11.9,0.26,0.94,1.71,8.22
Bhopal,2025-06-08,40.57,35.21,13.76,0.18,0.54,1.88,7.86
Bhopal,2025-06-09,41.02,36.56,11.72,0.47,1.12,2.33,6.79
Bhopal,2025-06-10,38.08,38.7,13.08,0.18,0.27,2.58,7.12
Bhopal,2025-06-11,39.95,36.89,13.64,0.18,0.99,0.99,7.36
Bhopal,2025-06-12,43.04,35.29,12.43,0.2,1.29,2.19,5.57
Bhopal,2025-06-13,36.53,36.43,15.21,0.39,1.36,1.84,8.24
Bhopal,2025-06-14,41.88,35.45,12.87,0.09,1.03,2.15,6.53
Bhopal,2025-06-15,40.25,37.89,13.85,,1.04,1.7,5.28
Bhopal,2025-06-16,40.46,36.87,13.18,0.28,0.92,1.38,6.91
Bhopal,2025-06-17,42.34,36.81,12.73,0.09,0.28,2.21,5.54
Bhopal,2025-06-18,41.56,38.62,10.62,,0.81,1.52,6.88
Bhopal,2025-06-19,40.11,37.86,13.76,0.18,0.81,1.35,5.94
Bhopal,2025-06-20,39.98,38.67,14.23,,0.47,1.87,4.78
Bhopal,2025-06-21,42.15,38.74,12.13,0.09,0.87,1.83,4.19
Bhopal,2025-06-22,39.27,41.35,11.33,0.17,1.04,1.82,5.02
Bhopal,2025-06-23,39.68,38.38,13.85,,0.56,1.95,5.58
Bhopal,2025-06-24,37.3,37.75,14.43,,1.0,2.27,7.26
Bhopal,2025-06-25,43.6,36.78,12.8,0.19,0.57,1.52,4.55
Bhopal,2025-06-26,36.7,37.52,15.21,0.36,1.37,1.55,7.29
Bhopal,2025-06-27,41.75,35.71,14.88,,0.85,2.21,4.59
Bhopal,2025-06-28,38.64,39.08,12.68,,1.14,1.85,6.6
Bhopal,2025-06-29,37.5,38.64,14.69,0.08,0.97,1.7,6.41
Bhopal,2025-06-30,37.07,38.37,15.94,0.09,0.74,2.04,5.75
Bhopal,2025-07-01,37.0,38.61,15.58,0.34,0.76,1.69,6.01
Bhopal,2025-07-02,37.45,38.84,13.99,0.09,0.87,1.91,6.86
Bhopal,2025-07-03,37.03,32.66,20.17,0.26,0.61,2.18,7.07
Bhopal,2025-07-04,37.01,37.51,13.7,0.33,1.25,2.34,7.85
Bhopal,2025-07-05,39.37,36.67,13.68,0.09,1.05,2.44,6.71
Bhopal,2025-07-06,38.51,37.09,13.84,0.09,0.62,2.22,7.63
Bhopal,2025-07-07,35.04,38.78,16.7,,0.78,3.91,4.78
Bhopal,2025-07-08,40.66,37.1,13.99,0.26,0.96,1.65,5.39
Bhopal,2025-07-09,38.12,38.3,14.44,0.18,1.08,2.87,5.02
Bhopal,2025-07-10,39.28,37.85,13.54,0.08,0.34,1.93,6.98
Bhopal,2025-07-11,38.46,38.8,14.19,,0.85,1.88,5.81
Bhopal,2025-07-12,41.58,35.96,14.25,0.25,1.26,2.1,4.61
Bhopal,2025-07-13,41.79,37.86,12.56,0.34,1.26,1.09,5.11
Bhopal,2025-07-14,38.73,39.41,13.25,0.17,1.18,2.11,5.15
Bhopal,2025-07-15,42.61,36.53,12.26,0.16,0.65,2.03,5.76
Bhopal,2025-07-16,42.69,36.61,13.32,0.23,0.46,1.75,4.95
Bhopal,2025-07-17,40.75,37.07,13.44,0.29,0.87,2.17,5.42
Bhopal,2025-07-18,42.49,36.85,13.44,,0.51,1.66,5.06
Bhopal,2025-07-19,40.43,36.24,13.76,0.42,1.4,1.47,6.28
Bhopal,2025-07-20,38.34,37.6,14.15,0.07,0.74,2.29,6.81
Bhopal,2025-07-21,38.81,36.52,15.56,0.37,0.89,2.0,5.85
Bhopal,2025-07-22,40.15,37.99,13.48,0.21,0.7,2.16,5.31
Bhopal,2025-07-23,41.0,39.03,12.7,0.07,0.56,1.2,5.43
Bhopal,2025-07-24,40.81,37.97,13.18,0.07,0.68,2.3,5.0
Bhopal,2025-07-25,48.88,33.24,10.2,0.27,0.34,2.04,5.03
Bhopal,2025-07-26,41.14,36.29,12.81,0.19,0.91,2.13,6.53
Bhopal,2025-07-27,39.68,38.42,13.3,0.28,0.77,1.82,5.74
Bhopal,2025-07-28,39.63,38.91,13.69,0.2,0.99,1.71,4.87
Bhopal,2025-07-29,42.08,36.32,13.4,0.14,0.56,2.64,4.86
Bhopal,2025-07-30,40.12,39.07,13.77,0.3,0.3,1.57,4.87
Bhopal,2025-07-31,37.88,39.82,14.44,0.24,0.73,1.38,5.52
Bhopal,2025-08-01,37.79,39.11,14.44,0.25,0.5,1.57,6.35
Bhopal,2025-08-02,40.63,39.76,12.57,0.08,0.79,1.26,4.9
Bhopal,2025-08-03,39.31,39.47,13.5,0.24,0.88,1.21,5.39
Bhopal,2025-08-04,42.73,37.21,13.32,0.08,0.46,1.53,4.67
Bhopal,2025-08-05,43.83,36.48,12.97,0.23,0.63,1.33,4.53
Bhopal,2025-08-06,37.58,40.76,13.71,0.23,1.06,1.74,4.92
Bhopal,2025-08-07,40.8,38.5,12.06,,0.97,1.04,6.63
Bhopal,2025-08-08,38.71,40.71,12.83,0.31,1.38,2.38,3.69
Bhopal,2025-08-09,39.06,40.43,12.66,0.14,0.65,1.73,5.32
Bhopal,2025-08-10,39.27,39.53,12.16,,0.86,1.59,6.58
Bhopal,2025-08-11,39.92,39.31,12.06,0.41,1.23,2.04,5.04
Bhopal,2025-08-12,41.39,37.23,13.0,0.33,0.73,1.98,5.35
Bhopal,2025-08-13,43.81,35.09,12.66,0.14,0.55,2.21,5.54
Bhopal,2025-08-14,40.27,38.85,12.72,0.3,1.05,2.17,4.64
Bhopal,2025-08-15,42.93,37.17,10.08,0.26,1.05,2.23,6.28
Bhopal,2025-08-16,39.91,39.24,13.76,0.25,0.37,1.6,4.87
Bhopal,2025-08-17,40.81,38.07,13.27,0.22,0.72,1.51,5.41
Bhopal,2025-08-18,42.49,37.14,12.64,,0.43,1.73,5.56
Bhopal,2025-08-19,41.69,38.62,12.05,0.15,0.6,1.27,5.61
Bhopal,2025-08-20,40.03,39.01,12.74,0.87,0.8,1.6,4.95
Bhopal,2025-08-21,44.33,37.37,10.56,0.07,1.27,2.25,4.15
Bhopal,2025-08-22,42.14,40.9,9.99,0.29,0.44,2.64,3.6
Bhopal,2025-08-23,37.25,39.71,13.31,,0.49,2.87,6.37
Bhopal,2025-08-24,41.0,37.42,12.61,0.07,0.91,2.59,5.4
Bhopal,2025-08-25,40.35,39.19,13.09,0.43,1.08,1.88,3.98
Bhopal,2025-08-26,42.38,39.66,11.73,0.15,0.44,1.47,4.18
Bhopal,2025-08-27,40.0,42.13,10.65,,0.84,1.22,5.17
Bhopal,2025-08-28,38.24,41.38,12.96,,0.97,2.09,4.35
Bhopal,2025-08-29,41.65,38.06,14.02,0.41,0.16,1.96,3.75
Bhopal,2025-08-30,39.98,38.5,13.33,0.23,0.55,1.79,5.61
Bhopal,2025-08-31,40.06,37.28,13.88,0.08,0.9,2.85,4.95
Bhopal,2025-09-01,37.6,41.95,11.92,0.32,0.72,1.69,5.8
Bhopal,2025-09-02,39.23,41.5,12.32,0.23,0.83,1.66,4.23
Bhopal,2025-09-03,44.17,43.44,7.28,0.16,0.47,1.51,2.97
Bhopal,2025-09-04,47.96,38.61,8.29,0.13,0.26,1.58,3.16
Bhopal,2025-09-05,38.65,45.52,10.29,0.15,0.81,1.48,3.11
Bhopal,2025-09-06,43.21,41.69,9.31,0.14,0.56,1.16,3.94
Bhopal,2025-09-07,43.21,43.06,7.86,0.15,0.35,0.95,4.43
Bhopal,2025-09-08,42.6,44.1,7.7,0.11,0.32,1.56,3.61
Bhopal,2025-09-09,38.27,45.73,10.27,0.23,0.8,1.09,3.61
Bhopal,2025-09-10,37.87,45.06,10.78,0.18,0.54,1.74,3.83
Bhopal,2025-09-11,41.48,42.72,10.62,0.25,0.43,1.36,3.15
Bhopal,2025-09-12,40.8,42.5,9.36,0.06,1.14,1.2,4.93
Bhopal,2025-09-13,39.4,42.51,11.04,0.38,0.82,1.65,4.19
Bhopal,2025-09-14,37.21,38.99,9.34,0.44,0.5,1.17,12.35
Bhopal,2025-09-15,41.82,41.49,9.55,0.11,1.12,1.4,4.52
Bhopal,2025-09-16,44.17,41.91,8.09,0.12,0.36,1.49,3.86
Bhopal,2025-09-17,40.97,42.92,9.18,0.06,0.91,1.28,4.68
Bhopal,2025-09-18,42.42,43.55,8.31,,0.84,1.4,3.48
Bhopal,2025-09-19,41.46,41.41,10.15,0.12,0.63,1.1,5.13
Bhopal,2025-09-20,43.99,42.25,7.39,0.31,0.71,1.17,4.18
Bhopal,2025-09-21,42.24,41.08,6.79,,0.83,0.95,8.11
Bhopal,2025-09-22,44.19,45.16,6.5,,0.43,1.14,2.57
Bhopal,2025-09-23,43.57,44.34,7.5,0.16,0.61,0.74,3.07
Bhopal,2025-09-24,40.24,45.61,8.39,0.09,0.48,1.0,4.19
Bhopal,2025-09-25,42.75,43.66,7.43,0.05,0.5,1.19,4.42
Bhopal,2025-09-26,40.91,44.03,8.3,0.14,1.06,0.67,4.89
Bhopal,2025-09-27,39.19,45.54,9.17,0.2,1.06,1.21,3.63
Bhopal,2025-09-28,36.28,40.08,9.21,0.09,0.87,1.1,12.37
Bhopal,2025-09-29,41.38,42.81,9.09,0.05,0.48,1.59,4.6
Bhopal,2025-09-30,42.65,43.25,9.13,0.05,0.55,0.55,3.81
Bhopal,2025-10-01,41.27,43.56,9.9,,0.71,1.2,3.37
Bhopal,2025-10-02,42.55,41.93,9.28,0.15,0.72,1.03,4.33
Bhopal,2025-10-03,42.19,43.78,8.9,0.05,0.58,0.97,3.53
Bhopal,2025-10-04,44.27,41.37,8.41,0.14,0.77,1.16,3.87
Bhopal,2025-10-05,43.08,43.28,8.1,0.15,0.74,1.13,3.53
Bhopal,2025-10-06,43.33,44.02,7.87,0.15,0.24,0.59,3.81
Bhopal,2025-10-07,42.41,43.61,8.84,0.1,0.35,1.0,3.7
Bhopal,2025-10-08,40.22,43.87,9.98,0.4,0.51,0.97,4.05
Bhopal,2025-10-09,43.89,41.97,8.62,0.11,0.39,1.01,4.0
Bhopal,2025-10-10,42.03,43.7,8.16,,0.74,1.55,3.83
Bhopal,2025-10-11,43.43,43.55,7.62,,0.42,1.68,3.3
Bhopal,2025-10-12,41.65,44.19,8.32,,0.88,1.95,3.01
Bhopal,2025-10-13,45.21,40.84,9.77,0.13,0.19,1.2,2.66
Bhopal,2025-10-14,41.68,40.97,10.76,0.19,0.45,0.96,4.99
Bhopal,2025-10-15,41.39,42.26,10.97,0.12,0.5,1.18,3.59
Bhopal,2025-10-16,43.55,42.02,8.92,0.14,0.35,1.95,3.07
Bhopal,2025-10-17,43.01,39.88,10.12,0.51,0.51,1.53,4.44
Bhopal,2025-10-18,44.31,40.84,8.18,0.13,0.52,1.37,4.65
Bhopal,2025-10-19,44.94,40.65,9.42,0.07,0.35,1.18,3.39
Bhopal,2025-10-20,45.35,40.83,7.74,0.09,0.37,1.84,3.78
Bhopal,2025-10-21,41.6,42.16,8.58,0.12,0.62,0.99,5.93
Bhopal,2025-10-22,40.16,42.78,9.57,0.12,0.85,0.98,5.55
Bhopal,2025-10-23,41.08,43.07,9.89,0.12,0.41,1.35,4.1
Bhopal,2025-10-24,41.91,40.37,10.75,0.11,1.03,0.97,4.86
Bhopal,2025-10-25,38.49,43.22,12.72,0.17,0.45,1.41,3.55
Bhopal,2025-10-26,38.53,44.75,10.91,0.18,0.65,1.17,3.81
Bhopal,2025-10-27,41.2,41.39,11.42,0.13,0.38,0.96,4.53
Bhopal,2025-10-28,42.19,39.84,12.65,0.34,0.47,0.94,3.57
Bhopal,2025-10-29,39.42,42.68,12.36,0.21,0.43,1.07,3.84
Bhopal,2025-10-30,39.33,40.68,12.59,0.21,1.07,1.49,4.62
Bhopal,2025-10-31,41.04,41.64,11.63,,1.13,1.05,3.53
Bhopal,2025-11-01,39.35,39.86,12.85,,0.43,1.59,5.92
Bhopal,2025-11-02,39.44,41.75,11.94,0.07,0.65,1.3,4.85
Bhopal,2025-11-03,41.02,40.87,12.49,0.3,0.37,1.18,3.77
Bhopal,2025-11-04,44.4,43.1,7.79,0.16,0.49,1.03,3.03
Bhopal,2025-11-05,41.53,42.65,11.14,,0.47,0.71,3.5
Bhopal,2025-11-06,39.9,44.63,9.53,0.14,0.35,1.62,3.81
Bhopal,2025-11-07,41.02,43.52,10.52,,0.43,1.36,3.15
Bhopal,2025-11-08,44.62,39.73,9.63,0.14,0.85,1.42,3.61
Bhopal,2025-11-09,41.05,40.97,12.19,0.08,0.39,1.16,4.17
Bhopal,2025-11-10,40.9,38.95,13.41,0.15,0.6,1.27,4.72
Bhopal,2025-11-11,42.83,39.13,11.94,0.25,0.99,0.99,3.87
Bhopal,2025-11-12,41.71,40.86,10.72,0.08,0.15,1.0,5.47
Bhopal,2025-11-13,41.85,41.53,11.22,,0.48,1.43,3.5
Bhopal,2025-11-14,37.58,40.78,14.16,0.09,0.45,0.8,6.14
Bhopal,2025-11-15,45.94,38.5,10.06,,0.28,1.1,4.13
Bhopal,2025-11-16,44.62,38.61,10.11,0.15,0.66,1.68,4.18
Bhopal,2025-11-17,40.57,40.07,12.3,0.25,0.5,1.08,5.24
Bhopal,2025-11-18,40.33,40.99,11.69,,0.66,1.73,4.61
Bhopal,2025-11-19,42.57,38.29,12.92,0.09,0.37,1.77,4.0
Bhopal,2025-11-20,41.76,40.77,10.39,0.09,0.63,1.79,4.57
Bhopal,2025-11-21,39.16,43.9,11.5,,0.53,1.23,3.69
Bhopal,2025-11-22,41.39,43.49,9.24,0.17,0.34,1.01,4.37
Bhopal,2025-11-23,40.41,42.7,11.15,0.16,0.33,1.64,3.61
Bhopal,2025-11-24,37.95,37.71,16.17,0.23,0.47,1.94,5.52
Bhopal,2025-11-25,45.03,44.95,6.45,0.28,0.51,0.98,1.81
Bhopal,2025-11-26,43.05,46.43,6.75,0.06,0.23,1.13,2.36
Bhopal,2025-11-27,42.86,43.56,8.46,0.38,0.32,1.15,3.27
Bhopal,2025-11-28,43.77,40.94,9.17,,0.22,1.19,4.7
Bhopal,2025-11-29,39.1,43.16,11.43,0.15,0.83,1.88,3.46
Bhopal,2025-11-30,38.77,39.95,14.13,0.25,0.67,1.09,5.13
Bhopal,2025-12-01,42.64,40.95,10.58,,0.84,1.15,3.83
Bhopal,2025-12-02,38.51,41.61,13.4,0.37,0.66,1.18,4.27
Bhopal,2025-12-03,40.21,41.18,12.73,0.22,0.45,0.89,4.32
Bhopal,2025-12-04,37.88,43.25,12.16,0.15,0.97,0.97,4.62
Bhopal,2025-12-05,37.33,44.44,11.92,0.14,0.79,1.36,4.02
Bhopal,2025-12-06,40.74,43.79,10.86,0.14,0.57,1.35,2.56
Bhopal,2025-12-07,38.57,44.41,12.09,,0.56,0.83,3.54
Bhopal,2025-12-08,35.25,46.43,10.82,0.15,0.22,1.91,5.22
Bhopal,2025-12-09,37.74,42.0,11.23,0.22,1.1,2.06,5.65
Bhopal,2025-12-10,38.45,45.11,8.88,0.07,0.76,2.43,4.3
Bhopal,2025-12-11,37.69,42.6,12.42,0.07,0.58,1.52,5.13
Bhopal,2025-12-12,37.98,43.58,12.28,0.07,0.43,1.36,4.31
Bhopal,2025-12-13,36.78,43.81,12.38,0.22,0.87,1.52,4.42
Bhopal,2025-12-14,38.47,42.43,11.25,0.14,0.69,1.6,5.42
Bhopal,2025-12-15,39.78,39.28,12.39,,0.93,1.67,5.95
Bhopal,2025-12-16,37.54,43.84,11.07,0.15,0.51,1.76,5.13
Bhopal,2025-12-17,38.96,42.29,10.72,0.14,1.09,1.16,5.65
Bhopal,2025-12-18,40.18,40.33,11.55,,0.99,1.63,5.32
Bhopal,2025-12-19,38.89,40.06,12.53,0.14,0.62,1.72,6.06
Bhopal,2025-12-20,40.61,41.13,12.84,0.15,0.52,0.59,4.16
Bhopal,2025-12-21,37.7,42.8,12.16,0.27,0.61,1.36,5.1
Bhopal,2025-12-22,40.74,40.6,11.56,0.07,0.56,1.53,4.94
Bhopal,2025-12-23,37.73,44.37,11.11,,0.52,1.72,4.55
Bhopal,2025-12-24,39.27,41.89,12.22,,0.29,1.38,4.95
Bhopal,2025-12-25,40.35,39.05,12.54,0.07,0.58,1.51,5.91
Bhopal,2025-12-26,39.63,38.81,15.48,0.22,0.59,1.7,3.56
Bhopal,2025-12-27,40.64,38.23,13.43,0.14,1.2,1.98,4.38
Bhopal,2025-12-28,37.61,43.31,12.22,0.14,0.55,0.75,5.42
Bhopal,2025-12-29,38.98,40.87,12.46,,1.05,2.17,4.48
Bhopal,2025-12-30,37.5,41.94,13.63,0.15,0.68,1.88,4.22
Bhopal,2025-12-31,40.32,39.1,12.24,0.23,0.77,2.98,4.36
Bhopal,2026-01-01,42.46,40.43,10.43,0.07,0.65,1.88,4.06
Bhopal,2026-01-02,41.02,40.96,12.08,0.13,0.71,1.23,3.88
Bhopal,2026-01-03,39.13,41.18,13.33,0.12,0.5,2.31,3.43
Bhopal,2026-01-04,41.45,39.1,11.56,0.07,0.69,2.01,5.12
Bhopal,2026-01-05,39.74,40.13,13.95,0.11,0.83,1.28,3.95
Bhopal,2026-01-06,41.28,39.13,13.9,0.24,0.9,1.26,3.3
Bhopal,2026-01-07,39.28,43.0,11.81,0.06,0.67,1.83,3.35
Bhopal,2026-01-08,39.94,41.56,12.27,,0.32,1.62,4.29
Bhopal,2026-01-09,38.48,40.67,13.77,0.13,0.97,1.35,4.63
Bhopal,2026-01-10,42.34,38.05,12.99,0.19,0.32,2.27,3.83
Bhopal,2026-01-11,41.96,40.34,10.57,0.06,0.84,1.95,4.28
Bhopal,2026-01-12,37.37,43.04,11.97,0.14,0.48,1.8,5.19
Bhopal,2026-01-13,41.99,44.98,8.72,0.05,0.33,1.0,2.94
Bhopal,2026-01-14,41.86,43.36,10.48,0.16,0.32,1.07,2.74
Bhopal,2026-01-15,41.26,40.22,11.7,0.06,0.65,0.78,5.33
Bhopal,2026-01-16,38.3,43.7,12.99,0.13,0.59,1.25,3.03
Bhopal,2026-01-17,38.27,45.12,11.31,0.06,0.71,0.9,3.62
Bhopal,2026-01-18,40.33,42.59,10.63,0.14,0.62,0.96,4.73
Bhopal,2026-01-19,37.15,44.57,11.92,0.13,0.86,1.32,4.04
Bhopal,2026-01-20,42.72,41.92,9.14,0.12,1.0,1.37,3.73
Bhopal,2026-01-21,39.73,40.07,13.67,0.13,0.2,1.41,4.78
Bhopal,2026-01-22,39.56,41.2,11.9,0.21,0.86,1.28,4.99
Bhopal,2026-01-23,40.03,41.02,11.8,0.13,0.6,1.99,4.44
Bhopal,2026-01-24,39.91,42.33,10.63,0.07,0.67,1.95,4.44
Bhopal,2026-01-25,42.62,40.44,10.19,0.13,0.4,1.79,4.43
Bhopal,2026-01-26,44.5,40.82,8.73,0.18,0.3,1.37,4.1
Bhopal,2026-01-27,42.25,41.99,9.59,0.25,0.83,1.46,3.62
Bhopal,2026-01-28,44.56,40.6,10.07,0.13,0.34,1.54,2.75
Bhopal,2026-01-29,40.68,40.26,12.68,0.35,0.21,1.04,4.78
Bhopal,2026-01-30,37.69,44.22,11.49,0.07,0.43,1.87,4.24
Bhopal,2026-01-31,38.66,41.83,12.31,0.36,0.65,2.09,4.1
Bhopal,2026-02-01,38.94,40.99,12.85,0.07,0.79,1.46,4.9
Bhopal,2026-02-02,37.99,43.51,12.46,0.15,0.6,1.49,3.81
Bhopal,2026-02-03,38.86,43.78,12.12,,0.55,1.17,3.52
Bhopal,2026-02-04,40.2,41.03,12.46,0.08,1.08,1.41,3.74
Bhopal,2026-02-05,39.51,42.03,11.37,,0.99,1.37,4.73
Bhopal,2026-02-06,38.63,42.93,12.75,0.08,0.54,1.38,3.69
Bhopal,2026-02-07,41.21,42.56,12.03,0.14,0.5,0.57,2.99
Bhopal,2026-02-08,38.42,44.23,12.2,0.15,0.51,0.94,3.56
Bhopal,2026-02-09,39.07,44.86,10.79,0.07,0.36,0.64,4.21
Bhopal,2026-02-10,40.89,41.25,11.18,0.36,0.94,0.65,4.72
Bhopal,2026-02-11,41.06,40.64,10.85,0.21,0.28,1.99,4.96
Bhopal,2026-02-12,39.87,41.43,12.32,0.07,0.64,0.71,4.96
Bhopal,2026-02-13,38.26,44.3,10.89,0.15,0.6,0.89,4.92
Bhopal,2026-02-14,41.38,43.14,9.5,0.21,0.21,1.9,3.66
Bhopal,2026-02-15,36.01,40.0,10.7,0.13,0.53,1.2,11.43
Bhopal,2026-02-16,38.77,42.93,11.49,0.43,0.57,1.08,4.74
Bhopal,2026-02-17,39.14,43.79,12.59,0.24,0.48,0.72,3.04
Bhopal,2026-02-18,40.37,41.82,11.24,0.06,0.32,1.33,4.86
Bhopal,2026-02-19,39.66,43.23,10.64,0.07,0.67,1.35,4.38
Bhopal,2026-02-20,41.69,43.5,9.89,0.19,0.37,1.12,3.24
Bhopal,2026-02-21,42.94,40.84,10.72,0.14,0.2,1.7,3.46
Bhopal,2026-02-22,34.7,40.4,15.27,0.11,0.74,1.77,7.01
Bhopal,2026-02-23,40.05,41.49,12.04,0.13,0.46,1.24,4.58
Bhopal,2026-02-24,38.58,42.98,12.0,0.07,0.81,1.22,4.34
Bhopal,2026-02-25,39.87,40.84,12.04,0.07,0.9,1.5,4.79
Bhopal,2026-02-26,37.84,37.9,11.65,0.41,0.28,1.31,10.61
Bhopal,2026-02-27,38.65,39.74,13.48,0.39,0.62,1.24,5.89
Bhopal,2026-02-28,38.71,39.51,14.37,0.16,0.48,2.31,4.47
Bhopal,2026-03-01,38.09,40.5,10.94,0.47,0.54,2.09,7.37
Bhopal,2026-03-02,41.7,39.37,11.55,0.08,0.72,1.76,4.81
Bhopal,2026-03-03,39.27,37.9,14.22,,0.77,2.47,5.37
Bhopal,2026-03-04,36.01,41.11,12.49,0.18,0.46,2.92,6.84
Bhopal,2026-03-05,34.01,38.43,12.13,,0.3,2.02,13.11
Bhopal,2026-03-06,40.33,38.0,13.21,0.17,0.6,2.59,5.09
Bhopal,2026-03-07,37.78,41.18,12.3,0.16,0.16,3.64,4.77
Bhopal,2026-03-08,32.5,36.48,10.2,0.25,0.58,1.41,18.57
Bhopal,2026-03-09,43.16,40.1,10.11,,0.52,1.13,4.97
Bhopal,2026-03-10,40.18,41.08,11.57,0.08,0.41,1.63,5.05
Bhopal,2026-03-11,37.92,43.26,11.21,0.18,0.44,2.19,4.82
Bhopal,2026-03-12,40.81,39.35,13.98,0.08,0.49,1.71,3.58
Bhopal,2026-03-13,39.25,41.35,11.89,0.09,0.96,1.75,4.72
Bhopal,2026-03-14,39.64,41.22,11.61,0.3,0.68,1.81,4.75
Bhopal,2026-03-15,39.79,40.53,13.36,,0.3,1.63,4.38
Bhopal,2026-03-16,37.03,42.42,12.73,0.08,1.09,1.33,5.31
Bhopal,2026-03-17,36.95,40.15,14.2,,0.45,2.01,6.25
Bhopal,2026-03-18,43.79,36.64,12.33,0.34,0.43,2.59,3.88
Bhopal,2026-03-19,41.85,41.16,10.73,0.15,0.54,1.7,3.86
Bhopal,2026-03-20,42.61,38.15,12.01,0.24,0.57,2.11,4.3
Bhopal,2026-03-21,41.21,41.42,11.48,0.07,0.51,1.53,3.78
Bhopal,2026-03-22,42.48,40.0,11.02,0.22,0.36,1.53,4.38
Bhopal,2026-03-23,41.03,39.06,12.64,0.08,0.68,2.35,4.16
Bhopal,2026-03-24,40.25,40.18,12.7,0.22,0.59,2.07,3.99
Bhopal,2026-03-25,41.86,38.05,13.58,,0.48,1.67,4.37
Bhopal,2026-03-26,39.62,41.86,12.21,0.25,0.33,0.58,5.15
Bhopal,2026-03-27,41.45,40.79,11.27,0.08,0.49,0.99,4.93
Bhopal,2026-03-28,34.78,43.94,14.59,0.17,0.59,1.27,4.66
Bhopal,2026-03-29,41.52,37.37,14.88,0.35,0.78,2.16,2.94
Bhopal,2026-03-30,39.71,40.39,13.15,0.08,0.59,0.84,5.23
Bhopal,2026-03-31,35.29,42.99,14.76,0.09,0.27,1.19,5.41
Bhopal,2026-04-01,35.34,42.55,14.71,0.28,0.37,1.76,5.0
Bhopal,2026-04-02,39.79,41.31,12.35,,0.19,1.61,4.75
Bhopal,2026-04-03,36.5,41.79,12.77,0.55,0.91,2.19,5.29
Bhopal,2026-04-04,39.57,40.11,12.83,0.27,0.18,2.08,4.97
Bhopal,2026-04-05,36.97,41.19,14.77,0.09,0.18,1.56,5.23
Bhopal,2026-04-06,35.29,42.29,13.91,0.47,0.95,1.7,5.39
Bhopal,2026-04-07,39.59,38.78,14.9,0.1,0.41,0.82,5.41
Bhopal,2026-04-08,38.19,39.19,14.38,,0.79,1.88,5.56
Bhopal,2026-04-09,39.09,37.9,14.88,0.2,1.09,2.08,4.76
Bhopal,2026-04-10,40.5,40.31,12.95,,0.46,2.2,3.58
Bhopal,2026-04-11,37.15,40.42,14.73,,0.58,1.35,5.77
Bhopal,2026-04-12,37.51,38.35,14.76,0.09,1.39,2.23,5.66
Bhopal,2026-04-13,39.94,38.53,15.09,0.1,0.2,1.21,4.93
Bhopal,2026-04-14,34.7,38.89,15.92,0.1,0.57,2.19,7.63
Bhopal,2026-04-15,38.88,39.17,14.02,0.1,1.06,1.45,5.32
Bhopal,2026-04-16,38.42,40.0,12.87,0.4,0.4,1.68,6.24
Bhopal,2026-04-17,37.97,39.79,14.38,0.38,0.67,2.01,4.79
Bhopal,2026-04-18,40.04,40.34,12.39,,0.4,1.68,5.15
Bhopal,2026-04-19,39.52,39.42,13.14,0.1,0.58,1.84,5.41
Bhopal,2026-04-20,41.29,36.04,14.06,0.3,0.4,1.88,6.04
Bhopal,2026-04-21,40.6,35.92,15.53,,0.37,1.5,6.08
Bhopal,2026-04-22,37.98,39.03,15.84,,0.67,1.53,4.96
Bhopal,2026-04-23,36.7,40.12,15.72,,0.61,1.67,5.18
Bhopal,2026-04-24,38.25,41.65,14.16,0.25,0.25,1.19,4.24
Bhopal,2026-04-25,36.93,41.06,14.38,,0.54,2.34,4.76
Bhopal,2026-04-26,37.8,38.84,14.53,0.09,0.69,2.25,5.8
Bhopal,2026-04-27,38.12,38.55,14.1,0.34,0.94,2.56,5.38
Bhopal,2026-04-28,38.35,41.13,12.08,,0.77,2.11,5.56
Bhopal,2026-04-29,34.71,41.12,14.65,0.37,0.64,2.2,6.32
Bhopal,2026-04-30,38.41,36.78,16.12,0.27,0.45,2.54,5.43
Bhopal,2026-05-01,35.76,39.88,15.18,0.26,0.77,2.14,6.0
Bhopal,2026-05-02,37.61,38.73,14.37,0.09,0.52,1.98,6.71
Bhopal,2026-05-03,33.76,40.55,16.16,,0.65,1.94,6.95
Bhopal,2026-05-04,35.2,38.05,16.18,0.09,0.74,2.39,7.35
Bhopal,2026-05-05,38.41,38.66,15.65,0.42,0.59,1.67,4.6
Bhopal,2026-05-06,37.74,39.49,14.36,0.26,0.7,2.8,4.64
Bhopal,2026-05-07,39.45,37.51,12.27,0.26,0.71,2.03,7.77
Bhopal,2026-05-08,38.34,38.51,14.61,,0.5,1.74,6.31
Bhopal,2026-05-09,36.72,41.15,14.75,0.16,0.33,1.89,5.0
Bhopal,2026-05-10,37.76,38.82,14.75,0.08,0.97,2.03,5.59
Bhopal,2026-05-11,35.41,40.62,16.23,,0.84,1.09,5.8
Bhopal,2026-05-12,35.4,42.58,13.77,0.29,0.98,1.18,5.8
Bhopal,2026-05-13,39.5,36.74,15.75,0.09,0.44,1.69,5.78
Bhopal,2026-05-14,38.55,37.36,15.38,0.25,0.51,1.94,6.0
Bhopal,2026-05-15,39.25,36.75,16.33,,0.5,1.75,5.42
Bhopal,2026-05-16,41.64,37.54,12.93,0.08,1.03,1.97,4.81
Bhopal,2026-05-17,36.7,41.22,13.63,,0.82,1.64,5.99
Bhopal,2026-05-18,37.32,38.66,15.65,0.17,0.67,2.85,4.69
Bhopal,2026-05-19,36.56,39.97,14.62,0.08,0.73,1.71,6.34
Bhopal,2026-05-20,38.64,39.91,14.09,0.09,0.73,0.91,5.64
Bhopal,2026-05-21,37.24,40.86,15.0,0.09,0.43,1.29,5.09
Bhopal,2026-05-22,39.82,38.38,14.38,0.15,0.53,0.83,5.9
Bhopal,2026-05-23,38.89,38.66,14.99,0.08,1.22,1.67,4.49
Bhopal,2026-05-24,39.9,38.79,13.2,0.24,0.24,1.67,5.96
Bhopal,2026-05-25,36.77,37.87,16.99,0.17,0.42,1.35,6.42
Bhopal,2026-05-26,35.77,39.5,16.27,0.66,0.41,1.74,5.64
Bhopal,2026-05-27,37.47,36.14,18.15,,0.63,1.81,5.81
Bhopal,2026-05-28,37.49,42.87,12.57,0.11,0.57,1.76,4.64
Bhopal,2026-05-29,38.53,40.54,13.51,0.07,0.8,2.01,4.55
Bhopal,2026-05-30,37.91,37.35,17.33,,0.76,1.39,5.27
Bhopal,2026-05-31,36.15,39.35,16.28,0.08,0.32,2.31,5.51
Bhopal,2026-06-01,36.57,39.91,17.13,,0.51,1.45,4.43
Bhopal,2026-06-02,37.58,40.29,14.73,0.24,0.72,1.35,5.1
Bhopal,2026-06-03,38.78,38.7,14.98,0.24,0.72,1.28,5.29
Bhopal,2026-06-04,35.54,40.17,17.12,0.08,0.77,1.46,4.86
Bhopal,2026-06-05,36.15,40.02,13.89,0.25,1.07,2.47,6.16
Bhopal,2026-06-06,36.54,38.35,16.94,,0.6,2.41,5.16
Bhopal,2026-06-07,37.96,36.9,15.33,0.16,1.3,2.6,5.76
Bhopal,2026-06-08,38.39,36.69,16.61,0.25,0.17,1.78,6.1
Bhopal,2026-06-09,35.83,36.6,18.47,0.34,0.43,2.38,5.96
Bhopal,2026-06-10,39.3,36.1,16.4,0.36,0.45,1.69,5.7
Bhopal,2026-06-11,40.3,36.9,15.75,0.17,0.35,1.48,5.05
Bhopal,2026-06-12,34.78,38.41,19.4,0.16,0.48,1.61,5.15
Bhopal,2026-06-13,36.8,39.98,15.61,0.47,0.23,1.48,5.43
Bhopal,2026-06-14,35.0,39.48,16.29,0.17,0.83,2.41,5.82
Bhopal,2026-06-15,39.93,35.75,16.74,0.09,0.52,2.09,4.88
Bhopal,2026-06-16,33.52,40.84,17.49,0.18,0.55,1.65,5.77
Bhopal,2026-06-17,37.42,36.83,18.29,0.08,0.59,1.76,5.03
Bhopal,2026-06-18,37.63,39.07,15.93,,0.85,1.53,5.0
Bhopal,2026-06-19,39.89,37.08,15.38,0.09,0.35,2.37,4.83
Bhopal,2026-06-20,36.09,39.49,16.13,,0.26,1.57,6.45
Bhopal,2026-06-21,39.17,36.66,15.09,0.36,0.72,1.62,6.38
Bhopal,2026-06-22,37.25,36.91,17.85,0.17,0.26,1.72,5.84
Bhopal,2026-06-23,37.56,37.56,16.06,0.62,1.16,1.69,5.35
Bhopal,2026-06-24,40.45,35.9,16.45,,0.77,1.29,5.14
Bhopal,2026-06-25,38.07,36.89,16.82,0.36,0.63,1.45,5.79
Bhopal,2026-06-26,35.31,38.42,16.97,0.09,0.69,1.46,7.06
Bhopal,2026-06-27,38.7,37.91,15.04,,0.87,1.83,5.65
Bhopal,2026-06-28,38.61,35.5,15.06,0.17,1.04,1.47,8.14
Bhopal,2026-06-29,35.64,38.51,17.41,0.09,0.54,1.35,6.46
Bhopal,2026-06-30,42.28,35.2,15.61,,0.24,1.95,4.72
Bhopal,2026-07-01,37.34,39.48,15.55,,1.12,1.12,5.4
Bhopal,2026-07-02,37.08,38.58,15.82,,0.97,1.49,6.06
Bhopal,2026-07-03,38.58,38.03,13.83,0.27,1.36,2.64,5.28
Bhopal,2026-07-04,37.99,39.45,14.67,0.09,0.6,2.06,5.15
Bhopal,2026-07-05,37.33,40.37,15.03,,0.68,1.94,4.65
Bhopal,2026-07-06,38.43,38.35,15.04,0.09,0.44,2.14,5.52
Bhopal,2026-07-07,36.78,38.08,16.64,0.18,0.46,1.94,5.91
Bhopal,2026-07-08,34.27,42.77,14.88,,0.26,1.53,6.29
Bhopal,2026-07-09,38.36,41.85,12.74,0.23,0.3,1.59,4.93
Bhopal,2026-07-10,37.87,42.65,12.93,,0.59,1.09,4.87
Bhopal,2026-07-11,38.42,39.94,14.38,0.08,0.24,1.52,5.43
Bhopal,2026-07-12,36.08,41.83,14.58,,0.66,2.06,4.79
Bhopal,2026-07-13,32.31,42.94,15.73,0.68,1.19,1.7,5.44
Bhopal,2026-07-14,34.41,41.82,15.33,0.34,0.26,2.39,5.45
Bhopal,2026-07-15,38.19,37.82,15.04,0.46,1.11,1.85,5.54
Bhopal,2026-07-16,38.72,38.25,15.6,0.19,0.47,2.07,4.7
Bhopal,2026-07-17,37.46,39.62,13.79,0.42,0.75,2.41,5.56
Bhopal,2026-07-18,37.8,38.6,15.26,0.09,0.53,1.51,6.21
Bhopal,2026-07-19,42.71,34.82,15.23,0.09,0.65,1.11,5.39
Bhopal,2026-07-20,36.56,38.62,16.22,0.18,0.36,2.15,5.91
Bhopal,2026-07-21,38.17,37.54,17.03,0.27,0.99,1.16,4.84
Bhopal,2026-07-22,37.9,36.38,17.2,0.27,0.81,1.88,5.56
Bhopal,2026-07-23,39.0,36.72,15.74,,0.85,1.52,6.18
Bhopal,2026-07-24,43.99,39.23,11.03,0.2,0.52,1.57,3.46
Bhopal,2026-07-25,38.59,40.82,12.53,0.14,0.36,1.3,6.26
Bhopal,2026-07-26,41.25,38.19,11.95,0.07,0.57,2.49,5.48
Bhopal,2026-07-27,39.56,38.94,14.22,0.07,0.62,0.89,5.7
Bhopal,2026-07-28,38.17,38.73,14.27,0.08,0.72,1.6,6.42
Bhopal,2026-07-29,39.62,37.24,14.93,0.16,0.57,1.64,5.82
Bhopal,2026-07-30,37.88,40.18,13.97,0.08,0.41,1.81,5.67
Bhopal,2026-07-31,40.51,35.68,14.16,0.08,0.49,2.29,6.79
Bhopal,2026-08-01,38.44,35.89,16.78,0.23,0.39,2.01,6.26
Bhopal,2026-08-02,36.89,40.3,12.66,0.17,0.42,1.58,7.99
Bhopal,2026-08-03,38.73,37.9,15.28,,0.75,1.34,6.01
Bhopal,2026-08-04,37.31,40.64,13.4,0.15,0.3,1.78,6.44
Bhopal,2026-08-05,39.84,36.8,16.17,0.22,0.52,1.04,5.42
Bhopal,2026-08-06,35.99,40.87,13.6,,0.3,2.4,6.84
Bhopal,2026-08-07,38.25,40.11,12.75,0.15,0.62,1.16,6.96
Bhopal,2026-08-08,37.59,37.51,16.36,0.24,0.96,1.52,5.83
Bhopal,2026-08-09,39.19,36.1,13.98,0.22,0.36,1.37,8.79
Bhopal,2026-08-10,40.74,33.87,16.48,0.14,0.7,0.91,7.15
Bhopal,2026-08-11,36.38,38.12,17.97,,0.22,1.38,5.94
Bhopal,2026-08-12,37.56,37.33,16.46,0.15,0.83,0.91,6.75
Bhopal,2026-08-13,39.02,37.73,16.33,0.08,0.32,1.69,4.83
Bhopal,2026-08-14,39.2,39.37,14.7,0.33,0.66,1.0,4.73
Bhopal,2026-08-15,41.16,38.33,14.42,0.14,0.65,1.38,3.91
Bhopal,2026-08-16,35.35,38.3,17.98,0.21,0.41,1.44,6.31
Bhopal,2026-08-17,38.15,36.14,16.92,,0.97,1.56,6.26
Bhopal,2026-08-18,39.17,37.82,15.91,0.17,0.76,1.52,4.65
Bhopal,2026-08-19,37.3,37.72,16.71,0.17,0.58,2.07,5.46
Bhopal,2026-08-20,38.87,36.88,16.45,,0.43,2.08,5.28
Bhopal,2026-08-21,39.82,39.48,13.94,,0.58,1.34,4.84
Bhopal,2026-08-22,37.1,40.35,14.87,0.24,0.47,1.66,5.3
Bhopal,2026-08-23,33.6,39.81,18.87,,0.64,1.27,5.81
Bhopal,2026-08-24,37.68,36.22,18.84,0.08,0.57,1.63,4.98
Bhopal,2026-08-25,35.43,39.97,16.64,0.24,0.32,1.59,5.81
Bhopal,2026-08-26,38.96,38.62,16.2,0.07,0.46,1.19,4.5
Bhopal,2026-08-27,36.82,36.97,17.5,0.15,0.91,0.83,6.82
Bhopal,2026-08-28,38.09,39.26,14.97,0.08,0.54,1.47,5.59
Bhopal,2026-08-29,38.81,37.95,15.92,0.14,1.21,0.92,5.05
Bhopal,2026-08-30,35.79,38.4,16.27,0.14,0.71,2.05,6.65
Bhopal,2026-08-31,35.86,37.15,20.23,0.48,0.4,1.13,4.75
Chandigarh,2025-01-01,24.36,35.18,18.0,0.68,0.95,3.38,17.46
Chandigarh,2025-01-02,26.24,31.8,19.03,0.24,1.65,3.43,17.61
Chandigarh,2025-01-03,24.78,29.14,20.92,0.5,1.49,2.74,20.42
Chandigarh,2025-01-04,27.62,33.25,14.96,0.26,1.02,3.96,18.93
Chandigarh,2025-01-05,24.58,32.27,16.26,0.51,1.54,3.59,21.25
Chandigarh,2025-01-06,24.76,30.02,18.54,0.24,2.63,3.83,19.98
Chandigarh,2025-01-07,25.28,33.25,13.74,0.12,2.33,3.07,22.21
Chandigarh,2025-01-08,23.28,34.67,16.02,0.13,1.25,3.0,21.65
Chandigarh,2025-01-09,31.08,32.54,16.6,0.27,0.27,2.79,16.47
Chandigarh,2025-01-10,31.47,32.22,15.86,0.37,1.12,2.73,16.23
Chandigarh,2025-01-11,30.67,32.82,13.6,0.36,1.19,3.46,17.9
Chandigarh,2025-01-12,23.66,34.15,17.68,0.24,0.98,3.54,19.76
Chandigarh,2025-01-13,28.06,29.49,16.52,0.28,0.85,2.28,22.51
Chandigarh,2025-01-14,22.19,33.05,18.62,0.12,1.48,3.45,21.09
Chandigarh,2025-01-15,22.97,37.1,16.84,0.12,0.82,3.53,18.61
Chandigarh,2025-01-16,27.47,32.89,18.31,,0.6,1.69,19.04
Chandigarh,2025-01-17,28.33,34.58,16.5,,1.59,2.84,16.15
Chandigarh,2025-01-18,27.5,32.62,16.67,,0.6,3.69,18.93
Chandigarh,2025-01-19,28.97,32.44,14.72,0.35,0.12,3.36,20.05
Chandigarh,2025-01-20,27.86,33.77,15.35,0.12,1.06,4.37,17.47
Chandigarh,2025-01-21,26.21,34.3,14.78,0.35,0.81,3.46,20.09
Chandigarh,2025-01-22,26.2,35.58,13.96,0.11,1.6,3.78,18.76
Chandigarh,2025-01-23,24.28,37.51,14.04,0.46,1.61,3.11,18.99
Chandigarh,2025-01-24,33.15,30.01,14.41,,1.95,2.17,18.31
Chandigarh,2025-01-25,27.64,31.17,16.63,0.22,1.1,2.31,20.93
Chandigarh,2025-01-26,28.94,35.91,13.72,0.21,1.82,1.61,17.79
Chandigarh,2025-01-27,27.05,34.93,17.35,0.34,1.03,2.74,16.55
Chandigarh,2025-01-28,27.62,31.8,18.31,0.21,0.52,2.93,18.62
Chandigarh,2025-01-29,27.87,33.01,18.69,0.33,0.77,2.51,16.83
Chandigarh,2025-01-30,28.44,36.01,16.74,,0.8,2.29,15.71
Chandigarh,2025-01-31,31.84,32.43,12.81,0.71,0.82,4.23,17.16
Chandigarh,2025-02-01,24.06,31.9,23.63,0.21,1.29,3.44,15.47
Chandigarh,2025-02-02,29.76,35.12,13.46,0.21,0.74,2.42,18.3
Chandigarh,2025-02-03,25.99,32.12,18.39,0.23,1.02,3.06,19.18
Chandigarh,2025-02-04,25.58,33.09,15.25,0.49,1.11,3.2,21.28
Chandigarh,2025-02-05,27.14,32.86,17.98,0.24,0.71,2.74,18.33
Chandigarh,2025-02-06,30.12,31.34,17.93,0.12,1.1,2.93,16.46
Chandigarh,2025-02-07,27.15,33.7,17.94,,0.97,2.42,17.82
Chandigarh,2025-02-08,28.07,31.7,17.19,0.12,0.23,1.52,21.17
Chandigarh,2025-02-09,26.88,32.21,17.73,,1.39,3.71,18.08
Chandigarh,2025-02-10,27.71,33.29,15.1,0.12,0.36,3.09,20.33
Chandigarh,2025-02-11,28.62,32.78,16.75,0.36,0.36,4.16,16.98
Chandigarh,2025-02-12,27.54,34.65,18.06,0.23,0.68,3.27,15.58
Chandigarh,2025-02-13,25.26,32.95,17.35,0.12,0.7,3.49,20.14
Chandigarh,2025-02-14,28.04,29.39,14.08,0.11,0.89,2.79,24.69
Chandigarh,2025-02-15,26.71,32.67,16.89,0.37,0.87,2.48,20.0
Chandigarh,2025-02-16,27.31,36.78,16.08,0.22,0.22,3.08,16.3
Chandigarh,2025-02-17,26.32,32.09,16.59,0.12,0.6,4.45,19.83
Chandigarh,2025-02-18,26.0,34.87,18.35,0.12,0.61,2.43,17.62
Chandigarh,2025-02-19,29.29,30.37,16.21,0.24,0.84,3.84,19.21
Chandigarh,2025-02-20,29.48,35.26,15.23,0.28,0.56,3.53,15.66
Chandigarh,2025-02-21,27.69,33.75,17.63,0.28,1.24,3.31,16.12
Chandigarh,2025-02-22,26.94,35.38,16.76,0.12,0.92,3.47,16.42
Chandigarh,2025-02-23,27.69,35.77,13.59,0.51,0.51,3.97,17.95
Chandigarh,2025-02-24,33.29,31.94,16.31,0.4,0.4,3.37,14.29
Chandigarh,2025-02-25,29.08,32.98,16.67,0.12,0.71,3.07,17.38
Chandigarh,2025-02-26,27.97,32.87,16.67,0.47,1.63,2.91,17.48
Chandigarh,2025-02-27,26.76,31.6,19.49,0.35,1.27,4.04,16.49
Chandigarh,2025-02-28,25.45,33.16,18.25,0.13,1.29,4.88,16.84
Chandigarh,2025-03-01,30.61,31.78,15.69,,0.26,5.06,16.6
Chandigarh,2025-03-02,26.36,29.55,20.8,0.12,1.06,5.2,16.9
Chandigarh,2025-03-03,26.67,31.96,19.98,,1.29,3.41,16.69
Chandigarh,2025-03-04,24.47,29.86,25.47,0.13,1.25,2.38,16.44
Chandigarh,2025-03-05,26.14,29.18,20.75,0.14,0.83,3.6,19.36
Chandigarh,2025-03-06,24.33,30.16,19.73,0.34,0.56,3.48,21.41
Chandigarh,2025-03-07,24.7,30.5,23.4,0.24,0.35,2.48,18.32
Chandigarh,2025-03-08,31.37,30.74,16.81,,0.75,1.76,18.57
Chandigarh,2025-03-09,27.73,32.97,17.09,,1.48,2.42,18.3
Chandigarh,2025-03-10,25.71,31.95,18.31,,0.91,2.86,20.26
Chandigarh,2025-03-11,26.12,34.24,17.65,0.35,1.06,1.88,18.71
Chandigarh,2025-03-12,26.42,31.61,18.13,,0.65,3.5,19.69
Chandigarh,2025-03-13,26.59,31.0,22.96,0.39,0.13,3.11,15.82
Chandigarh,2025-03-14,26.32,33.82,17.65,0.29,1.91,2.21,17.79
Chandigarh,2025-03-15,25.18,34.87,15.37,0.24,0.71,2.96,20.69
Chandigarh,2025-03-16,26.0,33.33,16.72,0.22,1.19,2.7,19.85
Chandigarh,2025-03-17,26.49,32.32,16.52,0.36,0.73,2.31,21.26
Chandigarh,2025-03-18,30.11,30.47,19.59,0.24,0.6,1.08,17.92
Chandigarh,2025-03-19,27.23,29.29,19.74,1.42,1.03,1.42,19.87
Chandigarh,2025-03-20,28.61,28.34,19.12,0.67,0.94,2.27,20.05
Chandigarh,2025-03-21,27.79,31.43,20.91,0.65,1.17,2.08,15.97
Chandigarh,2025-03-22,28.66,31.21,16.94,0.13,1.4,3.06,18.6
Chandigarh,2025-03-23,25.61,31.31,20.7,0.39,1.29,3.62,17.08
Chandigarh,2025-03-24,25.55,29.86,18.77,,0.78,1.83,23.21
Chandigarh,2025-03-25,23.48,30.81,20.12,0.62,0.75,2.48,21.74
Chandigarh,2025-03-26,24.97,33.55,15.99,0.26,0.39,2.73,22.11
Chandigarh,2025-03-27,24.14,27.57,18.55,1.14,1.02,4.45,23.13
Chandigarh,2025-03-28,24.89,34.03,17.54,0.45,0.75,3.3,19.04
Chandigarh,2025-03-29,28.88,32.15,16.62,0.14,0.82,1.36,20.03
Chandigarh,2025-03-30,24.52,30.26,22.01,0.6,1.2,3.11,18.3
Chandigarh,2025-03-31,23.89,31.35,21.49,0.51,0.88,3.29,18.58
Chandigarh,2025-04-01,26.37,31.85,22.8,0.13,1.53,2.93,14.39
Chandigarh,2025-04-02,23.46,33.88,19.2,0.69,0.55,2.19,20.03
Chandigarh,2025-04-03,23.46,31.67,22.82,0.38,1.15,2.69,17.82
Chandigarh,2025-04-04,25.4,33.13,19.18,0.62,0.12,1.99,19.55
Chandigarh,2025-04-05,27.77,30.44,22.16,0.27,0.8,2.0,16.56
Chandigarh,2025-04-06,24.91,30.72,22.38,1.26,0.51,3.29,16.94
Chandigarh,2025-04-07,24.25,32.13,20.25,,1.5,2.5,19.38
Chandigarh,2025-04-08,25.39,32.9,18.01,0.26,1.3,4.02,18.13
Chandigarh,2025-04-09,27.96,30.35,17.8,0.24,0.6,3.11,19.95
Chandigarh,2025-04-10,24.54,31.96,20.69,0.53,2.65,3.32,16.31
Chandigarh,2025-04-11,22.71,32.0,22.0,0.57,0.71,2.86,19.14
Chandigarh,2025-04-12,28.5,32.82,19.97,0.13,0.64,3.31,14.63
Chandigarh,2025-04-13,29.33,28.03,19.32,0.24,1.18,3.77,18.14
Chandigarh,2025-04-14,24.84,33.0,18.32,0.13,0.88,2.89,19.95
Chandigarh,2025-04-15,26.77,28.83,19.56,0.39,0.64,3.86,19.95
Chandigarh,2025-04-16,30.3,32.47,16.71,0.41,0.41,2.17,17.53
Chandigarh,2025-04-17,26.14,29.28,20.72,0.6,0.84,3.73,18.67
Chandigarh,2025-04-18,26.55,33.25,18.86,0.37,1.61,2.85,16.5
Chandigarh,2025-04-19,25.93,29.87,18.76,0.6,0.72,3.7,20.43
Chandigarh,2025-04-20,26.39,34.01,18.35,0.21,0.86,3.65,16.52
Chandigarh,2025-04-21,28.5,29.73,18.18,0.12,0.86,3.07,19.53
Chandigarh,2025-04-22,24.85,32.53,21.85,0.12,0.48,2.88,17.29
Chandigarh,2025-04-23,26.2,31.23,19.4,0.5,1.01,1.64,20.03
Chandigarh,2025-04-24,26.34,28.71,17.98,0.25,0.75,2.5,23.47
Chandigarh,2025-04-25,27.11,29.18,18.44,0.24,1.47,4.03,19.54
Chandigarh,2025-04-26,28.4,28.29,16.7,0.11,1.22,2.34,22.94
Chandigarh,2025-04-27,23.44,32.66,17.6,0.32,1.38,2.44,22.16
Chandigarh,2025-04-28,25.15,32.7,20.07,,1.18,3.07,17.83
Chandigarh,2025-04-29,27.39,28.85,18.42,,0.36,3.76,21.21
Chandigarh,2025-04-30,25.67,29.76,20.18,0.26,1.53,1.79,20.82
Chandigarh,2025-05-01,29.31,30.92,17.93,0.34,0.8,2.76,17.93
Chandigarh,2025-05-02,25.59,33.71,17.36,0.34,1.13,2.93,18.94
Chandigarh,2025-05-03,23.28,34.42,17.89,0.34,1.69,2.81,19.57
Chandigarh,2025-05-04,25.67,30.36,18.05,0.12,1.41,2.46,21.92
Chandigarh,2025-05-05,24.28,32.3,17.94,0.6,0.72,3.35,20.81
Chandigarh,2025-05-06,26.99,33.29,18.08,0.14,0.55,2.33,18.63
Chandigarh,2025-05-07,27.26,27.56,19.28,0.6,1.36,3.16,20.78
Chandigarh,2025-05-08,24.82,27.9,21.56,0.18,1.27,4.35,19.93
Chandigarh,2025-05-09,26.13,23.18,14.93,0.2,0.39,3.73,31.43
Chandigarh,2025-05-10,27.6,29.42,20.0,0.33,0.66,2.15,19.83
Chandigarh,2025-05-11,27.88,31.59,16.21,,0.96,1.79,21.57
Chandigarh,2025-05-12,26.55,28.48,17.65,0.39,0.77,4.25,21.91
Chandigarh,2025-05-13,27.52,29.46,19.77,0.26,1.03,3.75,18.22
Chandigarh,2025-05-14,23.66,30.11,23.06,0.36,0.96,2.51,19.35
Chandigarh,2025-05-15,26.22,30.01,20.4,0.47,0.71,4.74,17.44
Chandigarh,2025-05-16,29.44,30.45,20.0,0.22,1.35,2.13,16.4
Chandigarh,2025-05-17,27.52,29.54,18.74,0.12,1.42,2.49,20.17
Chandigarh,2025-05-18,27.46,29.52,18.76,0.11,1.14,3.43,19.57
Chandigarh,2025-05-19,25.55,29.97,19.98,,0.93,2.56,21.02
Chandigarh,2025-05-20,22.11,30.25,22.99,0.55,0.55,4.07,19.47
Chandigarh,2025-05-21,25.15,28.4,22.02,0.36,1.08,3.49,19.49
Chandigarh,2025-05-22,31.29,27.84,19.93,0.11,0.78,2.78,17.26
Chandigarh,2025-05-23,26.32,30.32,23.79,,0.84,2.11,16.63
Chandigarh,2025-05-24,24.84,29.92,20.7,0.09,1.22,2.16,21.07
Chandigarh,2025-05-25,26.55,28.97,20.74,0.1,1.16,2.91,19.57
Chandigarh,2025-05-26,25.4,28.97,19.19,,0.94,3.29,22.2
Chandigarh,2025-05-27,27.99,30.61,19.53,0.19,0.97,2.43,18.27
Chandigarh,2025-05-28,26.21,30.87,17.91,0.71,1.42,3.14,19.74
Chandigarh,2025-05-29,22.62,26.93,22.92,0.29,1.08,3.62,22.53
Chandigarh,2025-05-30,21.96,31.75,20.57,0.1,1.38,2.77,21.46
Chandigarh,2025-05-31,25.34,33.02,16.93,0.11,1.58,4.1,18.93
Chandigarh,2025-06-01,24.97,29.04,16.35,0.1,1.52,3.65,24.37
Chandigarh,2025-06-02,28.1,34.73,16.81,0.22,1.22,3.21,15.71
Chandigarh,2025-06-03,26.19,24.93,19.44,0.09,0.81,2.61,25.92
Chandigarh,2025-06-04,23.47,31.59,18.46,,0.89,2.56,23.03
Chandigarh,2025-06-05,24.14,31.66,21.11,0.63,0.84,3.97,17.66
Chandigarh,2025-06-06,27.63,27.74,20.5,0.55,0.66,3.18,19.74
Chandigarh,2025-06-07,31.26,28.97,15.37,0.31,0.93,3.22,19.94
Chandigarh,2025-06-08,28.07,29.2,19.47,0.1,1.02,2.56,19.57
Chandigarh,2025-06-09,23.59,27.88,18.05,0.27,1.07,1.79,27.35
Chandigarh,2025-06-10,25.39,31.63,19.6,0.11,1.11,3.01,19.15
Chandigarh,2025-06-11,25.63,26.67,18.51,0.34,0.46,2.99,25.4
Chandigarh,2025-06-12,24.91,28.66,19.27,,1.63,2.75,22.78
Chandigarh,2025-06-13,25.28,28.99,18.65,0.34,0.45,3.37,22.92
Chandigarh,2025-06-14,26.93,31.51,17.77,0.45,1.12,2.68,19.55
Chandigarh,2025-06-15,27.14,31.87,18.36,0.23,1.04,3.12,18.24
Chandigarh,2025-06-16,24.51,30.87,20.0,,1.23,2.77,20.62
Chandigarh,2025-06-17,25.11,28.37,20.87,0.11,1.85,2.17,21.52
Chandigarh,2025-06-18,24.8,31.6,18.34,0.23,1.04,3.69,20.3
Chandigarh,2025-06-19,22.64,29.29,20.17,0.43,1.29,2.25,23.93
Chandigarh,2025-06-20,24.77,28.39,20.48,0.57,1.58,2.71,21.49
Chandigarh,2025-06-21,23.67,28.89,20.15,0.21,1.6,2.77,22.71
Chandigarh,2025-06-22,24.09,29.6,21.18,0.21,1.45,2.28,21.18
Chandigarh,2025-06-23,22.46,29.73,20.64,0.21,1.39,2.99,22.57
Chandigarh,2025-06-24,25.32,29.99,17.74,0.23,1.17,2.33,23.22
Chandigarh,2025-06-25,25.44,28.71,18.12,0.22,1.86,4.15,21.51
Chandigarh,2025-06-26,26.91,31.59,17.65,0.11,0.33,4.14,19.28
Chandigarh,2025-06-27,25.46,29.51,18.61,0.29,1.83,3.57,20.73
Chandigarh,2025-06-28,26.06,30.94,17.86,0.42,1.77,3.63,19.31
Chandigarh,2025-06-29,27.72,30.57,20.17,0.46,1.01,2.39,17.68
Chandigarh,2025-06-30,24.47,30.09,21.16,0.3,1.2,2.11,20.66
Chandigarh,2025-07-01,23.44,27.53,21.4,0.39,1.17,3.79,22.28
Chandigarh,2025-07-02,20.52,26.32,24.17,0.8,0.8,3.03,24.35
Chandigarh,2025-07-03,24.4,29.67,19.13,0.28,1.02,3.7,21.81
Chandigarh,2025-07-04,23.08,30.04,20.77,0.2,0.6,3.02,22.28
Chandigarh,2025-07-05,23.63,32.56,22.05,0.65,0.84,2.51,17.77
Chandigarh,2025-07-06,23.72,31.4,21.82,0.19,0.76,3.13,18.98
Chandigarh,2025-07-07,24.36,31.04,17.86,0.19,0.57,4.2,21.78
Chandigarh,2025-07-08,25.22,27.67,18.06,0.29,0.29,3.53,24.93
Chandigarh,2025-07-09,24.68,31.32,18.44,0.2,0.68,3.61,21.07
Chandigarh,2025-07-10,24.17,29.06,21.53,0.2,0.98,2.25,21.82
Chandigarh,2025-07-11,23.64,32.46,16.28,0.48,1.07,2.33,23.74
Chandigarh,2025-07-12,26.26,29.51,21.12,0.36,1.53,2.8,18.41
Chandigarh,2025-07-13,25.32,31.79,18.3,0.37,1.29,2.5,20.43
Chandigarh,2025-07-14,28.02,29.17,19.1,0.29,0.58,2.88,19.96
Chandigarh,2025-07-15,23.74,31.16,18.98,0.18,1.06,3.44,21.45
Chandigarh,2025-07-16,22.61,34.0,20.51,0.18,0.73,3.46,18.51
Chandigarh,2025-07-17,24.81,33.37,19.04,,1.15,3.08,18.56
Chandigarh,2025-07-18,28.79,29.43,18.26,0.18,1.18,3.45,18.71
Chandigarh,2025-07-19,25.74,34.82,15.45,0.52,0.7,4.01,18.76
Chandigarh,2025-07-20,28.35,30.16,16.08,0.52,1.3,2.77,20.83
Chandigarh,2025-07-21,26.6,29.16,20.46,0.26,1.02,2.39,20.12
Chandigarh,2025-07-22,25.3,32.28,20.65,0.28,0.84,3.81,16.84
Chandigarh,2025-07-23,25.14,32.86,17.98,,0.94,3.01,20.06
Chandigarh,2025-07-24,26.4,32.28,20.3,0.2,0.61,2.94,17.26
Chandigarh,2025-07-25,28.24,30.59,19.22,0.2,1.57,2.16,18.04
Chandigarh,2025-07-26,27.99,30.36,18.22,0.47,1.52,2.18,19.26
Chandigarh,2025-07-27,23.65,33.5,20.37,0.25,0.67,2.61,18.94
Chandigarh,2025-07-28,25.58,33.5,18.5,0.26,1.28,2.9,17.99
Chandigarh,2025-07-29,28.14,30.74,19.22,0.35,0.95,3.12,17.49
Chandigarh,2025-07-30,26.86,32.49,18.51,0.27,1.09,2.54,18.24
Chandigarh,2025-07-31,27.35,30.55,20.17,0.29,0.97,2.42,18.23
Chandigarh,2025-08-01,25.54,31.8,18.1,0.1,0.68,3.52,20.25
Chandigarh,2025-08-02,28.39,31.32,17.39,0.18,0.62,2.84,19.25
Chandigarh,2025-08-03,27.14,30.75,18.59,0.09,0.7,3.44,19.3
Chandigarh,2025-08-04,30.3,29.83,18.56,0.28,0.57,2.27,18.18
Chandigarh,2025-08-05,26.47,30.57,20.08,0.2,1.2,2.8,18.68
Chandigarh,2025-08-06,24.64,33.91,19.42,0.19,1.06,3.0,17.78
Chandigarh,2025-08-07,28.91,32.3,18.94,,1.1,3.66,15.1
Chandigarh,2025-08-08,26.01,31.27,18.27,0.1,0.62,3.3,20.43
Chandigarh,2025-08-09,26.43,32.66,16.48,0.4,1.31,3.32,19.4
Chandigarh,2025-08-10,28.26,32.43,20.11,0.18,1.27,3.35,14.4
Chandigarh,2025-08-11,27.26,28.93,20.37,0.28,1.67,3.91,17.58
Chandigarh,2025-08-12,25.23,29.22,21.78,0.09,0.73,3.09,19.87
Chandigarh,2025-08-13,25.78,32.36,19.42,0.32,1.19,3.56,17.37
Chandigarh,2025-08-14,27.02,30.18,17.18,0.19,0.74,4.27,20.43
Chandigarh,2025-08-15,26.41,35.63,16.83,0.27,1.61,2.15,17.1
Chandigarh,2025-08-16,29.48,33.16,16.45,0.09,0.96,3.76,16.1
Chandigarh,2025-08-17,27.46,28.22,22.54,0.51,1.1,4.07,16.1
Chandigarh,2025-08-18,28.78,30.59,19.28,0.09,0.81,3.17,17.29
Chandigarh,2025-08-19,24.5,35.33,16.9,0.19,1.14,2.94,18.99
Chandigarh,2025-08-20,22.16,35.09,18.65,0.37,1.39,3.23,19.11
Chandigarh,2025-08-21,24.42,33.36,18.52,0.18,1.97,2.42,19.14
Chandigarh,2025-08-22,28.0,29.56,19.51,0.68,1.66,2.54,18.05
Chandigarh,2025-08-23,24.58,29.44,22.63,0.09,1.24,4.16,17.86
Chandigarh,2025-08-24,24.21,33.09,18.66,0.33,1.22,3.99,18.5
Chandigarh,2025-08-25,24.78,34.22,19.25,,0.62,2.94,18.18
Chandigarh,2025-08-26,26.49,31.17,19.55,,0.36,3.24,19.19
Chandigarh,2025-08-27,24.4,30.95,20.35,0.1,0.96,2.89,20.35
Chandigarh,2025-08-28,23.71,31.96,19.69,0.31,1.13,2.47,20.72
Chandigarh,2025-08-29,25.73,31.67,21.77,,1.15,2.6,17.08
Chandigarh,2025-08-30,24.34,33.92,22.39,,0.68,2.05,16.62
Chandigarh,2025-08-31,25.62,33.37,18.83,0.1,0.86,3.15,18.07
Chandigarh,2025-09-01,22.85,28.61,24.27,,0.71,2.22,21.33
Chandigarh,2025-09-02,24.28,27.98,22.12,0.31,0.82,3.6,20.88
Chandigarh,2025-09-03,34.09,35.76,13.67,,0.23,2.66,13.59
Chandigarh,2025-09-04,34.8,35.93,15.9,,0.2,1.46,11.71
Chandigarh,2025-09-05,29.98,36.18,16.5,0.3,0.76,2.12,14.16
Chandigarh,2025-09-06,31.21,35.08,16.07,0.07,0.65,1.79,15.14
Chandigarh,2025-09-07,30.64,41.26,13.66,0.07,0.21,2.41,11.75
Chandigarh,2025-09-08,31.16,38.24,15.34,0.08,0.63,1.73,12.82
Chandigarh,2025-09-09,32.66,35.46,16.68,0.08,0.86,1.95,12.31
Chandigarh,2025-09-10,27.42,36.29,16.68,0.16,0.98,3.17,15.3
Chandigarh,2025-09-11,25.27,34.01,20.24,0.08,1.34,3.02,16.04
Chandigarh,2025-09-12,28.18,34.64,19.37,,0.96,2.44,14.4
Chandigarh,2025-09-13,29.07,36.02,17.97,0.17,0.51,2.37,13.9
Chandigarh,2025-09-14,27.79,34.66,14.64,0.08,0.83,0.99,21.01
Chandigarh,2025-09-15,27.4,35.45,15.12,0.08,0.81,2.52,18.62
Chandigarh,2025-09-16,25.36,37.68,18.25,0.36,0.55,2.92,14.87
Chandigarh,2025-09-17,29.36,32.2,16.79,0.09,0.83,3.03,17.71
Chandigarh,2025-09-18,28.33,35.07,14.84,,1.26,2.25,18.26
Chandigarh,2025-09-19,29.59,36.32,15.19,,0.95,1.47,16.48
Chandigarh,2025-09-20,29.67,34.45,16.35,0.25,1.09,1.59,16.6
Chandigarh,2025-09-21,29.8,37.66,11.91,0.25,0.62,2.49,17.27
Chandigarh,2025-09-22,30.88,38.75,13.21,0.25,1.27,1.84,13.79
Chandigarh,2025-09-23,30.75,39.76,14.31,0.13,0.6,1.19,13.25
Chandigarh,2025-09-24,31.42,39.76,13.25,0.15,0.97,2.01,12.43
Chandigarh,2025-09-25,31.46,37.89,14.18,,0.96,1.26,14.25
Chandigarh,2025-09-26,29.26,38.49,14.63,0.17,0.58,1.66,15.21
Chandigarh,2025-09-27,30.52,36.42,16.16,0.08,0.9,1.39,14.52
Chandigarh,2025-09-28,25.69,32.77,15.11,0.29,0.8,2.12,23.21
Chandigarh,2025-09-29,27.46,35.82,15.9,0.08,1.15,1.8,17.79
Chandigarh,2025-09-30,25.13,37.78,15.92,0.09,0.86,2.84,17.38
Chandigarh,2025-10-01,28.88,35.46,14.2,0.29,1.24,2.29,17.64
Chandigarh,2025-10-02,28.43,35.65,16.73,,1.5,1.94,15.76
Chandigarh,2025-10-03,30.95,36.43,15.52,0.08,0.5,1.83,14.69
Chandigarh,2025-10-04,28.46,39.35,14.8,0.16,0.98,1.06,15.2
Chandigarh,2025-10-05,31.59,36.66,16.15,,0.71,2.14,12.75
Chandigarh,2025-10-06,29.41,36.87,17.18,0.09,0.72,2.61,13.13
Chandigarh,2025-10-07,31.38,37.25,15.27,0.25,0.67,1.85,13.34
Chandigarh,2025-10-08,28.66,37.44,16.71,0.09,0.65,1.59,14.85
Chandigarh,2025-10-09,29.51,37.45,14.61,0.1,1.18,1.57,15.59
Chandigarh,2025-10-10,29.75,37.91,16.01,0.21,0.83,1.96,13.33
Chandigarh,2025-10-11,30.68,36.82,14.29,0.48,0.77,1.63,15.34
Chandigarh,2025-10-12,28.61,40.42,13.99,0.09,0.36,1.18,15.35
Chandigarh,2025-10-13,31.01,35.93,16.06,0.19,0.84,1.76,14.21
Chandigarh,2025-10-14,28.17,37.7,14.38,0.2,0.6,1.98,16.96
Chandigarh,2025-10-15,30.23,34.75,17.05,,0.55,2.03,15.39
Chandigarh,2025-10-16,28.13,39.04,14.76,,1.18,1.6,15.29
Chandigarh,2025-10-17,23.82,34.8,14.21,0.52,0.42,1.36,24.87
Chandigarh,2025-10-18,25.17,41.72,13.98,0.22,0.56,2.01,16.33
Chandigarh,2025-10-19,29.87,40.86,11.59,,0.24,2.51,14.93
Chandigarh,2025-10-20,28.71,39.31,11.54,0.62,0.31,2.03,17.47
Chandigarh,2025-10-21,26.63,35.55,17.72,0.12,0.71,2.02,17.24
Chandigarh,2025-10-22,28.27,31.63,16.44,,0.87,2.69,20.1
Chandigarh,2025-10-23,27.2,36.71,17.08,0.31,0.31,2.45,15.95
Chandigarh,2025-10-24,29.71,33.14,16.76,0.1,1.08,2.06,17.16
Chandigarh,2025-10-25,26.43,32.63,15.72,0.5,1.3,2.1,21.32
Chandigarh,2025-10-26,28.69,33.45,18.97,0.18,0.72,1.89,16.1
Chandigarh,2025-10-27,28.1,36.99,16.08,0.28,0.47,3.41,14.66
Chandigarh,2025-10-28,26.88,33.7,18.28,0.1,0.49,2.27,18.28
Chandigarh,2025-10-29,28.56,32.43,16.32,0.42,0.73,1.78,19.77
Chandigarh,2025-10-30,31.76,30.74,17.34,0.45,0.56,1.46,17.68
Chandigarh,2025-10-31,25.96,34.66,19.88,0.12,1.24,1.74,16.4
Chandigarh,2025-11-01,26.85,36.69,17.02,0.44,0.55,1.44,17.02
Chandigarh,2025-11-02,30.33,34.36,16.33,,0.64,2.01,16.33
Chandigarh,2025-11-03,28.23,34.46,17.51,0.11,0.98,2.84,15.86
Chandigarh,2025-11-04,29.86,43.32,12.15,0.35,0.35,1.65,12.33
Chandigarh,2025-11-05,30.26,39.18,12.1,0.21,0.31,1.95,16.0
Chandigarh,2025-11-06,23.6,38.25,19.75,,0.62,2.18,15.59
Chandigarh,2025-11-07,32.1,36.64,14.47,,0.74,0.74,15.31
Chandigarh,2025-11-08,26.29,38.72,15.73,0.22,0.33,1.76,16.94
Chandigarh,2025-11-09,27.58,33.68,15.89,0.21,1.68,3.05,17.89
Chandigarh,2025-11-10,27.22,36.33,20.39,0.11,0.57,1.48,13.9
Chandigarh,2025-11-11,29.28,34.51,18.5,0.11,0.34,2.04,15.21
Chandigarh,2025-11-12,26.43,37.46,16.76,0.34,0.67,1.69,16.65
Chandigarh,2025-11-13,28.04,33.37,18.26,,0.33,3.15,16.85
Chandigarh,2025-11-14,23.81,31.29,23.36,0.34,0.68,1.59,18.93
Chandigarh,2025-11-15,29.46,37.42,17.31,0.22,0.65,1.08,13.87
Chandigarh,2025-11-16,27.66,35.19,17.96,0.41,0.93,1.34,16.51
Chandigarh,2025-11-17,24.0,33.71,22.29,0.46,0.69,3.09,15.77
Chandigarh,2025-11-18,26.16,35.12,19.77,,0.35,3.49,15.12
Chandigarh,2025-11-19,25.18,33.72,20.02,0.21,0.74,1.58,18.55
Chandigarh,2025-11-20,24.36,35.57,18.88,,1.46,2.68,17.05
Chandigarh,2025-11-21,28.3,29.3,21.42,,1.89,2.55,16.54
Chandigarh,2025-11-22,26.37,31.62,21.7,,1.05,0.93,18.32
Chandigarh,2025-11-23,27.48,34.44,17.79,0.68,0.91,2.39,16.31
Chandigarh,2025-11-24,26.79,31.97,21.94,0.22,0.55,1.32,17.2
Chandigarh,2025-11-25,31.64,43.15,13.21,,0.92,1.91,9.18
Chandigarh,2025-11-26,29.65,39.28,17.83,0.1,0.29,1.24,11.63
Chandigarh,2025-11-27,26.59,37.49,19.24,,0.33,1.78,14.57
Chandigarh,2025-11-28,28.33,33.58,18.78,0.11,0.97,2.04,16.2
Chandigarh,2025-11-29,29.48,33.33,18.89,0.12,0.72,2.17,15.28
Chandigarh,2025-11-30,28.93,33.53,19.72,0.12,0.94,1.53,15.23
Chandigarh,2025-12-01,28.16,33.3,20.87,0.11,0.57,2.05,14.94
Chandigarh,2025-12-02,24.6,35.23,20.73,,0.64,2.47,16.33
Chandigarh,2025-12-03,26.0,33.61,22.28,0.18,0.36,1.27,16.3
Chandigarh,2025-12-04,27.69,37.03,19.79,,0.51,1.23,13.74
Chandigarh,2025-12-05,25.85,34.79,24.26,0.11,0.53,1.7,12.77
Chandigarh,2025-12-06,25.73,33.59,20.19,0.1,0.87,2.62,16.89
Chandigarh,2025-12-07,26.23,31.95,20.0,,0.52,2.25,19.05
Chandigarh,2025-12-08,22.05,30.28,21.3,0.08,0.58,1.83,23.88
Chandigarh,2025-12-09,25.63,35.49,19.53,0.28,1.03,1.78,16.24
Chandigarh,2025-12-10,26.1,34.66,18.87,0.17,0.75,1.58,17.87
Chandigarh,2025-12-11,27.72,33.99,20.37,,0.98,2.35,14.59
Chandigarh,2025-12-12,23.75,35.58,23.85,0.1,0.96,1.54,14.23
Chandigarh,2025-12-13,24.88,35.41,17.85,0.1,0.98,2.34,18.44
Chandigarh,2025-12-14,28.05,34.12,18.91,,1.27,1.81,15.84
Chandigarh,2025-12-15,28.53,34.1,20.14,0.09,0.17,2.49,14.48
Chandigarh,2025-12-16,26.14,35.96,19.09,,0.37,2.22,16.22
Chandigarh,2025-12-17,28.61,33.14,21.29,,0.77,1.35,14.84
Chandigarh,2025-12-18,27.22,34.4,20.42,0.57,0.57,2.27,14.56
Chandigarh,2025-12-19,25.57,35.13,20.36,0.28,0.76,2.46,15.44
Chandigarh,2025-12-20,25.37,37.27,18.34,,0.88,2.93,15.22
Chandigarh,2025-12-21,24.75,34.96,20.33,0.27,0.72,2.44,16.53
Chandigarh,2025-12-22,26.38,33.43,21.78,,0.75,1.78,15.87
Chandigarh,2025-12-23,22.01,30.68,18.28,0.09,0.87,1.13,26.95
Chandigarh,2025-12-24,25.48,33.23,18.71,0.32,0.97,3.23,18.06
Chandigarh,2025-12-25,25.0,32.72,19.98,0.39,0.77,2.51,18.63
Chandigarh,2025-12-26,24.49,31.31,22.8,0.28,0.93,1.31,18.88
Chandigarh,2025-12-27,27.13,31.48,18.12,0.2,0.81,2.83,19.43
Chandigarh,2025-12-28,26.31,32.37,20.62,0.19,0.47,2.33,17.72
Chandigarh,2025-12-29,24.66,31.82,22.24,0.29,0.68,2.13,18.18
Chandigarh,2025-12-30,23.72,30.6,22.62,0.55,1.09,1.86,19.56
Chandigarh,2025-12-31,23.95,32.23,22.29,0.51,0.38,0.76,19.87
Chandigarh,2026-01-01,29.33,34.09,18.51,0.11,0.76,1.41,15.8
Chandigarh,2026-01-02,27.94,31.98,20.14,,0.61,1.82,17.51
Chandigarh,2026-01-03,26.28,29.41,22.46,0.1,0.81,2.11,18.83
Chandigarh,2026-01-04,27.19,33.36,20.28,0.18,1.11,1.29,16.59
Chandigarh,2026-01-05,25.66,36.23,20.66,,0.49,1.97,15.0
Chandigarh,2026-01-06,25.56,33.93,24.53,0.09,0.47,1.69,13.72
Chandigarh,2026-01-07,24.04,34.34,22.27,,0.73,2.39,16.23
Chandigarh,2026-01-08,28.69,31.08,21.51,0.1,0.2,1.29,17.13
Chandigarh,2026-01-09,25.7,38.02,21.66,,0.48,1.83,12.32
Chandigarh,2026-01-10,26.68,33.92,20.68,0.1,1.14,1.96,15.51
Chandigarh,2026-01-11,27.32,32.99,20.93,0.21,0.41,1.55,16.6
Chandigarh,2026-01-12,26.79,35.69,20.12,0.3,0.4,2.63,14.05
Chandigarh,2026-01-13,31.35,33.55,16.54,0.09,0.27,1.65,16.54
Chandigarh,2026-01-14,26.66,36.62,19.32,0.4,0.2,2.11,14.69
Chandigarh,2026-01-15,25.68,36.48,19.65,0.29,0.68,2.14,15.08
Chandigarh,2026-01-16,26.9,31.65,20.36,,0.21,2.22,18.67
Chandigarh,2026-01-17,27.54,33.3,16.23,0.1,0.84,2.51,19.48
Chandigarh,2026-01-18,29.06,30.18,20.94,,0.72,2.16,16.94
Chandigarh,2026-01-19,26.43,33.12,19.96,,0.74,1.17,18.58
Chandigarh,2026-01-20,29.64,35.69,19.56,0.1,0.71,2.52,11.79
Chandigarh,2026-01-21,27.53,33.01,20.43,,1.08,2.47,15.48
Chandigarh,2026-01-22,23.68,33.6,22.06,0.3,0.2,2.33,17.81
Chandigarh,2026-01-23,26.71,34.2,20.52,0.11,1.52,1.85,15.09
Chandigarh,2026-01-24,23.55,34.86,21.2,0.31,0.71,2.34,17.02
Chandigarh,2026-01-25,24.46,32.54,21.4,,0.99,2.66,17.95
Chandigarh,2026-01-26,29.27,36.11,19.02,,0.61,1.4,13.58
Chandigarh,2026-01-27,29.23,34.34,21.27,0.17,0.67,1.34,12.98
Chandigarh,2026-01-28,26.5,34.74,22.96,0.1,0.2,1.67,13.84
Chandigarh,2026-01-29,25.18,35.83,18.02,,0.84,1.79,18.34
Chandigarh,2026-01-30,25.4,34.83,21.65,0.43,0.75,1.39,15.54
Chandigarh,2026-01-31,23.36,35.25,19.4,0.21,1.04,1.56,19.19
Chandigarh,2026-02-01,25.67,34.43,19.69,,0.52,2.37,17.32
Chandigarh,2026-02-02,23.55,35.23,21.07,0.21,1.14,2.27,16.53
Chandigarh,2026-02-03,22.95,34.86,20.4,0.11,1.7,3.19,16.79
Chandigarh,2026-02-04,25.8,35.08,22.59,0.24,0.83,2.14,13.32
Chandigarh,2026-02-05,27.83,30.65,23.48,,0.33,1.85,15.87
Chandigarh,2026-02-06,27.42,30.88,21.85,0.53,1.58,2.52,15.23
Chandigarh,2026-02-07,24.86,33.19,22.59,0.11,0.97,2.38,15.89
Chandigarh,2026-02-08,26.35,32.44,19.76,0.4,1.0,2.4,17.66
Chandigarh,2026-02-09,22.84,36.82,20.91,0.11,1.25,1.82,16.25
Chandigarh,2026-02-10,26.58,32.05,21.22,0.21,1.07,2.04,16.83
Chandigarh,2026-02-11,25.18,27.93,25.18,,1.02,2.96,17.74
Chandigarh,2026-02-12,27.48,34.29,19.91,0.21,0.96,1.7,15.44
Chandigarh,2026-02-13,24.97,31.41,22.49,0.23,0.23,2.26,18.42
Chandigarh,2026-02-14,27.25,31.76,18.68,,0.33,2.09,19.89
Chandigarh,2026-02-15,24.87,30.07,20.51,0.11,0.74,1.28,22.42
Chandigarh,2026-02-16,26.15,31.9,19.69,0.1,0.21,1.95,20.0
Chandigarh,2026-02-17,28.41,31.14,20.63,0.3,0.51,0.81,18.2
Chandigarh,2026-02-18,20.94,33.91,23.99,0.11,0.76,1.85,18.43
Chandigarh,2026-02-19,28.49,28.39,20.0,,0.75,1.18,21.18
Chandigarh,2026-02-20,23.63,35.5,21.84,0.11,0.56,2.02,16.35
Chandigarh,2026-02-21,25.39,30.82,21.18,0.22,1.0,1.88,19.51
Chandigarh,2026-02-22,25.4,28.37,22.72,0.2,0.6,1.49,21.23
Chandigarh,2026-02-23,21.47,30.91,23.24,,0.31,1.97,22.1
Chandigarh,2026-02-24,26.9,27.32,22.73,,1.56,2.09,19.4
Chandigarh,2026-02-25,26.27,30.38,21.84,0.22,0.78,2.33,18.18
Chandigarh,2026-02-26,25.56,30.83,20.52,,0.59,1.17,21.34
Chandigarh,2026-02-27,25.06,30.36,25.42,,0.36,1.08,17.71
Chandigarh,2026-02-28,23.4,31.66,21.9,,1.0,1.63,20.4
Chandigarh,2026-03-01,27.39,27.62,21.21,0.12,1.05,1.52,21.1
Chandigarh,2026-03-02,26.43,28.05,22.82,,0.5,2.12,20.07
Chandigarh,2026-03-03,25.41,25.14,25.28,0.28,0.83,1.38,21.69
Chandigarh,2026-03-04,22.02,30.54,20.88,0.14,1.42,1.7,23.3
Chandigarh,2026-03-05,20.27,28.44,22.99,0.41,0.54,1.09,26.26
Chandigarh,2026-03-06,26.2,29.11,23.16,,0.63,1.27,19.62
Chandigarh,2026-03-07,24.55,31.69,23.25,0.13,0.39,1.04,18.96
Chandigarh,2026-03-08,23.83,27.04,21.82,,0.54,2.28,24.5
Chandigarh,2026-03-09,21.24,30.18,22.02,,0.26,1.94,24.35
Chandigarh,2026-03-10,23.28,34.04,20.9,,0.63,2.88,18.27
Chandigarh,2026-03-11,26.39,32.32,19.39,,0.26,2.64,19.0
Chandigarh,2026-03-12,23.34,30.74,21.68,,0.77,1.53,21.94
Chandigarh,2026-03-13,23.3,34.16,20.42,0.13,0.92,1.05,20.03
Chandigarh,2026-03-14,26.35,31.49,21.61,0.4,0.4,1.98,17.79
Chandigarh,2026-03-15,26.86,29.94,20.46,,0.57,2.06,20.11
Chandigarh,2026-03-16,23.78,32.65,20.0,,1.3,1.19,21.08
Chandigarh,2026-03-17,25.14,30.46,21.63,,0.23,1.59,20.95
Chandigarh,2026-03-18,24.88,33.38,21.0,0.25,0.5,1.63,18.38
Chandigarh,2026-03-19,22.95,32.82,19.5,0.12,,1.9,22.71
Chandigarh,2026-03-20,25.03,33.19,18.26,,0.64,1.18,21.7
Chandigarh,2026-03-21,22.87,29.67,25.3,0.1,0.51,1.83,19.72
Chandigarh,2026-03-22,23.36,32.22,21.29,0.12,0.81,1.38,20.83
Chandigarh,2026-03-23,24.56,31.28,21.15,,0.88,1.21,20.93
Chandigarh,2026-03-24,22.22,29.63,25.8,,1.15,1.4,19.8
Chandigarh,2026-03-25,25.12,29.68,21.55,0.12,0.62,1.48,21.43
Chandigarh,2026-03-26,27.12,27.36,21.93,0.35,0.59,2.59,20.05
Chandigarh,2026-03-27,23.78,32.54,20.03,0.25,0.63,1.13,21.65
Chandigarh,2026-03-28,26.07,30.79,23.71,,1.01,1.01,17.42
Chandigarh,2026-03-29,24.67,33.93,21.21,0.11,1.0,1.56,17.52
Chandigarh,2026-03-30,21.51,31.46,25.63,,0.46,2.17,18.76
Chandigarh,2026-03-31,24.97,31.7,22.03,,0.24,2.08,18.97
Chandigarh,2026-04-01,25.03,28.3,22.89,0.38,0.63,2.14,20.63
Chandigarh,2026-04-02,23.74,30.3,20.58,0.13,1.01,2.53,21.72
Chandigarh,2026-04-03,25.62,29.73,21.52,,0.87,1.0,21.27
Chandigarh,2026-04-04,28.55,27.18,21.57,,0.62,1.12,20.95
Chandigarh,2026-04-05,21.75,30.94,23.21,,0.78,2.24,21.08
Chandigarh,2026-04-06,22.86,27.26,23.93,0.24,0.6,1.31,23.81
Chandigarh,2026-04-07,21.75,27.8,27.13,0.22,0.78,2.13,20.18
Chandigarh,2026-04-08,22.61,30.43,22.48,,0.37,2.48,21.61
Chandigarh,2026-04-09,24.68,30.22,21.25,0.12,0.59,1.53,21.61
Chandigarh,2026-04-10,21.84,27.91,28.03,0.24,0.61,2.18,19.17
Chandigarh,2026-04-11,25.36,29.31,20.33,,1.32,2.51,21.17
Chandigarh,2026-04-12,23.69,32.38,19.17,0.24,0.71,2.26,21.55
Chandigarh,2026-04-13,24.4,32.24,21.79,0.11,0.44,1.53,19.5
Chandigarh,2026-04-14,28.31,26.94,21.74,,0.21,1.27,21.53
Chandigarh,2026-04-15,27.19,26.29,23.03,0.34,0.45,1.8,20.9
Chandigarh,2026-04-16,25.78,29.13,22.1,,0.67,1.56,20.76
Chandigarh,2026-04-17,21.77,26.72,26.24,,1.21,1.81,22.25
Chandigarh,2026-04-18,22.77,30.6,22.29,0.24,0.48,1.81,21.81
Chandigarh,2026-04-19,26.98,25.64,24.3,0.12,1.1,1.34,20.51
Chandigarh,2026-04-20,27.87,27.87,22.82,0.13,0.5,1.13,19.67
Chandigarh,2026-04-21,26.74,29.14,19.89,,1.49,1.14,21.6
Chandigarh,2026-04-22,28.23,28.95,20.27,,0.6,1.33,20.63
Chandigarh,2026-04-23,22.07,31.92,23.71,,0.94,0.94,20.42
Chandigarh,2026-04-24,24.78,33.29,19.57,0.13,0.76,1.65,19.82
Chandigarh,2026-04-25,23.68,33.42,21.38,0.14,1.76,0.95,18.67
Chandigarh,2026-04-26,23.86,30.18,21.34,,0.51,2.53,21.59
Chandigarh,2026-04-27,23.13,27.88,22.75,0.25,1.25,2.13,22.63
Chandigarh,2026-04-28,26.93,26.56,22.15,,0.61,2.2,21.54
Chandigarh,2026-04-29,27.57,28.34,23.38,,0.64,0.76,19.31
Chandigarh,2026-04-30,23.41,26.71,22.07,,1.34,1.46,25.0
Chandigarh,2026-05-01,24.55,26.46,25.32,,0.13,0.89,22.65
Chandigarh,2026-05-02,20.82,28.43,25.44,0.12,1.62,2.62,20.95
Chandigarh,2026-05-03,23.99,27.51,25.68,0.52,0.52,1.3,20.47
Chandigarh,2026-05-04,26.87,27.14,22.12,0.14,0.41,2.04,21.3
Chandigarh,2026-05-05,24.21,28.69,24.46,0.36,0.85,1.45,19.98
Chandigarh,2026-05-06,26.5,27.63,21.38,0.13,1.0,2.0,21.38
Chandigarh,2026-05-07,26.22,27.96,22.39,0.12,0.12,2.2,21.0
Chandigarh,2026-05-08,24.09,29.86,22.84,,1.0,1.88,20.33
Chandigarh,2026-05-09,23.73,31.68,20.99,0.25,1.24,2.73,19.38
Chandigarh,2026-05-10,25.27,27.92,20.94,0.12,1.68,2.53,21.54
Chandigarh,2026-05-11,25.87,29.48,21.66,0.24,0.72,1.44,20.58
Chandigarh,2026-05-12,24.66,29.86,21.31,,0.5,1.98,21.69
Chandigarh,2026-05-13,26.67,30.38,20.33,0.12,0.6,1.2,20.69
Chandigarh,2026-05-14,26.42,29.55,23.17,0.12,0.35,2.2,18.19
Chandigarh,2026-05-15,29.26,27.09,21.77,0.12,0.48,2.06,19.23
Chandigarh,2026-05-16,27.96,27.96,21.73,0.12,0.24,1.59,20.39
Chandigarh,2026-05-17,25.93,31.07,21.77,0.22,0.88,1.53,18.6
Chandigarh,2026-05-18,22.99,31.03,23.9,,0.34,1.81,19.93
Chandigarh,2026-05-19,23.62,33.18,20.16,0.12,1.15,1.73,20.05
Chandigarh,2026-05-20,25.15,31.08,21.4,0.12,0.48,2.3,19.47
Chandigarh,2026-05-21,24.91,31.14,23.38,0.12,0.24,1.88,18.33
Chandigarh,2026-05-22,26.95,29.38,22.09,0.1,0.41,1.52,19.55
Chandigarh,2026-05-23,24.67,31.55,22.92,,0.51,1.95,18.4
Chandigarh,2026-05-24,27.98,32.94,19.25,0.3,0.6,1.39,17.56
Chandigarh,2026-05-25,25.57,31.33,20.02,0.11,0.79,1.47,20.7
Chandigarh,2026-05-26,26.2,30.9,21.09,0.1,0.73,1.36,19.62
Chandigarh,2026-05-27,26.29,30.28,23.45,0.21,0.84,1.58,17.35
Chandigarh,2026-05-28,29.2,32.28,18.63,0.08,0.55,1.26,18.0
Chandigarh,2026-05-29,22.39,32.4,21.88,0.1,0.62,0.93,21.67
Chandigarh,2026-05-30,25.74,30.99,20.06,,1.16,1.58,20.48
Chandigarh,2026-05-31,23.61,33.53,22.52,,0.69,0.79,18.85
Chandigarh,2026-06-01,24.63,28.13,24.2,,0.53,1.17,21.34
Chandigarh,2026-06-02,25.75,29.16,22.03,,0.93,2.17,19.96
Chandigarh,2026-06-03,25.42,33.86,23.51,0.34,0.9,1.91,14.06
Chandigarh,2026-06-04,25.29,30.89,20.63,0.12,1.63,1.28,20.16
Chandigarh,2026-06-05,25.42,31.08,22.75,,1.44,1.33,17.98
Chandigarh,2026-06-06,27.4,29.6,21.16,,1.16,1.62,19.08
Chandigarh,2026-06-07,26.82,30.97,20.65,0.1,1.42,1.32,18.72
Chandigarh,2026-06-08,26.81,28.64,18.24,,0.49,2.94,22.89
Chandigarh,2026-06-09,24.91,34.45,21.57,0.12,0.48,1.43,17.04
Chandigarh,2026-06-10,28.52,31.45,20.29,0.11,0.23,2.37,17.02
Chandigarh,2026-06-11,26.36,28.69,21.95,0.23,0.7,1.28,20.79
Chandigarh,2026-06-12,24.27,32.64,21.65,,0.87,1.31,19.26
Chandigarh,2026-06-13,26.6,30.94,20.74,0.11,0.33,1.74,19.54
Chandigarh,2026-06-14,28.64,29.68,19.63,0.12,0.92,1.27,19.75
Chandigarh,2026-06-15,25.08,32.85,23.06,0.11,0.79,0.67,17.44
Chandigarh,2026-06-16,24.82,29.04,22.37,0.23,1.05,1.99,20.49
Chandigarh,2026-06-17,27.13,29.53,22.21,0.12,0.6,1.56,18.85
Chandigarh,2026-06-18,25.97,29.87,21.32,0.43,1.08,1.52,19.81
Chandigarh,2026-06-19,24.73,29.7,25.81,0.32,0.54,1.73,17.17
Chandigarh,2026-06-20,27.49,29.15,21.09,0.12,0.71,1.54,19.91
Chandigarh,2026-06-21,25.62,31.58,22.02,0.31,0.62,1.65,18.21
Chandigarh,2026-06-22,23.79,29.49,22.39,,0.75,1.94,21.64
Chandigarh,2026-06-23,25.11,30.76,21.3,0.22,0.76,1.41,20.43
Chandigarh,2026-06-24,22.28,34.45,21.85,0.32,0.65,2.48,17.98
Chandigarh,2026-06-25,23.5,25.46,26.88,0.11,0.65,1.74,21.65
Chandigarh,2026-06-26,21.82,30.93,24.52,0.11,1.01,2.25,19.35
Chandigarh,2026-06-27,23.55,28.28,23.76,,0.65,0.86,22.9
Chandigarh,2026-06-28,20.19,29.16,26.57,0.11,0.43,1.84,21.71
Chandigarh,2026-06-29,25.85,28.3,21.38,0.21,1.06,1.17,22.02
Chandigarh,2026-06-30,28.51,30.03,21.55,0.11,0.54,1.63,17.63
Chandigarh,2026-07-01,24.97,31.78,21.84,,1.08,0.97,19.35
Chandigarh,2026-07-02,27.1,29.09,22.46,0.22,0.66,1.22,19.25
Chandigarh,2026-07-03,25.4,26.86,21.54,,0.4,1.06,24.73
Chandigarh,2026-07-04,23.02,31.04,22.69,,1.13,0.9,21.22
Chandigarh,2026-07-05,25.94,29.35,23.26,0.12,1.1,1.46,18.76
Chandigarh,2026-07-06,23.64,28.86,26.93,,1.02,1.25,18.3
Chandigarh,2026-07-07,25.52,28.28,24.94,,0.34,1.26,19.66
Chandigarh,2026-07-08,26.16,33.92,22.54,0.1,0.93,1.34,14.99
Chandigarh,2026-07-09,27.66,36.04,18.83,0.27,0.9,1.62,14.68
Chandigarh,2026-07-10,25.21,29.96,23.97,,0.21,1.76,18.9
Chandigarh,2026-07-11,25.23,34.15,21.86,0.09,0.56,1.31,16.79
Chandigarh,2026-07-12,22.22,35.65,22.31,,0.83,1.94,17.04
Chandigarh,2026-07-13,23.89,35.66,21.06,0.09,0.44,1.24,17.61
Chandigarh,2026-07-14,22.76,35.68,22.31,,0.9,1.36,16.98
Chandigarh,2026-07-15,24.6,31.43,22.22,0.09,0.66,1.23,19.75
Chandigarh,2026-07-16,22.96,29.55,26.12,0.18,0.53,1.32,19.35
Chandigarh,2026-07-17,26.15,29.48,22.92,0.29,0.39,2.15,18.61
Chandigarh,2026-07-18,27.13,32.33,21.82,0.1,0.6,1.7,16.32
Chandigarh,2026-07-19,26.27,28.81,23.44,0.29,0.68,1.27,19.24
Chandigarh,2026-07-20,21.2,34.02,24.16,,0.99,1.48,18.15
Chandigarh,2026-07-21,27.12,25.69,24.05,0.1,0.51,1.64,20.88
Chandigarh,2026-07-22,25.63,27.85,25.21,0.11,0.11,1.37,19.73
Chandigarh,2026-07-23,26.11,31.85,20.18,0.1,0.79,1.29,19.68
Chandigarh,2026-07-24,28.05,31.11,20.87,0.07,1.12,1.12,17.65
Chandigarh,2026-07-25,28.44,31.17,18.45,0.17,0.51,1.37,19.9
Chandigarh,2026-07-26,28.61,29.19,19.73,0.17,0.91,1.33,20.07
Chandigarh,2026-07-27,24.74,30.58,20.03,0.08,1.05,1.3,22.22
Chandigarh,2026-07-28,28.1,29.28,19.15,0.24,0.86,2.04,20.33
Chandigarh,2026-07-29,23.27,33.95,22.22,0.17,0.44,1.4,18.55
Chandigarh,2026-07-30,24.98,30.5,21.47,0.09,0.09,2.19,20.68
Chandigarh,2026-07-31,27.25,28.67,23.37,,0.76,1.61,18.35
Chandigarh,2026-08-01,25.9,29.66,22.49,,0.99,1.43,19.53
Chandigarh,2026-08-02,24.76,30.86,21.93,0.09,1.15,1.86,19.36
Chandigarh,2026-08-03,26.78,28.99,21.85,0.09,0.7,1.41,20.18
Chandigarh,2026-08-04,23.79,32.81,22.12,0.19,0.46,1.21,19.42
Chandigarh,2026-08-05,27.79,31.72,17.25,0.27,1.07,1.25,20.64
Chandigarh,2026-08-06,28.58,31.68,20.44,,0.9,1.06,17.35
Chandigarh,2026-08-07,23.53,31.32,20.18,0.08,0.84,2.35,21.69
Chandigarh,2026-08-08,23.12,30.21,19.53,0.18,0.7,2.1,24.17
Chandigarh,2026-08-09,22.41,31.44,18.48,0.08,0.5,1.76,25.33
Chandigarh,2026-08-10,25.8,30.44,20.21,,0.6,1.81,21.15
Chandigarh,2026-08-11,25.67,32.99,20.33,0.26,0.52,1.12,19.12
Chandigarh,2026-08-12,25.4,32.08,21.35,0.38,0.85,1.79,18.16
Chandigarh,2026-08-13,27.28,32.06,19.37,,1.13,1.48,18.68
Chandigarh,2026-08-14,29.84,30.42,17.64,0.16,0.49,1.73,19.7
Chandigarh,2026-08-15,24.11,33.76,20.3,0.17,0.85,1.1,19.71
Chandigarh,2026-08-16,27.66,30.77,18.06,0.17,0.78,1.56,21.0
Chandigarh,2026-08-17,24.83,30.19,21.43,0.26,1.19,1.53,20.58
Chandigarh,2026-08-18,25.0,32.37,22.85,0.37,0.56,2.15,16.7
Chandigarh,2026-08-19,25.16,32.15,20.04,0.19,0.84,1.77,19.85
Chandigarh,2026-08-20,25.34,28.47,22.65,0.27,1.34,1.43,20.5
Chandigarh,2026-08-21,27.63,32.66,20.1,,0.68,2.13,16.81
Chandigarh,2026-08-22,29.29,27.88,21.24,0.44,0.18,1.95,19.03
Chandigarh,2026-08-23,25.51,30.51,21.1,,0.25,1.53,21.1
Chandigarh,2026-08-24,26.4,26.23,24.87,0.34,1.18,1.35,19.63
Chandigarh,2026-08-25,26.12,29.28,23.64,,0.29,1.15,19.52
Chandigarh,2026-08-26,28.35,28.69,23.02,0.17,0.43,1.8,17.53
Chandigarh,2026-08-27,26.07,28.99,24.81,0.1,0.78,1.07,18.19
Chandigarh,2026-08-28,29.04,29.89,20.53,0.38,0.38,1.53,18.24
Chandigarh,2026-08-29,24.65,28.74,22.51,0.56,0.65,1.86,21.02
Chandigarh,2026-08-30,25.96,28.46,21.7,0.17,1.09,1.92,20.7
Chandigarh,2026-08-31,23.89,25.98,28.61,0.09,1.27,1.91,18.26
Chennai,2025-01-01,36.83,12.59,24.79,0.28,1.72,2.75,21.04
Chennai,2025-01-02,38.67,11.78,24.81,0.51,1.66,2.38,20.19
Chennai,2025-01-03,37.82,12.04,24.9,0.4,2.21,2.21,20.41
Chennai,2025-01-04,39.53,11.55,24.05,0.28,1.73,2.53,20.33
Chennai,2025-01-05,38.95,10.76,23.47,0.28,1.92,2.13,22.49
Chennai,2025-01-06,38.49,12.8,23.94,0.21,2.1,2.17,20.28
Chennai,2025-01-07,38.84,11.31,24.45,0.28,2.14,2.17,20.82
Chennai,2025-01-08,39.89,11.13,23.88,0.34,1.72,2.38,20.66
Chennai,2025-01-09,39.37,10.99,24.72,0.25,1.91,2.65,20.12
Chennai,2025-01-10,40.44,11.85,23.52,0.25,1.86,2.36,19.73
Chennai,2025-01-11,39.03,12.04,23.15,0.28,2.02,2.5,20.98
Chennai,2025-01-12,38.59,11.85,25.02,0.22,1.81,2.0,20.52
Chennai,2025-01-13,38.67,13.94,23.37,0.3,1.68,2.55,19.49
Chennai,2025-01-14,39.54,12.27,22.71,0.48,1.97,2.66,20.37
Chennai,2025-01-15,38.34,12.07,24.74,0.33,1.93,2.28,20.29
Chennai,2025-01-16,38.82,12.57,24.08,0.42,2.16,2.14,19.82
Chennai,2025-01-17,41.49,13.09,23.08,0.17,1.82,1.95,18.41
Chennai,2025-01-18,40.38,13.04,22.93,0.3,2.02,1.97,19.36
Chennai,2025-01-19,40.66,11.78,23.67,0.19,2.15,2.15,19.4
Chennai,2025-01-20,38.78,12.17,23.92,0.36,1.94,2.59,20.24
Chennai,2025-01-21,37.54,11.86,24.3,0.26,1.74,2.66,21.63
Chennai,2025-01-22,38.11,12.64,24.22,0.29,1.98,3.0,19.77
Chennai,2025-01-23,39.07,13.67,23.57,0.3,1.78,2.27,19.34
Chennai,2025-01-24,39.44,12.85,24.4,0.36,1.84,2.31,18.8
Chennai,2025-01-25,40.61,11.46,24.82,0.27,1.68,1.68,19.48
Chennai,2025-01-26,40.04,11.57,25.08,0.2,2.06,1.62,19.43
Chennai,2025-01-27,39.42,11.92,24.77,0.44,1.86,1.74,19.84
Chennai,2025-01-28,40.38,12.1,23.16,0.41,1.7,2.32,19.92
Chennai,2025-01-29,39.11,12.01,25.93,0.19,1.61,2.51,18.65
Chennai,2025-01-30,39.03,12.3,23.92,0.29,1.47,2.65,20.33
Chennai,2025-01-31,39.14,13.0,24.72,0.31,1.72,2.09,19.01
Chennai,2025-02-01,41.1,11.68,22.36,0.24,2.11,2.91,19.6
Chennai,2025-02-02,40.44,12.04,23.11,0.37,1.5,2.5,20.04
Chennai,2025-02-03,40.6,12.11,23.57,0.38,1.86,1.9,19.57
Chennai,2025-02-04,40.04,12.97,23.36,0.17,2.2,2.18,19.07
Chennai,2025-02-05,36.97,12.73,25.81,0.48,1.94,2.42,19.66
Chennai,2025-02-06,39.51,12.97,23.78,0.19,2.07,2.15,19.33
Chennai,2025-02-07,39.5,11.72,23.95,0.38,1.76,2.27,20.43
Chennai,2025-02-08,39.92,12.5,23.56,0.25,1.72,1.81,20.26
Chennai,2025-02-09,40.86,12.19,23.26,0.26,1.7,1.93,19.81
Chennai,2025-02-10,39.61,12.06,23.66,0.28,1.83,1.95,20.62
Chennai,2025-02-11,39.72,13.2,23.58,0.36,1.69,2.09,19.36
Chennai,2025-02-12,39.65,11.98,23.19,0.27,1.58,2.63,20.69
Chennai,2025-02-13,38.45,13.5,23.46,0.2,1.98,2.1,20.3
Chennai,2025-02-14,39.68,11.44,24.37,0.31,1.81,2.06,20.33
Chennai,2025-02-15,40.74,11.96,23.68,0.19,1.84,1.75,19.83
Chennai,2025-02-16,40.86,11.65,22.55,0.34,1.45,2.23,20.92
Chennai,2025-02-17,39.67,11.2,24.02,0.4,1.71,2.2,20.8
Chennai,2025-02-18,37.85,12.15,23.7,0.51,2.15,2.04,21.61
Chennai,2025-02-19,38.66,12.41,23.25,0.54,1.56,1.94,21.64
Chennai,2025-02-20,37.27,12.62,24.57,0.36,1.41,2.77,20.99
Chennai,2025-02-21,37.91,13.18,24.49,0.33,1.85,2.01,20.23
Chennai,2025-02-22,39.26,12.71,23.37,0.33,1.99,1.99,20.35
Chennai,2025-02-23,38.81,12.67,22.56,0.37,1.64,2.37,21.6
Chennai,2025-02-24,37.09,12.48,23.06,0.4,1.7,2.53,22.74
Chennai,2025-02-25,38.11,11.22,24.2,0.32,2.11,1.97,22.08
Chennai,2025-02-26,39.4,12.57,22.03,0.62,1.72,1.95,21.7
Chennai,2025-02-27,38.26,12.35,23.65,0.35,2.08,2.28,21.03
Chennai,2025-02-28,38.95,11.69,23.48,0.35,1.71,2.4,21.42
Chennai,2025-03-01,39.28,11.77,22.91,0.47,1.86,1.86,21.84
Chennai,2025-03-02,39.13,12.36,22.77,0.55,1.75,2.4,21.04
Chennai,2025-03-03,37.03,11.92,23.78,0.56,1.51,2.08,23.12
Chennai,2025-03-04,37.9,11.76,23.12,0.42,1.86,2.01,22.93
Chennai,2025-03-05,37.87,12.58,23.04,0.22,1.73,2.25,22.31
Chennai,2025-03-06,38.15,11.89,24.57,0.45,1.67,1.7,21.56
Chennai,2025-03-07,37.23,13.0,23.88,0.39,1.5,2.02,21.98
Chennai,2025-03-08,37.27,11.84,24.78,0.43,1.68,1.96,22.05
Chennai,2025-03-09,38.33,12.67,23.36,0.45,1.94,1.72,21.53
Chennai,2025-03-10,36.63,12.25,24.17,0.27,2.14,1.91,22.65
Chennai,2025-03-11,35.58,13.07,24.16,0.45,1.88,2.25,22.61
Chennai,2025-03-12,37.48,11.66,23.84,0.39,1.71,1.86,23.06
Chennai,2025-03-13,37.35,11.23,24.7,0.51,1.77,2.0,22.44
Chennai,2025-03-14,35.88,11.67,24.79,0.22,1.87,2.21,23.35
Chennai,2025-03-15,36.87,11.21,24.83,0.27,1.9,1.92,23.0
Chennai,2025-03-16,36.79,12.17,23.77,0.28,1.56,1.96,23.47
Chennai,2025-03-17,37.58,12.22,24.08,0.34,1.44,1.86,22.47
Chennai,2025-03-18,37.47,12.63,24.46,0.21,2.07,2.23,20.94
Chennai,2025-03-19,38.42,11.69,22.81,0.2,2.19,2.03,22.66
Chennai,2025-03-20,37.24,12.53,24.2,0.42,1.91,1.48,22.23
Chennai,2025-03-21,39.15,11.67,23.98,0.33,1.88,2.02,20.97
Chennai,2025-03-22,36.63,11.19,24.53,0.51,1.87,2.08,23.19
Chennai,2025-03-23,37.96,12.44,23.17,0.25,1.96,2.31,21.9
Chennai,2025-03-24,36.69,12.55,24.68,0.43,1.76,2.58,21.31
Chennai,2025-03-25,37.71,12.91,22.91,0.34,1.61,2.16,22.36
Chennai,2025-03-26,38.16,12.49,21.9,0.19,1.76,2.28,23.22
Chennai,2025-03-27,36.87,11.57,24.13,0.31,2.05,2.53,22.53
Chennai,2025-03-28,37.31,11.62,23.15,0.31,1.93,1.89,23.78
Chennai,2025-03-29,37.32,11.31,24.5,0.34,2.13,2.31,22.08
Chennai,2025-03-30,37.25,12.82,23.14,0.25,1.91,2.03,22.6
Chennai,2025-03-31,36.94,11.94,23.83,0.38,1.83,1.95,23.13
Chennai,2025-04-01,37.15,12.44,23.88,0.34,1.93,2.15,22.11
Chennai,2025-04-02,38.28,11.71,23.2,0.42,1.7,1.72,22.96
Chennai,2025-04-03,38.54,10.97,22.86,0.4,1.68,1.72,23.83
Chennai,2025-04-04,36.54,11.96,24.37,0.39,1.75,2.12,22.87
Chennai,2025-04-05,39.02,12.43,23.76,0.31,1.79,1.65,21.04
Chennai,2025-04-06,38.64,11.76,23.31,0.26,1.83,2.12,22.08
Chennai,2025-04-07,37.06,12.42,23.91,0.41,1.83,2.56,21.82
Chennai,2025-04-08,38.74,11.32,24.01,0.51,1.73,1.91,21.78
Chennai,2025-04-09,37.2,12.35,25.41,0.37,1.65,1.67,21.36
Chennai,2025-04-10,36.85,13.03,24.59,0.35,1.73,2.14,21.31
Chennai,2025-04-11,36.76,12.7,25.01,0.34,1.76,1.68,21.75
Chennai,2025-04-12,38.9,11.9,25.11,0.24,1.91,1.66,20.28
Chennai,2025-04-13,40.2,12.16,22.5,0.4,1.88,1.94,20.93
Chennai,2025-04-14,39.27,11.57,23.4,0.27,1.91,2.18,21.39
Chennai,2025-04-15,37.92,12.27,24.76,0.27,1.57,1.82,21.39
Chennai,2025-04-16,38.18,12.56,22.68,0.53,2.02,2.14,21.89
Chennai,2025-04-17,39.6,11.92,22.79,0.33,1.52,1.94,21.88
Chennai,2025-04-18,39.05,12.1,24.43,0.34,1.85,1.55,20.69
Chennai,2025-04-19,38.83,11.5,24.37,0.4,1.52,1.64,21.74
Chennai,2025-04-20,39.46,12.19,20.59,0.19,1.68,1.79,24.1
Chennai,2025-04-21,36.9,12.47,23.61,0.3,1.64,2.07,23.02
Chennai,2025-04-22,37.45,11.85,21.85,0.5,1.61,1.78,24.95
Chennai,2025-04-23,35.52,11.08,24.17,0.42,1.77,1.93,25.11
Chennai,2025-04-24,36.21,10.62,23.52,0.43,1.84,1.86,25.53
Chennai,2025-04-25,36.34,10.54,23.05,0.38,1.44,2.06,26.2
Chennai,2025-04-26,36.21,10.46,24.14,0.34,1.79,2.13,24.94
Chennai,2025-04-27,35.72,11.94,22.73,0.35,1.78,1.87,25.61
Chennai,2025-04-28,35.03,11.53,24.98,0.27,1.64,1.87,24.67
Chennai,2025-04-29,37.62,11.56,24.07,0.25,1.77,2.22,22.53
Chennai,2025-04-30,37.29,11.02,24.81,0.21,1.72,2.06,22.88
Chennai,2025-05-01,35.85,10.94,24.17,0.31,1.71,2.12,24.9
Chennai,2025-05-02,37.15,11.15,22.94,0.31,1.43,1.61,25.4
Chennai,2025-05-03,36.62,11.01,21.83,0.26,1.7,2.13,26.44
Chennai,2025-05-04,36.91,11.24,21.74,0.23,1.51,2.05,26.31
Chennai,2025-05-05,36.92,12.79,22.93,0.39,1.71,1.8,23.45
Chennai,2025-05-06,37.49,12.78,22.57,0.35,1.45,2.22,23.14
Chennai,2025-05-07,37.83,10.82,23.53,0.52,1.93,1.95,23.42
Chennai,2025-05-08,39.77,10.64,22.56,0.2,1.55,1.97,23.3
Chennai,2025-05-09,38.13,11.65,22.37,0.19,1.99,1.93,23.74
Chennai,2025-05-10,37.93,11.38,21.48,0.37,2.38,2.42,24.04
Chennai,2025-05-11,38.11,12.11,22.42,0.41,2.02,2.41,22.51
Chennai,2025-05-12,38.23,11.48,22.1,0.25,1.89,2.4,23.64
Chennai,2025-05-13,36.85,11.05,23.95,0.2,1.78,2.13,24.04
Chennai,2025-05-14,37.05,12.77,22.19,0.31,1.53,1.76,24.38
Chennai,2025-05-15,35.01,11.82,24.69,0.24,2.11,1.93,24.21
Chennai,2025-05-16,38.3,11.37,22.11,0.28,1.88,2.09,23.98
Chennai,2025-05-17,37.23,12.09,23.14,0.4,1.95,1.96,23.23
Chennai,2025-05-18,37.89,11.66,21.56,0.53,1.94,2.33,24.09
Chennai,2025-05-19,37.97,11.54,24.12,0.3,1.5,2.31,22.24
Chennai,2025-05-20,38.54,12.22,22.92,0.29,1.84,2.06,22.13
Chennai,2025-05-21,38.89,11.43,23.75,0.29,1.84,1.83,21.98
Chennai,2025-05-22,40.86,11.63,22.67,0.38,1.65,1.65,21.15
Chennai,2025-05-23,41.28,12.14,20.31,0.41,2.33,2.03,21.49
Chennai,2025-05-24,40.02,11.29,20.82,0.32,2.31,2.21,23.03
Chennai,2025-05-25,38.68,11.99,21.2,0.34,1.55,2.03,24.21
Chennai,2025-05-26,38.92,12.55,22.0,0.37,1.56,2.2,22.4
Chennai,2025-05-27,38.66,11.83,23.15,0.41,1.51,1.91,22.54
Chennai,2025-05-28,38.71,12.19,21.97,0.35,1.7,2.22,22.87
Chennai,2025-05-29,38.06,11.65,21.56,0.35,1.7,2.01,24.66
Chennai,2025-05-30,34.7,10.39,22.32,0.42,1.39,1.89,28.89
Chennai,2025-05-31,36.44,12.01,24.26,0.28,1.93,1.92,23.17
Chennai,2025-06-01,37.87,10.25,22.31,0.5,1.49,1.98,25.6
Chennai,2025-06-02,37.01,11.33,23.74,0.29,1.8,1.97,23.85
Chennai,2025-06-03,38.49,11.21,19.4,0.3,1.31,2.52,26.77
Chennai,2025-06-04,38.17,10.88,21.88,0.26,1.7,2.71,24.4
Chennai,2025-06-05,38.04,11.18,23.37,0.37,1.42,1.51,24.11
Chennai,2025-06-06,39.76,12.51,21.86,0.38,1.6,1.41,22.48
Chennai,2025-06-07,38.84,11.55,23.62,0.19,1.69,1.77,22.34
Chennai,2025-06-08,38.7,11.84,21.91,0.27,1.43,1.95,23.9
Chennai,2025-06-09,36.98,10.68,24.16,0.38,2.06,2.03,23.7
Chennai,2025-06-10,38.93,11.26,22.23,0.26,1.65,2.12,23.55
Chennai,2025-06-11,39.24,11.24,22.5,0.35,1.64,1.97,23.07
Chennai,2025-06-12,38.01,11.56,22.61,0.29,1.72,1.65,24.17
Chennai,2025-06-13,39.87,10.42,22.42,0.21,1.34,1.86,23.87
Chennai,2025-06-14,38.65,11.07,22.58,0.2,1.77,1.96,23.77
Chennai,2025-06-15,39.19,11.24,22.98,0.27,1.73,1.63,22.96
Chennai,2025-06-16,38.11,10.72,23.08,0.24,1.33,2.06,24.46
Chennai,2025-06-17,37.39,10.8,23.84,0.38,1.71,2.19,23.69
Chennai,2025-06-18,37.61,11.92,22.38,0.39,1.47,1.96,24.27
Chennai,2025-06-19,37.36,11.06,23.53,0.4,2.3,1.61,23.74
Chennai,2025-06-20,39.46,11.03,22.12,0.27,1.72,1.85,23.55
Chennai,2025-06-21,39.57,11.84,21.6,0.51,2.07,1.89,22.52
Chennai,2025-06-22,39.05,11.01,22.61,0.37,1.84,1.88,23.23
Chennai,2025-06-23,37.17,11.48,21.96,0.43,2.01,2.01,24.95
Chennai,2025-06-24,38.18,11.27,21.96,0.49,1.86,2.19,24.04
Chennai,2025-06-25,37.94,11.79,22.66,0.24,1.72,2.34,23.31
Chennai,2025-06-26,39.54,12.1,21.07,0.21,2.11,2.37,22.61
Chennai,2025-06-27,38.7,10.59,23.54,0.36,1.75,1.68,23.37
Chennai,2025-06-28,39.24,10.99,22.41,0.44,2.2,2.24,22.48
Chennai,2025-06-29,39.9,12.06,21.27,0.43,1.8,2.0,22.54
Chennai,2025-06-30,38.42,12.23,22.03,0.37,1.79,1.79,23.36
Chennai,2025-07-01,37.44,11.61,23.24,0.43,1.63,1.97,23.68
Chennai,2025-07-02,36.71,11.38,22.96,0.36,1.57,2.12,24.9
Chennai,2025-07-03,38.32,11.62,22.29,0.26,1.41,2.22,23.88
Chennai,2025-07-04,38.7,11.95,22.83,0.25,1.93,2.26,22.09
Chennai,2025-07-05,39.84,11.11,21.59,0.32,1.97,2.19,22.98
Chennai,2025-07-06,40.23,10.77,22.01,0.37,2.24,1.94,22.45
Chennai,2025-07-07,37.98,11.65,23.11,0.26,1.55,1.81,23.63
Chennai,2025-07-08,39.23,11.39,21.74,0.49,1.71,1.75,23.68
Chennai,2025-07-09,39.38,11.57,21.75,0.22,1.92,1.94,23.22
Chennai,2025-07-10,40.22,11.09,22.21,0.19,1.93,1.79,22.56
Chennai,2025-07-11,37.72,11.8,22.72,0.34,1.57,1.84,24.02
Chennai,2025-07-12,39.11,12.71,22.11,0.26,1.91,1.7,22.19
Chennai,2025-07-13,38.52,12.14,22.72,0.34,1.56,2.51,22.2
Chennai,2025-07-14,38.26,12.05,22.54,0.52,1.58,1.67,23.38
Chennai,2025-07-15,41.28,12.36,21.08,0.29,1.46,1.72,21.8
Chennai,2025-07-16,38.54,11.52,21.73,0.42,1.86,1.76,24.17
Chennai,2025-07-17,38.67,12.5,21.74,0.34,1.53,1.79,23.43
Chennai,2025-07-18,39.31,12.22,21.58,0.37,1.76,1.97,22.78
Chennai,2025-07-19,39.6,12.43,20.44,0.18,1.6,1.61,24.14
Chennai,2025-07-20,38.7,13.18,22.18,0.29,1.77,2.09,21.81
Chennai,2025-07-21,38.95,12.6,21.99,0.31,1.61,1.99,22.54
Chennai,2025-07-22,37.73,12.9,22.81,0.21,1.73,1.76,22.86
Chennai,2025-07-23,42.75,13.39,18.96,0.24,1.61,1.97,21.08
Chennai,2025-07-24,41.38,13.06,20.58,0.32,1.58,1.96,21.11
Chennai,2025-07-25,40.79,11.73,21.83,0.28,1.6,1.98,21.79
Chennai,2025-07-26,41.26,12.48,21.22,0.24,1.48,2.36,20.96
Chennai,2025-07-27,40.58,12.13,21.63,0.14,1.85,2.02,21.66
Chennai,2025-07-28,40.78,12.39,20.78,0.19,1.63,1.85,22.38
Chennai,2025-07-29,40.51,11.4,21.77,0.19,1.66,2.15,22.33
Chennai,2025-07-30,40.11,11.55,22.18,0.18,1.6,1.89,22.49
Chennai,2025-07-31,40.13,11.83,21.68,0.18,1.55,1.87,22.77
Chennai,2025-08-01,38.68,11.59,22.26,0.35,1.61,1.72,23.79
Chennai,2025-08-02,41.15,12.13,20.63,0.13,1.94,1.66,22.36
Chennai,2025-08-03,42.96,11.81,21.28,0.19,1.44,2.0,20.31
Chennai,2025-08-04,42.97,11.98,21.42,0.19,1.27,1.85,20.32
Chennai,2025-08-05,44.18,11.67,19.58,0.25,1.76,1.6,20.96
Chennai,2025-08-06,41.37,12.23,21.89,0.23,1.91,1.84,20.53
Chennai,2025-08-07,41.9,11.59,21.27,0.23,2.05,1.76,21.19
Chennai,2025-08-08,40.37,12.53,21.47,0.22,1.66,2.21,21.54
Chennai,2025-08-09,41.53,11.76,22.36,0.19,1.49,2.27,20.41
Chennai,2025-08-10,42.57,12.17,21.0,0.18,1.72,2.14,20.21
Chennai,2025-08-11,40.6,12.05,21.63,0.21,1.36,2.2,21.95
Chennai,2025-08-12,41.36,12.61,20.84,0.16,1.7,2.33,21.0
Chennai,2025-08-13,40.47,11.89,23.3,0.23,1.66,1.8,20.65
Chennai,2025-08-14,41.43,11.75,22.51,0.38,1.68,1.8,20.44
Chennai,2025-08-15,43.9,12.48,19.83,0.52,1.51,1.99,19.76
Chennai,2025-08-16,43.53,12.52,21.02,0.29,1.58,1.72,19.36
Chennai,2025-08-17,43.63,12.51,19.86,0.24,1.69,1.64,20.42
Chennai,2025-08-18,41.32,12.53,21.55,0.34,1.89,1.89,20.48
Chennai,2025-08-19,42.39,11.81,21.65,0.23,1.59,2.01,20.32
Chennai,2025-08-20,40.99,12.18,21.28,0.26,1.56,1.8,21.93
Chennai,2025-08-21,40.6,12.83,21.13,0.21,2.23,1.62,21.38
Chennai,2025-08-22,38.67,12.69,23.41,0.29,1.64,1.67,21.63
Chennai,2025-08-23,40.08,12.06,21.87,0.34,1.9,1.8,21.96
Chennai,2025-08-24,42.32,13.35,20.79,0.25,1.41,2.1,19.79
Chennai,2025-08-25,39.73,12.24,23.1,0.26,1.79,1.69,21.17
Chennai,2025-08-26,40.81,12.99,22.27,0.26,1.62,1.51,20.54
Chennai,2025-08-27,41.46,13.34,20.96,0.45,1.46,1.55,20.78
Chennai,2025-08-28,38.25,12.45,23.06,0.27,1.94,1.56,22.46
Chennai,2025-08-29,39.87,12.56,21.26,0.23,1.55,1.4,23.14
Chennai,2025-08-30,40.88,12.64,21.98,0.29,1.52,1.43,21.27
Chennai,2025-08-31,40.21,13.14,21.29,0.16,1.58,2.24,21.38
Chennai,2025-09-01,37.97,12.83,22.79,0.25,1.42,1.8,22.94
Chennai,2025-09-02,41.22,12.63,21.65,0.31,1.68,1.56,20.94
Chennai,2025-09-03,47.05,14.47,18.08,0.22,1.24,1.79,17.15
Chennai,2025-09-04,49.4,15.18,15.92,0.15,1.03,1.68,16.64
Chennai,2025-09-05,46.25,14.8,17.67,0.13,1.16,1.66,18.31
Chennai,2025-09-06,47.48,15.34,16.65,0.13,1.0,1.86,17.54
Chennai,2025-09-07,47.94,14.12,17.64,0.21,1.05,1.61,17.43
Chennai,2025-09-08,46.68,14.47,18.27,0.2,1.25,1.91,17.22
Chennai,2025-09-09,46.3,14.98,17.85,0.22,1.25,1.91,17.5
Chennai,2025-09-10,45.01,13.76,19.78,0.36,1.13,1.45,18.51
Chennai,2025-09-11,45.51,12.98,19.78,0.32,1.1,1.31,19.01
Chennai,2025-09-12,45.57,14.2,19.1,0.19,1.05,1.32,18.57
Chennai,2025-09-13,45.02,13.7,20.03,0.22,1.27,1.76,18.0
Chennai,2025-09-14,44.16,13.91,17.91,0.12,1.28,1.44,21.17
Chennai,2025-09-15,44.66,14.17,19.97,0.13,1.77,1.55,17.75
Chennai,2025-09-16,46.73,14.0,18.27,0.13,1.22,1.38,18.26
Chennai,2025-09-17,43.53,13.81,18.61,0.33,1.31,1.42,20.99
Chennai,2025-09-18,45.3,13.05,18.28,1.75,1.2,1.35,19.07
Chennai,2025-09-19,45.46,12.76,17.64,1.77,1.46,1.44,19.47
Chennai,2025-09-20,45.56,14.0,17.96,0.9,1.06,1.52,19.0
Chennai,2025-09-21,48.3,13.77,15.42,0.35,1.18,1.17,19.8
Chennai,2025-09-22,50.93,15.13,15.2,0.29,1.17,1.37,15.9
Chennai,2025-09-23,48.2,14.45,17.46,0.19,1.33,1.32,17.05
Chennai,2025-09-24,47.17,14.86,17.01,0.2,1.25,1.35,18.17
Chennai,2025-09-25,46.59,15.04,17.38,0.18,1.25,1.63,17.93
Chennai,2025-09-26,46.44,13.54,17.73,0.31,1.42,1.15,19.4
Chennai,2025-09-27,45.32,13.92,19.61,0.18,1.3,1.34,18.34
Chennai,2025-09-28,43.96,13.93,17.46,0.25,1.16,1.28,21.96
Chennai,2025-09-29,44.38,13.93,19.34,0.31,1.5,1.54,18.99
Chennai,2025-09-30,45.4,14.77,17.68,0.26,1.71,1.22,18.96
Chennai,2025-10-01,45.04,14.42,18.57,0.16,1.34,1.19,19.28
Chennai,2025-10-02,45.76,13.32,18.9,0.31,1.26,1.67,18.77
Chennai,2025-10-03,45.81,13.22,18.24,0.17,1.33,1.23,19.99
Chennai,2025-10-04,46.64,13.01,19.05,0.21,1.36,0.96,18.78
Chennai,2025-10-05,44.27,13.07,19.57,0.34,1.42,1.39,19.94
Chennai,2025-10-06,45.52,13.81,18.6,0.14,1.52,1.5,18.9
Chennai,2025-10-07,45.64,13.79,19.35,0.31,1.19,1.14,18.58
Chennai,2025-10-08,46.25,14.2,19.14,0.3,1.22,1.68,17.2
Chennai,2025-10-09,45.55,12.4,20.41,0.3,1.59,1.74,18.02
Chennai,2025-10-10,44.08,13.72,19.67,0.44,1.42,1.36,19.31
Chennai,2025-10-11,45.01,13.39,19.52,0.28,1.57,1.6,18.64
Chennai,2025-10-12,46.22,12.86,19.64,0.23,1.3,1.53,18.22
Chennai,2025-10-13,44.4,12.4,20.23,0.29,1.33,1.55,19.79
Chennai,2025-10-14,42.73,13.64,20.73,0.27,1.48,1.66,19.5
Chennai,2025-10-15,43.63,13.73,19.56,0.23,1.28,1.71,19.86
Chennai,2025-10-16,43.93,13.91,20.08,0.33,1.12,1.59,19.05
Chennai,2025-10-17,43.73,12.97,20.37,0.3,1.6,2.08,18.95
Chennai,2025-10-18,44.56,12.77,20.48,0.13,1.55,1.59,18.91
Chennai,2025-10-19,46.88,13.43,19.01,0.2,1.42,1.28,17.77
Chennai,2025-10-20,46.45,13.16,19.67,0.25,1.35,1.6,17.52
Chennai,2025-10-21,43.05,13.38,20.17,0.19,1.59,2.04,19.57
Chennai,2025-10-22,43.76,13.55,19.94,0.34,1.53,2.06,18.83
Chennai,2025-10-23,43.94,12.84,20.5,0.61,1.62,1.45,19.04
Chennai,2025-10-24,44.22,12.42,20.41,0.47,1.69,1.88,18.91
Chennai,2025-10-25,44.39,12.98,19.92,0.37,1.6,2.12,18.62
Chennai,2025-10-26,44.74,12.89,20.06,0.35,1.21,2.13,18.61
Chennai,2025-10-27,44.98,12.96,19.25,0.25,1.61,1.61,19.33
Chennai,2025-10-28,43.07,13.24,21.99,0.29,1.15,1.62,18.63
Chennai,2025-10-29,43.48,12.98,21.82,0.37,1.44,1.76,18.14
Chennai,2025-10-30,43.03,12.14,20.98,0.27,1.31,2.36,19.91
Chennai,2025-10-31,42.47,12.05,21.37,0.32,1.59,1.83,20.37
Chennai,2025-11-01,42.49,13.07,21.4,0.15,1.71,1.84,19.34
Chennai,2025-11-02,42.77,12.7,22.62,0.19,0.96,1.75,19.01
Chennai,2025-11-03,44.76,13.81,20.43,0.32,1.36,1.61,17.72
Chennai,2025-11-04,50.87,15.13,16.54,0.22,1.12,1.59,14.53
Chennai,2025-11-05,49.16,13.86,17.7,0.16,1.31,1.51,16.3
Chennai,2025-11-06,46.64,14.24,19.06,0.3,1.34,1.7,16.71
Chennai,2025-11-07,44.91,14.33,19.8,0.26,1.31,1.77,17.61
Chennai,2025-11-08,44.39,13.3,20.49,0.23,1.4,1.99,18.21
Chennai,2025-11-09,45.57,13.57,19.18,0.27,1.46,1.48,18.47
Chennai,2025-11-10,44.21,13.56,20.88,0.23,1.33,1.49,18.31
Chennai,2025-11-11,44.65,13.08,21.03,0.22,1.45,1.64,17.94
Chennai,2025-11-12,44.65,13.03,20.63,0.21,1.55,1.26,18.66
Chennai,2025-11-13,43.88,13.85,20.82,0.15,1.22,1.82,18.26
Chennai,2025-11-14,43.74,13.46,20.73,0.17,1.44,1.68,18.78
Chennai,2025-11-15,44.94,13.69,20.71,0.12,1.52,1.68,17.35
Chennai,2025-11-16,45.75,13.63,19.96,0.23,1.53,1.3,17.59
Chennai,2025-11-17,43.1,13.63,21.15,0.28,1.37,1.66,18.82
Chennai,2025-11-18,43.24,13.42,20.85,0.27,1.65,1.43,19.14
Chennai,2025-11-19,42.67,13.32,21.52,0.22,1.2,1.57,19.49
Chennai,2025-11-20,43.52,13.79,20.81,0.16,1.47,1.33,18.92
Chennai,2025-11-21,41.07,12.94,22.74,0.26,1.44,1.84,19.71
Chennai,2025-11-22,44.0,13.73,19.51,0.4,1.6,1.69,19.08
Chennai,2025-11-23,46.0,12.85,19.43,0.3,1.1,1.58,18.74
Chennai,2025-11-24,41.7,12.91,21.39,0.17,1.69,2.0,20.14
Chennai,2025-11-25,52.93,16.44,14.95,0.17,0.79,1.31,13.41
Chennai,2025-11-26,48.47,15.18,18.13,0.2,1.06,1.37,15.59
Chennai,2025-11-27,45.63,14.51,19.56,0.13,1.14,1.4,17.63
Chennai,2025-11-28,45.18,14.49,19.88,0.21,1.18,1.6,17.47
Chennai,2025-11-29,45.29,12.82,19.09,0.17,1.48,1.72,19.43
Chennai,2025-11-30,42.88,13.26,21.36,0.17,1.22,1.65,19.45
Chennai,2025-12-01,43.88,13.57,21.08,0.33,1.15,1.63,18.37
Chennai,2025-12-02,44.27,13.69,20.28,0.27,1.74,1.45,18.3
Chennai,2025-12-03,45.55,14.49,19.51,0.2,1.79,1.25,17.22
Chennai,2025-12-04,46.6,13.73,18.9,0.23,1.72,1.71,17.11
Chennai,2025-12-05,44.11,13.17,21.15,0.25,1.16,1.68,18.47
Chennai,2025-12-06,45.1,13.61,19.37,0.16,1.61,1.53,18.61
Chennai,2025-12-07,45.59,12.88,19.53,0.37,1.42,1.28,18.93
Chennai,2025-12-08,43.86,13.84,20.38,0.74,1.23,1.61,18.35
Chennai,2025-12-09,43.99,14.23,19.44,0.39,1.56,1.66,18.73
Chennai,2025-12-10,46.21,14.2,19.07,0.44,1.49,1.29,17.31
Chennai,2025-12-11,42.64,14.76,20.61,0.34,1.77,1.37,18.52
Chennai,2025-12-12,44.79,13.54,20.02,0.46,1.49,1.44,18.26
Chennai,2025-12-13,42.97,13.14,21.06,0.18,1.68,1.36,19.61
Chennai,2025-12-14,45.62,13.67,18.21,0.42,1.36,1.67,19.06
Chennai,2025-12-15,45.91,14.04,19.44,0.32,1.46,1.57,17.25
Chennai,2025-12-16,44.85,13.53,20.78,0.35,1.64,1.41,17.44
Chennai,2025-12-17,42.66,14.01,21.35,0.59,1.47,1.17,18.76
Chennai,2025-12-18,41.88,14.11,20.26,0.46,1.93,1.45,19.91
Chennai,2025-12-19,42.45,13.53,21.44,0.35,1.43,1.63,19.17
Chennai,2025-12-20,43.67,12.75,21.34,0.13,1.82,1.64,18.64
Chennai,2025-12-21,44.2,12.76,19.28,0.33,1.55,1.93,19.95
Chennai,2025-12-22,42.6,12.78,21.41,0.25,1.48,1.38,20.09
Chennai,2025-12-23,42.92,13.21,21.68,0.3,1.69,1.27,18.92
Chennai,2025-12-24,41.8,13.5,21.9,0.26,1.89,1.36,19.3
Chennai,2025-12-25,42.18,13.14,21.26,0.3,1.73,1.63,19.77
Chennai,2025-12-26,42.83,12.18,21.39,0.18,2.12,1.69,19.62
Chennai,2025-12-27,41.7,13.42,21.5,0.26,2.2,1.48,19.44
Chennai,2025-12-28,42.16,12.68,21.06,0.1,1.74,1.9,20.36
Chennai,2025-12-29,40.68,12.06,22.05,0.23,1.99,1.78,21.2
Chennai,2025-12-30,41.87,12.55,21.52,0.22,1.77,1.59,20.48
Chennai,2025-12-31,40.59,13.61,22.22,0.41,1.34,1.36,20.46
Chennai,2026-01-01,41.07,12.89,22.69,0.26,2.12,1.33,19.64
Chennai,2026-01-02,40.81,12.59,24.4,0.24,2.11,1.49,18.34
Chennai,2026-01-03,41.22,12.96,24.45,0.2,1.61,1.47,18.09
Chennai,2026-01-04,41.36,13.81,22.15,0.34,1.8,1.79,18.74
Chennai,2026-01-05,44.9,15.32,20.0,0.26,1.45,1.38,16.69
Chennai,2026-01-06,45.61,15.04,19.19,0.2,1.03,1.44,17.49
Chennai,2026-01-07,44.91,13.65,20.26,0.2,1.42,1.35,18.22
Chennai,2026-01-08,44.57,12.85,20.66,0.16,1.55,1.44,18.78
Chennai,2026-01-09,44.18,13.35,21.04,0.18,1.43,1.74,18.08
Chennai,2026-01-10,44.04,12.82,21.28,0.24,1.69,1.15,18.79
Chennai,2026-01-11,42.92,13.77,21.19,0.19,1.23,1.58,19.12
Chennai,2026-01-12,42.98,13.88,20.68,0.3,1.02,1.66,19.48
Chennai,2026-01-13,48.4,14.85,18.41,0.17,1.22,1.49,15.46
Chennai,2026-01-14,46.38,14.5,19.81,0.18,1.03,1.23,16.87
Chennai,2026-01-15,45.67,13.58,20.27,0.18,1.19,1.57,17.54
Chennai,2026-01-16,44.26,13.94,19.86,0.23,1.55,1.54,18.62
Chennai,2026-01-17,44.44,13.39,21.08,0.17,1.62,1.53,17.78
Chennai,2026-01-18,44.67,14.05,21.09,0.16,1.2,1.69,17.14
Chennai,2026-01-19,42.97,15.18,21.2,0.2,1.25,1.89,17.31
Chennai,2026-01-20,44.79,14.23,19.91,0.21,1.67,1.95,17.24
Chennai,2026-01-21,43.63,14.03,20.35,0.08,1.25,1.84,18.83
Chennai,2026-01-22,43.56,14.26,20.39,0.14,1.54,1.65,18.46
Chennai,2026-01-23,44.35,13.13,21.14,0.14,1.79,1.67,17.77
Chennai,2026-01-24,43.52,13.51,21.83,0.13,1.69,1.87,17.44
Chennai,2026-01-25,43.96,12.71,23.08,0.17,1.42,1.71,16.95
Chennai,2026-01-26,46.92,13.82,19.73,0.14,1.42,1.49,16.48
Chennai,2026-01-27,45.75,14.73,19.4,0.15,1.68,1.65,16.64
Chennai,2026-01-28,46.1,13.93,21.08,0.22,1.48,1.77,15.41
Chennai,2026-01-29,46.45,13.0,19.94,0.13,1.31,1.8,17.37
Chennai,2026-01-30,44.46,12.81,20.93,0.18,1.31,1.97,18.35
Chennai,2026-01-31,42.44,11.75,21.2,0.14,1.76,1.66,21.05
Chennai,2026-02-01,43.76,12.58,21.16,0.29,1.41,1.92,18.88
Chennai,2026-02-02,43.31,12.27,21.98,0.16,1.36,1.79,19.13
Chennai,2026-02-03,43.99,12.64,22.18,0.14,1.2,1.7,18.14
Chennai,2026-02-04,42.72,12.76,22.58,0.2,1.63,1.71,18.4
Chennai,2026-02-05,44.43,13.45,21.53,0.11,1.35,1.5,17.62
Chennai,2026-02-06,43.15,12.65,22.86,0.23,1.72,1.77,17.61
Chennai,2026-02-07,44.55,12.91,22.22,0.17,1.64,1.75,16.75
Chennai,2026-02-08,44.38,14.02,20.36,0.1,1.59,1.35,18.22
Chennai,2026-02-09,43.06,12.75,21.78,0.28,1.58,1.75,18.81
Chennai,2026-02-10,42.18,12.42,22.87,0.17,1.51,1.98,18.87
Chennai,2026-02-11,42.33,13.14,22.23,0.29,2.0,1.57,18.44
Chennai,2026-02-12,43.34,13.33,21.8,0.21,1.32,1.35,18.65
Chennai,2026-02-13,43.23,12.32,21.37,0.29,1.37,1.91,19.52
Chennai,2026-02-14,44.27,11.67,21.67,0.22,1.65,2.17,18.34
Chennai,2026-02-15,42.81,13.35,19.57,0.18,1.43,1.48,21.18
Chennai,2026-02-16,42.84,13.54,20.07,0.23,1.56,1.66,20.1
Chennai,2026-02-17,47.04,13.17,19.26,0.23,0.98,1.52,17.8
Chennai,2026-02-18,46.34,13.85,19.5,0.19,0.98,1.41,17.73
Chennai,2026-02-19,44.15,14.32,20.08,0.19,1.29,1.69,18.28
Chennai,2026-02-20,44.99,13.14,19.68,0.27,1.6,1.48,18.84
Chennai,2026-02-21,44.92,13.36,19.66,,1.42,1.86,18.77
Chennai,2026-02-22,42.04,12.96,23.21,0.14,1.29,1.24,19.12
Chennai,2026-02-23,43.41,12.47,22.08,0.18,1.19,1.63,19.04
Chennai,2026-02-24,42.62,13.29,21.33,0.25,1.59,1.8,19.12
Chennai,2026-02-25,43.46,13.17,21.45,0.16,0.91,1.65,19.21
Chennai,2026-02-26,40.09,12.83,21.96,0.14,1.58,1.74,21.65
Chennai,2026-02-27,40.6,12.97,21.54,0.13,1.48,1.8,21.47
Chennai,2026-02-28,41.67,12.93,22.94,0.13,1.18,1.9,19.25
Chennai,2026-03-01,41.28,12.66,22.68,0.15,1.13,1.44,20.67
Chennai,2026-03-02,41.86,12.83,23.02,0.21,1.15,1.49,19.44
Chennai,2026-03-03,41.15,13.22,22.7,0.26,1.51,2.13,19.02
Chennai,2026-03-04,42.37,12.54,22.22,0.17,1.46,1.55,19.69
Chennai,2026-03-05,41.83,12.53,20.48,0.13,1.52,1.65,21.86
Chennai,2026-03-06,42.02,12.52,22.09,0.15,1.59,1.57,20.06
Chennai,2026-03-07,43.75,11.28,22.18,0.21,1.3,1.72,19.56
Chennai,2026-03-08,41.62,10.83,22.4,0.13,1.35,1.69,21.97
Chennai,2026-03-09,43.05,12.7,21.67,0.07,1.24,1.76,19.5
Chennai,2026-03-10,42.84,13.32,22.65,0.2,1.33,1.38,18.28
Chennai,2026-03-11,43.27,12.28,21.1,0.25,1.21,1.74,20.16
Chennai,2026-03-12,44.13,13.29,20.78,0.16,1.38,2.02,18.25
Chennai,2026-03-13,44.44,12.93,20.86,0.27,1.26,1.46,18.79
Chennai,2026-03-14,45.21,11.97,21.46,0.14,1.3,1.95,17.96
Chennai,2026-03-15,45.0,11.69,21.07,0.18,1.28,1.65,19.14
Chennai,2026-03-16,42.83,13.53,21.31,0.19,1.43,1.69,19.01
Chennai,2026-03-17,46.47,12.83,20.11,0.14,1.41,1.46,17.58
Chennai,2026-03-18,44.11,12.83,21.22,0.23,1.42,1.86,18.32
Chennai,2026-03-19,44.26,11.64,21.6,0.13,1.31,1.99,19.07
Chennai,2026-03-20,46.1,13.86,19.19,0.21,1.2,1.97,17.48
Chennai,2026-03-21,45.88,12.98,20.64,0.24,1.4,1.3,17.55
Chennai,2026-03-22,44.07,12.16,21.41,0.31,1.75,1.98,18.31
Chennai,2026-03-23,44.23,12.8,20.67,0.15,1.59,2.1,18.46
Chennai,2026-03-24,43.47,12.51,21.62,0.23,1.45,1.93,18.79
Chennai,2026-03-25,42.04,12.65,21.94,0.13,1.27,2.37,19.61
Chennai,2026-03-26,42.39,11.89,21.86,0.24,1.69,1.93,20.0
Chennai,2026-03-27,42.19,12.8,21.35,0.11,2.1,2.16,19.29
Chennai,2026-03-28,42.47,12.68,22.05,0.2,1.97,1.99,18.65
Chennai,2026-03-29,44.7,11.89,20.7,0.22,1.44,2.05,19.0
Chennai,2026-03-30,43.96,12.9,21.44,0.19,1.01,1.58,18.93
Chennai,2026-03-31,42.93,12.97,20.92,0.16,1.7,2.37,18.94
Chennai,2026-04-01,44.24,12.2,20.64,0.33,1.54,2.17,18.88
Chennai,2026-04-02,43.29,13.24,20.75,0.24,1.48,1.9,19.11
Chennai,2026-04-03,44.21,12.82,20.61,0.25,1.35,1.82,18.95
Chennai,2026-04-04,42.63,13.06,21.47,0.18,1.62,2.11,18.93
Chennai,2026-04-05,44.23,12.13,20.98,0.22,1.39,1.81,19.25
Chennai,2026-04-06,41.63,12.82,23.14,0.24,1.35,1.82,19.0
Chennai,2026-04-07,42.85,11.53,22.12,0.27,1.34,1.73,20.15
Chennai,2026-04-08,41.61,11.54,23.75,0.19,1.4,1.86,19.65
Chennai,2026-04-09,42.32,12.39,22.3,0.3,1.04,1.7,19.95
Chennai,2026-04-10,41.52,13.2,23.28,0.12,1.58,1.72,18.58
Chennai,2026-04-11,40.2,12.78,23.8,0.29,1.59,1.91,19.43
Chennai,2026-04-12,41.01,13.02,24.01,0.22,1.27,1.72,18.75
Chennai,2026-04-13,41.44,12.32,23.0,0.13,1.43,1.63,20.05
Chennai,2026-04-14,41.65,13.34,23.08,0.24,1.49,1.71,18.5
Chennai,2026-04-15,41.69,13.08,21.56,0.24,1.42,1.78,20.23
Chennai,2026-04-16,40.32,13.44,23.09,0.31,1.45,1.72,19.68
Chennai,2026-04-17,40.41,12.03,23.39,0.23,1.47,1.87,20.6
Chennai,2026-04-18,41.41,11.48,22.9,0.22,1.57,1.62,20.8
Chennai,2026-04-19,41.28,13.19,23.09,0.19,1.58,1.48,19.19
Chennai,2026-04-20,41.62,13.33,22.54,0.22,1.65,1.38,19.27
Chennai,2026-04-21,41.72,12.68,23.18,0.26,1.58,2.04,18.55
Chennai,2026-04-22,42.39,13.01,22.55,0.22,1.34,1.43,19.06
Chennai,2026-04-23,43.08,12.06,23.36,0.18,1.29,1.22,18.82
Chennai,2026-04-24,39.23,11.98,25.24,0.22,1.6,1.97,19.76
Chennai,2026-04-25,42.12,12.47,23.87,0.07,1.54,2.02,17.9
Chennai,2026-04-26,41.87,12.0,23.11,0.22,1.85,1.82,19.13
Chennai,2026-04-27,42.32,11.83,22.46,0.32,1.36,1.98,19.73
Chennai,2026-04-28,40.89,11.74,23.83,0.13,1.15,2.06,20.2
Chennai,2026-04-29,41.84,11.8,22.21,0.21,1.65,1.87,20.42
Chennai,2026-04-30,39.55,11.44,23.11,0.38,1.8,1.86,21.86
Chennai,2026-05-01,40.62,12.04,23.22,0.2,1.64,1.88,20.41
Chennai,2026-05-02,40.38,12.42,23.28,0.13,1.53,1.8,20.46
Chennai,2026-05-03,41.55,12.79,22.57,0.09,1.2,2.23,19.58
Chennai,2026-05-04,39.25,11.41,25.12,0.31,1.31,1.4,21.2
Chennai,2026-05-05,39.67,12.16,24.12,0.14,1.11,1.61,21.19
Chennai,2026-05-06,38.77,11.94,24.47,0.18,1.0,1.85,21.8
Chennai,2026-05-07,40.92,12.77,23.16,0.15,1.2,1.62,20.18
Chennai,2026-05-08,40.55,10.69,25.23,0.25,1.34,2.18,19.77
Chennai,2026-05-09,41.68,12.13,22.46,0.28,1.55,1.41,20.49
Chennai,2026-05-10,41.29,12.64,22.13,0.33,1.55,1.77,20.3
Chennai,2026-05-11,41.51,12.07,22.57,0.2,1.77,1.67,20.2
Chennai,2026-05-12,41.09,11.95,22.89,0.16,1.53,1.63,20.75
Chennai,2026-05-13,43.77,11.64,21.57,0.16,1.64,1.94,19.27
Chennai,2026-05-14,42.87,12.89,22.1,0.17,1.3,1.73,18.94
Chennai,2026-05-15,41.27,12.27,23.27,0.09,1.41,1.6,20.09
Chennai,2026-05-16,41.42,10.39,23.58,0.18,1.6,1.38,21.45
Chennai,2026-05-17,41.19,11.16,21.82,0.18,1.51,1.72,22.42
Chennai,2026-05-18,40.86,11.93,23.65,0.11,1.62,1.58,20.25
Chennai,2026-05-19,41.32,12.23,22.2,0.24,1.39,1.66,20.96
Chennai,2026-05-20,42.85,12.03,23.5,0.11,1.71,1.35,18.46
Chennai,2026-05-21,41.93,12.05,23.56,0.16,1.24,1.13,19.93
Chennai,2026-05-22,47.39,11.52,20.52,0.11,1.15,1.34,17.97
Chennai,2026-05-23,41.8,11.65,23.06,0.25,1.37,2.07,19.8
Chennai,2026-05-24,42.47,11.33,22.38,0.08,1.34,1.94,20.46
Chennai,2026-05-25,39.81,13.17,23.12,0.18,1.55,1.32,20.85
Chennai,2026-05-26,41.22,12.73,22.38,0.23,1.34,1.48,20.62
Chennai,2026-05-27,40.26,12.32,22.19,0.18,1.62,1.5,21.93
Chennai,2026-05-28,45.26,14.03,19.79,0.1,1.32,1.19,18.31
Chennai,2026-05-29,44.27,14.28,19.48,0.19,1.19,1.27,19.33
Chennai,2026-05-30,40.91,12.62,22.44,0.16,1.52,1.36,20.98
Chennai,2026-05-31,40.42,12.94,22.45,0.09,1.6,1.31,21.18
Chennai,2026-06-01,41.64,12.37,22.57,0.08,1.44,1.45,20.45
Chennai,2026-06-02,41.42,12.77,21.52,0.11,1.15,1.53,21.49
Chennai,2026-06-03,40.57,12.44,23.67,0.09,1.49,1.42,20.33
Chennai,2026-06-04,41.6,13.46,21.86,0.11,1.36,1.68,19.93
Chennai,2026-06-05,40.35,13.35,22.67,0.2,1.76,1.47,20.2
Chennai,2026-06-06,41.28,12.44,22.19,0.14,2.37,1.41,20.17
Chennai,2026-06-07,40.83,11.96,23.0,0.08,2.92,1.63,19.58
Chennai,2026-06-08,39.69,12.71,23.48,0.23,1.93,1.35,20.61
Chennai,2026-06-09,42.33,12.43,22.55,0.25,1.15,1.49,19.81
Chennai,2026-06-10,40.84,12.44,22.05,0.18,1.51,1.58,21.39
Chennai,2026-06-11,40.08,13.6,22.58,0.16,1.32,1.64,20.62
Chennai,2026-06-12,40.24,12.88,22.71,0.09,1.37,1.66,21.07
Chennai,2026-06-13,40.92,11.65,22.99,0.12,1.32,2.08,20.91
Chennai,2026-06-14,39.34,13.43,22.88,0.15,1.35,1.78,21.07
Chennai,2026-06-15,39.93,12.2,23.83,0.15,1.63,1.83,20.42
Chennai,2026-06-16,40.67,12.36,23.31,0.18,1.88,1.76,19.84
Chennai,2026-06-17,40.83,12.58,24.13,0.11,1.24,1.77,19.34
Chennai,2026-06-18,41.38,13.27,23.75,0.15,1.43,1.37,18.65
Chennai,2026-06-19,41.3,11.7,23.06,0.2,1.68,1.32,20.74
Chennai,2026-06-20,41.01,12.47,23.66,0.16,1.63,1.38,19.68
Chennai,2026-06-21,42.17,12.88,21.67,0.15,1.67,1.61,19.85
Chennai,2026-06-22,41.07,13.27,22.66,0.27,1.73,1.81,19.2
Chennai,2026-06-23,40.41,11.05,24.04,0.17,1.63,1.74,20.97
Chennai,2026-06-24,40.26,10.53,25.02,0.2,1.87,2.2,19.93
Chennai,2026-06-25,39.89,12.22,24.15,0.18,1.85,1.38,20.33
Chennai,2026-06-26,40.09,11.59,24.14,0.18,1.9,1.92,20.18
Chennai,2026-06-27,39.1,11.7,24.12,0.12,1.75,1.51,21.7
Chennai,2026-06-28,39.71,11.17,24.91,0.11,1.42,1.36,21.32
Chennai,2026-06-29,39.96,10.73,25.68,0.22,1.47,1.32,20.63
Chennai,2026-06-30,43.11,11.66,23.62,0.2,1.45,1.62,18.34
Chennai,2026-07-01,41.72,11.88,22.52,0.15,1.65,1.83,20.26
Chennai,2026-07-02,39.93,12.42,24.31,0.2,1.66,1.63,19.86
Chennai,2026-07-03,41.67,11.54,23.38,0.18,1.52,1.36,20.35
Chennai,2026-07-04,41.71,10.94,23.04,0.15,1.71,1.65,20.79
Chennai,2026-07-05,38.87,11.72,24.36,0.1,1.81,1.46,21.68
Chennai,2026-07-06,38.94,11.47,23.45,0.15,1.87,1.26,22.86
Chennai,2026-07-07,39.37,11.82,23.89,0.22,1.94,1.42,21.35
Chennai,2026-07-08,38.0,13.29,24.57,0.21,1.28,1.4,21.25
Chennai,2026-07-09,41.93,13.64,22.23,0.1,1.43,1.15,19.53
Chennai,2026-07-10,41.7,13.34,21.72,0.21,2.13,1.44,19.47
Chennai,2026-07-11,42.02,12.85,22.17,0.18,1.76,1.34,19.68
Chennai,2026-07-12,40.91,14.42,22.61,0.11,1.74,1.16,19.04
Chennai,2026-07-13,40.73,14.4,21.57,0.3,1.75,1.41,19.84
Chennai,2026-07-14,40.17,13.64,22.99,0.31,1.55,1.52,19.82
Chennai,2026-07-15,43.44,12.04,21.61,0.27,1.43,1.58,19.63
Chennai,2026-07-16,39.2,11.69,24.27,0.27,1.76,1.54,21.27
Chennai,2026-07-17,41.58,11.33,23.03,0.29,1.57,1.4,20.81
Chennai,2026-07-18,40.2,11.53,24.17,0.28,2.04,1.5,20.29
Chennai,2026-07-19,41.79,11.37,23.56,0.23,1.77,1.37,19.91
Chennai,2026-07-20,40.41,11.85,24.13,0.21,1.58,1.43,20.39
Chennai,2026-07-21,40.1,11.62,24.4,0.15,1.79,1.51,20.43
Chennai,2026-07-22,42.07,12.21,23.6,0.14,1.56,1.23,19.18
Chennai,2026-07-23,40.95,11.64,23.42,0.27,1.45,1.62,20.65
Chennai,2026-07-24,46.26,13.19,19.9,0.09,1.19,1.37,18.01
Chennai,2026-07-25,45.14,12.85,21.22,0.14,1.31,1.19,18.17
Chennai,2026-07-26,43.8,12.41,21.19,0.18,1.66,1.66,19.1
Chennai,2026-07-27,42.96,12.42,21.57,0.08,1.71,1.43,19.84
Chennai,2026-07-28,41.69,11.21,23.09,0.17,1.85,1.49,20.5
Chennai,2026-07-29,40.9,13.0,22.08,0.25,1.79,1.63,20.35
Chennai,2026-07-30,42.3,11.55,22.5,0.13,2.02,1.19,20.3
Chennai,2026-07-31,41.58,11.91,22.45,0.11,1.63,1.39,20.94
Chennai,2026-08-01,41.99,10.67,22.77,0.12,2.36,1.77,20.31
Chennai,2026-08-02,43.06,11.62,22.81,0.07,1.92,1.47,19.06
Chennai,2026-08-03,39.8,12.44,23.67,0.13,2.58,1.42,19.96
Chennai,2026-08-04,39.26,13.86,22.81,0.22,1.77,1.43,20.64
Chennai,2026-08-05,41.74,11.39,22.42,0.16,1.67,1.53,21.1
Chennai,2026-08-06,41.6,11.92,21.69,0.19,1.63,1.47,21.5
Chennai,2026-08-07,40.99,12.7,22.43,0.07,1.9,1.29,20.61
Chennai,2026-08-08,41.34,12.0,22.48,0.09,1.98,1.69,20.41
Chennai,2026-08-09,42.21,11.64,23.65,0.1,1.78,1.36,19.26
Chennai,2026-08-10,40.99,11.48,23.25,0.28,1.59,1.41,20.99
Chennai,2026-08-11,41.15,11.62,24.11,0.32,1.87,1.49,19.44
Chennai,2026-08-12,40.86,11.99,22.46,0.32,2.14,1.6,20.63
Chennai,2026-08-13,42.08,12.61,21.93,0.18,1.71,1.41,20.08
Chennai,2026-08-14,43.37,11.27,22.79,0.09,1.73,1.56,19.19
Chennai,2026-08-15,45.13,11.18,21.85,0.1,1.7,1.47,18.58
Chennai,2026-08-16,43.29,12.46,22.34,0.15,1.89,1.52,18.35
Chennai,2026-08-17,40.28,11.67,23.04,0.19,2.22,1.94,20.66
Chennai,2026-08-18,43.96,11.91,21.26,0.27,2.05,1.7,18.85
Chennai,2026-08-19,43.03,12.33,22.23,0.21,2.04,1.5,18.66
Chennai,2026-08-20,42.31,11.87,22.8,0.14,1.26,1.53,20.08
Chennai,2026-08-21,42.28,11.7,21.19,0.11,1.88,1.58,21.26
Chennai,2026-08-22,40.78,12.17,23.64,0.18,2.07,1.67,19.49
Chennai,2026-08-23,42.63,11.74,22.22,0.2,1.8,1.34,20.06
Chennai,2026-08-24,41.75,11.9,23.83,0.14,1.97,1.25,19.15
Chennai,2026-08-25,39.23,12.09,25.57,0.24,1.98,1.62,19.27
Chennai,2026-08-26,41.86,11.45,24.65,0.17,1.59,1.27,19.02
Chennai,2026-08-27,40.93,12.38,23.61,0.3,1.85,1.5,19.43
Chennai,2026-08-28,40.41,11.1,24.65,0.04,1.48,1.63,20.7
Chennai,2026-08-29,40.85,11.81,24.25,0.12,1.61,1.58,19.79
Chennai,2026-08-30,40.19,13.05,24.15,0.12,2.19,1.56,18.74
Chennai,2026-08-31,40.35,11.95,23.15,0.12,1.8,1.31,21.33
Coimbatore,2025-01-01,40.57,11.17,23.06,0.31,2.01,3.42,19.46
Coimbatore,2025-01-02,43.28,10.54,22.32,0.51,1.99,2.51,18.85
Coimbatore,2025-01-03,42.91,9.78,21.8,0.29,2.57,3.72,18.94
Coimbatore,2025-01-04,44.84,10.68,21.18,0.12,2.42,3.83,16.93
Coimbatore,2025-01-05,41.21,10.64,24.53,0.11,3.19,3.13,17.19
Coimbatore,2025-01-06,41.9,12.07,23.13,0.17,2.57,2.79,17.37
Coimbatore,2025-01-07,44.1,12.42,19.99,0.34,1.64,3.16,18.35
Coimbatore,2025-01-08,40.73,10.58,25.44,0.11,1.43,1.75,19.96
Coimbatore,2025-01-09,40.57,10.98,25.0,,2.61,3.41,17.43
Coimbatore,2025-01-10,44.63,11.17,21.09,,1.57,2.82,18.71
Coimbatore,2025-01-11,38.72,10.6,23.46,0.13,2.2,2.78,22.11
Coimbatore,2025-01-12,42.3,12.04,21.88,0.06,2.75,2.26,18.7
Coimbatore,2025-01-13,39.99,11.06,23.53,0.4,2.7,3.37,18.95
Coimbatore,2025-01-14,41.74,9.91,23.58,0.07,2.11,2.71,19.88
Coimbatore,2025-01-15,41.07,12.14,20.82,0.39,2.29,2.91,20.37
Coimbatore,2025-01-16,41.47,10.81,21.03,0.32,2.54,2.75,21.08
Coimbatore,2025-01-17,43.68,13.9,19.9,0.19,2.37,2.81,17.14
Coimbatore,2025-01-18,40.34,12.54,22.34,0.36,2.4,3.37,18.66
Coimbatore,2025-01-19,41.86,12.49,21.11,0.15,2.27,2.77,19.35
Coimbatore,2025-01-20,41.0,11.91,22.33,0.26,1.75,3.92,18.82
Coimbatore,2025-01-21,42.4,12.4,21.58,0.27,1.58,2.95,18.8
Coimbatore,2025-01-22,43.16,12.69,20.8,0.35,1.39,3.19,18.42
Coimbatore,2025-01-23,43.33,12.85,18.83,0.48,2.11,3.44,18.95
Coimbatore,2025-01-24,39.09,11.93,21.6,0.23,3.24,4.05,19.86
Coimbatore,2025-01-25,42.19,11.54,23.3,,2.4,2.94,17.64
Coimbatore,2025-01-26,42.31,14.44,19.86,0.12,1.71,2.65,18.92
Coimbatore,2025-01-27,43.36,12.08,20.87,0.12,1.61,2.99,18.96
Coimbatore,2025-01-28,41.63,12.78,21.67,0.3,2.07,3.71,17.83
Coimbatore,2025-01-29,44.46,11.95,21.11,0.37,1.92,2.91,17.28
Coimbatore,2025-01-30,42.49,12.94,21.15,0.19,1.45,4.1,17.68
Coimbatore,2025-01-31,42.45,12.39,21.6,0.12,1.6,3.56,18.28
Coimbatore,2025-02-01,46.32,12.71,18.42,0.06,2.13,3.1,17.26
Coimbatore,2025-02-02,43.03,10.55,22.55,0.12,2.36,3.82,17.58
Coimbatore,2025-02-03,40.85,13.02,21.17,0.23,2.75,2.75,19.22
Coimbatore,2025-02-04,45.88,10.36,19.98,0.06,2.06,3.25,18.41
Coimbatore,2025-02-05,43.24,12.45,21.09,0.13,2.07,2.69,18.34
Coimbatore,2025-02-06,41.67,12.48,21.2,0.49,1.72,3.32,19.11
Coimbatore,2025-02-07,41.84,11.65,22.49,0.06,1.6,3.2,19.16
Coimbatore,2025-02-08,42.33,10.57,22.36,0.37,2.2,4.28,17.9
Coimbatore,2025-02-09,43.87,12.49,18.77,0.23,1.99,2.99,19.65
Coimbatore,2025-02-10,40.02,12.51,20.41,0.17,2.65,3.95,20.29
Coimbatore,2025-02-11,41.72,11.6,22.72,0.3,2.49,2.9,18.28
Coimbatore,2025-02-12,41.65,12.38,21.76,0.19,2.75,3.69,17.57
Coimbatore,2025-02-13,43.4,10.91,20.8,0.06,2.35,2.77,19.71
Coimbatore,2025-02-14,45.84,10.96,18.75,0.36,2.16,2.94,18.99
Coimbatore,2025-02-15,42.92,11.42,21.97,0.05,2.21,3.45,17.99
Coimbatore,2025-02-16,43.24,13.12,19.79,0.11,1.65,3.42,18.65
Coimbatore,2025-02-17,41.36,13.11,19.94,0.9,1.75,3.45,19.49
Coimbatore,2025-02-18,40.43,12.97,21.11,0.45,1.68,3.54,19.82
Coimbatore,2025-02-19,41.64,11.27,20.39,0.31,2.63,3.25,20.51
Coimbatore,2025-02-20,43.65,11.87,19.29,0.56,2.68,4.01,17.95
Coimbatore,2025-02-21,41.28,11.51,23.14,0.29,2.19,3.34,18.25
Coimbatore,2025-02-22,45.38,11.28,21.61,0.3,2.1,2.94,16.39
Coimbatore,2025-02-23,43.15,11.86,19.56,0.43,1.65,3.18,20.17
Coimbatore,2025-02-24,39.68,13.44,21.37,0.23,1.87,3.74,19.67
Coimbatore,2025-02-25,41.04,10.82,21.98,0.06,2.14,3.55,20.41
Coimbatore,2025-02-26,43.01,11.71,20.05,0.23,2.04,2.39,20.57
Coimbatore,2025-02-27,40.94,11.9,21.07,0.3,2.17,4.35,19.26
Coimbatore,2025-02-28,42.16,11.0,22.0,0.4,1.98,3.56,18.91
Coimbatore,2025-03-01,43.21,11.77,21.66,0.23,1.99,3.01,18.14
Coimbatore,2025-03-02,42.72,11.41,22.41,0.17,1.98,2.27,19.03
Coimbatore,2025-03-03,41.24,10.19,20.65,0.27,2.19,3.45,22.02
Coimbatore,2025-03-04,42.5,11.73,19.95,0.3,1.81,2.36,21.34
Coimbatore,2025-03-05,41.74,9.06,21.63,0.19,2.17,2.81,22.4
Coimbatore,2025-03-06,44.64,12.0,18.13,0.06,1.78,4.23,19.17
Coimbatore,2025-03-07,46.08,11.21,19.34,0.06,2.07,2.97,18.27
Coimbatore,2025-03-08,43.29,11.32,19.02,0.12,2.16,3.91,20.19
Coimbatore,2025-03-09,44.07,13.02,20.27,0.34,1.69,3.25,17.36
Coimbatore,2025-03-10,41.56,10.39,22.82,0.12,2.52,3.3,19.28
Coimbatore,2025-03-11,44.05,11.63,20.58,0.27,2.41,4.18,16.88
Coimbatore,2025-03-12,42.28,11.32,21.55,0.36,1.65,2.47,20.37
Coimbatore,2025-03-13,41.1,12.04,23.37,0.33,1.99,3.48,17.68
Coimbatore,2025-03-14,43.13,11.18,20.39,0.43,1.97,3.46,19.44
Coimbatore,2025-03-15,44.52,10.65,20.26,0.36,2.6,2.6,19.01
Coimbatore,2025-03-16,43.4,10.95,20.16,0.36,2.05,3.02,20.06
Coimbatore,2025-03-17,41.87,10.65,21.51,0.4,1.59,4.06,19.92
Coimbatore,2025-03-18,45.87,10.68,19.69,0.38,1.56,3.49,18.35
Coimbatore,2025-03-19,44.75,11.34,20.9,0.06,2.11,3.56,17.29
Coimbatore,2025-03-20,41.04,11.06,20.85,0.28,1.71,4.04,21.02
Coimbatore,2025-03-21,42.96,11.56,19.84,0.43,2.74,2.9,19.57
Coimbatore,2025-03-22,42.64,11.8,22.67,0.21,2.6,3.17,16.9
Coimbatore,2025-03-23,47.66,10.34,19.2,0.34,1.43,4.0,17.03
Coimbatore,2025-03-24,40.95,11.17,19.87,0.44,2.04,4.79,20.75
Coimbatore,2025-03-25,40.3,11.34,21.1,0.24,2.62,3.48,20.91
Coimbatore,2025-03-26,41.99,12.93,20.97,0.22,1.85,3.32,18.72
Coimbatore,2025-03-27,41.42,12.07,22.31,,2.31,3.2,18.7
Coimbatore,2025-03-28,40.87,11.3,22.25,0.18,2.38,3.39,19.63
Coimbatore,2025-03-29,43.24,10.22,19.6,0.18,2.41,3.25,21.11
Coimbatore,2025-03-30,42.21,11.65,20.93,0.23,1.96,3.98,19.03
Coimbatore,2025-03-31,42.58,10.5,21.69,0.21,2.6,3.45,18.98
Coimbatore,2025-04-01,38.05,11.65,23.29,0.44,2.27,3.38,20.91
Coimbatore,2025-04-02,42.84,10.39,21.71,0.29,1.62,3.18,19.98
Coimbatore,2025-04-03,40.27,11.58,22.65,0.5,2.24,2.96,19.8
Coimbatore,2025-04-04,40.52,9.83,22.69,0.41,2.37,3.97,20.2
Coimbatore,2025-04-05,42.62,10.07,22.97,0.06,1.87,3.38,19.05
Coimbatore,2025-04-06,41.58,12.34,21.99,0.11,2.11,3.08,18.79
Coimbatore,2025-04-07,41.76,11.82,20.85,0.11,1.7,3.07,20.68
Coimbatore,2025-04-08,41.4,11.71,21.52,0.37,2.2,2.01,20.79
Coimbatore,2025-04-09,41.02,11.41,22.64,0.25,1.91,3.82,18.94
Coimbatore,2025-04-10,40.51,10.45,22.46,0.35,2.21,2.61,21.42
Coimbatore,2025-04-11,42.44,11.7,18.31,0.31,2.39,2.39,22.47
Coimbatore,2025-04-12,42.34,11.87,21.95,0.11,2.23,4.35,17.16
Coimbatore,2025-04-13,43.74,13.91,19.98,0.27,1.44,3.2,17.47
Coimbatore,2025-04-14,45.42,12.59,20.02,0.32,1.48,2.85,17.33
Coimbatore,2025-04-15,42.8,10.31,22.75,0.21,1.54,2.76,19.62
Coimbatore,2025-04-16,40.88,9.82,22.53,0.22,2.45,3.74,20.36
Coimbatore,2025-04-17,41.37,10.23,22.55,0.21,2.41,2.78,20.45
Coimbatore,2025-04-18,44.65,11.69,18.57,0.41,2.28,2.85,19.56
Coimbatore,2025-04-19,45.19,9.28,21.18,0.44,2.0,3.39,18.51
Coimbatore,2025-04-20,43.7,12.04,19.97,0.1,2.21,2.93,19.04
Coimbatore,2025-04-21,44.02,9.42,19.68,0.21,1.85,3.44,21.38
Coimbatore,2025-04-22,40.81,9.97,20.11,0.33,1.68,3.79,23.31
Coimbatore,2025-04-23,40.95,9.9,22.86,0.11,1.87,2.52,21.79
Coimbatore,2025-04-24,37.26,10.32,23.32,0.29,2.39,3.44,22.97
Coimbatore,2025-04-25,37.97,10.83,21.27,0.34,2.18,3.57,23.84
Coimbatore,2025-04-26,39.7,10.17,23.26,0.43,2.16,3.19,21.09
Coimbatore,2025-04-27,42.14,10.36,19.1,0.53,2.26,3.84,21.78
Coimbatore,2025-04-28,41.24,10.72,21.82,0.54,2.12,3.75,19.8
Coimbatore,2025-04-29,38.81,13.98,20.54,0.25,2.51,2.45,21.46
Coimbatore,2025-04-30,38.38,11.47,22.39,0.18,2.35,2.96,22.27
Coimbatore,2025-05-01,41.26,9.76,19.58,0.34,1.7,2.67,24.69
Coimbatore,2025-05-02,37.25,10.48,20.34,0.15,2.3,2.61,26.88
Coimbatore,2025-05-03,39.28,8.68,20.78,0.62,2.27,3.57,24.81
Coimbatore,2025-05-04,42.98,12.26,16.98,0.16,1.78,3.41,22.43
Coimbatore,2025-05-05,40.57,9.84,20.31,0.43,2.98,2.98,22.9
Coimbatore,2025-05-06,42.15,12.05,19.14,0.22,2.13,3.54,20.77
Coimbatore,2025-05-07,39.58,10.75,22.39,0.18,2.63,3.22,21.25
Coimbatore,2025-05-08,43.31,11.99,18.11,0.18,1.57,2.85,21.99
Coimbatore,2025-05-09,43.03,11.04,17.69,0.24,2.55,3.38,22.08
Coimbatore,2025-05-10,42.29,10.41,19.89,0.38,1.91,2.51,22.62
Coimbatore,2025-05-11,44.98,11.58,16.9,0.1,1.23,3.1,22.12
Coimbatore,2025-05-12,42.56,11.09,18.77,0.63,2.68,3.02,21.25
Coimbatore,2025-05-13,43.04,11.9,18.83,0.2,2.16,3.21,20.64
Coimbatore,2025-05-14,43.97,12.27,19.37,0.1,2.13,3.55,18.61
Coimbatore,2025-05-15,44.24,11.66,17.17,0.29,1.8,3.66,21.17
Coimbatore,2025-05-16,42.11,11.03,20.14,0.05,2.23,3.59,20.85
Coimbatore,2025-05-17,41.97,13.12,19.02,0.34,2.47,3.39,19.7
Coimbatore,2025-05-18,42.04,11.99,18.96,0.25,2.19,2.84,21.74
Coimbatore,2025-05-19,43.11,11.02,20.31,0.62,2.15,3.39,19.41
Coimbatore,2025-05-20,41.26,10.64,20.45,0.26,2.44,3.22,21.74
Coimbatore,2025-05-21,42.96,10.58,21.12,0.42,2.09,2.97,19.86
Coimbatore,2025-05-22,46.05,10.71,16.73,0.23,2.07,2.96,21.24
Coimbatore,2025-05-23,44.57,11.49,18.67,0.24,2.04,3.06,19.93
Coimbatore,2025-05-24,42.76,10.89,18.82,0.28,1.75,3.0,22.51
Coimbatore,2025-05-25,44.47,9.85,16.8,0.29,2.14,2.86,23.59
Coimbatore,2025-05-26,43.27,11.83,17.42,0.23,2.47,2.84,21.94
Coimbatore,2025-05-27,44.06,10.43,19.3,0.15,2.31,2.61,21.15
Coimbatore,2025-05-28,43.03,11.25,20.1,0.14,1.54,3.37,20.58
Coimbatore,2025-05-29,44.88,11.86,18.32,0.54,1.96,2.79,19.65
Coimbatore,2025-05-30,39.16,11.29,18.98,0.25,2.2,2.95,25.17
Coimbatore,2025-05-31,43.32,9.86,20.46,0.21,1.88,2.87,21.4
Coimbatore,2025-06-01,38.55,12.51,19.12,0.11,1.97,3.35,24.39
Coimbatore,2025-06-02,41.84,8.9,20.02,0.16,1.85,3.44,23.78
Coimbatore,2025-06-03,41.93,12.04,15.24,0.35,2.37,2.91,25.16
Coimbatore,2025-06-04,42.5,10.48,19.11,0.06,1.86,2.59,23.39
Coimbatore,2025-06-05,43.45,12.35,19.73,0.17,2.02,3.12,19.16
Coimbatore,2025-06-06,45.03,12.65,18.92,0.2,2.5,2.35,18.36
Coimbatore,2025-06-07,42.73,11.45,20.7,0.29,1.81,2.55,20.46
Coimbatore,2025-06-08,42.7,10.6,21.92,0.21,1.82,3.69,19.06
Coimbatore,2025-06-09,42.88,9.79,20.75,0.22,1.71,3.05,21.6
Coimbatore,2025-06-10,42.49,11.14,20.11,0.24,1.99,2.47,21.56
Coimbatore,2025-06-11,43.33,13.09,19.09,0.15,2.1,2.9,19.34
Coimbatore,2025-06-12,42.77,10.96,19.41,0.32,2.23,3.19,21.12
Coimbatore,2025-06-13,41.32,10.58,20.06,0.21,1.82,3.7,22.3
Coimbatore,2025-06-14,41.98,12.3,19.2,0.19,2.2,2.73,21.4
Coimbatore,2025-06-15,43.73,11.78,17.5,0.29,2.34,3.39,20.98
Coimbatore,2025-06-16,43.1,11.82,19.78,0.23,2.67,3.12,19.28
Coimbatore,2025-06-17,44.14,11.33,18.46,0.45,2.28,3.17,20.19
Coimbatore,2025-06-18,41.83,10.53,17.7,0.1,2.28,3.94,23.61
Coimbatore,2025-06-19,45.41,9.82,18.06,0.26,2.27,3.59,20.59
Coimbatore,2025-06-20,42.36,11.0,19.83,0.05,1.79,3.74,21.24
Coimbatore,2025-06-21,41.94,12.18,20.63,0.16,2.1,2.47,20.52
Coimbatore,2025-06-22,44.21,10.75,19.64,0.6,2.03,2.63,20.13
Coimbatore,2025-06-23,43.59,9.42,22.88,0.39,1.78,2.56,19.38
Coimbatore,2025-06-24,42.81,10.66,20.17,0.38,1.48,3.55,20.94
Coimbatore,2025-06-25,42.47,10.21,20.35,0.23,1.88,3.59,21.27
Coimbatore,2025-06-26,41.94,9.63,21.61,0.17,2.18,2.63,21.84
Coimbatore,2025-06-27,38.84,11.08,22.65,0.22,2.14,2.74,22.33
Coimbatore,2025-06-28,39.99,12.29,19.28,,2.68,3.37,22.4
Coimbatore,2025-06-29,44.86,10.73,19.18,0.2,2.06,3.73,19.23
Coimbatore,2025-06-30,39.65,10.86,20.17,0.05,1.92,3.57,23.79
Coimbatore,2025-07-01,41.43,11.0,20.55,0.17,2.29,2.74,21.83
Coimbatore,2025-07-02,41.23,11.66,18.37,0.31,1.81,3.41,23.22
Coimbatore,2025-07-03,42.7,11.36,18.9,0.48,2.15,3.07,21.32
Coimbatore,2025-07-04,43.62,11.59,20.54,0.21,2.17,2.44,19.43
Coimbatore,2025-07-05,43.86,10.84,20.34,0.05,2.09,3.03,19.79
Coimbatore,2025-07-06,46.06,11.89,17.98,0.2,2.05,3.43,18.39
Coimbatore,2025-07-07,43.97,12.9,18.71,0.2,1.99,2.83,19.4
Coimbatore,2025-07-08,43.66,11.13,18.96,0.16,2.24,3.83,20.02
Coimbatore,2025-07-09,42.96,11.08,21.17,0.57,1.4,3.57,19.25
Coimbatore,2025-07-10,43.76,11.33,20.24,0.25,2.06,2.92,19.44
Coimbatore,2025-07-11,46.07,10.58,17.43,0.31,1.41,3.46,20.73
Coimbatore,2025-07-12,41.63,10.96,20.28,0.15,2.41,3.48,21.1
Coimbatore,2025-07-13,42.69,12.42,19.68,,2.05,3.2,19.96
Coimbatore,2025-07-14,42.71,12.36,20.0,0.3,2.01,2.51,20.1
Coimbatore,2025-07-15,44.86,12.95,17.18,0.23,1.05,2.05,21.68
Coimbatore,2025-07-16,43.35,10.75,19.62,0.05,2.51,2.7,21.02
Coimbatore,2025-07-17,45.33,9.84,18.2,0.2,1.73,2.65,22.03
Coimbatore,2025-07-18,44.01,10.69,19.01,0.21,2.38,3.0,20.71
Coimbatore,2025-07-19,44.87,10.41,21.17,0.3,1.89,2.49,18.87
Coimbatore,2025-07-20,43.56,12.62,19.93,0.26,2.42,2.73,18.49
Coimbatore,2025-07-21,41.71,12.72,19.51,0.2,2.43,2.79,20.63
Coimbatore,2025-07-22,41.32,11.72,20.66,0.15,1.83,3.31,21.01
Coimbatore,2025-07-23,45.98,12.91,17.0,0.26,1.81,2.9,19.13
Coimbatore,2025-07-24,42.75,11.93,20.5,0.26,1.65,3.3,19.62
Coimbatore,2025-07-25,45.27,12.26,17.53,0.1,2.04,3.01,19.78
Coimbatore,2025-07-26,43.74,9.97,18.47,0.33,3.21,2.6,21.68
Coimbatore,2025-07-27,43.78,11.42,17.72,0.05,2.34,2.88,21.82
Coimbatore,2025-07-28,45.73,10.15,18.55,0.05,1.85,2.2,21.47
Coimbatore,2025-07-29,44.75,11.52,19.6,0.15,1.8,2.83,19.34
Coimbatore,2025-07-30,43.39,9.56,19.84,0.22,2.46,2.95,21.58
Coimbatore,2025-07-31,46.04,10.63,20.0,,1.13,2.14,20.06
Coimbatore,2025-08-01,40.81,12.56,19.31,0.11,2.69,3.02,21.5
Coimbatore,2025-08-02,45.66,9.96,17.21,0.17,1.94,2.05,23.02
Coimbatore,2025-08-03,44.22,11.29,18.21,0.16,2.08,3.07,20.97
Coimbatore,2025-08-04,45.93,11.74,18.06,0.31,2.45,3.03,18.48
Coimbatore,2025-08-05,45.19,10.03,18.69,0.15,1.86,3.02,21.06
Coimbatore,2025-08-06,44.64,12.15,19.47,0.29,1.5,2.48,19.47
Coimbatore,2025-08-07,41.44,14.63,18.71,0.06,1.87,2.95,20.35
Coimbatore,2025-08-08,45.19,11.24,19.51,0.1,2.77,3.45,17.73
Coimbatore,2025-08-09,47.96,10.35,19.98,0.15,1.63,1.68,18.25
Coimbatore,2025-08-10,47.5,11.76,18.86,0.15,1.65,2.77,17.31
Coimbatore,2025-08-11,44.89,11.65,19.37,0.1,2.11,3.05,18.83
Coimbatore,2025-08-12,43.69,12.26,19.07,0.25,1.68,3.71,19.33
Coimbatore,2025-08-13,42.94,11.11,20.87,0.16,1.66,2.96,20.3
Coimbatore,2025-08-14,47.16,11.24,18.15,0.21,2.19,3.53,17.51
Coimbatore,2025-08-15,48.8,13.06,17.37,0.3,1.6,3.2,15.67
Coimbatore,2025-08-16,48.51,11.18,18.85,0.09,1.8,2.21,17.36
Coimbatore,2025-08-17,47.51,11.5,19.89,0.14,1.58,2.93,16.44
Coimbatore,2025-08-18,45.66,11.64,19.76,0.09,1.92,3.75,17.18
Coimbatore,2025-08-19,43.17,13.05,19.58,0.15,2.06,3.8,18.19
Coimbatore,2025-08-20,47.48,10.77,18.59,0.12,1.56,3.24,18.24
Coimbatore,2025-08-21,46.34,11.95,20.36,0.27,1.75,2.62,16.7
Coimbatore,2025-08-22,43.85,12.41,20.37,0.37,2.41,2.19,18.4
Coimbatore,2025-08-23,44.35,11.43,20.82,0.05,1.72,2.53,19.1
Coimbatore,2025-08-24,42.75,13.34,21.06,0.24,2.2,3.47,16.95
Coimbatore,2025-08-25,42.35,13.7,21.27,0.19,1.6,3.25,17.63
Coimbatore,2025-08-26,45.49,11.62,20.48,0.1,1.51,2.61,18.19
Coimbatore,2025-08-27,46.54,13.05,18.88,0.3,1.76,2.61,16.87
Coimbatore,2025-08-28,46.0,11.74,18.72,0.25,2.16,2.51,18.62
Coimbatore,2025-08-29,44.02,11.82,19.64,0.19,1.45,2.75,20.13
Coimbatore,2025-08-30,46.97,11.21,18.9,0.15,2.03,2.23,18.5
Coimbatore,2025-08-31,47.31,13.22,16.35,0.05,3.02,3.02,17.02
Coimbatore,2025-09-01,44.68,11.71,20.79,0.1,2.33,2.54,17.85
Coimbatore,2025-09-02,42.56,13.45,20.59,0.21,1.91,2.96,18.32
Coimbatore,2025-09-03,50.37,15.38,14.77,0.08,1.85,2.63,14.93
Coimbatore,2025-09-04,55.04,11.01,14.85,0.08,1.76,2.52,14.73
Coimbatore,2025-09-05,52.67,13.82,13.94,0.24,1.77,2.65,14.91
Coimbatore,2025-09-06,52.65,15.05,15.34,0.07,1.46,1.9,13.51
Coimbatore,2025-09-07,53.94,15.02,13.48,,1.51,2.91,13.14
Coimbatore,2025-09-08,51.78,13.38,16.33,,1.28,3.17,14.06
Coimbatore,2025-09-09,49.48,15.36,15.0,0.16,1.81,3.31,14.88
Coimbatore,2025-09-10,49.52,14.94,16.6,0.17,1.17,2.37,15.23
Coimbatore,2025-09-11,49.7,15.6,16.29,0.14,1.2,3.18,13.9
Coimbatore,2025-09-12,52.15,13.63,14.96,0.09,2.06,2.24,14.87
Coimbatore,2025-09-13,48.95,14.83,16.33,0.14,1.36,2.71,15.68
Coimbatore,2025-09-14,50.23,14.84,14.42,0.05,1.38,1.94,17.14
Coimbatore,2025-09-15,46.82,15.23,17.65,0.09,1.99,2.69,15.53
Coimbatore,2025-09-16,50.25,14.39,16.15,0.19,1.16,2.78,15.09
Coimbatore,2025-09-17,48.25,14.32,17.68,0.23,1.52,2.81,15.19
Coimbatore,2025-09-18,48.9,15.09,16.52,0.99,1.9,2.29,14.31
Coimbatore,2025-09-19,50.79,15.23,15.97,0.46,1.53,1.85,14.17
Coimbatore,2025-09-20,50.66,12.49,15.75,0.59,1.81,2.31,16.39
Coimbatore,2025-09-21,53.68,15.32,12.76,0.25,1.6,2.49,13.9
Coimbatore,2025-09-22,56.42,14.33,13.68,0.12,1.46,1.83,12.16
Coimbatore,2025-09-23,54.06,15.91,13.09,0.17,1.69,2.65,12.43
Coimbatore,2025-09-24,53.74,15.46,13.82,0.12,1.48,1.87,13.51
Coimbatore,2025-09-25,52.43,14.54,13.46,0.13,2.24,2.45,14.75
Coimbatore,2025-09-26,49.83,15.03,15.81,0.17,1.78,1.86,15.51
Coimbatore,2025-09-27,48.92,14.01,17.48,0.1,2.26,2.36,14.87
Coimbatore,2025-09-28,49.83,13.4,15.48,0.09,2.17,1.7,17.32
Coimbatore,2025-09-29,48.62,13.13,17.49,0.14,1.97,1.92,16.74
Coimbatore,2025-09-30,54.76,13.23,14.57,0.05,1.29,2.83,13.28
Coimbatore,2025-10-01,50.81,16.64,15.51,0.05,1.91,1.77,13.3
Coimbatore,2025-10-02,53.68,12.93,15.2,0.17,1.93,2.78,13.31
Coimbatore,2025-10-03,53.98,13.05,14.48,0.17,1.39,2.23,14.69
Coimbatore,2025-10-04,52.09,13.6,15.44,0.09,2.07,1.76,14.95
Coimbatore,2025-10-05,54.31,11.99,15.4,0.09,1.84,2.77,13.6
Coimbatore,2025-10-06,51.05,14.22,15.34,0.09,2.36,2.28,14.65
Coimbatore,2025-10-07,54.18,13.96,14.46,0.05,1.49,2.62,13.24
Coimbatore,2025-10-08,50.71,13.53,16.24,0.14,1.76,2.85,14.77
Coimbatore,2025-10-09,51.05,12.28,16.17,0.21,2.11,2.95,15.23
Coimbatore,2025-10-10,50.12,12.53,16.28,0.34,1.9,2.39,16.43
Coimbatore,2025-10-11,51.66,12.17,15.73,0.1,1.56,2.58,16.21
Coimbatore,2025-10-12,53.53,10.89,15.9,0.2,1.57,3.48,14.43
Coimbatore,2025-10-13,48.9,12.03,17.69,0.28,1.82,2.71,16.57
Coimbatore,2025-10-14,47.17,13.22,17.25,0.15,1.99,2.24,17.99
Coimbatore,2025-10-15,48.47,13.19,16.5,0.16,1.55,2.79,17.33
Coimbatore,2025-10-16,46.49,14.27,19.3,0.16,0.97,3.14,15.68
Coimbatore,2025-10-17,49.72,12.18,18.74,0.06,2.22,2.61,14.46
Coimbatore,2025-10-18,48.8,13.2,15.05,0.16,2.84,2.73,17.23
Coimbatore,2025-10-19,50.73,13.82,13.11,0.18,2.35,2.59,17.23
Coimbatore,2025-10-20,52.83,13.67,15.22,0.17,2.06,2.56,13.5
Coimbatore,2025-10-21,47.55,13.05,19.51,0.17,2.43,2.85,14.44
Coimbatore,2025-10-22,47.21,13.33,17.4,0.46,2.14,2.98,16.48
Coimbatore,2025-10-23,47.87,12.55,17.68,0.13,2.48,2.65,16.64
Coimbatore,2025-10-24,48.05,13.09,17.58,0.12,2.12,2.41,16.63
Coimbatore,2025-10-25,46.9,13.11,19.27,0.18,1.85,3.12,15.57
Coimbatore,2025-10-26,47.14,14.61,17.79,0.23,1.54,2.36,16.33
Coimbatore,2025-10-27,48.04,13.3,17.61,0.09,1.67,3.39,15.9
Coimbatore,2025-10-28,46.83,12.61,19.77,0.39,2.66,2.61,15.13
Coimbatore,2025-10-29,46.32,13.44,17.17,0.05,2.01,2.8,18.2
Coimbatore,2025-10-30,44.78,13.55,19.66,0.27,1.39,2.41,17.94
Coimbatore,2025-10-31,46.09,11.4,19.7,0.05,2.28,1.92,18.56
Coimbatore,2025-11-01,47.87,13.28,17.43,0.1,1.64,2.77,16.91
Coimbatore,2025-11-02,47.34,15.35,16.97,0.1,1.85,2.38,16.02
Coimbatore,2025-11-03,50.05,13.62,17.28,0.05,1.36,2.21,15.45
Coimbatore,2025-11-04,54.08,14.72,14.12,0.19,1.72,1.84,13.33
Coimbatore,2025-11-05,52.9,13.92,15.04,,1.46,2.45,14.22
Coimbatore,2025-11-06,50.04,14.35,15.73,0.09,2.09,2.27,15.42
Coimbatore,2025-11-07,48.71,13.18,15.75,0.14,2.2,2.89,17.13
Coimbatore,2025-11-08,52.91,12.12,16.11,0.05,1.84,1.61,15.37
Coimbatore,2025-11-09,51.26,13.11,16.48,0.18,1.82,2.75,14.4
Coimbatore,2025-11-10,49.58,15.42,16.3,0.27,1.15,1.82,15.46
Coimbatore,2025-11-11,49.1,14.67,16.1,0.29,1.89,2.86,15.09
Coimbatore,2025-11-12,47.53,14.48,18.24,0.09,1.28,2.43,15.95
Coimbatore,2025-11-13,47.14,14.35,17.85,0.09,1.73,2.68,16.17
Coimbatore,2025-11-14,46.76,14.75,17.46,0.09,1.38,2.85,16.72
Coimbatore,2025-11-15,52.91,14.69,14.6,0.14,1.78,1.36,14.51
Coimbatore,2025-11-16,50.55,13.28,17.69,0.14,2.02,1.56,14.75
Coimbatore,2025-11-17,48.75,13.18,18.53,0.26,1.8,1.88,15.59
Coimbatore,2025-11-18,48.46,12.37,17.8,0.22,1.78,1.87,17.49
Coimbatore,2025-11-19,48.56,13.76,16.59,0.05,2.06,2.35,16.63
Coimbatore,2025-11-20,45.67,13.2,20.54,0.25,1.63,3.3,15.42
Coimbatore,2025-11-21,46.14,12.87,19.21,0.1,2.16,2.52,16.99
Coimbatore,2025-11-22,47.99,12.68,17.92,,1.13,2.94,17.34
Coimbatore,2025-11-23,47.49,12.18,17.54,0.14,2.37,2.65,17.63
Coimbatore,2025-11-24,44.5,14.45,20.85,0.28,1.89,2.12,15.92
Coimbatore,2025-11-25,55.18,17.74,12.49,0.1,0.98,1.9,11.61
Coimbatore,2025-11-26,52.14,16.04,15.23,0.17,1.14,1.48,13.8
Coimbatore,2025-11-27,50.09,15.31,16.68,0.21,1.45,1.54,14.71
Coimbatore,2025-11-28,49.24,13.75,15.51,0.2,1.81,2.87,16.62
Coimbatore,2025-11-29,49.44,13.36,17.67,0.1,1.86,2.74,14.83
Coimbatore,2025-11-30,49.45,13.47,17.47,0.1,1.75,2.64,15.12
Coimbatore,2025-12-01,45.59,14.84,18.57,0.31,1.84,2.47,16.37
Coimbatore,2025-12-02,44.5,16.24,17.91,,2.11,2.51,16.73
Coimbatore,2025-12-03,47.84,15.55,16.58,0.1,1.52,2.11,16.29
Coimbatore,2025-12-04,48.52,14.95,15.58,0.05,1.94,1.69,17.27
Coimbatore,2025-12-05,48.48,13.82,17.1,0.09,1.06,2.68,16.77
Coimbatore,2025-12-06,49.32,14.15,15.03,0.15,2.58,2.09,16.68
Coimbatore,2025-12-07,48.4,15.01,16.53,0.19,1.86,2.1,15.91
Coimbatore,2025-12-08,45.45,13.96,17.58,0.24,2.33,2.81,17.63
Coimbatore,2025-12-09,47.28,14.19,16.74,0.3,1.9,2.4,17.19
Coimbatore,2025-12-10,49.81,12.45,16.65,0.05,1.75,2.41,16.89
Coimbatore,2025-12-11,50.24,12.42,15.98,0.14,2.12,2.65,16.46
Coimbatore,2025-12-12,47.46,13.67,15.73,0.19,2.85,2.94,17.17
Coimbatore,2025-12-13,47.99,13.93,18.46,0.2,1.36,2.31,15.74
Coimbatore,2025-12-14,47.23,13.21,16.94,0.1,2.12,2.27,18.15
Coimbatore,2025-12-15,46.39,13.33,15.75,0.13,1.51,2.29,20.6
Coimbatore,2025-12-16,47.83,12.84,14.09,,1.94,2.04,21.25
Coimbatore,2025-12-17,47.45,12.91,17.58,0.14,1.86,1.81,18.25
Coimbatore,2025-12-18,45.82,14.1,17.07,0.15,2.27,1.96,18.63
Coimbatore,2025-12-19,46.88,12.7,16.75,0.36,2.0,2.66,18.65
Coimbatore,2025-12-20,47.09,14.17,14.66,0.1,2.09,2.04,19.85
Coimbatore,2025-12-21,47.13,13.41,17.34,0.14,1.58,2.16,18.25
Coimbatore,2025-12-22,43.38,13.34,19.65,0.09,2.14,2.85,18.56
Coimbatore,2025-12-23,46.12,14.55,17.88,0.24,2.76,2.14,16.31
Coimbatore,2025-12-24,46.22,13.66,16.04,0.05,2.54,2.05,19.44
Coimbatore,2025-12-25,45.26,13.24,18.83,0.43,2.12,2.21,17.91
Coimbatore,2025-12-26,46.17,13.88,17.73,,2.38,1.69,18.14
Coimbatore,2025-12-27,47.07,13.15,16.83,0.26,2.12,1.71,18.85
Coimbatore,2025-12-28,46.91,13.21,18.03,0.2,1.47,2.31,17.88
Coimbatore,2025-12-29,45.43,14.01,17.49,0.05,1.62,2.32,19.07
Coimbatore,2025-12-30,43.77,13.55,19.19,0.31,2.33,2.79,18.05
Coimbatore,2025-12-31,43.33,15.48,18.22,0.12,1.95,2.19,18.71
Coimbatore,2026-01-01,45.6,12.43,19.92,0.15,2.66,2.95,16.3
Coimbatore,2026-01-02,45.79,12.22,20.22,0.05,2.7,2.08,16.95
Coimbatore,2026-01-03,44.87,13.13,18.36,0.1,1.81,2.16,19.57
Coimbatore,2026-01-04,45.83,12.43,19.23,0.26,1.79,1.74,18.72
Coimbatore,2026-01-05,49.78,13.5,17.21,0.13,2.03,2.07,15.27
Coimbatore,2026-01-06,50.02,13.84,15.56,0.2,1.77,2.8,15.81
Coimbatore,2026-01-07,45.55,13.39,18.4,0.27,1.97,2.56,17.87
Coimbatore,2026-01-08,46.05,13.53,18.7,0.29,1.97,2.38,17.07
Coimbatore,2026-01-09,47.42,12.42,18.26,0.06,2.04,2.55,17.24
Coimbatore,2026-01-10,48.23,12.73,18.24,0.16,1.87,2.29,16.48
Coimbatore,2026-01-11,49.97,11.35,17.07,0.1,1.93,2.71,16.87
Coimbatore,2026-01-12,48.69,12.89,17.17,,1.02,2.94,17.28
Coimbatore,2026-01-13,53.79,13.73,15.09,0.21,1.15,1.36,14.66
Coimbatore,2026-01-14,51.2,14.38,16.6,0.06,1.99,1.29,14.49
Coimbatore,2026-01-15,50.21,14.16,17.4,0.18,1.95,1.71,14.4
Coimbatore,2026-01-16,49.02,14.03,15.99,0.11,1.27,3.81,15.78
Coimbatore,2026-01-17,49.09,13.8,16.94,0.2,1.37,2.45,16.15
Coimbatore,2026-01-18,50.25,14.66,16.11,0.05,1.36,2.86,14.71
Coimbatore,2026-01-19,49.41,11.83,18.06,0.05,1.91,2.09,16.65
Coimbatore,2026-01-20,49.35,12.53,16.22,0.19,1.68,2.52,17.52
Coimbatore,2026-01-21,49.16,12.84,17.96,0.05,1.88,1.67,16.44
Coimbatore,2026-01-22,48.21,13.55,17.93,0.21,2.22,1.95,15.93
Coimbatore,2026-01-23,47.12,12.43,19.0,0.11,1.36,2.77,17.21
Coimbatore,2026-01-24,47.25,12.01,19.31,0.05,1.59,2.17,17.62
Coimbatore,2026-01-25,47.69,11.35,18.79,,2.15,2.86,17.17
Coimbatore,2026-01-26,54.12,12.6,16.03,0.16,1.75,2.0,13.34
Coimbatore,2026-01-27,51.74,15.08,15.46,,1.46,2.16,14.1
Coimbatore,2026-01-28,51.14,13.04,16.89,0.1,1.47,2.38,14.97
Coimbatore,2026-01-29,49.23,15.49,15.65,0.05,2.06,3.12,14.38
Coimbatore,2026-01-30,49.61,12.7,16.31,0.16,1.99,2.46,16.78
Coimbatore,2026-01-31,46.91,11.67,18.78,0.05,2.93,2.55,17.1
Coimbatore,2026-02-01,47.99,11.63,18.66,0.17,1.42,2.95,17.19
Coimbatore,2026-02-02,47.24,11.55,20.55,0.11,1.55,1.22,17.79
Coimbatore,2026-02-03,47.0,12.47,18.9,0.05,1.96,2.07,17.54
Coimbatore,2026-02-04,45.78,12.94,18.79,0.34,1.41,2.64,18.11
Coimbatore,2026-02-05,49.02,11.74,17.78,,1.45,1.96,18.05
Coimbatore,2026-02-06,46.26,13.55,20.09,,1.23,2.1,16.76
Coimbatore,2026-02-07,48.41,14.64,16.08,0.06,1.45,3.62,15.75
Coimbatore,2026-02-08,49.89,12.18,17.62,0.05,2.63,2.52,15.09
Coimbatore,2026-02-09,45.93,12.92,20.65,0.15,2.16,1.85,16.32
Coimbatore,2026-02-10,48.53,12.33,19.16,0.06,1.78,2.72,15.44
Coimbatore,2026-02-11,47.03,12.95,20.92,0.06,1.47,2.32,15.26
Coimbatore,2026-02-12,48.85,11.31,19.25,0.11,1.33,2.13,17.01
Coimbatore,2026-02-13,47.1,13.76,17.43,0.17,1.86,2.37,17.32
Coimbatore,2026-02-14,47.19,12.7,18.5,0.11,1.56,3.01,16.94
Coimbatore,2026-02-15,49.11,11.92,17.07,0.22,0.83,2.16,18.68
Coimbatore,2026-02-16,48.79,12.27,18.46,,1.13,2.78,16.55
Coimbatore,2026-02-17,52.07,13.73,17.08,0.18,1.52,1.56,13.87
Coimbatore,2026-02-18,51.26,12.87,17.81,,1.9,1.71,14.44
Coimbatore,2026-02-19,50.67,14.73,16.07,0.11,1.06,2.62,14.73
Coimbatore,2026-02-20,50.63,13.4,15.65,0.1,2.77,1.94,15.5
Coimbatore,2026-02-21,50.52,12.25,18.15,0.05,2.19,2.84,14.0
Coimbatore,2026-02-22,51.69,13.86,15.46,0.05,1.42,1.69,15.83
Coimbatore,2026-02-23,45.11,13.95,19.85,0.05,2.1,2.24,16.7
Coimbatore,2026-02-24,47.31,12.71,18.1,0.1,1.84,2.89,17.05
Coimbatore,2026-02-25,48.79,12.91,15.83,0.15,1.76,2.51,18.04
Coimbatore,2026-02-26,44.72,12.47,18.21,0.05,2.31,2.45,19.78
Coimbatore,2026-02-27,46.33,11.3,16.5,0.11,2.2,2.77,20.79
Coimbatore,2026-02-28,46.2,12.16,19.57,0.18,1.88,2.67,17.33
Coimbatore,2026-03-01,47.37,11.19,18.09,0.17,2.28,2.0,18.89
Coimbatore,2026-03-02,44.4,13.36,19.12,,1.77,1.77,19.57
Coimbatore,2026-03-03,46.12,13.49,20.14,0.12,1.23,2.51,16.4
Coimbatore,2026-03-04,45.63,12.24,18.73,,2.2,2.71,18.5
Coimbatore,2026-03-05,47.66,14.18,17.07,0.24,1.56,1.44,17.85
Coimbatore,2026-03-06,44.68,12.92,19.8,0.12,2.39,3.05,17.05
Coimbatore,2026-03-07,47.12,12.72,16.93,0.06,2.08,2.26,18.84
Coimbatore,2026-03-08,47.77,10.88,17.16,0.05,1.55,2.63,19.95
Coimbatore,2026-03-09,47.7,14.09,17.04,0.11,1.69,2.53,16.83
Coimbatore,2026-03-10,47.65,14.15,15.19,0.11,1.69,3.06,18.14
Coimbatore,2026-03-11,44.47,16.15,17.26,0.06,2.23,2.91,16.93
Coimbatore,2026-03-12,45.62,14.4,17.42,0.06,1.78,2.49,18.25
Coimbatore,2026-03-13,46.42,14.05,17.93,0.11,1.72,2.61,17.16
Coimbatore,2026-03-14,47.45,12.79,18.01,0.06,2.07,2.7,16.92
Coimbatore,2026-03-15,48.38,12.77,16.71,0.12,1.85,2.83,17.34
Coimbatore,2026-03-16,44.9,16.32,17.89,0.05,2.01,2.65,16.18
Coimbatore,2026-03-17,47.46,16.29,15.61,,1.74,3.38,15.51
Coimbatore,2026-03-18,48.45,15.73,16.41,0.1,1.31,3.15,14.84
Coimbatore,2026-03-19,45.1,15.92,18.06,0.1,1.75,3.11,15.97
Coimbatore,2026-03-20,46.7,14.41,17.88,0.1,1.53,2.25,17.12
Coimbatore,2026-03-21,48.89,12.65,18.2,0.05,1.66,2.37,16.18
Coimbatore,2026-03-22,47.29,12.65,18.12,0.11,2.02,2.92,16.9
Coimbatore,2026-03-23,46.38,13.73,18.51,0.1,2.01,2.37,16.92
Coimbatore,2026-03-24,48.52,13.09,17.36,0.11,1.64,2.19,17.09
Coimbatore,2026-03-25,46.37,12.62,18.53,0.11,1.68,2.98,17.71
Coimbatore,2026-03-26,43.52,14.2,19.3,0.11,2.55,2.6,17.72
Coimbatore,2026-03-27,43.31,16.21,18.32,0.06,2.05,2.28,17.77
Coimbatore,2026-03-28,46.18,12.45,19.09,,1.54,3.56,17.19
Coimbatore,2026-03-29,47.5,11.53,18.57,0.12,2.04,2.68,17.58
Coimbatore,2026-03-30,43.33,13.17,19.47,0.06,1.85,2.2,19.93
Coimbatore,2026-03-31,42.53,12.9,19.78,0.19,1.36,2.54,20.71
Coimbatore,2026-04-01,44.5,13.75,21.56,0.06,1.75,2.56,15.81
Coimbatore,2026-04-02,45.68,13.11,18.95,0.13,1.75,3.37,17.0
Coimbatore,2026-04-03,44.14,13.24,20.52,0.24,1.58,2.43,17.85
Coimbatore,2026-04-04,46.1,11.32,22.03,,1.3,1.92,17.33
Coimbatore,2026-04-05,47.16,12.41,19.69,0.19,1.42,2.65,16.48
Coimbatore,2026-04-06,45.42,15.49,17.21,0.41,1.6,3.37,16.5
Coimbatore,2026-04-07,46.08,13.24,17.59,0.25,1.59,2.39,18.87
Coimbatore,2026-04-08,46.47,12.34,18.38,,1.32,2.81,18.68
Coimbatore,2026-04-09,43.43,15.06,19.03,,1.23,2.92,18.33
Coimbatore,2026-04-10,42.7,15.16,18.85,0.12,1.05,3.33,18.79
Coimbatore,2026-04-11,43.67,14.11,19.26,0.06,1.64,2.48,18.78
Coimbatore,2026-04-12,43.63,12.49,22.62,,1.55,2.36,17.34
Coimbatore,2026-04-13,43.58,13.43,20.18,0.24,1.85,1.97,18.75
Coimbatore,2026-04-14,44.99,12.95,20.7,0.3,1.19,2.21,17.66
Coimbatore,2026-04-15,42.76,14.34,20.95,,2.54,2.54,16.88
Coimbatore,2026-04-16,44.64,15.76,16.34,0.13,1.74,3.17,18.22
Coimbatore,2026-04-17,41.85,13.97,21.51,0.06,1.17,2.53,18.91
Coimbatore,2026-04-18,43.34,11.83,20.03,0.41,1.98,2.39,20.03
Coimbatore,2026-04-19,42.84,15.05,18.81,0.14,1.66,2.75,18.74
Coimbatore,2026-04-20,44.41,12.53,19.84,0.2,1.22,1.42,20.38
Coimbatore,2026-04-21,43.74,13.98,19.62,0.22,2.61,2.1,17.74
Coimbatore,2026-04-22,45.52,13.29,19.55,0.31,0.77,2.09,18.47
Coimbatore,2026-04-23,45.2,13.92,18.64,0.08,2.56,1.52,18.08
Coimbatore,2026-04-24,41.37,14.52,20.53,,2.07,3.16,18.35
Coimbatore,2026-04-25,42.68,13.66,19.32,0.11,1.69,2.94,19.6
Coimbatore,2026-04-26,44.14,10.91,23.18,0.06,1.16,2.21,18.33
Coimbatore,2026-04-27,44.93,13.65,18.52,0.06,1.6,2.79,18.46
Coimbatore,2026-04-28,41.1,14.68,22.26,0.06,2.2,2.57,17.13
Coimbatore,2026-04-29,40.83,15.23,20.48,,2.02,2.91,18.52
Coimbatore,2026-04-30,42.08,15.43,19.03,,1.97,2.65,18.83
Coimbatore,2026-05-01,43.64,14.04,19.85,0.06,1.88,2.06,18.46
Coimbatore,2026-05-02,44.92,13.14,20.28,0.06,2.12,1.88,17.62
Coimbatore,2026-05-03,43.33,13.18,20.15,,2.42,2.95,17.95
Coimbatore,2026-05-04,39.98,18.55,25.12,0.12,1.27,1.96,13.02
Coimbatore,2026-05-05,37.78,16.58,24.04,0.08,2.12,2.04,17.36
Coimbatore,2026-05-06,41.01,14.91,21.45,0.08,1.66,1.97,18.93
Coimbatore,2026-05-07,41.03,14.78,20.01,,1.51,3.37,19.3
Coimbatore,2026-05-08,45.23,12.54,18.11,0.22,1.61,3.08,19.21
Coimbatore,2026-05-09,47.66,11.86,19.41,,1.59,2.34,17.15
Coimbatore,2026-05-10,47.95,11.69,19.27,0.08,1.42,3.0,16.59
Coimbatore,2026-05-11,45.13,12.19,20.46,0.07,1.18,2.29,18.69
Coimbatore,2026-05-12,43.96,15.08,19.37,0.07,2.14,2.57,16.8
Coimbatore,2026-05-13,46.63,15.9,18.27,0.07,1.79,2.22,15.11
Coimbatore,2026-05-14,47.02,14.88,17.83,0.13,1.44,2.39,16.32
Coimbatore,2026-05-15,45.83,14.86,19.36,,1.3,1.11,17.54
Coimbatore,2026-05-16,43.77,12.16,19.75,0.12,1.87,2.35,19.99
Coimbatore,2026-05-17,46.59,13.92,17.36,0.54,1.87,2.65,17.06
Coimbatore,2026-05-18,44.85,14.97,18.64,0.24,1.83,2.43,17.04
Coimbatore,2026-05-19,44.26,13.43,20.83,0.06,1.72,1.95,17.75
Coimbatore,2026-05-20,46.05,14.12,20.4,,1.02,1.98,16.44
Coimbatore,2026-05-21,45.87,13.07,19.63,,1.98,2.26,17.19
Coimbatore,2026-05-22,51.53,12.59,17.24,,1.4,2.71,14.53
Coimbatore,2026-05-23,47.11,12.79,20.72,0.11,1.23,1.66,16.38
Coimbatore,2026-05-24,46.35,13.33,20.36,0.11,1.17,1.67,17.01
Coimbatore,2026-05-25,43.41,15.92,18.39,0.1,2.17,1.87,18.14
Coimbatore,2026-05-26,45.35,14.51,19.27,,1.45,2.25,17.17
Coimbatore,2026-05-27,44.51,14.73,18.7,0.27,1.52,1.63,18.64
Coimbatore,2026-05-28,50.87,14.74,15.42,0.05,2.01,1.92,15.01
Coimbatore,2026-05-29,47.73,15.07,17.79,,1.48,1.72,16.21
Coimbatore,2026-05-30,46.47,13.68,18.35,0.1,0.76,2.19,18.45
Coimbatore,2026-05-31,43.58,15.84,19.21,0.16,1.37,1.53,18.32
Coimbatore,2026-06-01,45.39,15.46,18.28,0.22,1.79,2.22,16.65
Coimbatore,2026-06-02,45.59,16.16,19.26,,1.07,2.35,15.57
Coimbatore,2026-06-03,44.43,15.2,18.71,0.06,1.56,1.89,18.15
Coimbatore,2026-06-04,43.96,17.54,17.43,0.06,1.38,2.15,17.48
Coimbatore,2026-06-05,42.57,15.14,18.93,,2.32,1.98,19.05
Coimbatore,2026-06-06,41.89,15.86,17.47,0.12,2.45,2.57,19.63
Coimbatore,2026-06-07,44.75,14.19,18.68,0.05,2.46,1.45,18.42
Coimbatore,2026-06-08,41.57,14.71,21.1,0.26,1.68,1.94,18.74
Coimbatore,2026-06-09,41.05,16.12,21.19,0.06,2.06,2.18,17.35
Coimbatore,2026-06-10,40.84,15.94,20.87,0.28,1.64,2.27,18.15
Coimbatore,2026-06-11,43.88,15.33,18.47,,1.57,2.33,18.41
Coimbatore,2026-06-12,42.53,15.34,20.8,0.17,1.74,2.15,17.26
Coimbatore,2026-06-13,43.83,13.23,19.45,0.26,1.24,3.16,18.83
Coimbatore,2026-06-14,44.68,13.25,19.39,0.17,1.25,2.79,18.48
Coimbatore,2026-06-15,44.29,17.78,17.62,0.11,1.58,2.0,16.62
Coimbatore,2026-06-16,42.29,15.7,20.07,0.11,2.04,1.87,17.91
Coimbatore,2026-06-17,44.9,15.91,19.03,0.12,1.3,1.77,16.97
Coimbatore,2026-06-18,45.09,14.33,18.3,0.21,2.25,1.56,18.25
Coimbatore,2026-06-19,42.04,16.95,19.4,0.48,2.28,1.74,17.13
Coimbatore,2026-06-20,45.01,13.22,20.66,,2.48,1.54,17.08
Coimbatore,2026-06-21,44.97,14.42,19.06,,1.98,2.15,17.42
Coimbatore,2026-06-22,45.5,14.83,19.61,,1.78,1.83,16.44
Coimbatore,2026-06-23,43.34,14.89,20.43,0.18,1.22,2.43,17.51
Coimbatore,2026-06-24,43.41,14.32,23.25,,2.23,1.95,14.83
Coimbatore,2026-06-25,42.26,16.65,17.64,,2.52,2.29,18.64
Coimbatore,2026-06-26,41.65,12.16,23.52,0.05,1.71,1.97,18.93
Coimbatore,2026-06-27,43.97,13.8,20.98,0.06,2.24,2.41,16.55
Coimbatore,2026-06-28,43.34,11.72,20.72,0.12,2.07,2.37,19.66
Coimbatore,2026-06-29,42.03,13.36,21.1,0.06,1.68,2.47,19.3
Coimbatore,2026-06-30,46.14,14.17,17.86,,1.85,2.35,17.64
Coimbatore,2026-07-01,44.55,14.89,21.51,,1.29,2.14,15.63
Coimbatore,2026-07-02,44.62,12.38,20.85,0.12,1.49,3.4,17.14
Coimbatore,2026-07-03,44.68,13.88,20.28,0.18,2.57,2.39,16.03
Coimbatore,2026-07-04,44.96,14.15,22.05,0.06,1.89,2.35,14.55
Coimbatore,2026-07-05,46.64,12.61,19.51,,1.74,2.4,17.11
Coimbatore,2026-07-06,42.17,12.77,21.84,0.12,2.25,2.08,18.78
Coimbatore,2026-07-07,45.37,12.36,21.67,0.13,1.96,1.71,16.79
Coimbatore,2026-07-08,45.59,15.3,18.2,0.06,2.64,2.33,15.87
Coimbatore,2026-07-09,44.14,15.78,18.62,0.18,1.63,2.12,17.53
Coimbatore,2026-07-10,42.87,15.45,19.6,0.06,2.61,1.55,17.87
Coimbatore,2026-07-11,47.6,12.9,19.47,0.19,1.33,2.65,15.87
Coimbatore,2026-07-12,45.35,14.57,19.72,,2.32,1.57,16.46
Coimbatore,2026-07-13,43.74,14.14,19.2,0.11,1.55,2.36,18.91
Coimbatore,2026-07-14,46.54,14.82,18.68,0.12,1.53,1.78,16.53
Coimbatore,2026-07-15,46.0,13.26,19.79,,1.77,1.28,17.9
Coimbatore,2026-07-16,45.45,13.13,19.32,0.06,1.36,1.8,18.89
Coimbatore,2026-07-17,43.42,13.53,19.92,0.06,2.32,2.13,18.61
Coimbatore,2026-07-18,43.57,13.58,20.07,0.18,2.04,2.16,18.39
Coimbatore,2026-07-19,48.18,12.37,18.83,,1.26,1.49,17.87
Coimbatore,2026-07-20,43.87,12.45,21.62,,1.61,1.36,19.08
Coimbatore,2026-07-21,44.32,12.93,19.96,0.06,1.95,2.82,17.95
Coimbatore,2026-07-22,43.72,12.5,21.55,0.07,2.07,1.73,18.37
Coimbatore,2026-07-23,46.41,11.35,21.92,,1.03,2.31,16.99
Coimbatore,2026-07-24,51.06,12.99,17.55,0.05,1.48,1.48,15.38
Coimbatore,2026-07-25,48.5,13.61,18.86,0.06,1.47,1.71,15.79
Coimbatore,2026-07-26,44.25,15.42,19.77,0.24,1.59,1.96,16.77
Coimbatore,2026-07-27,45.53,14.49,18.7,0.23,1.17,1.52,18.35
Coimbatore,2026-07-28,45.3,13.55,19.94,0.06,1.93,1.75,17.47
Coimbatore,2026-07-29,42.56,13.72,19.62,0.06,1.86,2.88,19.29
Coimbatore,2026-07-30,43.19,14.29,19.55,0.26,1.58,1.58,19.55
Coimbatore,2026-07-31,42.35,14.05,19.02,0.33,2.09,2.61,19.54
Coimbatore,2026-08-01,43.14,13.52,19.35,,2.92,2.98,18.09
Coimbatore,2026-08-02,45.05,13.83,18.46,0.19,2.41,2.41,17.64
Coimbatore,2026-08-03,44.52,14.16,18.97,,1.85,1.97,18.53
Coimbatore,2026-08-04,46.63,13.54,19.01,,2.54,1.4,16.88
Coimbatore,2026-08-05,44.25,16.08,18.18,0.13,2.86,1.59,16.91
Coimbatore,2026-08-06,47.21,12.67,18.19,0.07,1.12,2.1,18.65
Coimbatore,2026-08-07,42.77,14.91,19.12,0.19,1.62,1.94,19.44
Coimbatore,2026-08-08,44.57,11.69,21.07,0.06,1.4,2.43,18.77
Coimbatore,2026-08-09,47.74,11.29,18.71,,2.19,1.74,18.32
Coimbatore,2026-08-10,45.46,13.28,17.67,0.12,2.66,1.85,18.96
Coimbatore,2026-08-11,40.37,15.08,18.36,0.06,1.41,1.6,23.11
Coimbatore,2026-08-12,45.02,15.34,17.73,0.27,2.32,1.06,18.26
Coimbatore,2026-08-13,45.68,14.49,18.42,0.19,2.22,1.97,17.03
Coimbatore,2026-08-14,44.64,14.41,18.48,0.13,1.81,2.84,17.7
Coimbatore,2026-08-15,50.78,12.0,16.9,0.12,2.36,2.24,15.6
Coimbatore,2026-08-16,45.83,16.73,17.39,0.06,1.57,1.87,16.55
Coimbatore,2026-08-17,44.67,15.56,17.23,0.06,2.25,1.5,18.73
Coimbatore,2026-08-18,49.26,13.91,16.34,0.12,2.25,1.54,16.58
Coimbatore,2026-08-19,45.92,14.44,16.53,0.13,1.84,2.15,19.0
Coimbatore,2026-08-20,42.95,13.27,17.44,0.13,1.86,2.24,22.12
Coimbatore,2026-08-21,44.82,15.66,17.17,,1.77,2.42,18.15
Coimbatore,2026-08-22,43.91,13.17,19.27,0.13,2.36,2.1,19.07
Coimbatore,2026-08-23,49.19,12.33,16.79,,2.29,1.67,17.72
Coimbatore,2026-08-24,42.12,15.14,19.29,,1.49,2.17,19.79
Coimbatore,2026-08-25,44.89,14.5,20.75,0.26,1.72,1.47,16.41
Coimbatore,2026-08-26,42.15,15.71,22.81,0.1,1.26,1.56,16.41
Coimbatore,2026-08-27,40.96,16.0,22.13,0.06,1.41,2.21,17.23
Coimbatore,2026-08-28,41.83,13.53,21.73,0.2,1.97,2.3,18.45
Coimbatore,2026-08-29,44.65,11.3,21.02,0.12,2.31,1.94,18.65
Coimbatore,2026-08-30,40.59,11.55,24.25,0.13,1.6,3.19,18.7
Coimbatore,2026-08-31,42.62,13.99,20.75,,1.82,1.59,19.22
Dehradun,2025-01-01,31.12,41.07,13.01,0.26,2.04,3.83,8.67
Dehradun,2025-01-02,33.03,41.4,10.41,,1.58,2.94,10.63
Dehradun,2025-01-03,31.92,42.63,12.72,0.22,1.79,3.13,7.59
Dehradun,2025-01-04,28.81,40.28,17.1,,1.64,4.45,7.73
Dehradun,2025-01-05,33.9,38.98,12.71,0.21,1.91,2.97,9.32
Dehradun,2025-01-06,32.16,39.44,14.08,0.47,2.82,2.58,8.45
Dehradun,2025-01-07,30.81,42.79,12.71,0.24,0.49,3.67,9.29
Dehradun,2025-01-08,32.13,37.92,12.56,0.97,2.9,5.56,7.97
Dehradun,2025-01-09,38.24,32.78,15.2,0.48,1.9,4.04,7.36
Dehradun,2025-01-10,40.58,33.82,14.98,0.24,1.69,2.66,6.04
Dehradun,2025-01-11,32.23,42.2,11.0,0.77,2.3,3.32,8.18
Dehradun,2025-01-12,33.61,43.44,10.66,0.55,1.37,3.55,6.83
Dehradun,2025-01-13,35.15,37.38,16.09,0.5,2.72,1.98,6.19
Dehradun,2025-01-14,35.73,39.2,14.67,0.53,1.87,2.67,5.33
Dehradun,2025-01-15,34.99,39.7,17.12,,2.23,3.23,2.73
Dehradun,2025-01-16,30.79,41.22,14.5,0.51,3.05,3.05,6.87
Dehradun,2025-01-17,35.48,42.17,12.44,0.46,2.07,2.3,5.07
Dehradun,2025-01-18,33.42,40.15,15.71,,1.75,4.24,4.74
Dehradun,2025-01-19,35.84,35.06,14.03,0.52,3.38,3.38,7.79
Dehradun,2025-01-20,35.83,38.17,14.99,,2.34,2.58,6.09
Dehradun,2025-01-21,38.32,35.03,16.24,,1.78,3.3,5.33
Dehradun,2025-01-22,37.41,39.81,10.31,1.2,2.16,4.08,5.04
Dehradun,2025-01-23,39.83,36.44,13.28,0.56,0.85,3.67,5.37
Dehradun,2025-01-24,32.9,35.73,16.45,0.77,2.06,3.6,8.48
Dehradun,2025-01-25,35.16,38.9,14.96,0.5,1.25,4.49,4.74
Dehradun,2025-01-26,36.93,36.93,16.33,,0.75,3.27,5.78
Dehradun,2025-01-27,31.52,44.57,15.22,0.43,1.09,2.17,5.0
Dehradun,2025-01-28,41.36,36.5,13.87,,1.46,1.46,5.35
Dehradun,2025-01-29,37.56,37.56,12.69,0.25,1.02,3.05,7.87
Dehradun,2025-01-30,38.26,38.74,13.08,,0.73,3.39,5.81
Dehradun,2025-01-31,38.59,33.18,16.47,,1.41,2.35,8.0
Dehradun,2025-02-01,36.17,39.72,12.29,0.95,2.13,1.65,7.09
Dehradun,2025-02-02,33.25,46.55,11.0,,0.51,1.79,6.91
Dehradun,2025-02-03,33.08,41.54,14.43,0.75,0.75,3.48,5.97
Dehradun,2025-02-04,33.33,38.16,16.91,0.24,1.21,3.62,6.52
Dehradun,2025-02-05,31.92,34.91,19.2,0.5,2.49,4.24,6.73
Dehradun,2025-02-06,32.76,36.7,18.47,0.49,1.23,3.2,7.14
Dehradun,2025-02-07,39.67,29.2,17.91,0.28,1.1,4.96,6.89
Dehradun,2025-02-08,34.7,35.99,16.2,1.29,1.54,3.6,6.68
Dehradun,2025-02-09,32.66,34.68,19.91,0.22,0.89,2.91,8.72
Dehradun,2025-02-10,35.89,38.08,15.89,0.55,0.55,2.19,6.85
Dehradun,2025-02-11,35.87,36.34,14.96,0.24,1.43,2.61,8.55
Dehradun,2025-02-12,33.5,38.92,18.47,,2.22,2.96,3.94
Dehradun,2025-02-13,36.15,39.31,12.93,0.26,1.58,2.37,7.39
Dehradun,2025-02-14,34.66,35.45,17.46,1.06,1.06,4.5,5.82
Dehradun,2025-02-15,32.23,40.62,12.8,,2.87,3.75,7.73
Dehradun,2025-02-16,29.68,36.65,14.14,0.8,2.19,2.59,13.94
Dehradun,2025-02-17,33.78,38.03,14.54,0.22,2.91,1.34,9.17
Dehradun,2025-02-18,28.26,37.75,23.18,0.22,0.44,2.43,7.73
Dehradun,2025-02-19,32.91,41.83,12.31,0.21,1.91,2.97,7.86
Dehradun,2025-02-20,29.27,41.69,18.27,0.23,2.58,2.11,5.85
Dehradun,2025-02-21,28.24,43.26,17.3,0.51,1.78,1.27,7.63
Dehradun,2025-02-22,32.76,38.12,19.7,0.43,1.5,2.78,4.71
Dehradun,2025-02-23,37.61,36.96,15.22,0.65,1.52,2.83,5.22
Dehradun,2025-02-24,38.43,37.77,15.07,0.22,1.31,1.53,5.68
Dehradun,2025-02-25,39.87,35.07,13.99,0.63,1.46,2.3,6.68
Dehradun,2025-02-26,33.03,41.23,15.72,0.23,1.59,2.05,6.15
Dehradun,2025-02-27,36.2,40.0,14.0,0.6,0.8,2.4,6.0
Dehradun,2025-02-28,34.85,38.53,15.37,0.22,1.52,3.25,6.28
Dehradun,2025-03-01,32.9,38.08,19.69,0.78,0.78,2.59,5.18
Dehradun,2025-03-02,33.33,37.58,15.76,0.61,1.82,2.42,8.48
Dehradun,2025-03-03,32.77,38.59,15.78,0.49,0.73,3.16,8.5
Dehradun,2025-03-04,34.08,38.03,19.15,0.56,0.56,3.1,4.51
Dehradun,2025-03-05,36.29,36.29,16.9,,1.11,3.32,6.09
Dehradun,2025-03-06,31.23,41.55,16.33,0.57,1.43,2.87,6.02
Dehradun,2025-03-07,38.86,32.34,18.75,1.09,,3.26,5.71
Dehradun,2025-03-08,37.18,34.82,18.59,0.47,2.59,1.65,4.71
Dehradun,2025-03-09,38.15,37.86,13.58,0.58,1.16,1.45,7.23
Dehradun,2025-03-10,34.4,32.0,21.6,,1.6,3.73,6.67
Dehradun,2025-03-11,29.3,37.63,19.35,0.54,2.69,2.42,8.06
Dehradun,2025-03-12,38.38,34.32,14.86,0.54,1.35,3.51,7.03
Dehradun,2025-03-13,40.92,30.26,17.58,0.29,1.15,2.88,6.92
Dehradun,2025-03-14,29.2,40.31,14.21,0.52,2.07,3.36,10.34
Dehradun,2025-03-15,36.33,43.21,11.28,0.57,1.91,1.15,5.54
Dehradun,2025-03-16,31.66,36.06,18.24,1.26,1.26,4.4,7.13
Dehradun,2025-03-17,33.17,38.26,16.46,,1.21,2.91,7.99
Dehradun,2025-03-18,32.94,37.71,19.33,0.24,0.95,2.86,5.97
Dehradun,2025-03-19,34.5,36.83,15.38,0.93,0.7,2.8,8.86
Dehradun,2025-03-20,35.92,32.04,19.38,0.52,2.07,3.62,6.46
Dehradun,2025-03-21,32.02,39.16,16.26,0.99,1.48,2.22,7.88
Dehradun,2025-03-22,33.5,38.87,17.14,0.51,0.77,3.07,6.14
Dehradun,2025-03-23,41.55,35.18,13.85,0.28,1.39,2.49,5.26
Dehradun,2025-03-24,37.47,33.06,17.08,,1.38,3.58,7.44
Dehradun,2025-03-25,33.51,38.79,19.0,0.26,0.79,3.17,4.49
Dehradun,2025-03-26,32.72,36.68,20.84,,0.79,2.11,6.86
Dehradun,2025-03-27,36.1,33.24,21.2,,1.72,3.44,4.3
Dehradun,2025-03-28,37.29,36.16,16.1,0.56,1.13,2.54,6.21
Dehradun,2025-03-29,36.26,29.75,23.23,0.85,1.98,2.55,5.38
Dehradun,2025-03-30,32.55,36.98,18.75,0.26,3.13,3.13,5.21
Dehradun,2025-03-31,31.54,37.9,20.29,0.49,1.96,3.18,4.65
Dehradun,2025-04-01,33.88,39.07,18.31,0.27,1.91,1.09,5.46
Dehradun,2025-04-02,31.41,34.55,23.04,1.31,0.26,3.4,6.02
Dehradun,2025-04-03,33.5,40.81,16.62,0.25,0.5,3.27,5.04
Dehradun,2025-04-04,35.84,34.87,19.85,0.48,0.73,1.94,6.3
Dehradun,2025-04-05,35.71,32.8,20.63,0.26,1.32,3.17,6.08
Dehradun,2025-04-06,34.58,36.19,21.18,0.54,1.07,2.41,4.02
Dehradun,2025-04-07,33.25,40.15,18.93,,0.51,2.81,4.35
Dehradun,2025-04-08,28.86,30.68,32.73,0.45,0.68,2.27,4.32
Dehradun,2025-04-09,38.08,33.66,16.71,0.25,2.21,2.7,6.39
Dehradun,2025-04-10,42.06,32.19,17.38,0.21,1.72,2.58,3.86
Dehradun,2025-04-11,34.23,34.96,22.0,,1.47,3.18,4.16
Dehradun,2025-04-12,37.96,31.45,18.66,0.87,2.6,2.6,5.86
Dehradun,2025-04-13,44.92,30.93,16.25,,0.45,2.03,5.42
Dehradun,2025-04-14,43.28,33.05,15.35,,1.07,1.92,5.33
Dehradun,2025-04-15,34.5,36.46,19.21,0.44,1.31,1.97,6.11
Dehradun,2025-04-16,31.18,38.57,20.32,,0.92,2.08,6.93
Dehradun,2025-04-17,38.05,38.46,14.55,0.42,1.25,1.87,5.41
Dehradun,2025-04-18,32.08,39.61,17.2,0.36,1.43,2.51,6.81
Dehradun,2025-04-19,39.37,37.1,15.16,0.23,1.36,2.26,4.52
Dehradun,2025-04-20,36.43,33.72,17.05,0.58,0.58,2.52,9.11
Dehradun,2025-04-21,28.32,36.73,19.47,,1.11,3.76,10.62
Dehradun,2025-04-22,30.66,33.07,20.24,0.4,0.8,3.41,11.42
Dehradun,2025-04-23,30.71,35.38,20.39,0.25,0.98,3.44,8.85
Dehradun,2025-04-24,29.43,36.6,20.1,0.72,0.72,5.02,7.42
Dehradun,2025-04-25,35.65,31.25,17.13,0.69,0.93,3.94,10.42
Dehradun,2025-04-26,36.29,38.56,14.43,0.82,1.65,2.47,5.77
Dehradun,2025-04-27,31.62,30.77,17.31,1.07,2.35,2.35,14.53
Dehradun,2025-04-28,37.19,33.33,15.42,0.68,1.81,2.72,8.84
Dehradun,2025-04-29,33.56,34.22,18.89,0.44,0.67,2.67,9.56
Dehradun,2025-04-30,32.91,34.92,21.61,0.25,1.76,1.51,7.04
Dehradun,2025-05-01,37.08,33.96,18.96,0.21,1.04,1.67,7.08
Dehradun,2025-05-02,30.72,37.32,19.79,,2.27,1.44,8.45
Dehradun,2025-05-03,33.33,34.1,18.48,0.19,1.52,3.43,8.95
Dehradun,2025-05-04,32.49,32.91,15.3,0.21,0.63,4.82,13.63
Dehradun,2025-05-05,32.6,40.26,18.16,0.44,1.75,1.75,5.03
Dehradun,2025-05-06,35.38,37.74,16.04,0.47,0.71,2.36,7.31
Dehradun,2025-05-07,37.26,31.78,18.36,0.27,0.82,4.66,6.85
Dehradun,2025-05-08,41.74,31.93,17.37,0.56,2.24,1.96,4.2
Dehradun,2025-05-09,29.63,35.33,22.79,1.42,1.99,0.85,7.98
Dehradun,2025-05-10,32.19,35.39,20.32,0.68,3.2,2.51,5.71
Dehradun,2025-05-11,36.6,35.0,17.6,,1.6,1.8,7.4
Dehradun,2025-05-12,35.94,33.19,20.72,0.21,1.27,2.11,6.55
Dehradun,2025-05-13,31.95,36.1,20.98,0.73,1.22,2.93,6.1
Dehradun,2025-05-14,31.4,29.6,28.4,0.2,0.6,2.8,7.0
Dehradun,2025-05-15,33.15,35.0,20.93,0.19,2.59,1.67,6.48
Dehradun,2025-05-16,36.33,34.83,19.66,0.75,0.94,1.87,5.62
Dehradun,2025-05-17,31.58,37.43,22.81,0.39,1.36,1.95,4.48
Dehradun,2025-05-18,37.63,31.18,21.15,,1.25,3.94,4.84
Dehradun,2025-05-19,27.54,41.52,21.36,0.2,1.8,2.0,5.59
Dehradun,2025-05-20,31.29,33.56,24.04,0.45,2.04,2.04,6.58
Dehradun,2025-05-21,36.22,32.8,19.72,0.6,2.21,3.42,5.03
Dehradun,2025-05-22,34.73,35.73,18.76,0.4,1.6,2.59,6.19
Dehradun,2025-05-23,36.4,35.81,15.26,0.98,0.59,1.57,9.39
Dehradun,2025-05-24,38.94,33.45,17.7,0.53,1.42,2.12,5.84
Dehradun,2025-05-25,35.51,31.52,19.02,0.54,1.27,3.26,8.88
Dehradun,2025-05-26,32.5,35.19,20.83,0.36,0.72,2.15,8.26
Dehradun,2025-05-27,40.0,30.43,19.15,,1.37,1.37,7.69
Dehradun,2025-05-28,35.2,35.0,16.8,0.4,0.8,3.6,8.2
Dehradun,2025-05-29,36.6,31.35,16.64,0.7,1.4,3.68,9.63
Dehradun,2025-05-30,34.01,31.82,16.67,1.35,0.51,2.36,13.3
Dehradun,2025-05-31,31.86,35.43,20.27,0.51,2.21,3.07,6.64
Dehradun,2025-06-01,30.11,37.64,14.89,0.82,1.64,2.29,12.6
Dehradun,2025-06-02,33.73,38.84,17.04,0.51,2.56,2.39,4.94
Dehradun,2025-06-03,29.13,33.04,12.75,0.58,1.01,4.35,19.13
Dehradun,2025-06-04,31.3,36.3,18.7,0.37,0.93,2.96,9.44
Dehradun,2025-06-05,34.45,39.66,15.29,0.17,1.51,2.35,6.55
Dehradun,2025-06-06,32.7,37.54,16.61,0.35,1.73,2.42,8.65
Dehradun,2025-06-07,33.07,36.87,16.46,0.79,2.85,2.85,7.12
Dehradun,2025-06-08,37.01,35.15,16.95,0.16,1.71,2.02,7.0
Dehradun,2025-06-09,31.97,36.38,20.07,0.16,0.49,2.94,7.99
Dehradun,2025-06-10,34.9,35.08,19.89,0.36,1.08,1.63,7.05
Dehradun,2025-06-11,37.62,35.16,16.07,0.38,1.7,3.78,5.29
Dehradun,2025-06-12,35.2,35.0,17.6,1.0,1.8,1.6,7.8
Dehradun,2025-06-13,32.39,34.39,21.1,0.66,1.66,1.66,8.14
Dehradun,2025-06-14,33.48,38.36,17.39,0.43,0.86,2.44,7.04
Dehradun,2025-06-15,36.57,36.57,16.57,0.15,1.79,2.09,6.27
Dehradun,2025-06-16,34.36,34.19,21.03,0.34,1.2,2.74,6.15
Dehradun,2025-06-17,32.8,34.08,23.79,0.96,1.29,2.41,4.66
Dehradun,2025-06-18,29.26,38.02,18.02,0.5,3.14,4.79,6.28
Dehradun,2025-06-19,36.12,32.81,20.5,0.16,0.79,2.37,7.26
Dehradun,2025-06-20,34.17,36.01,18.93,0.67,1.84,1.01,7.37
Dehradun,2025-06-21,29.65,36.28,19.72,0.95,2.37,2.84,8.2
Dehradun,2025-06-22,36.07,30.65,17.96,0.62,2.32,3.41,8.98
Dehradun,2025-06-23,34.56,35.64,20.12,0.46,0.92,2.61,5.68
Dehradun,2025-06-24,39.35,32.03,19.59,,2.39,2.04,4.6
Dehradun,2025-06-25,38.14,30.7,19.53,0.47,2.17,3.41,5.58
Dehradun,2025-06-26,34.13,33.62,21.33,0.34,1.88,3.07,5.63
Dehradun,2025-06-27,36.27,32.52,17.81,0.82,0.82,3.76,8.01
Dehradun,2025-06-28,33.93,33.93,22.08,0.32,1.14,2.44,6.17
Dehradun,2025-06-29,31.91,35.01,22.9,0.59,0.89,2.95,5.76
Dehradun,2025-06-30,29.95,36.61,21.63,0.33,2.0,3.99,5.49
Dehradun,2025-07-01,31.54,29.87,24.16,0.84,2.85,3.36,7.38
Dehradun,2025-07-02,29.59,31.07,24.13,1.98,1.65,2.64,8.93
Dehradun,2025-07-03,30.36,32.63,20.13,0.32,2.27,3.57,10.71
Dehradun,2025-07-04,35.86,34.59,17.12,,0.9,2.7,8.83
Dehradun,2025-07-05,33.77,34.76,20.59,0.33,0.49,2.31,7.74
Dehradun,2025-07-06,34.07,32.88,21.86,0.17,0.85,2.37,7.8
Dehradun,2025-07-07,32.07,29.6,25.43,0.76,3.04,2.66,6.45
Dehradun,2025-07-08,28.78,31.65,27.52,0.72,1.08,4.14,6.12
Dehradun,2025-07-09,35.7,32.24,21.49,0.55,2.0,1.28,6.74
Dehradun,2025-07-10,35.4,33.93,18.92,0.65,2.12,3.26,5.71
Dehradun,2025-07-11,33.84,31.63,23.13,0.17,2.04,3.06,6.12
Dehradun,2025-07-12,35.82,33.0,17.08,1.0,1.33,3.48,8.29
Dehradun,2025-07-13,37.19,37.19,15.96,0.35,1.23,2.11,5.96
Dehradun,2025-07-14,35.33,31.74,22.36,0.6,1.8,2.0,6.19
Dehradun,2025-07-15,39.17,34.38,15.21,0.99,1.32,3.14,5.79
Dehradun,2025-07-16,31.87,36.76,19.73,0.84,1.52,1.69,7.59
Dehradun,2025-07-17,36.95,36.76,18.38,0.92,0.55,1.47,4.96
Dehradun,2025-07-18,38.86,31.56,19.72,0.59,1.78,1.58,5.92
Dehradun,2025-07-19,34.95,35.14,17.66,0.18,2.52,2.7,6.85
Dehradun,2025-07-20,33.69,36.13,16.92,0.46,1.98,2.9,7.93
Dehradun,2025-07-21,33.06,33.39,22.59,0.17,1.66,1.66,7.48
Dehradun,2025-07-22,30.28,33.26,22.39,0.43,2.56,4.26,6.82
Dehradun,2025-07-23,33.02,30.77,24.77,0.38,0.94,2.63,7.5
Dehradun,2025-07-24,35.66,34.43,19.06,0.2,1.43,1.64,7.58
Dehradun,2025-07-25,40.82,32.02,17.98,,1.69,1.69,5.81
Dehradun,2025-07-26,37.29,38.13,15.05,0.5,1.17,2.17,5.69
Dehradun,2025-07-27,39.27,32.46,16.75,,2.09,2.27,7.16
Dehradun,2025-07-28,32.81,36.81,20.31,0.52,1.56,2.08,5.9
Dehradun,2025-07-29,32.52,39.07,17.38,0.56,0.75,3.55,6.17
Dehradun,2025-07-30,29.39,41.22,18.3,0.37,1.29,2.77,6.65
Dehradun,2025-07-31,27.8,43.95,17.26,0.22,0.22,2.24,8.3
Dehradun,2025-08-01,28.48,40.13,19.73,0.22,2.24,2.24,6.95
Dehradun,2025-08-02,34.8,39.74,15.2,0.55,1.1,2.38,6.23
Dehradun,2025-08-03,32.11,38.49,18.96,0.19,0.97,1.74,7.54
Dehradun,2025-08-04,31.89,38.56,17.7,0.67,2.34,2.17,6.68
Dehradun,2025-08-05,33.1,34.66,21.66,1.21,1.39,1.56,6.41
Dehradun,2025-08-06,35.82,36.55,16.73,0.18,1.82,2.91,6.0
Dehradun,2025-08-07,29.32,40.3,20.46,0.63,0.84,1.27,7.17
Dehradun,2025-08-08,31.78,37.6,17.64,,1.94,1.74,9.3
Dehradun,2025-08-09,30.97,37.1,20.0,0.48,1.13,1.29,9.03
Dehradun,2025-08-10,28.78,38.28,21.66,0.59,1.78,2.23,6.68
Dehradun,2025-08-11,35.09,35.25,20.1,0.48,1.28,2.55,5.26
Dehradun,2025-08-12,31.8,32.72,24.16,0.15,1.22,3.06,6.88
Dehradun,2025-08-13,33.21,33.21,22.26,0.18,1.44,2.51,7.18
Dehradun,2025-08-14,38.32,33.16,19.42,0.52,1.55,2.23,4.81
Dehradun,2025-08-15,34.52,36.71,16.71,0.41,1.51,4.38,5.75
Dehradun,2025-08-16,34.79,37.18,17.4,0.27,1.33,3.32,5.71
Dehradun,2025-08-17,33.23,40.0,15.28,0.31,1.26,3.31,6.61
Dehradun,2025-08-18,32.72,33.05,22.82,0.67,1.34,3.02,6.38
Dehradun,2025-08-19,36.95,32.92,19.79,,1.05,3.5,5.78
Dehradun,2025-08-20,37.23,33.27,17.23,0.4,0.79,2.57,8.51
Dehradun,2025-08-21,29.53,39.72,18.83,0.17,1.9,3.45,6.39
Dehradun,2025-08-22,32.68,34.82,21.43,0.71,1.96,2.14,6.25
Dehradun,2025-08-23,27.16,35.94,21.73,0.64,2.24,3.67,8.63
Dehradun,2025-08-24,35.93,35.93,17.12,0.34,0.85,2.71,7.12
Dehradun,2025-08-25,33.33,33.99,21.45,0.5,1.65,2.81,6.27
Dehradun,2025-08-26,30.9,37.81,19.19,0.38,1.73,2.88,7.1
Dehradun,2025-08-27,35.49,34.94,18.85,0.37,1.48,1.48,7.39
Dehradun,2025-08-28,33.15,37.06,20.86,0.37,1.12,2.23,5.21
Dehradun,2025-08-29,33.56,36.41,20.13,0.5,1.85,1.68,5.87
Dehradun,2025-08-30,31.61,39.21,20.21,0.35,0.69,2.25,5.7
Dehradun,2025-08-31,31.37,40.06,18.01,0.31,1.71,2.33,6.21
Dehradun,2025-09-01,27.26,43.98,19.57,0.33,1.51,1.67,5.69
Dehradun,2025-09-02,29.87,37.38,22.16,0.19,1.35,3.28,5.78
Dehradun,2025-09-03,35.33,45.39,12.81,,0.72,1.44,4.31
Dehradun,2025-09-04,37.79,42.75,12.52,0.12,1.12,1.73,3.97
Dehradun,2025-09-05,36.68,41.14,14.37,0.14,1.26,1.53,4.88
Dehradun,2025-09-06,34.99,42.16,15.55,,0.97,2.31,4.01
Dehradun,2025-09-07,36.67,44.19,12.07,,1.25,1.71,4.1
Dehradun,2025-09-08,37.52,42.07,13.38,0.14,0.69,2.48,3.72
Dehradun,2025-09-09,37.65,40.12,14.68,0.44,1.16,2.03,3.92
Dehradun,2025-09-10,37.32,40.67,16.27,,0.64,1.28,3.83
Dehradun,2025-09-11,36.25,42.4,13.98,,0.92,2.76,3.69
Dehradun,2025-09-12,34.71,38.84,17.13,0.15,1.22,2.75,5.2
Dehradun,2025-09-13,36.24,36.09,18.65,0.3,0.75,2.11,5.86
Dehradun,2025-09-14,31.69,34.89,19.04,0.53,0.8,2.0,11.05
Dehradun,2025-09-15,34.34,38.58,16.04,,1.06,2.42,7.56
Dehradun,2025-09-16,35.65,38.23,16.61,0.48,0.65,2.26,6.13
Dehradun,2025-09-17,33.68,37.28,18.71,,1.95,1.2,7.19
Dehradun,2025-09-18,36.98,37.43,17.46,0.3,0.89,2.81,4.14
Dehradun,2025-09-19,35.19,39.42,14.55,0.4,1.46,1.46,7.54
Dehradun,2025-09-20,36.88,37.69,17.09,0.4,0.94,1.75,5.25
Dehradun,2025-09-21,33.4,41.62,13.36,0.21,0.72,1.13,9.56
Dehradun,2025-09-22,38.14,41.04,12.81,0.1,0.7,1.4,5.81
Dehradun,2025-09-23,38.09,44.81,11.79,,1.18,0.83,3.3
Dehradun,2025-09-24,35.87,41.5,15.01,0.11,1.43,1.43,4.64
Dehradun,2025-09-25,35.05,43.76,14.89,0.57,0.46,1.03,4.24
Dehradun,2025-09-26,32.39,42.73,15.27,,0.49,2.22,6.9
Dehradun,2025-09-27,32.84,44.11,15.99,0.5,0.87,0.74,4.96
Dehradun,2025-09-28,28.69,42.93,13.38,,0.86,1.51,12.62
Dehradun,2025-09-29,33.67,38.61,16.4,,1.45,1.89,7.98
Dehradun,2025-09-30,29.59,47.7,13.52,0.26,0.64,2.3,5.99
Dehradun,2025-10-01,35.25,45.51,12.64,0.28,0.56,1.97,3.79
Dehradun,2025-10-02,35.83,40.37,15.78,0.13,2.14,1.07,4.68
Dehradun,2025-10-03,36.75,39.82,15.62,0.26,2.43,0.77,4.35
Dehradun,2025-10-04,34.44,40.59,18.33,,0.86,0.49,5.29
Dehradun,2025-10-05,30.58,45.32,13.64,0.28,1.24,2.48,6.47
Dehradun,2025-10-06,32.5,46.12,15.65,0.24,0.6,0.96,3.94
Dehradun,2025-10-07,38.77,42.84,12.1,0.12,0.74,1.36,4.07
Dehradun,2025-10-08,36.68,40.63,15.22,0.68,0.82,1.36,4.62
Dehradun,2025-10-09,37.71,43.02,14.25,0.14,0.14,1.26,3.49
Dehradun,2025-10-10,38.95,41.11,12.06,0.46,0.46,1.85,5.1
Dehradun,2025-10-11,37.14,40.41,15.78,0.14,0.41,1.9,4.22
Dehradun,2025-10-12,34.42,40.55,16.04,0.39,0.65,1.69,6.26
Dehradun,2025-10-13,34.89,41.9,16.2,0.29,0.58,1.46,4.67
Dehradun,2025-10-14,32.55,39.44,18.04,0.59,0.88,1.61,6.89
Dehradun,2025-10-15,37.39,36.04,17.57,0.3,0.6,3.3,4.8
Dehradun,2025-10-16,36.88,37.04,17.44,0.17,0.83,1.99,5.65
Dehradun,2025-10-17,39.61,38.01,14.74,,1.42,1.6,4.62
Dehradun,2025-10-18,39.31,38.5,14.85,,0.33,1.31,5.71
Dehradun,2025-10-19,34.96,41.57,14.26,0.35,0.52,2.09,6.26
Dehradun,2025-10-20,34.69,40.0,14.9,,2.65,2.24,5.51
Dehradun,2025-10-21,37.26,37.85,14.41,0.58,1.6,2.33,5.97
Dehradun,2025-10-22,34.35,39.51,15.65,0.3,1.67,1.98,6.53
Dehradun,2025-10-23,32.81,42.12,14.33,0.29,0.72,1.86,7.88
Dehradun,2025-10-24,35.95,39.01,15.98,0.67,1.73,1.73,4.93
Dehradun,2025-10-25,33.55,38.93,19.0,0.79,1.44,0.79,5.5
Dehradun,2025-10-26,34.2,43.37,16.01,0.41,0.82,1.5,3.69
Dehradun,2025-10-27,38.44,37.14,15.75,0.14,0.58,1.45,6.5
Dehradun,2025-10-28,34.76,39.37,18.41,0.16,0.79,1.59,4.92
Dehradun,2025-10-29,34.41,40.28,16.36,1.23,2.01,1.85,3.86
Dehradun,2025-10-30,38.8,35.27,16.23,,1.41,1.94,6.35
Dehradun,2025-10-31,31.8,41.33,17.01,0.34,0.85,2.89,5.78
Dehradun,2025-11-01,36.12,40.23,16.15,0.15,1.32,1.03,4.99
Dehradun,2025-11-02,34.76,37.46,17.14,,0.95,2.38,7.3
Dehradun,2025-11-03,41.19,34.28,15.72,0.16,0.94,2.04,5.66
Dehradun,2025-11-04,44.2,39.33,11.25,0.12,0.35,0.93,3.83
Dehradun,2025-11-05,40.73,37.61,15.3,0.13,0.52,1.82,3.89
Dehradun,2025-11-06,35.78,39.67,17.51,0.3,0.75,2.4,3.59
Dehradun,2025-11-07,38.49,39.51,13.17,0.58,1.3,1.45,5.5
Dehradun,2025-11-08,33.83,42.73,15.73,,0.45,1.19,6.08
Dehradun,2025-11-09,38.96,36.08,17.75,1.01,1.01,0.87,4.33
Dehradun,2025-11-10,37.77,38.23,16.51,,1.07,2.45,3.98
Dehradun,2025-11-11,36.95,38.32,16.18,0.15,0.92,1.68,5.8
Dehradun,2025-11-12,38.66,37.21,17.06,0.73,0.54,1.45,4.36
Dehradun,2025-11-13,31.1,38.83,18.73,0.69,1.2,2.92,6.53
Dehradun,2025-11-14,34.37,39.54,18.43,0.62,0.62,1.66,4.76
Dehradun,2025-11-15,35.18,39.17,15.98,0.46,1.54,2.0,5.68
Dehradun,2025-11-16,31.75,43.87,16.41,0.31,0.92,1.69,5.06
Dehradun,2025-11-17,36.2,36.36,19.53,0.67,0.51,1.52,5.22
Dehradun,2025-11-18,35.52,38.98,20.04,0.55,0.73,1.09,3.1
Dehradun,2025-11-19,31.65,36.52,21.35,0.19,1.12,1.87,7.3
Dehradun,2025-11-20,39.23,32.15,17.17,0.34,0.67,2.53,7.91
Dehradun,2025-11-21,31.58,41.23,17.54,0.35,1.4,0.88,7.02
Dehradun,2025-11-22,32.64,40.59,17.96,,1.55,1.73,5.53
Dehradun,2025-11-23,35.16,37.81,15.37,0.18,1.59,2.83,7.07
Dehradun,2025-11-24,34.58,38.67,17.04,,1.19,2.39,6.13
Dehradun,2025-11-25,39.56,46.46,8.61,0.09,0.26,1.62,3.41
Dehradun,2025-11-26,36.45,44.94,12.86,,1.12,1.12,3.5
Dehradun,2025-11-27,33.87,43.65,15.04,0.15,1.02,1.31,4.96
Dehradun,2025-11-28,32.24,42.43,17.76,0.16,0.66,1.32,5.43
Dehradun,2025-11-29,34.2,39.26,15.95,0.31,0.92,3.22,6.13
Dehradun,2025-11-30,35.19,39.81,14.33,0.16,0.8,3.18,6.53
Dehradun,2025-12-01,28.77,46.58,16.89,0.15,0.3,2.13,5.18
Dehradun,2025-12-02,37.88,34.82,18.71,0.61,0.61,1.38,5.98
Dehradun,2025-12-03,35.01,40.04,15.62,0.36,1.97,1.44,5.57
Dehradun,2025-12-04,31.96,41.77,16.93,0.32,0.95,0.95,7.12
Dehradun,2025-12-05,34.32,37.87,18.79,0.15,0.89,1.63,6.36
Dehradun,2025-12-06,34.64,41.74,12.75,0.29,2.03,2.03,6.52
Dehradun,2025-12-07,33.48,40.12,19.76,0.15,1.03,0.88,4.57
Dehradun,2025-12-08,30.99,40.5,19.01,0.28,1.38,2.07,5.79
Dehradun,2025-12-09,35.55,37.37,17.85,0.15,1.36,2.42,5.3
Dehradun,2025-12-10,30.8,42.86,18.15,,0.45,1.64,6.1
Dehradun,2025-12-11,33.38,39.42,18.71,0.29,1.58,1.15,5.47
Dehradun,2025-12-12,33.02,39.38,19.38,0.31,1.09,2.33,4.5
Dehradun,2025-12-13,34.8,37.89,18.94,0.15,1.62,1.62,4.99
Dehradun,2025-12-14,31.99,43.73,15.43,0.16,1.29,1.29,6.11
Dehradun,2025-12-15,33.94,39.36,15.99,0.28,0.7,0.97,8.76
Dehradun,2025-12-16,34.33,38.97,17.25,,1.49,0.66,7.3
Dehradun,2025-12-17,32.07,38.39,21.48,0.16,1.9,1.58,4.42
Dehradun,2025-12-18,34.94,37.11,16.93,0.47,0.93,1.71,7.92
Dehradun,2025-12-19,33.5,39.27,19.97,0.33,0.5,1.49,4.95
Dehradun,2025-12-20,32.72,38.59,17.62,0.34,1.01,4.19,5.54
Dehradun,2025-12-21,30.37,41.26,16.91,0.14,1.43,2.29,7.59
Dehradun,2025-12-22,33.57,37.0,19.0,0.29,1.71,2.0,6.43
Dehradun,2025-12-23,38.1,34.01,16.46,0.54,1.9,1.5,7.48
Dehradun,2025-12-24,31.26,39.38,18.31,0.35,0.69,1.55,8.46
Dehradun,2025-12-25,33.83,37.15,18.41,0.5,1.82,2.65,5.64
Dehradun,2025-12-26,31.43,39.52,19.68,0.48,0.32,1.59,6.98
Dehradun,2025-12-27,34.64,39.03,18.03,0.31,0.78,1.57,5.64
Dehradun,2025-12-28,32.77,40.65,16.54,0.62,0.93,2.16,6.34
Dehradun,2025-12-29,33.59,39.06,18.69,0.3,1.98,1.67,4.71
Dehradun,2025-12-30,33.53,36.09,20.0,0.3,0.6,2.56,6.92
Dehradun,2025-12-31,32.91,37.37,20.17,0.42,0.21,1.91,7.01
Dehradun,2026-01-01,32.28,39.4,19.15,,0.95,2.22,6.01
Dehradun,2026-01-02,35.32,35.18,19.67,0.97,0.69,2.77,5.4
Dehradun,2026-01-03,30.12,39.14,19.57,0.76,0.92,3.52,5.96
Dehradun,2026-01-04,35.63,39.58,16.2,0.42,0.42,2.11,5.63
Dehradun,2026-01-05,32.5,38.84,19.02,0.26,1.32,1.45,6.61
Dehradun,2026-01-06,32.46,39.5,18.23,1.52,0.69,1.66,5.94
Dehradun,2026-01-07,35.61,39.76,18.1,0.3,1.63,0.74,3.86
Dehradun,2026-01-08,34.39,35.84,20.52,0.43,0.87,1.59,6.36
Dehradun,2026-01-09,35.36,42.79,13.35,,0.76,1.52,6.22
Dehradun,2026-01-10,34.59,39.62,17.99,0.38,1.01,1.76,4.65
Dehradun,2026-01-11,31.06,44.82,16.76,,0.54,2.59,4.22
Dehradun,2026-01-12,32.51,41.14,18.49,,1.23,1.54,5.08
Dehradun,2026-01-13,35.59,44.57,14.12,0.23,1.05,1.4,3.03
Dehradun,2026-01-14,37.86,42.47,13.16,0.14,0.95,1.9,3.53
Dehradun,2026-01-15,33.8,40.78,18.02,0.14,0.98,1.96,4.33
Dehradun,2026-01-16,32.18,38.36,17.53,0.14,1.01,3.02,7.76
Dehradun,2026-01-17,32.36,36.44,19.1,0.44,0.44,3.35,7.87
Dehradun,2026-01-18,33.75,39.32,16.56,0.77,1.24,3.1,5.26
Dehradun,2026-01-19,31.51,36.24,20.41,0.74,1.33,2.22,7.54
Dehradun,2026-01-20,37.32,38.5,15.49,0.44,0.88,1.18,6.19
Dehradun,2026-01-21,30.28,35.4,24.07,0.31,2.17,1.09,6.68
Dehradun,2026-01-22,35.29,39.38,14.87,,0.65,2.78,7.03
Dehradun,2026-01-23,35.97,36.28,15.5,0.47,2.02,2.64,7.13
Dehradun,2026-01-24,34.73,37.21,18.76,,0.78,2.17,6.36
Dehradun,2026-01-25,35.7,37.78,17.04,,1.33,2.67,5.48
Dehradun,2026-01-26,36.54,41.95,12.86,,0.95,2.03,5.68
Dehradun,2026-01-27,37.16,40.65,13.09,0.37,0.87,2.62,5.24
Dehradun,2026-01-28,33.57,38.9,18.3,1.59,0.72,1.87,5.04
Dehradun,2026-01-29,36.66,38.52,16.12,0.14,0.57,2.85,5.14
Dehradun,2026-01-30,37.82,37.02,16.83,0.16,1.12,2.24,4.81
Dehradun,2026-01-31,33.18,37.09,18.47,,0.78,3.44,7.04
Dehradun,2026-02-01,35.65,34.72,17.9,0.31,0.77,3.24,7.41
Dehradun,2026-02-02,31.43,41.62,17.1,,0.86,2.59,6.39
Dehradun,2026-02-03,31.51,42.28,17.78,0.16,0.94,2.5,4.84
Dehradun,2026-02-04,29.85,41.48,19.22,,0.67,3.54,5.23
Dehradun,2026-02-05,32.74,40.68,15.4,,0.97,2.11,8.1
Dehradun,2026-02-06,32.78,37.78,21.11,,1.3,2.22,4.81
Dehradun,2026-02-07,32.1,40.29,19.74,,0.8,1.44,5.62
Dehradun,2026-02-08,31.27,41.69,17.1,0.49,1.14,1.79,6.51
Dehradun,2026-02-09,29.51,41.15,19.78,,0.48,2.23,6.86
Dehradun,2026-02-10,29.65,37.37,19.12,,1.4,2.63,9.82
Dehradun,2026-02-11,28.43,41.37,21.41,0.16,1.12,3.51,3.99
Dehradun,2026-02-12,29.05,40.45,19.74,0.32,1.28,1.93,7.22
Dehradun,2026-02-13,32.5,36.41,22.38,0.36,1.42,2.13,4.8
Dehradun,2026-02-14,31.18,38.83,19.79,0.3,1.2,1.65,7.05
Dehradun,2026-02-15,32.01,37.27,13.37,0.14,1.0,0.71,15.5
Dehradun,2026-02-16,34.49,41.09,16.01,,1.32,1.98,5.12
Dehradun,2026-02-17,37.31,36.42,15.37,0.15,0.6,3.58,6.57
Dehradun,2026-02-18,34.94,36.7,16.96,0.15,0.88,2.05,8.33
Dehradun,2026-02-19,34.87,39.49,16.88,0.48,0.64,1.11,6.53
Dehradun,2026-02-20,31.36,41.21,16.36,0.76,0.76,1.52,8.03
Dehradun,2026-02-21,34.69,40.27,15.99,,1.21,1.96,5.88
Dehradun,2026-02-22,31.46,37.47,19.32,0.13,0.52,2.22,8.88
Dehradun,2026-02-23,30.56,36.31,20.73,0.15,1.36,1.66,9.23
Dehradun,2026-02-24,33.22,36.39,20.03,,1.34,1.84,7.18
Dehradun,2026-02-25,35.51,33.67,18.59,0.17,0.84,1.68,9.55
Dehradun,2026-02-26,30.0,32.74,20.32,0.48,0.97,1.94,13.55
Dehradun,2026-02-27,28.34,39.93,16.76,0.18,1.78,2.5,10.52
Dehradun,2026-02-28,32.39,35.05,21.1,0.5,1.33,2.33,7.31
Dehradun,2026-03-01,31.77,32.71,20.3,0.19,1.13,1.32,12.59
Dehradun,2026-03-02,35.88,34.9,18.82,0.59,0.59,1.57,7.65
Dehradun,2026-03-03,36.15,39.1,13.56,0.2,0.59,0.79,9.63
Dehradun,2026-03-04,38.79,33.33,15.15,,1.21,2.02,9.49
Dehradun,2026-03-05,30.26,27.86,20.85,0.17,0.68,1.54,18.63
Dehradun,2026-03-06,33.74,38.81,18.53,,0.7,2.1,6.12
Dehradun,2026-03-07,33.93,33.12,18.42,0.32,0.65,2.1,11.47
Dehradun,2026-03-08,29.02,31.09,18.31,0.17,0.86,1.9,18.65
Dehradun,2026-03-09,32.21,35.96,22.1,0.37,0.75,1.12,7.49
Dehradun,2026-03-10,34.51,34.34,20.71,1.24,0.88,2.12,6.19
Dehradun,2026-03-11,31.73,41.92,17.5,0.19,0.19,1.35,7.12
Dehradun,2026-03-12,32.02,37.85,18.83,0.75,0.56,1.51,8.47
Dehradun,2026-03-13,30.04,38.71,23.39,,1.01,0.4,6.45
Dehradun,2026-03-14,33.05,39.09,18.96,0.67,1.01,2.18,5.03
Dehradun,2026-03-15,31.54,40.55,17.85,0.35,1.04,2.6,6.07
Dehradun,2026-03-16,39.0,29.55,21.65,,1.37,2.92,5.5
Dehradun,2026-03-17,38.51,34.3,16.83,0.32,1.13,2.59,6.31
Dehradun,2026-03-18,34.46,36.23,19.01,,0.53,2.49,7.28
Dehradun,2026-03-19,35.05,35.37,18.65,,0.48,4.18,6.27
Dehradun,2026-03-20,32.29,36.36,21.3,,1.22,2.71,6.11
Dehradun,2026-03-21,35.9,37.32,17.95,0.43,0.57,2.42,5.41
Dehradun,2026-03-22,34.04,37.41,16.6,0.28,0.7,5.2,5.77
Dehradun,2026-03-23,35.44,35.88,19.85,0.15,0.44,2.35,5.88
Dehradun,2026-03-24,30.96,35.58,22.88,0.19,0.96,1.73,7.69
Dehradun,2026-03-25,36.65,31.67,21.39,0.17,1.0,3.32,5.8
Dehradun,2026-03-26,35.36,34.21,21.05,0.33,0.82,3.13,5.1
Dehradun,2026-03-27,34.11,37.86,18.75,0.18,0.71,1.43,6.96
Dehradun,2026-03-28,33.7,41.42,15.28,0.31,,2.83,6.46
Dehradun,2026-03-29,36.42,35.93,18.38,,1.66,2.65,4.97
Dehradun,2026-03-30,33.16,37.89,16.32,,0.53,3.51,8.6
Dehradun,2026-03-31,35.27,34.22,20.46,0.18,0.88,3.53,5.47
Dehradun,2026-04-01,30.51,34.46,27.12,0.19,0.56,2.45,4.71
Dehradun,2026-04-02,32.64,35.76,20.37,0.62,0.62,2.7,7.28
Dehradun,2026-04-03,34.12,31.58,23.23,0.73,0.73,1.81,7.8
Dehradun,2026-04-04,33.97,35.89,18.64,0.35,1.05,0.87,9.23
Dehradun,2026-04-05,35.03,37.59,14.63,,1.36,2.21,9.18
Dehradun,2026-04-06,33.66,38.58,18.9,,0.59,1.38,6.89
Dehradun,2026-04-07,30.32,32.02,24.48,0.38,0.94,4.14,7.72
Dehradun,2026-04-08,29.33,38.16,20.49,0.53,2.12,1.59,7.77
Dehradun,2026-04-09,32.55,38.01,19.88,0.39,0.58,2.34,6.24
Dehradun,2026-04-10,28.41,38.75,24.72,,,1.85,6.27
Dehradun,2026-04-11,29.6,35.38,22.59,0.53,0.7,3.33,7.88
Dehradun,2026-04-12,27.64,36.75,21.79,0.33,1.63,1.63,10.24
Dehradun,2026-04-13,30.05,35.56,24.21,,0.5,3.34,6.34
Dehradun,2026-04-14,33.33,35.6,19.55,,0.52,1.75,9.25
Dehradun,2026-04-15,33.71,33.15,22.98,,1.13,2.26,6.78
Dehradun,2026-04-16,26.57,39.11,22.51,0.18,1.48,2.03,8.12
Dehradun,2026-04-17,28.79,39.96,20.64,,0.19,2.27,8.14
Dehradun,2026-04-18,33.33,35.94,18.81,0.37,2.05,1.68,7.82
Dehradun,2026-04-19,38.35,34.68,14.68,0.73,0.73,3.12,7.71
Dehradun,2026-04-20,33.65,36.33,18.93,,1.15,2.1,7.84
Dehradun,2026-04-21,32.09,36.99,21.11,0.68,1.35,1.52,6.25
Dehradun,2026-04-22,30.04,37.91,17.58,0.37,1.65,2.2,10.26
Dehradun,2026-04-23,29.02,34.7,20.35,0.16,1.58,2.68,11.51
Dehradun,2026-04-24,32.33,33.75,21.91,0.71,1.06,3.18,7.07
Dehradun,2026-04-25,31.72,38.13,18.72,0.52,1.04,1.73,8.15
Dehradun,2026-04-26,35.69,34.39,18.59,0.37,1.12,1.67,8.18
Dehradun,2026-04-27,32.71,37.78,17.11,0.19,1.13,2.44,8.65
Dehradun,2026-04-28,31.43,35.8,22.18,0.5,1.68,1.68,6.72
Dehradun,2026-04-29,32.22,31.72,24.71,0.5,0.83,2.67,7.35
Dehradun,2026-04-30,33.75,35.69,18.9,0.88,0.88,3.0,6.89
Dehradun,2026-05-01,34.72,38.56,15.69,0.5,0.33,2.0,8.18
Dehradun,2026-05-02,29.1,41.96,19.13,0.32,1.29,1.93,6.27
Dehradun,2026-05-03,33.44,34.07,20.57,0.31,0.78,1.73,9.11
Dehradun,2026-05-04,34.1,37.63,18.73,0.18,0.53,2.12,6.71
Dehradun,2026-05-05,38.54,28.35,20.71,0.34,1.87,1.87,8.32
Dehradun,2026-05-06,32.8,32.44,20.61,,0.9,3.05,10.22
Dehradun,2026-05-07,34.36,33.82,20.91,0.55,1.27,2.36,6.73
Dehradun,2026-05-08,35.66,33.33,18.41,,0.58,2.91,9.11
Dehradun,2026-05-09,33.75,36.27,17.41,0.54,1.08,2.33,8.62
Dehradun,2026-05-10,28.01,40.04,19.39,0.36,1.26,1.62,9.34
Dehradun,2026-05-11,30.65,39.38,20.03,,0.34,1.37,8.22
Dehradun,2026-05-12,30.4,36.54,22.26,0.17,1.0,2.82,6.81
Dehradun,2026-05-13,33.98,33.4,21.36,,2.33,1.36,7.57
Dehradun,2026-05-14,33.09,32.36,21.64,0.18,0.91,2.0,9.82
Dehradun,2026-05-15,31.09,36.96,22.11,0.52,2.25,2.59,4.49
Dehradun,2026-05-16,31.96,35.29,20.51,0.16,1.11,2.07,8.9
Dehradun,2026-05-17,32.36,35.6,19.09,0.49,1.13,1.46,9.87
Dehradun,2026-05-18,37.0,35.35,19.41,0.18,1.47,1.47,5.13
Dehradun,2026-05-19,36.9,34.76,17.83,0.71,0.36,2.14,7.31
Dehradun,2026-05-20,31.94,33.51,22.92,0.17,0.35,2.43,8.68
Dehradun,2026-05-21,33.84,35.68,21.11,0.17,0.34,1.34,7.54
Dehradun,2026-05-22,33.23,36.42,17.73,0.32,1.12,2.56,8.63
Dehradun,2026-05-23,35.15,36.52,17.27,0.45,0.3,1.67,8.64
Dehradun,2026-05-24,38.79,34.52,16.37,0.18,1.25,2.67,6.23
Dehradun,2026-05-25,30.55,38.4,17.75,0.17,0.34,3.07,9.73
Dehradun,2026-05-26,32.44,36.13,20.67,0.34,0.5,1.68,8.24
Dehradun,2026-05-27,33.09,36.67,20.75,,1.07,2.15,6.26
Dehradun,2026-05-28,35.66,38.93,15.98,1.09,0.82,2.46,5.05
Dehradun,2026-05-29,33.38,42.07,18.29,0.46,0.46,1.22,4.12
Dehradun,2026-05-30,38.02,33.59,19.24,0.31,0.76,1.37,6.72
Dehradun,2026-05-31,33.63,36.0,21.63,0.3,0.74,1.48,6.22
Dehradun,2026-06-01,32.05,31.72,24.54,0.17,0.5,1.67,9.35
Dehradun,2026-06-02,33.07,36.36,21.47,0.16,0.94,1.88,6.11
Dehradun,2026-06-03,31.9,34.31,23.28,,1.21,2.07,7.24
Dehradun,2026-06-04,33.73,33.56,22.32,0.51,1.02,2.56,6.3
Dehradun,2026-06-05,37.07,35.37,16.33,0.68,1.36,3.91,5.27
Dehradun,2026-06-06,35.06,34.72,17.96,,1.73,1.38,9.15
Dehradun,2026-06-07,32.76,35.88,19.41,0.17,1.04,2.95,7.8
Dehradun,2026-06-08,33.52,34.26,21.11,0.37,1.3,1.67,7.78
Dehradun,2026-06-09,38.61,29.36,20.11,1.6,1.42,1.6,7.3
Dehradun,2026-06-10,39.5,32.63,17.56,0.57,0.76,1.15,7.82
Dehradun,2026-06-11,35.49,33.79,22.35,,0.85,1.37,6.14
Dehradun,2026-06-12,34.5,36.43,18.21,0.18,1.4,3.33,5.95
Dehradun,2026-06-13,36.41,34.7,20.17,0.17,0.51,2.39,5.64
Dehradun,2026-06-14,35.32,31.4,21.84,0.17,0.85,1.19,9.22
Dehradun,2026-06-15,31.46,33.33,24.26,0.16,0.94,1.25,8.61
Dehradun,2026-06-16,34.58,29.91,22.99,0.19,1.5,2.43,8.41
Dehradun,2026-06-17,34.62,36.08,19.41,,0.92,2.75,6.23
Dehradun,2026-06-18,33.5,34.34,22.9,0.17,1.01,2.36,5.72
Dehradun,2026-06-19,35.5,35.13,17.66,0.37,0.56,2.6,8.18
Dehradun,2026-06-20,27.72,38.22,24.28,0.54,0.54,1.99,6.7
Dehradun,2026-06-21,35.56,35.56,19.49,,0.54,1.62,7.22
Dehradun,2026-06-22,35.03,32.05,21.72,,1.05,1.58,8.58
Dehradun,2026-06-23,32.57,33.27,22.48,0.53,0.35,1.59,9.2
Dehradun,2026-06-24,32.58,36.72,19.02,0.19,1.88,0.75,8.85
Dehradun,2026-06-25,33.9,34.58,21.19,0.34,1.19,1.19,7.63
Dehradun,2026-06-26,30.09,34.61,21.39,1.57,0.87,2.09,9.39
Dehradun,2026-06-27,34.64,34.3,17.06,0.17,2.39,1.88,9.56
Dehradun,2026-06-28,32.72,37.68,15.81,0.18,0.92,2.21,10.48
Dehradun,2026-06-29,33.98,30.46,21.48,0.18,1.23,1.41,11.27
Dehradun,2026-06-30,32.91,30.51,24.44,0.16,0.8,1.76,9.42
Dehradun,2026-07-01,36.11,34.16,20.71,0.35,1.06,1.24,6.37
Dehradun,2026-07-02,34.0,35.34,19.93,0.34,0.5,3.18,6.7
Dehradun,2026-07-03,31.05,38.82,21.63,0.18,1.11,1.48,5.73
Dehradun,2026-07-04,36.21,32.08,21.01,0.38,1.13,2.25,6.94
Dehradun,2026-07-05,37.93,31.69,18.72,0.49,0.66,2.13,8.37
Dehradun,2026-07-06,33.52,31.23,22.61,0.38,0.57,1.92,9.77
Dehradun,2026-07-07,29.69,37.16,20.5,0.19,1.15,1.53,9.77
Dehradun,2026-07-08,32.25,38.22,19.02,,0.54,2.9,7.07
Dehradun,2026-07-09,29.02,39.24,19.48,0.14,1.77,2.59,7.77
Dehradun,2026-07-10,34.05,37.34,16.12,0.33,0.99,1.32,9.87
Dehradun,2026-07-11,35.9,40.54,12.66,,2.24,1.28,7.37
Dehradun,2026-07-12,31.64,37.17,18.59,0.61,0.46,1.38,10.14
Dehradun,2026-07-13,30.71,39.41,20.69,0.33,0.82,2.13,5.91
Dehradun,2026-07-14,33.99,40.11,15.65,0.18,0.54,1.26,8.27
Dehradun,2026-07-15,36.78,33.2,18.09,0.4,0.8,1.79,8.95
Dehradun,2026-07-16,32.95,36.42,19.08,0.19,0.96,1.16,9.25
Dehradun,2026-07-17,34.62,33.22,23.37,,0.35,1.93,6.5
Dehradun,2026-07-18,34.2,34.2,18.96,0.32,1.13,2.27,8.91
Dehradun,2026-07-19,37.9,30.82,21.57,0.15,1.08,0.92,7.55
Dehradun,2026-07-20,34.51,31.69,23.59,,0.88,1.94,7.39
Dehradun,2026-07-21,31.74,32.8,22.7,0.35,2.3,2.48,7.62
Dehradun,2026-07-22,35.06,33.45,21.65,,0.72,1.97,7.16
Dehradun,2026-07-23,41.08,32.83,17.34,0.17,0.34,1.01,7.24
Dehradun,2026-07-24,39.86,32.48,17.87,0.28,0.85,2.13,6.52
Dehradun,2026-07-25,40.41,33.76,18.23,0.48,0.48,0.79,5.86
Dehradun,2026-07-26,38.87,32.42,17.99,0.14,0.82,1.51,8.24
Dehradun,2026-07-27,33.64,36.88,17.13,0.46,1.08,3.09,7.72
Dehradun,2026-07-28,35.14,35.44,19.91,,1.06,1.96,6.49
Dehradun,2026-07-29,38.38,30.81,21.51,0.52,1.72,1.2,5.85
Dehradun,2026-07-30,32.08,38.71,17.92,0.18,0.54,2.87,7.71
Dehradun,2026-07-31,34.5,29.03,24.62,,0.91,2.58,8.36
Dehradun,2026-08-01,30.83,34.96,24.06,0.19,0.19,0.94,8.83
Dehradun,2026-08-02,35.16,36.6,17.72,0.58,1.15,0.86,7.93
Dehradun,2026-08-03,39.66,32.94,15.8,,2.69,1.51,7.39
Dehradun,2026-08-04,34.46,34.64,19.66,0.37,1.31,2.62,6.93
Dehradun,2026-08-05,36.3,31.85,22.26,,0.86,1.88,6.85
Dehradun,2026-08-06,35.07,33.69,18.22,0.31,0.61,3.37,8.73
Dehradun,2026-08-07,35.63,31.57,19.93,0.71,1.59,1.59,8.99
Dehradun,2026-08-08,35.91,31.42,20.59,0.77,0.31,3.25,7.74
Dehradun,2026-08-09,36.04,32.76,19.81,0.16,1.25,2.03,7.96
Dehradun,2026-08-10,36.32,31.58,21.58,1.05,0.53,1.75,7.19
Dehradun,2026-08-11,35.66,33.17,20.56,0.33,0.5,3.15,6.63
Dehradun,2026-08-12,32.1,33.61,22.52,,0.84,1.68,9.24
Dehradun,2026-08-13,36.3,30.19,20.93,0.19,1.11,4.26,7.04
Dehradun,2026-08-14,38.25,33.68,15.79,0.18,1.58,1.75,8.77
Dehradun,2026-08-15,41.14,30.06,18.51,,1.11,0.63,8.54
Dehradun,2026-08-16,36.57,29.74,23.82,,0.61,2.73,6.53
Dehradun,2026-08-17,32.66,33.33,20.37,0.34,1.52,2.02,9.76
Dehradun,2026-08-18,39.35,27.09,22.49,0.51,0.51,1.7,8.35
Dehradun,2026-08-19,33.94,32.78,22.46,0.33,1.16,1.5,7.82
Dehradun,2026-08-20,35.87,33.22,20.85,0.53,0.53,2.12,6.89
Dehradun,2026-08-21,32.36,31.68,25.17,0.51,1.03,0.86,8.39
Dehradun,2026-08-22,33.22,33.56,21.98,0.34,0.85,2.21,7.84
Dehradun,2026-08-23,32.71,32.4,22.9,,0.93,2.02,9.03
Dehradun,2026-08-24,35.29,30.51,22.19,0.15,1.54,2.0,8.32
Dehradun,2026-08-25,34.08,32.16,23.2,0.16,0.64,2.08,7.68
Dehradun,2026-08-26,36.23,32.75,19.78,0.32,1.27,2.22,7.44
Dehradun,2026-08-27,38.61,36.1,15.06,,0.39,1.74,8.11
Dehradun,2026-08-28,35.81,32.47,19.11,0.37,1.67,2.23,8.35
Dehradun,2026-08-29,35.29,32.29,20.29,0.14,1.86,2.29,7.86
Dehradun,2026-08-30,29.86,35.77,20.56,0.85,1.55,2.11,9.3
Dehradun,2026-08-31,37.31,26.42,22.97,0.17,1.55,2.59,8.98
Delhi NCR,2025-01-01,25.19,28.82,23.56,0.37,0.88,1.47,19.71
Delhi NCR,2025-01-02,25.49,28.53,23.65,0.39,1.1,1.25,19.59
Delhi NCR,2025-01-03,25.9,27.83,23.5,0.38,1.27,1.33,19.79
Delhi NCR,2025-01-04,24.55,28.29,22.76,0.32,1.14,1.41,21.54
Delhi NCR,2025-01-05,24.28,27.77,23.7,0.4,1.14,1.46,21.26
Delhi NCR,2025-01-06,24.95,26.81,25.03,0.39,0.94,1.36,20.52
Delhi NCR,2025-01-07,25.43,27.86,22.88,0.26,0.97,1.33,21.26
Delhi NCR,2025-01-08,25.11,27.92,23.77,0.37,1.12,1.19,20.51
Delhi NCR,2025-01-09,25.49,27.07,23.9,0.49,1.09,1.32,20.64
Delhi NCR,2025-01-10,25.56,26.95,24.19,0.43,1.18,1.25,20.44
Delhi NCR,2025-01-11,25.38,28.39,22.8,0.47,1.16,1.53,20.27
Delhi NCR,2025-01-12,25.04,27.77,23.91,0.36,1.18,1.54,20.21
Delhi NCR,2025-01-13,24.39,28.16,24.1,0.49,1.04,1.46,20.37
Delhi NCR,2025-01-14,24.51,28.26,23.83,0.44,1.07,1.31,20.58
Delhi NCR,2025-01-15,24.55,28.16,23.88,0.39,0.98,1.32,20.71
Delhi NCR,2025-01-16,25.98,27.82,23.54,0.55,0.98,1.25,19.89
Delhi NCR,2025-01-17,27.44,29.04,22.03,0.37,1.08,1.05,19.0
Delhi NCR,2025-01-18,26.61,29.45,21.73,0.4,1.27,1.34,19.2
Delhi NCR,2025-01-19,25.93,29.27,22.32,0.41,1.14,1.5,19.43
Delhi NCR,2025-01-20,25.74,29.11,22.36,0.56,1.01,1.41,19.82
Delhi NCR,2025-01-21,25.72,29.11,21.98,0.53,1.31,1.41,19.95
Delhi NCR,2025-01-22,26.58,29.45,22.0,0.48,0.99,1.39,19.11
Delhi NCR,2025-01-23,25.04,28.49,24.45,0.47,0.87,1.58,19.09
Delhi NCR,2025-01-24,25.3,29.04,22.7,0.39,1.1,1.32,20.15
Delhi NCR,2025-01-25,27.28,29.44,19.78,0.38,1.01,1.4,20.72
Delhi NCR,2025-01-26,26.19,30.08,21.07,0.34,0.79,1.36,20.18
Delhi NCR,2025-01-27,26.07,29.32,23.29,0.35,0.98,1.44,18.56
Delhi NCR,2025-01-28,26.15,29.32,23.19,0.38,0.92,1.23,18.81
Delhi NCR,2025-01-29,25.08,28.14,23.17,0.45,0.81,1.3,21.05
Delhi NCR,2025-01-30,24.92,29.24,22.93,0.39,0.85,1.33,20.33
Delhi NCR,2025-01-31,26.66,29.08,22.02,0.55,1.07,1.03,19.58
Delhi NCR,2025-02-01,26.92,29.01,22.26,0.4,0.92,1.25,19.24
Delhi NCR,2025-02-02,27.0,28.86,22.19,0.28,1.05,1.27,19.35
Delhi NCR,2025-02-03,26.31,29.18,22.23,0.4,0.92,1.35,19.62
Delhi NCR,2025-02-04,25.55,30.3,22.07,0.41,0.86,1.27,19.54
Delhi NCR,2025-02-05,24.87,28.2,24.12,0.51,0.95,1.37,19.99
Delhi NCR,2025-02-06,25.28,28.22,24.14,0.42,1.04,1.44,19.46
Delhi NCR,2025-02-07,24.67,27.95,23.69,0.41,1.09,1.33,20.86
Delhi NCR,2025-02-08,24.82,27.83,23.44,0.44,0.92,1.51,21.04
Delhi NCR,2025-02-09,24.47,29.84,22.66,0.34,1.01,1.55,20.14
Delhi NCR,2025-02-10,24.52,28.6,23.79,0.42,0.89,1.4,20.38
Delhi NCR,2025-02-11,26.24,28.94,22.65,0.41,1.16,1.28,19.32
Delhi NCR,2025-02-12,25.65,28.47,23.32,0.38,1.09,1.39,19.71
Delhi NCR,2025-02-13,25.74,28.16,23.67,0.56,1.01,1.25,19.6
Delhi NCR,2025-02-14,26.27,28.57,22.52,0.36,0.9,1.18,20.2
Delhi NCR,2025-02-15,25.73,28.63,22.44,0.41,1.29,1.33,20.17
Delhi NCR,2025-02-16,25.06,28.45,23.16,0.34,1.18,1.29,20.52
Delhi NCR,2025-02-17,24.86,28.0,23.9,0.41,0.95,1.3,20.58
Delhi NCR,2025-02-18,25.08,27.71,24.48,0.38,1.22,1.19,19.94
Delhi NCR,2025-02-19,24.83,27.81,24.95,0.45,1.06,1.36,19.54
Delhi NCR,2025-02-20,25.37,27.77,25.67,0.46,1.19,1.39,18.15
Delhi NCR,2025-02-21,25.45,28.72,24.43,0.57,1.1,1.17,18.56
Delhi NCR,2025-02-22,25.54,28.83,23.53,0.45,1.22,1.19,19.24
Delhi NCR,2025-02-23,25.82,29.66,22.85,0.39,1.07,1.48,18.73
Delhi NCR,2025-02-24,24.81,29.18,23.4,0.46,0.97,1.39,19.79
Delhi NCR,2025-02-25,24.92,29.59,22.46,0.54,1.19,1.65,19.65
Delhi NCR,2025-02-26,26.43,28.37,23.02,0.45,1.18,1.27,19.27
Delhi NCR,2025-02-27,24.53,29.29,23.57,0.41,0.99,1.33,19.87
Delhi NCR,2025-02-28,25.07,29.42,23.75,0.46,0.98,1.13,19.19
Delhi NCR,2025-03-01,24.58,27.83,24.17,0.59,1.17,1.17,20.49
Delhi NCR,2025-03-02,25.74,27.64,24.0,0.55,1.16,1.23,19.68
Delhi NCR,2025-03-03,25.45,27.54,25.07,0.35,0.91,1.24,19.45
Delhi NCR,2025-03-04,25.73,27.17,25.22,0.46,0.89,1.09,19.45
Delhi NCR,2025-03-05,24.96,27.29,25.42,0.3,1.04,1.15,19.84
Delhi NCR,2025-03-06,24.52,28.05,25.12,0.38,1.04,1.22,19.67
Delhi NCR,2025-03-07,24.95,27.31,24.66,0.35,0.97,1.2,20.55
Delhi NCR,2025-03-08,24.25,27.5,24.82,0.4,1.16,1.58,20.3
Delhi NCR,2025-03-09,25.53,27.63,23.69,0.49,0.93,1.21,20.52
Delhi NCR,2025-03-10,23.89,26.62,27.35,0.39,1.03,1.24,19.47
Delhi NCR,2025-03-11,23.71,26.98,27.06,0.43,1.06,1.29,19.47
Delhi NCR,2025-03-12,24.72,26.75,25.76,0.4,0.97,1.44,19.95
Delhi NCR,2025-03-13,27.51,29.64,20.95,0.34,1.03,1.46,19.06
Delhi NCR,2025-03-14,25.87,30.04,21.0,0.36,1.18,1.39,20.17
Delhi NCR,2025-03-15,24.06,26.97,23.35,0.4,1.3,1.28,22.64
Delhi NCR,2025-03-16,24.42,28.03,24.11,0.35,1.2,1.27,20.62
Delhi NCR,2025-03-17,23.72,26.61,26.11,0.51,0.9,1.22,20.95
Delhi NCR,2025-03-18,24.97,27.47,25.74,0.46,1.14,1.05,19.16
Delhi NCR,2025-03-19,24.55,27.41,25.5,0.41,1.0,1.08,20.04
Delhi NCR,2025-03-20,23.73,26.78,26.17,0.48,1.09,1.03,20.72
Delhi NCR,2025-03-21,23.9,26.86,25.44,0.46,1.23,1.24,20.86
Delhi NCR,2025-03-22,24.2,26.56,24.44,0.5,1.35,1.43,21.51
Delhi NCR,2025-03-23,24.8,27.28,23.94,0.32,1.23,1.19,21.24
Delhi NCR,2025-03-24,24.46,26.29,25.34,0.42,1.56,1.16,20.78
Delhi NCR,2025-03-25,24.56,27.61,24.64,0.42,1.17,1.04,20.56
Delhi NCR,2025-03-26,24.82,27.8,23.65,0.55,1.33,1.08,20.75
Delhi NCR,2025-03-27,24.3,27.87,24.13,0.53,1.28,1.46,20.42
Delhi NCR,2025-03-28,25.22,27.45,23.9,0.44,1.17,1.37,20.45
Delhi NCR,2025-03-29,25.57,28.49,22.49,0.41,1.16,1.19,20.68
Delhi NCR,2025-03-30,26.0,27.74,22.71,0.58,1.29,1.25,20.43
Delhi NCR,2025-03-31,24.49,28.23,22.83,0.59,1.06,1.15,21.65
Delhi NCR,2025-04-01,23.9,27.43,25.35,0.45,1.2,1.3,20.36
Delhi NCR,2025-04-02,24.18,27.45,24.71,0.44,0.88,1.44,20.9
Delhi NCR,2025-04-03,24.9,26.5,24.22,0.58,1.07,1.21,21.52
Delhi NCR,2025-04-04,23.99,27.52,23.77,0.57,1.14,1.31,21.7
Delhi NCR,2025-04-05,24.29,27.51,23.8,0.65,1.3,1.46,20.98
Delhi NCR,2025-04-06,24.03,29.54,23.49,0.49,1.06,1.08,20.3
Delhi NCR,2025-04-07,24.81,27.05,24.86,0.42,0.96,1.25,20.66
Delhi NCR,2025-04-08,24.59,27.17,23.91,0.57,1.15,1.23,21.38
Delhi NCR,2025-04-09,24.27,26.73,24.23,0.46,1.28,1.45,21.58
Delhi NCR,2025-04-10,24.86,27.49,24.07,0.54,1.08,1.22,20.75
Delhi NCR,2025-04-11,24.34,27.58,25.11,0.41,1.03,1.39,20.14
Delhi NCR,2025-04-12,24.09,27.24,24.75,0.49,1.11,1.25,21.06
Delhi NCR,2025-04-13,24.69,28.31,23.39,0.65,1.27,1.25,20.43
Delhi NCR,2025-04-14,24.68,27.75,24.54,0.5,1.26,1.2,20.07
Delhi NCR,2025-04-15,25.02,28.06,24.73,0.44,1.03,1.12,19.61
Delhi NCR,2025-04-16,24.65,27.16,24.38,0.51,1.11,1.25,20.92
Delhi NCR,2025-04-17,25.05,26.86,24.28,0.49,0.98,1.25,21.1
Delhi NCR,2025-04-18,24.27,28.0,23.45,0.5,0.99,1.37,21.43
Delhi NCR,2025-04-19,24.93,28.25,23.18,0.45,1.31,1.23,20.65
Delhi NCR,2025-04-20,25.37,27.82,21.44,0.43,0.94,1.37,22.64
Delhi NCR,2025-04-21,23.23,26.91,23.68,0.56,1.13,1.13,23.37
Delhi NCR,2025-04-22,23.83,25.88,23.95,0.37,1.08,1.11,23.77
Delhi NCR,2025-04-23,23.17,25.18,25.43,0.42,1.19,1.21,23.41
Delhi NCR,2025-04-24,22.39,25.89,24.67,0.46,0.96,0.99,24.64
Delhi NCR,2025-04-25,23.03,25.91,24.29,0.46,1.17,1.25,23.88
Delhi NCR,2025-04-26,22.41,26.23,24.79,0.45,1.2,1.2,23.72
Delhi NCR,2025-04-27,22.98,26.26,22.92,0.38,1.19,1.15,25.13
Delhi NCR,2025-04-28,23.48,26.38,25.25,0.46,0.94,1.03,22.46
Delhi NCR,2025-04-29,23.75,26.91,24.68,0.46,0.95,1.3,21.96
Delhi NCR,2025-04-30,23.84,26.87,24.08,0.47,1.15,1.24,22.35
Delhi NCR,2025-05-01,23.92,26.86,23.31,0.37,0.99,1.35,23.19
Delhi NCR,2025-05-02,22.76,26.07,24.52,0.47,0.96,1.14,24.07
Delhi NCR,2025-05-03,23.73,26.21,23.47,0.55,1.22,1.15,23.66
Delhi NCR,2025-05-04,23.5,26.82,22.9,0.45,1.24,1.14,23.95
Delhi NCR,2025-05-05,23.58,25.97,25.1,0.52,1.04,1.25,22.53
Delhi NCR,2025-05-06,23.94,25.99,26.33,0.45,0.92,1.27,21.09
Delhi NCR,2025-05-07,23.03,26.72,25.87,0.43,0.95,1.41,21.59
Delhi NCR,2025-05-08,24.01,25.44,26.96,0.46,0.76,1.19,21.19
Delhi NCR,2025-05-09,23.65,25.28,26.67,0.46,0.91,1.14,21.88
Delhi NCR,2025-05-10,23.4,25.65,26.35,0.41,0.87,1.33,21.99
Delhi NCR,2025-05-11,24.08,26.63,23.71,0.32,1.19,1.19,22.88
Delhi NCR,2025-05-12,23.63,25.71,25.66,0.43,1.03,1.14,22.39
Delhi NCR,2025-05-13,23.11,26.94,25.08,0.45,0.96,1.38,22.07
Delhi NCR,2025-05-14,22.34,26.67,25.9,0.48,1.23,1.18,22.22
Delhi NCR,2025-05-15,22.46,26.77,26.21,0.41,0.98,1.07,22.09
Delhi NCR,2025-05-16,23.65,27.78,24.37,0.42,1.08,1.48,21.21
Delhi NCR,2025-05-17,22.5,27.86,24.58,0.47,1.51,1.23,21.86
Delhi NCR,2025-05-18,23.64,27.25,23.8,0.42,1.26,1.23,22.4
Delhi NCR,2025-05-19,21.79,26.78,27.1,0.47,1.1,1.2,21.56
Delhi NCR,2025-05-20,22.58,27.4,25.84,0.44,1.04,1.37,21.33
Delhi NCR,2025-05-21,22.78,26.74,26.16,0.56,1.07,1.17,21.51
Delhi NCR,2025-05-22,24.8,27.6,25.07,0.43,0.87,1.25,19.98
Delhi NCR,2025-05-23,24.34,28.21,23.57,0.45,1.02,1.13,21.28
Delhi NCR,2025-05-24,24.05,27.64,23.74,0.43,1.18,1.31,21.65
Delhi NCR,2025-05-25,23.5,27.32,24.73,0.41,1.05,1.23,21.75
Delhi NCR,2025-05-26,22.54,26.43,26.43,0.46,0.92,1.14,22.09
Delhi NCR,2025-05-27,23.68,26.42,24.84,0.32,0.97,1.14,22.64
Delhi NCR,2025-05-28,23.44,26.38,25.13,0.35,0.99,1.24,22.46
Delhi NCR,2025-05-29,22.37,27.0,24.59,0.46,1.04,1.35,23.18
Delhi NCR,2025-05-30,21.58,25.87,25.42,0.4,1.07,1.18,24.49
Delhi NCR,2025-05-31,22.94,26.13,25.58,0.5,1.32,1.14,22.39
Delhi NCR,2025-06-01,22.64,27.25,23.58,0.41,1.02,1.31,23.8
Delhi NCR,2025-06-02,23.78,26.9,24.71,0.34,1.04,1.39,21.83
Delhi NCR,2025-06-03,23.31,26.29,22.32,0.46,0.8,0.95,25.87
Delhi NCR,2025-06-04,23.42,26.41,24.62,0.43,1.13,1.23,22.76
Delhi NCR,2025-06-05,23.33,27.52,24.92,0.39,0.87,1.27,21.7
Delhi NCR,2025-06-06,23.48,26.9,24.88,0.32,1.12,1.17,22.13
Delhi NCR,2025-06-07,22.97,28.38,23.61,0.37,1.08,1.2,22.38
Delhi NCR,2025-06-08,23.87,27.32,23.45,0.46,1.16,1.37,22.37
Delhi NCR,2025-06-09,23.47,26.49,24.51,0.46,1.21,1.12,22.75
Delhi NCR,2025-06-10,23.23,26.31,25.63,0.32,1.09,1.22,22.2
Delhi NCR,2025-06-11,22.45,27.47,25.24,0.48,1.06,1.25,22.05
Delhi NCR,2025-06-12,22.43,27.14,25.5,0.39,1.03,1.26,22.26
Delhi NCR,2025-06-13,22.19,27.06,26.29,0.49,1.06,1.31,21.59
Delhi NCR,2025-06-14,23.6,28.2,23.24,0.46,1.23,1.11,22.16
Delhi NCR,2025-06-15,23.9,27.3,23.95,0.34,1.21,1.3,22.0
Delhi NCR,2025-06-16,22.91,27.13,25.15,0.55,1.01,1.32,21.93
Delhi NCR,2025-06-17,22.35,28.14,24.67,0.46,1.03,1.15,22.2
Delhi NCR,2025-06-18,22.24,27.82,25.43,0.47,1.12,1.41,21.52
Delhi NCR,2025-06-19,23.39,27.41,24.83,0.43,1.13,1.19,21.61
Delhi NCR,2025-06-20,22.66,27.41,24.89,0.39,1.22,1.31,22.13
Delhi NCR,2025-06-21,23.96,27.99,23.88,0.47,1.29,1.57,20.83
Delhi NCR,2025-06-22,24.07,28.83,22.88,0.38,1.08,1.26,21.51
Delhi NCR,2025-06-23,23.02,27.51,25.56,0.35,1.13,1.23,21.19
Delhi NCR,2025-06-24,23.11,26.78,26.13,0.41,1.27,1.2,21.1
Delhi NCR,2025-06-25,22.23,27.75,26.46,0.47,0.99,1.18,20.92
Delhi NCR,2025-06-26,21.52,27.28,26.47,0.35,1.16,1.24,21.98
Delhi NCR,2025-06-27,22.82,27.76,26.04,0.36,1.12,1.28,20.63
Delhi NCR,2025-06-28,23.35,27.92,24.64,0.39,1.18,1.42,21.09
Delhi NCR,2025-06-29,23.64,27.67,24.55,0.32,1.11,1.47,21.24
Delhi NCR,2025-06-30,22.91,27.49,25.37,0.55,1.06,1.27,21.34
Delhi NCR,2025-07-01,21.36,26.4,27.85,0.39,1.01,1.34,21.66
Delhi NCR,2025-07-02,20.68,25.7,27.48,0.41,0.97,1.55,23.2
Delhi NCR,2025-07-03,21.45,25.71,27.66,0.44,0.96,1.6,22.18
Delhi NCR,2025-07-04,21.96,26.05,27.3,0.49,0.96,1.41,21.83
Delhi NCR,2025-07-05,21.48,26.69,26.35,0.39,1.11,1.54,22.45
Delhi NCR,2025-07-06,22.8,27.01,25.35,0.42,1.19,1.36,21.87
Delhi NCR,2025-07-07,22.08,26.71,26.1,0.5,0.98,1.23,22.4
Delhi NCR,2025-07-08,23.6,26.42,25.3,0.55,0.82,1.32,22.0
Delhi NCR,2025-07-09,23.02,27.36,24.73,0.57,1.03,1.22,22.07
Delhi NCR,2025-07-10,22.02,27.16,25.43,0.45,1.06,1.25,22.63
Delhi NCR,2025-07-11,23.27,26.41,25.63,0.61,0.94,1.05,22.1
Delhi NCR,2025-07-12,23.16,27.23,24.33,0.47,1.12,1.35,22.34
Delhi NCR,2025-07-13,23.07,27.4,25.23,0.6,1.11,1.32,21.28
Delhi NCR,2025-07-14,22.59,26.14,26.01,0.61,0.97,1.24,22.44
Delhi NCR,2025-07-15,25.35,27.2,24.42,0.5,0.89,1.14,20.5
Delhi NCR,2025-07-16,23.55,27.0,25.58,0.39,0.89,1.02,21.58
Delhi NCR,2025-07-17,22.96,27.54,25.64,0.42,0.97,1.54,20.93
Delhi NCR,2025-07-18,23.08,27.25,25.56,0.41,0.94,1.24,21.53
Delhi NCR,2025-07-19,23.16,27.29,25.63,0.6,0.95,1.13,21.24
Delhi NCR,2025-07-20,22.59,27.91,24.72,0.48,1.0,1.45,21.86
Delhi NCR,2025-07-21,22.64,27.25,25.66,0.48,0.93,1.14,21.9
Delhi NCR,2025-07-22,22.9,27.51,26.14,0.46,1.1,1.17,20.71
Delhi NCR,2025-07-23,22.91,28.34,26.27,0.38,1.07,1.07,19.96
Delhi NCR,2025-07-24,22.45,28.27,26.03,0.36,0.87,1.34,20.68
Delhi NCR,2025-07-25,23.46,26.81,27.0,0.42,0.97,1.08,20.24
Delhi NCR,2025-07-26,23.4,27.54,25.19,0.34,1.0,1.09,21.44
Delhi NCR,2025-07-27,23.12,27.76,25.68,0.55,0.99,1.11,20.78
Delhi NCR,2025-07-28,23.12,27.42,25.66,0.46,0.94,1.03,21.37
Delhi NCR,2025-07-29,22.35,27.75,26.24,0.47,0.99,1.1,21.09
Delhi NCR,2025-07-30,23.45,27.91,24.16,0.39,1.07,1.27,21.75
Delhi NCR,2025-07-31,23.22,25.8,26.49,0.28,1.05,1.23,21.93
Delhi NCR,2025-08-01,22.55,26.53,26.5,0.44,0.82,1.04,22.11
Delhi NCR,2025-08-02,22.2,27.58,26.17,0.35,0.82,1.07,21.81
Delhi NCR,2025-08-03,24.02,27.03,24.49,0.54,1.07,1.09,21.76
Delhi NCR,2025-08-04,23.47,27.08,25.83,0.38,0.67,1.27,21.31
Delhi NCR,2025-08-05,23.04,25.71,27.52,0.42,0.58,1.22,21.5
Delhi NCR,2025-08-06,24.12,25.54,27.02,0.21,1.07,1.1,20.94
Delhi NCR,2025-08-07,23.24,26.55,25.81,0.37,0.86,1.19,21.97
Delhi NCR,2025-08-08,24.39,28.73,23.25,0.39,1.03,1.14,21.08
Delhi NCR,2025-08-09,25.7,30.21,20.79,0.27,1.04,1.33,20.65
Delhi NCR,2025-08-10,24.39,28.42,23.97,0.39,1.17,1.23,20.42
Delhi NCR,2025-08-11,23.23,27.24,25.55,0.39,0.98,1.22,21.38
Delhi NCR,2025-08-12,23.28,26.55,26.52,0.35,1.07,1.22,21.0
Delhi NCR,2025-08-13,24.34,27.17,24.73,0.39,1.06,1.17,21.14
Delhi NCR,2025-08-14,24.43,27.94,23.96,0.44,0.97,1.13,21.13
Delhi NCR,2025-08-15,25.75,29.48,22.71,0.23,0.96,1.12,19.76
Delhi NCR,2025-08-16,24.87,28.06,24.16,0.32,0.81,1.18,20.6
Delhi NCR,2025-08-17,24.42,28.91,24.24,0.24,0.84,1.2,20.14
Delhi NCR,2025-08-18,23.74,28.16,25.12,0.42,1.05,1.11,20.41
Delhi NCR,2025-08-19,23.65,28.76,25.24,0.38,0.91,1.13,19.92
Delhi NCR,2025-08-20,23.34,28.2,26.28,0.42,0.96,1.17,19.63
Delhi NCR,2025-08-21,24.07,27.41,25.9,0.3,1.14,1.09,20.09
Delhi NCR,2025-08-22,22.42,27.75,26.68,0.39,0.78,0.97,21.02
Delhi NCR,2025-08-23,22.53,28.1,26.21,0.45,0.94,1.2,20.58
Delhi NCR,2025-08-24,23.1,29.9,25.02,0.36,1.05,0.95,19.62
Delhi NCR,2025-08-25,23.42,28.44,26.18,0.39,0.84,1.23,19.5
Delhi NCR,2025-08-26,24.34,28.12,27.19,0.35,0.89,0.99,18.12
Delhi NCR,2025-08-27,24.19,28.24,26.12,0.31,0.88,0.88,19.39
Delhi NCR,2025-08-28,24.19,28.48,25.38,0.35,0.88,1.17,19.54
Delhi NCR,2025-08-29,22.95,27.73,26.3,0.28,0.78,1.25,20.7
Delhi NCR,2025-08-30,23.77,29.17,24.33,0.39,0.95,1.18,20.21
Delhi NCR,2025-08-31,23.52,29.11,25.45,0.2,0.82,1.15,19.74
Delhi NCR,2025-09-01,23.26,27.64,27.0,0.29,0.78,1.03,20.0
Delhi NCR,2025-09-02,22.54,26.75,28.41,0.26,0.86,1.02,20.16
Delhi NCR,2025-09-03,30.55,33.44,20.34,0.16,0.62,0.83,14.06
Delhi NCR,2025-09-04,31.26,33.38,19.39,0.18,0.58,0.8,14.4
Delhi NCR,2025-09-05,28.17,32.84,21.99,0.23,0.59,0.78,15.41
Delhi NCR,2025-09-06,29.34,33.4,20.66,0.17,0.58,0.89,14.96
Delhi NCR,2025-09-07,27.92,32.61,21.68,0.23,0.71,0.88,15.97
Delhi NCR,2025-09-08,27.05,32.3,22.96,0.21,0.65,0.86,15.97
Delhi NCR,2025-09-09,25.73,32.08,24.81,0.24,0.7,0.77,15.67
Delhi NCR,2025-09-10,26.28,30.45,25.64,0.29,0.48,0.77,16.09
Delhi NCR,2025-09-11,25.13,29.83,26.35,0.25,0.67,0.71,17.05
Delhi NCR,2025-09-12,24.66,29.93,26.81,0.27,0.59,0.66,17.09
Delhi NCR,2025-09-13,25.43,30.41,24.23,0.22,0.89,0.82,18.0
Delhi NCR,2025-09-14,24.79,30.38,21.69,0.28,0.7,0.92,21.24
Delhi NCR,2025-09-15,26.96,30.92,23.52,0.34,0.67,0.8,16.8
Delhi NCR,2025-09-16,26.47,30.85,23.83,0.23,0.78,0.81,17.03
Delhi NCR,2025-09-17,26.6,30.69,24.0,0.25,0.72,0.92,16.82
Delhi NCR,2025-09-18,26.38,31.37,24.04,0.23,0.55,0.67,16.77
Delhi NCR,2025-09-19,25.12,30.46,24.28,0.2,0.78,0.69,18.48
Delhi NCR,2025-09-20,26.35,31.86,23.25,0.17,0.78,0.74,16.87
Delhi NCR,2025-09-21,28.96,32.73,18.96,0.13,0.74,0.65,17.84
Delhi NCR,2025-09-22,29.31,35.34,19.55,0.18,0.74,0.57,14.32
Delhi NCR,2025-09-23,28.1,35.03,20.15,0.17,0.83,0.68,15.03
Delhi NCR,2025-09-24,27.32,34.1,21.07,0.25,0.94,0.82,15.51
Delhi NCR,2025-09-25,26.91,33.38,22.14,0.19,0.99,0.82,15.57
Delhi NCR,2025-09-26,26.38,32.51,22.66,0.29,0.98,0.68,16.5
Delhi NCR,2025-09-27,26.08,32.94,22.19,0.27,1.12,0.8,16.61
Delhi NCR,2025-09-28,25.26,31.57,20.2,0.18,0.94,0.74,21.09
Delhi NCR,2025-09-29,26.64,31.69,22.12,0.21,1.08,0.95,17.31
Delhi NCR,2025-09-30,26.17,32.42,21.65,0.22,0.89,0.89,17.76
Delhi NCR,2025-10-01,25.78,33.02,22.04,0.23,0.9,0.9,17.13
Delhi NCR,2025-10-02,26.13,33.16,21.21,0.2,0.65,0.92,17.73
Delhi NCR,2025-10-03,26.25,32.33,23.29,0.24,0.7,0.71,16.48
Delhi NCR,2025-10-04,26.02,31.79,23.14,0.41,0.99,0.85,16.79
Delhi NCR,2025-10-05,26.41,31.33,23.38,0.26,0.84,0.8,16.97
Delhi NCR,2025-10-06,26.9,32.57,22.2,0.26,0.86,0.7,16.5
Delhi NCR,2025-10-07,27.15,32.36,22.15,0.26,0.69,0.8,16.58
Delhi NCR,2025-10-08,25.87,31.85,24.15,0.19,0.89,0.69,16.35
Delhi NCR,2025-10-09,25.7,31.83,25.13,0.33,0.74,0.68,15.58
Delhi NCR,2025-10-10,27.09,30.81,24.06,0.26,0.79,0.79,16.19
Delhi NCR,2025-10-11,26.08,31.84,23.42,0.26,0.77,0.84,16.8
Delhi NCR,2025-10-12,26.21,30.99,23.82,0.23,0.86,0.96,16.93
Delhi NCR,2025-10-13,26.26,30.14,24.5,0.25,0.73,0.78,17.35
Delhi NCR,2025-10-14,26.17,30.42,24.91,0.26,0.84,0.7,16.7
Delhi NCR,2025-10-15,26.28,29.63,25.82,0.25,0.74,0.84,16.44
Delhi NCR,2025-10-16,25.55,30.3,25.29,0.19,0.64,0.82,17.21
Delhi NCR,2025-10-17,25.69,30.91,24.9,0.19,0.73,0.84,16.73
Delhi NCR,2025-10-18,26.86,32.16,22.78,0.33,0.64,0.77,16.47
Delhi NCR,2025-10-19,29.49,33.48,18.74,0.25,0.6,0.92,16.52
Delhi NCR,2025-10-20,29.23,31.89,20.72,0.2,0.71,0.83,16.41
Delhi NCR,2025-10-21,26.39,31.64,22.79,0.2,0.9,0.79,17.29
Delhi NCR,2025-10-22,26.25,31.32,23.32,0.27,0.84,0.69,17.31
Delhi NCR,2025-10-23,26.27,31.26,23.58,0.2,0.89,0.72,17.08
Delhi NCR,2025-10-24,26.1,30.92,23.75,0.34,0.82,0.86,17.21
Delhi NCR,2025-10-25,24.93,31.54,24.31,0.31,0.85,0.85,17.2
Delhi NCR,2025-10-26,24.88,31.0,24.0,0.34,0.95,0.77,18.07
Delhi NCR,2025-10-27,25.27,30.68,24.29,0.25,0.77,0.67,18.07
Delhi NCR,2025-10-28,24.35,29.42,26.31,0.26,0.89,0.84,17.91
Delhi NCR,2025-10-29,25.08,29.39,25.76,0.33,0.84,0.92,17.69
Delhi NCR,2025-10-30,24.99,29.73,26.5,0.24,0.72,0.85,16.97
Delhi NCR,2025-10-31,25.33,29.41,25.3,0.29,0.73,0.79,18.14
Delhi NCR,2025-11-01,25.51,30.11,23.95,0.32,0.96,0.93,18.21
Delhi NCR,2025-11-02,25.49,30.27,24.26,0.28,0.85,0.75,18.1
Delhi NCR,2025-11-03,25.99,30.32,24.77,0.23,0.7,0.97,17.01
Delhi NCR,2025-11-04,28.96,33.83,21.01,0.23,0.67,0.65,14.64
Delhi NCR,2025-11-05,27.0,33.76,22.49,0.18,0.69,0.71,15.16
Delhi NCR,2025-11-06,25.94,32.48,24.08,0.18,0.74,0.74,15.84
Delhi NCR,2025-11-07,25.22,31.26,24.84,0.25,0.89,0.93,16.61
Delhi NCR,2025-11-08,25.72,31.11,24.09,0.28,0.65,0.81,17.33
Delhi NCR,2025-11-09,25.95,31.97,23.76,0.32,0.8,0.74,16.46
Delhi NCR,2025-11-10,22.32,29.08,30.61,0.22,0.68,0.65,16.44
Delhi NCR,2025-11-11,24.2,29.85,27.5,0.32,0.75,0.84,16.55
Delhi NCR,2025-11-12,25.04,29.86,25.86,0.29,0.67,0.91,17.37
Delhi NCR,2025-11-13,25.8,28.98,25.85,0.42,0.83,0.97,17.15
Delhi NCR,2025-11-14,24.39,29.64,26.73,0.28,0.81,0.79,17.37
Delhi NCR,2025-11-15,26.09,31.5,24.5,0.25,0.75,0.87,16.03
Delhi NCR,2025-11-16,26.61,30.9,24.19,0.29,0.76,0.88,16.37
Delhi NCR,2025-11-17,24.85,28.71,27.09,0.25,0.75,0.86,17.49
Delhi NCR,2025-11-18,23.93,28.87,27.35,0.35,0.77,0.75,17.97
Delhi NCR,2025-11-19,23.71,29.06,27.66,0.26,0.84,0.74,17.72
Delhi NCR,2025-11-20,23.63,29.47,27.0,0.31,0.87,0.72,18.0
Delhi NCR,2025-11-21,24.36,29.69,26.74,0.16,0.66,0.71,17.68
Delhi NCR,2025-11-22,24.44,30.09,25.82,0.29,0.94,0.75,17.68
Delhi NCR,2025-11-23,25.19,29.8,25.76,0.34,0.87,0.78,17.26
Delhi NCR,2025-11-24,25.39,29.21,26.7,0.25,0.77,0.8,16.88
Delhi NCR,2025-11-25,32.47,37.28,17.84,0.19,0.45,0.49,11.28
Delhi NCR,2025-11-26,28.76,33.98,21.48,0.23,0.68,0.79,14.08
Delhi NCR,2025-11-27,27.61,32.02,23.25,0.19,0.66,0.73,15.54
Delhi NCR,2025-11-28,26.69,30.32,25.29,0.22,0.75,0.8,15.93
Delhi NCR,2025-11-29,26.77,30.54,24.39,0.28,0.83,0.78,16.4
Delhi NCR,2025-11-30,25.63,30.89,24.95,0.28,0.89,0.61,16.74
Delhi NCR,2025-12-01,25.02,29.9,26.68,0.25,0.63,0.7,16.82
Delhi NCR,2025-12-02,24.98,30.13,27.04,0.21,0.88,0.85,15.91
Delhi NCR,2025-12-03,25.79,29.58,26.55,0.25,0.73,0.98,16.12
Delhi NCR,2025-12-04,25.19,30.32,26.18,0.26,0.63,0.72,16.7
Delhi NCR,2025-12-05,24.73,30.13,26.54,0.23,0.71,0.88,16.78
Delhi NCR,2025-12-06,26.13,31.34,24.52,0.16,0.83,0.69,16.33
Delhi NCR,2025-12-07,25.24,31.22,24.91,0.21,1.02,0.62,16.78
Delhi NCR,2025-12-08,24.67,30.35,25.82,0.24,0.82,0.68,17.43
Delhi NCR,2025-12-09,24.99,29.59,26.78,0.29,0.81,0.8,16.74
Delhi NCR,2025-12-10,25.46,31.15,24.71,0.24,0.76,0.76,16.91
Delhi NCR,2025-12-11,25.08,30.19,26.2,0.22,0.76,0.84,16.71
Delhi NCR,2025-12-12,23.78,30.8,26.2,0.25,0.78,0.79,17.41
Delhi NCR,2025-12-13,23.88,30.16,25.36,0.24,0.96,0.9,18.5
Delhi NCR,2025-12-14,25.44,31.13,24.17,0.25,0.8,0.88,17.32
Delhi NCR,2025-12-15,27.75,29.94,23.59,0.23,0.81,0.86,16.81
Delhi NCR,2025-12-16,24.0,30.38,25.42,0.26,0.74,0.84,18.36
Delhi NCR,2025-12-17,24.28,30.73,25.23,0.36,0.78,1.06,17.57
Delhi NCR,2025-12-18,25.01,30.33,25.37,0.19,0.74,0.98,17.38
Delhi NCR,2025-12-19,24.65,30.39,25.81,0.3,0.83,0.8,17.22
Delhi NCR,2025-12-20,24.2,29.75,25.66,0.27,0.98,0.89,18.24
Delhi NCR,2025-12-21,24.47,30.86,24.08,0.31,0.79,0.91,18.57
Delhi NCR,2025-12-22,24.49,30.4,25.28,0.27,0.84,0.82,17.91
Delhi NCR,2025-12-23,24.21,29.69,26.22,0.32,0.81,0.99,17.76
Delhi NCR,2025-12-24,23.95,29.33,26.85,0.24,0.87,0.82,17.95
Delhi NCR,2025-12-25,23.91,30.02,26.22,0.23,0.85,0.91,17.86
Delhi NCR,2025-12-26,23.17,29.63,26.69,0.35,0.82,0.84,18.51
Delhi NCR,2025-12-27,23.84,30.86,24.57,0.22,1.08,0.94,18.49
Delhi NCR,2025-12-28,23.62,30.69,24.51,0.24,0.86,0.91,19.15
Delhi NCR,2025-12-29,23.12,30.37,26.1,0.31,0.83,1.04,18.23
Delhi NCR,2025-12-30,23.42,29.51,25.92,0.29,0.85,0.9,19.1
Delhi NCR,2025-12-31,24.07,30.61,24.79,0.25,0.74,0.89,18.65
Delhi NCR,2026-01-01,24.93,30.61,23.8,0.28,0.74,0.97,18.68
Delhi NCR,2026-01-02,25.13,30.2,24.47,0.4,0.74,0.9,18.17
Delhi NCR,2026-01-03,23.58,31.09,25.25,0.32,0.97,0.95,17.84
Delhi NCR,2026-01-04,25.38,30.86,24.24,0.34,0.88,0.85,17.46
Delhi NCR,2026-01-05,26.46,30.78,25.11,0.24,0.7,0.87,15.83
Delhi NCR,2026-01-06,25.9,30.08,26.24,0.24,0.7,0.72,16.11
Delhi NCR,2026-01-07,25.62,30.25,25.73,0.24,0.69,0.82,16.66
Delhi NCR,2026-01-08,25.03,30.59,25.46,0.24,0.65,1.03,17.0
Delhi NCR,2026-01-09,23.95,30.78,25.48,0.21,0.76,1.01,17.81
Delhi NCR,2026-01-10,24.12,31.4,24.9,0.3,0.81,0.88,17.59
Delhi NCR,2026-01-11,24.45,29.4,26.57,0.24,0.77,0.86,17.7
Delhi NCR,2026-01-12,24.51,30.61,25.41,0.26,0.65,0.79,17.77
Delhi NCR,2026-01-13,27.73,35.24,20.48,0.15,0.65,0.64,15.11
Delhi NCR,2026-01-14,25.87,33.69,22.96,0.28,0.57,0.74,15.89
Delhi NCR,2026-01-15,24.43,31.71,25.22,0.23,0.66,0.82,16.93
Delhi NCR,2026-01-16,24.99,30.7,25.14,0.24,0.68,0.77,17.49
Delhi NCR,2026-01-17,24.43,30.81,23.96,0.38,0.73,0.91,18.79
Delhi NCR,2026-01-18,24.73,31.05,23.42,0.28,0.77,0.93,18.82
Delhi NCR,2026-01-19,25.22,30.39,24.3,0.34,0.81,0.86,18.07
Delhi NCR,2026-01-20,27.11,31.14,23.4,0.35,0.76,0.9,16.34
Delhi NCR,2026-01-21,24.62,30.5,24.91,0.26,0.76,0.81,18.15
Delhi NCR,2026-01-22,24.78,30.31,24.83,0.26,0.81,1.04,17.97
Delhi NCR,2026-01-23,24.88,30.6,24.76,0.17,0.79,0.93,17.87
Delhi NCR,2026-01-24,24.55,30.62,23.72,0.22,1.12,1.06,18.71
Delhi NCR,2026-01-25,25.97,31.1,22.49,0.32,0.84,0.81,18.47
Delhi NCR,2026-01-26,28.09,32.97,20.85,0.21,0.72,0.87,16.28
Delhi NCR,2026-01-27,26.08,32.43,22.76,0.32,0.77,0.96,16.68
Delhi NCR,2026-01-28,25.13,30.72,24.2,0.27,0.63,0.82,18.23
Delhi NCR,2026-01-29,24.52,30.46,25.1,0.3,0.72,1.01,17.88
Delhi NCR,2026-01-30,24.1,29.96,25.33,0.35,0.77,0.9,18.59
Delhi NCR,2026-01-31,24.28,29.45,24.76,0.28,0.62,0.92,19.69
Delhi NCR,2026-02-01,24.55,29.89,24.4,0.36,0.73,0.94,19.13
Delhi NCR,2026-02-02,23.77,30.63,25.53,0.36,0.76,0.95,18.0
Delhi NCR,2026-02-03,24.42,30.2,25.55,0.29,0.87,0.9,17.77
Delhi NCR,2026-02-04,24.3,28.62,26.33,0.19,0.73,0.95,18.87
Delhi NCR,2026-02-05,24.46,29.89,25.7,0.23,0.78,0.82,18.13
Delhi NCR,2026-02-06,24.17,29.91,25.43,0.23,0.82,0.96,18.47
Delhi NCR,2026-02-07,24.65,29.82,25.13,0.22,0.89,0.87,18.42
Delhi NCR,2026-02-08,24.27,30.07,25.61,0.19,0.84,0.8,18.22
Delhi NCR,2026-02-09,23.87,28.71,26.38,0.28,0.96,0.88,18.93
Delhi NCR,2026-02-10,23.35,30.06,26.78,0.25,0.72,0.84,18.0
Delhi NCR,2026-02-11,24.83,28.48,26.62,0.23,0.75,0.99,18.1
Delhi NCR,2026-02-12,24.66,28.58,26.4,0.27,0.7,1.04,18.35
Delhi NCR,2026-02-13,23.78,29.42,26.12,0.2,0.73,0.96,18.78
Delhi NCR,2026-02-14,24.8,29.01,24.99,0.31,0.81,0.85,19.21
Delhi NCR,2026-02-15,23.57,27.8,23.59,0.35,0.73,0.92,23.05
Delhi NCR,2026-02-16,23.55,28.45,25.78,0.27,0.72,0.81,20.42
Delhi NCR,2026-02-17,26.46,29.53,23.78,0.24,0.62,0.99,18.36
Delhi NCR,2026-02-18,25.11,30.66,23.24,0.32,0.55,0.85,19.27
Delhi NCR,2026-02-19,25.44,29.76,24.21,0.31,0.7,1.13,18.45
Delhi NCR,2026-02-20,25.14,31.2,23.25,0.27,0.72,0.92,18.5
Delhi NCR,2026-02-21,24.99,30.67,23.51,0.3,0.82,0.83,18.88
Delhi NCR,2026-02-22,22.99,28.96,26.76,0.29,0.85,0.84,19.31
Delhi NCR,2026-02-23,23.22,28.69,25.91,0.39,0.63,1.01,20.14
Delhi NCR,2026-02-24,23.6,29.61,25.45,0.29,0.71,0.78,19.57
Delhi NCR,2026-02-25,24.16,29.32,26.19,0.25,0.67,0.85,18.55
Delhi NCR,2026-02-26,22.5,28.29,26.02,0.24,0.59,0.81,21.54
Delhi NCR,2026-02-27,22.94,28.58,27.67,0.28,0.75,0.98,18.8
Delhi NCR,2026-02-28,23.23,29.55,26.8,0.25,0.82,0.7,18.65
Delhi NCR,2026-03-01,22.8,27.06,27.19,0.24,0.88,0.99,20.83
Delhi NCR,2026-03-02,24.18,29.25,26.69,0.21,0.86,0.93,17.89
Delhi NCR,2026-03-03,26.41,29.36,24.35,0.24,0.54,0.96,18.15
Delhi NCR,2026-03-04,24.0,29.2,25.71,0.19,0.74,0.96,19.19
Delhi NCR,2026-03-05,22.91,26.32,27.46,0.28,0.62,0.9,21.51
Delhi NCR,2026-03-06,22.79,28.21,28.06,0.25,0.78,0.68,19.23
Delhi NCR,2026-03-07,24.08,28.31,25.96,0.23,0.82,0.97,19.63
Delhi NCR,2026-03-08,20.82,25.82,30.08,0.19,0.64,0.75,21.7
Delhi NCR,2026-03-09,23.5,26.23,28.93,0.28,0.75,0.87,19.45
Delhi NCR,2026-03-10,23.29,27.84,27.82,0.27,0.62,0.97,19.19
Delhi NCR,2026-03-11,23.45,27.26,28.22,0.37,0.68,0.93,19.08
Delhi NCR,2026-03-12,23.04,27.69,27.85,0.36,0.83,1.01,19.22
Delhi NCR,2026-03-13,23.62,27.87,27.16,0.25,0.66,1.01,19.42
Delhi NCR,2026-03-14,22.78,28.27,27.01,0.34,0.93,0.89,19.78
Delhi NCR,2026-03-15,23.51,27.77,26.5,0.27,0.87,0.85,20.23
Delhi NCR,2026-03-16,23.46,27.56,27.83,0.25,0.81,0.81,19.27
Delhi NCR,2026-03-17,24.94,28.8,26.79,0.23,0.7,0.77,17.76
Delhi NCR,2026-03-18,24.25,28.36,27.4,0.2,0.52,0.84,18.44
Delhi NCR,2026-03-19,23.69,28.1,27.48,0.22,0.72,0.87,18.92
Delhi NCR,2026-03-20,24.42,27.23,27.62,0.16,0.65,0.71,19.2
Delhi NCR,2026-03-21,24.4,28.59,27.0,0.27,0.99,0.92,17.83
Delhi NCR,2026-03-22,23.77,28.5,26.96,0.16,0.86,0.91,18.85
Delhi NCR,2026-03-23,23.0,28.52,28.0,0.19,0.87,0.64,18.79
Delhi NCR,2026-03-24,22.85,27.98,28.56,0.22,0.62,0.82,18.96
Delhi NCR,2026-03-25,24.14,27.19,27.53,0.24,0.74,0.86,19.3
Delhi NCR,2026-03-26,24.79,28.51,25.89,0.2,0.84,0.84,18.92
Delhi NCR,2026-03-27,23.92,28.34,26.48,0.2,0.81,0.86,19.39
Delhi NCR,2026-03-28,24.18,27.96,27.22,0.44,0.71,0.81,18.67
Delhi NCR,2026-03-29,23.88,27.79,27.61,0.33,0.72,0.91,18.75
Delhi NCR,2026-03-30,22.98,28.15,28.26,0.32,0.81,0.94,18.53
Delhi NCR,2026-03-31,23.0,28.23,28.5,0.29,0.79,0.9,18.29
Delhi NCR,2026-04-01,22.46,27.15,29.65,0.28,0.75,0.85,18.87
Delhi NCR,2026-04-02,23.19,26.79,29.18,0.26,0.78,0.78,19.03
Delhi NCR,2026-04-03,22.59,27.57,28.36,0.28,0.94,0.94,19.32
Delhi NCR,2026-04-04,22.32,27.8,28.43,0.28,0.84,0.94,19.39
Delhi NCR,2026-04-05,23.04,27.8,28.76,0.32,0.78,0.85,18.45
Delhi NCR,2026-04-06,21.94,26.46,30.44,0.36,0.77,0.8,19.22
Delhi NCR,2026-04-07,21.59,27.69,29.7,0.28,0.77,1.04,18.93
Delhi NCR,2026-04-08,21.04,27.54,30.89,0.33,0.69,0.83,18.68
Delhi NCR,2026-04-09,22.98,27.29,28.67,0.32,0.76,0.89,19.08
Delhi NCR,2026-04-10,23.05,26.67,29.29,0.29,0.82,0.74,19.13
Delhi NCR,2026-04-11,22.86,27.59,27.24,0.38,0.73,0.84,20.35
Delhi NCR,2026-04-12,23.26,28.05,27.0,0.26,0.78,0.86,19.8
Delhi NCR,2026-04-13,21.68,26.34,29.54,0.39,0.95,0.9,20.19
Delhi NCR,2026-04-14,22.93,26.66,28.98,0.26,0.81,0.84,19.53
Delhi NCR,2026-04-15,21.6,27.26,29.69,0.27,0.71,0.76,19.72
Delhi NCR,2026-04-16,22.95,26.49,29.21,0.34,0.74,0.77,19.5
Delhi NCR,2026-04-17,22.43,27.15,28.68,0.23,0.61,0.73,20.18
Delhi NCR,2026-04-18,22.03,27.27,28.16,0.29,0.68,0.63,20.93
Delhi NCR,2026-04-19,22.77,28.27,27.65,0.38,0.78,0.64,19.52
Delhi NCR,2026-04-20,22.94,27.41,28.48,0.33,0.79,0.73,19.32
Delhi NCR,2026-04-21,22.52,27.59,28.01,0.33,0.66,0.8,20.1
Delhi NCR,2026-04-22,22.59,27.39,28.38,0.34,0.85,0.86,19.58
Delhi NCR,2026-04-23,22.87,27.64,28.17,0.3,0.64,0.8,19.58
Delhi NCR,2026-04-24,23.01,26.38,29.45,0.39,0.91,0.8,19.06
Delhi NCR,2026-04-25,22.95,27.0,27.61,0.28,0.97,0.92,20.27
Delhi NCR,2026-04-26,22.53,26.82,28.57,0.2,0.79,0.75,20.33
Delhi NCR,2026-04-27,22.02,27.63,28.09,0.27,0.78,0.81,20.39
Delhi NCR,2026-04-28,21.93,27.09,28.44,0.25,0.92,0.79,20.57
Delhi NCR,2026-04-29,21.65,27.66,28.32,0.29,0.68,0.8,20.6
Delhi NCR,2026-04-30,22.15,27.01,29.01,0.18,0.71,0.63,20.3
Delhi NCR,2026-05-01,21.63,26.04,30.22,0.23,0.9,0.79,20.19
Delhi NCR,2026-05-02,22.28,26.71,29.34,0.25,0.87,0.79,19.76
Delhi NCR,2026-05-03,22.26,26.97,29.17,0.25,0.71,0.85,19.79
Delhi NCR,2026-05-04,20.86,25.79,31.45,0.22,0.67,0.83,20.18
Delhi NCR,2026-05-05,21.33,26.57,30.55,0.24,0.67,0.82,19.81
Delhi NCR,2026-05-06,21.1,26.07,32.15,0.28,0.69,0.78,18.92
Delhi NCR,2026-05-07,22.67,26.6,29.9,0.22,0.67,0.93,19.01
Delhi NCR,2026-05-08,21.19,27.34,29.32,0.26,0.77,0.86,20.27
Delhi NCR,2026-05-09,21.66,26.67,29.41,0.21,0.86,0.95,20.23
Delhi NCR,2026-05-10,22.71,27.83,28.07,0.19,0.7,0.86,19.64
Delhi NCR,2026-05-11,22.42,27.47,28.88,0.24,0.83,0.66,19.5
Delhi NCR,2026-05-12,22.49,28.01,28.15,0.24,0.74,0.76,19.61
Delhi NCR,2026-05-13,21.76,27.47,28.88,0.25,0.67,0.67,20.3
Delhi NCR,2026-05-14,21.83,27.9,28.58,0.3,0.79,0.87,19.72
Delhi NCR,2026-05-15,22.84,28.35,27.51,0.19,0.6,0.99,19.52
Delhi NCR,2026-05-16,22.42,28.26,27.13,0.19,0.72,0.82,20.46
Delhi NCR,2026-05-17,23.03,27.15,27.03,0.31,0.83,0.84,20.81
Delhi NCR,2026-05-18,22.54,26.79,27.85,0.16,0.75,0.86,21.05
Delhi NCR,2026-05-19,22.31,27.54,28.1,0.29,0.77,0.88,20.11
Delhi NCR,2026-05-20,21.44,27.53,28.33,0.26,0.65,0.86,20.94
Delhi NCR,2026-05-21,23.43,28.18,28.0,0.16,0.74,0.77,18.71
Delhi NCR,2026-05-22,24.79,28.47,26.03,0.17,0.64,0.71,19.19
Delhi NCR,2026-05-23,23.55,27.48,26.93,0.17,0.81,0.71,20.34
Delhi NCR,2026-05-24,22.61,28.04,26.77,0.17,0.86,0.85,20.71
Delhi NCR,2026-05-25,21.66,28.22,27.84,0.2,0.83,0.72,20.53
Delhi NCR,2026-05-26,21.65,29.08,27.56,0.3,0.63,0.65,20.13
Delhi NCR,2026-05-27,22.18,29.26,26.95,0.2,0.8,0.69,19.93
Delhi NCR,2026-05-28,27.23,32.68,22.27,0.19,0.72,0.7,16.21
Delhi NCR,2026-05-29,23.42,31.01,25.87,0.17,0.77,0.64,18.11
Delhi NCR,2026-05-30,23.92,29.21,26.88,0.17,0.75,0.71,18.36
Delhi NCR,2026-05-31,22.58,29.14,26.92,0.32,0.78,0.75,19.51
Delhi NCR,2026-06-01,22.68,27.66,28.39,0.3,0.53,0.72,19.72
Delhi NCR,2026-06-02,23.45,28.18,27.53,0.11,0.68,0.68,19.37
Delhi NCR,2026-06-03,22.6,28.71,28.25,0.26,0.62,0.73,18.83
Delhi NCR,2026-06-04,22.65,29.17,27.4,0.26,0.52,0.86,19.13
Delhi NCR,2026-06-05,22.8,27.55,28.24,0.23,0.96,0.57,19.64
Delhi NCR,2026-06-06,22.69,27.33,27.18,0.2,1.13,0.78,20.69
Delhi NCR,2026-06-07,23.16,27.48,27.74,0.18,1.21,0.82,19.42
Delhi NCR,2026-06-08,22.22,27.33,27.95,0.21,0.96,0.75,20.57
Delhi NCR,2026-06-09,22.79,27.15,29.16,0.18,0.66,0.71,19.36
Delhi NCR,2026-06-10,21.95,28.25,28.53,0.24,0.79,0.89,19.35
Delhi NCR,2026-06-11,22.98,27.98,28.21,0.17,0.64,0.66,19.36
Delhi NCR,2026-06-12,23.08,27.3,28.7,0.2,0.75,0.82,19.15
Delhi NCR,2026-06-13,22.66,27.12,28.23,0.22,0.68,0.8,20.27
Delhi NCR,2026-06-14,22.14,28.18,28.25,0.18,0.77,0.85,19.63
Delhi NCR,2026-06-15,21.85,27.21,29.36,0.21,0.78,0.85,19.74
Delhi NCR,2026-06-16,22.6,27.12,29.56,0.32,0.68,0.83,18.9
Delhi NCR,2026-06-17,22.36,27.89,29.28,0.25,0.66,0.77,18.79
Delhi NCR,2026-06-18,22.12,26.49,30.12,0.19,0.8,0.77,19.52
Delhi NCR,2026-06-19,22.33,27.42,29.03,0.29,0.86,0.7,19.38
Delhi NCR,2026-06-20,23.27,27.89,27.85,0.24,0.95,0.67,19.14
Delhi NCR,2026-06-21,22.5,27.52,28.75,0.28,1.01,0.87,19.07
Delhi NCR,2026-06-22,22.21,27.74,28.08,0.21,0.74,0.77,20.26
Delhi NCR,2026-06-23,23.08,27.01,28.66,0.2,0.83,0.76,19.47
Delhi NCR,2026-06-24,21.51,25.73,31.4,0.25,0.74,0.73,19.64
Delhi NCR,2026-06-25,22.63,26.18,28.86,0.27,0.87,0.77,20.42
Delhi NCR,2026-06-26,21.53,25.58,30.08,0.16,0.9,0.79,20.97
Delhi NCR,2026-06-27,21.75,25.59,29.32,0.27,1.23,0.83,21.01
Delhi NCR,2026-06-28,22.46,25.76,28.21,0.26,0.93,0.93,21.44
Delhi NCR,2026-06-29,22.8,26.46,29.16,0.24,0.86,0.75,19.72
Delhi NCR,2026-06-30,24.95,27.76,27.56,0.24,0.73,0.82,17.94
Delhi NCR,2026-07-01,23.18,28.58,28.3,0.24,0.81,0.71,18.18
Delhi NCR,2026-07-02,23.64,27.61,28.2,0.28,0.76,0.69,18.83
Delhi NCR,2026-07-03,23.22,26.13,29.83,0.16,0.68,0.63,19.35
Delhi NCR,2026-07-04,23.14,25.69,29.32,0.25,0.8,0.69,20.11
Delhi NCR,2026-07-05,23.4,26.97,28.87,0.21,0.72,0.61,19.23
Delhi NCR,2026-07-06,21.56,25.62,31.24,0.3,0.75,0.73,19.79
Delhi NCR,2026-07-07,22.98,26.75,29.55,0.25,0.67,0.76,19.06
Delhi NCR,2026-07-08,21.25,30.07,28.75,0.17,0.86,0.79,18.11
Delhi NCR,2026-07-09,23.35,31.07,26.68,0.13,0.74,0.73,17.29
Delhi NCR,2026-07-10,22.17,30.14,27.83,0.18,0.8,0.7,18.16
Delhi NCR,2026-07-11,21.85,29.46,28.16,0.22,0.96,0.66,18.69
Delhi NCR,2026-07-12,21.62,29.42,27.53,0.24,0.81,0.82,19.56
Delhi NCR,2026-07-13,21.61,29.32,28.06,0.32,0.66,0.81,19.23
Delhi NCR,2026-07-14,22.0,29.26,28.08,0.28,0.83,0.64,18.92
Delhi NCR,2026-07-15,23.25,27.55,28.45,0.27,0.79,0.63,19.05
Delhi NCR,2026-07-16,22.6,25.94,29.88,0.28,0.82,0.68,19.8
Delhi NCR,2026-07-17,23.16,25.96,29.22,0.18,0.76,0.67,20.04
Delhi NCR,2026-07-18,22.69,25.49,30.06,0.24,0.99,0.56,19.98
Delhi NCR,2026-07-19,23.5,26.17,28.98,0.3,0.88,0.83,19.36
Delhi NCR,2026-07-20,22.64,25.52,30.11,0.23,0.79,0.64,20.09
Delhi NCR,2026-07-21,22.91,25.24,29.53,0.26,0.74,0.75,20.57
Delhi NCR,2026-07-22,23.44,25.66,29.45,0.28,0.75,0.56,19.87
Delhi NCR,2026-07-23,25.13,26.37,26.66,0.32,0.66,0.72,20.14
Delhi NCR,2026-07-24,29.33,30.0,22.91,0.15,0.53,0.57,16.51
Delhi NCR,2026-07-25,26.14,29.87,23.48,0.22,0.58,0.71,19.01
Delhi NCR,2026-07-26,26.26,28.96,24.21,0.27,0.88,0.77,18.65
Delhi NCR,2026-07-27,25.49,28.87,25.45,0.11,0.6,0.57,18.9
Delhi NCR,2026-07-28,25.25,27.62,25.59,0.2,0.71,0.68,19.94
Delhi NCR,2026-07-29,24.72,27.53,26.42,0.2,0.84,0.91,19.38
Delhi NCR,2026-07-30,25.14,27.7,26.54,0.15,0.71,0.78,18.97
Delhi NCR,2026-07-31,23.48,27.01,28.42,0.23,0.67,0.76,19.42
Delhi NCR,2026-08-01,23.81,25.7,28.49,0.31,0.95,0.69,20.06
Delhi NCR,2026-08-02,23.85,27.02,28.31,0.31,0.69,0.81,19.0
Delhi NCR,2026-08-03,23.54,26.28,28.81,0.27,0.83,0.77,19.49
Delhi NCR,2026-08-04,22.97,26.89,28.74,0.19,0.81,0.85,19.54
Delhi NCR,2026-08-05,24.58,26.86,27.73,0.16,0.63,0.84,19.2
Delhi NCR,2026-08-06,25.12,27.83,26.83,0.23,0.64,0.55,18.81
Delhi NCR,2026-08-07,23.6,27.76,27.47,0.24,0.81,0.7,19.42
Delhi NCR,2026-08-08,23.62,27.31,27.03,0.22,0.89,0.66,20.26
Delhi NCR,2026-08-09,23.94,25.83,27.96,0.18,0.8,0.69,20.6
Delhi NCR,2026-08-10,24.08,25.53,28.7,0.36,0.77,0.58,19.99
Delhi NCR,2026-08-11,23.17,26.22,29.63,0.32,0.61,0.63,19.42
Delhi NCR,2026-08-12,23.03,25.95,29.88,0.26,0.73,0.62,19.53
Delhi NCR,2026-08-13,23.81,26.69,28.84,0.19,0.77,0.65,19.04
Delhi NCR,2026-08-14,25.16,27.49,25.77,0.18,0.75,0.72,19.93
Delhi NCR,2026-08-15,26.88,27.55,24.53,0.32,0.72,0.58,19.42
Delhi NCR,2026-08-16,24.19,26.97,27.33,0.17,0.78,0.68,19.88
Delhi NCR,2026-08-17,22.88,27.19,28.98,0.23,0.81,0.73,19.17
Delhi NCR,2026-08-18,24.21,26.83,27.78,0.25,0.87,0.76,19.29
Delhi NCR,2026-08-19,23.76,26.84,28.38,0.2,0.83,0.78,19.2
Delhi NCR,2026-08-20,24.19,26.42,28.06,0.41,0.74,0.86,19.32
Delhi NCR,2026-08-21,23.49,26.48,28.05,0.34,0.72,0.75,20.18
Delhi NCR,2026-08-22,23.16,26.59,28.04,0.24,0.95,0.74,20.27
Delhi NCR,2026-08-23,24.31,26.52,27.33,0.21,0.94,0.84,19.84
Delhi NCR,2026-08-24,23.07,26.97,27.78,0.26,0.75,0.69,20.47
Delhi NCR,2026-08-25,23.24,25.47,28.15,0.37,0.78,0.86,21.13
Delhi NCR,2026-08-26,26.25,27.77,25.55,0.19,0.64,0.72,18.88
Delhi NCR,2026-08-27,25.57,27.4,25.21,0.15,0.78,0.81,20.08
Delhi NCR,2026-08-28,24.67,26.97,26.45,0.2,0.84,0.81,20.06
Delhi NCR,2026-08-29,23.97,26.76,26.21,0.25,1.1,0.82,20.89
Delhi NCR,2026-08-30,23.62,26.82,25.85,0.23,0.91,0.75,21.81
Delhi NCR,2026-08-31,22.76,26.53,27.57,0.21,0.84,0.75,21.35
Hyderabad,2025-01-01,31.51,18.11,20.73,0.22,1.08,1.65,26.7
Hyderabad,2025-01-02,32.55,18.47,21.22,0.19,1.07,1.4,25.11
Hyderabad,2025-01-03,31.02,17.27,22.26,0.23,1.35,1.66,26.21
Hyderabad,2025-01-04,30.79,18.62,21.65,0.18,1.05,1.47,26.24
Hyderabad,2025-01-05,31.32,18.33,20.81,0.23,1.23,1.37,26.71
Hyderabad,2025-01-06,30.74,18.34,20.91,0.21,1.18,1.69,26.93
Hyderabad,2025-01-07,32.01,17.75,20.98,0.14,1.09,1.33,26.71
Hyderabad,2025-01-08,31.1,18.99,22.17,0.12,0.96,1.38,25.29
Hyderabad,2025-01-09,31.25,17.74,20.55,0.37,1.06,1.73,27.3
Hyderabad,2025-01-10,32.73,17.31,20.34,0.16,1.14,1.78,26.54
Hyderabad,2025-01-11,30.65,19.26,20.32,0.23,1.16,1.79,26.59
Hyderabad,2025-01-12,32.02,19.12,20.82,0.1,1.34,1.66,24.94
Hyderabad,2025-01-13,32.28,20.33,19.54,0.25,1.23,2.21,24.16
Hyderabad,2025-01-14,34.07,18.75,19.39,0.1,1.01,1.52,25.15
Hyderabad,2025-01-15,31.87,18.25,21.17,0.09,1.05,1.71,25.87
Hyderabad,2025-01-16,31.77,19.29,19.5,0.18,1.28,1.84,26.14
Hyderabad,2025-01-17,33.58,19.54,20.94,0.16,1.42,1.63,22.73
Hyderabad,2025-01-18,32.22,20.1,19.8,0.19,1.71,1.61,24.38
Hyderabad,2025-01-19,33.0,20.12,20.24,0.23,1.15,1.92,23.35
Hyderabad,2025-01-20,32.19,18.54,21.1,0.26,1.06,1.68,25.17
Hyderabad,2025-01-21,32.02,19.72,19.85,0.25,1.29,1.53,25.34
Hyderabad,2025-01-22,33.41,18.3,19.35,0.19,0.93,1.58,26.23
Hyderabad,2025-01-23,30.96,19.36,20.77,0.16,1.02,1.45,26.29
Hyderabad,2025-01-24,32.05,18.25,20.53,0.19,1.18,1.6,26.17
Hyderabad,2025-01-25,32.9,18.54,19.96,0.16,1.31,1.46,25.66
Hyderabad,2025-01-26,33.42,18.01,20.56,0.16,1.36,1.84,24.66
Hyderabad,2025-01-27,31.01,18.14,21.2,0.12,1.38,1.42,26.73
Hyderabad,2025-01-28,31.14,19.9,20.84,0.21,1.06,1.71,25.13
Hyderabad,2025-01-29,32.46,17.98,21.39,0.08,1.13,1.55,25.41
Hyderabad,2025-01-30,32.6,17.96,21.11,0.27,1.21,1.71,25.13
Hyderabad,2025-01-31,32.86,18.14,20.8,0.18,1.03,1.76,25.23
Hyderabad,2025-02-01,33.52,19.61,19.64,0.22,0.8,1.42,24.79
Hyderabad,2025-02-02,35.2,18.7,19.85,0.15,0.82,1.48,23.81
Hyderabad,2025-02-03,33.74,17.82,19.86,0.23,1.12,1.42,25.81
Hyderabad,2025-02-04,33.14,18.56,19.95,0.24,1.12,1.43,25.56
Hyderabad,2025-02-05,33.56,18.78,21.12,0.25,1.21,1.35,23.72
Hyderabad,2025-02-06,34.25,17.74,20.57,0.11,1.25,1.47,24.62
Hyderabad,2025-02-07,34.01,18.94,18.96,0.17,1.08,1.5,25.34
Hyderabad,2025-02-08,33.32,18.7,19.25,0.31,1.09,1.9,25.43
Hyderabad,2025-02-09,32.08,18.89,20.6,0.16,0.97,1.53,25.78
Hyderabad,2025-02-10,32.62,19.41,20.08,0.16,1.17,1.44,25.12
Hyderabad,2025-02-11,33.21,18.74,18.96,0.15,1.14,1.84,25.96
Hyderabad,2025-02-12,34.59,17.67,19.36,0.25,1.11,1.46,25.57
Hyderabad,2025-02-13,32.39,17.54,20.12,0.2,1.15,1.57,27.02
Hyderabad,2025-02-14,32.92,17.99,19.32,0.41,1.3,1.6,26.46
Hyderabad,2025-02-15,32.45,17.62,18.88,0.23,1.2,1.81,27.8
Hyderabad,2025-02-16,34.03,18.16,19.68,0.2,0.95,1.67,25.3
Hyderabad,2025-02-17,33.76,18.41,19.26,0.2,1.09,1.32,25.95
Hyderabad,2025-02-18,31.78,18.57,20.9,0.13,1.11,1.77,25.74
Hyderabad,2025-02-19,32.0,17.65,19.91,0.28,0.95,1.8,27.4
Hyderabad,2025-02-20,32.56,17.91,19.49,0.25,1.35,1.67,26.77
Hyderabad,2025-02-21,31.86,18.49,19.93,0.21,1.25,1.69,26.56
Hyderabad,2025-02-22,32.87,16.68,20.14,0.17,1.42,1.5,27.21
Hyderabad,2025-02-23,33.43,19.1,19.7,0.26,1.07,1.39,25.05
Hyderabad,2025-02-24,31.64,18.52,19.96,0.33,1.46,2.09,26.01
Hyderabad,2025-02-25,32.49,18.82,19.03,0.26,1.01,1.51,26.89
Hyderabad,2025-02-26,31.65,18.85,19.79,0.36,1.25,1.46,26.65
Hyderabad,2025-02-27,31.49,18.69,19.82,0.45,1.33,1.5,26.71
Hyderabad,2025-02-28,31.56,16.99,20.79,0.53,1.49,1.28,27.36
Hyderabad,2025-03-01,30.16,17.61,21.14,0.38,1.57,1.43,27.71
Hyderabad,2025-03-02,32.06,18.15,19.9,0.23,1.15,1.7,26.81
Hyderabad,2025-03-03,30.24,18.79,20.13,0.28,1.07,1.57,27.93
Hyderabad,2025-03-04,30.62,17.91,21.14,0.37,1.56,1.74,26.66
Hyderabad,2025-03-05,32.03,18.51,20.22,0.41,1.09,1.59,26.15
Hyderabad,2025-03-06,30.54,19.33,19.78,0.42,1.27,1.32,27.33
Hyderabad,2025-03-07,31.42,18.45,20.53,0.28,1.21,1.6,26.51
Hyderabad,2025-03-08,30.47,18.45,20.34,0.21,1.32,1.71,27.5
Hyderabad,2025-03-09,31.02,19.53,19.97,0.11,1.07,1.43,26.88
Hyderabad,2025-03-10,29.36,18.19,21.5,0.42,1.32,1.67,27.54
Hyderabad,2025-03-11,32.26,18.27,19.78,0.31,1.36,1.52,26.5
Hyderabad,2025-03-12,30.3,17.84,21.19,0.22,1.47,1.69,27.28
Hyderabad,2025-03-13,30.85,18.28,20.42,0.1,0.86,1.71,27.78
Hyderabad,2025-03-14,32.87,16.6,20.1,0.19,1.31,1.31,27.62
Hyderabad,2025-03-15,32.19,18.77,18.77,0.25,1.08,1.76,27.16
Hyderabad,2025-03-16,32.54,18.93,18.97,0.19,1.1,1.44,26.83
Hyderabad,2025-03-17,31.66,18.5,20.34,0.28,1.43,1.42,26.37
Hyderabad,2025-03-18,31.83,18.59,19.91,0.3,1.09,1.48,26.8
Hyderabad,2025-03-19,31.95,18.29,20.3,0.26,0.92,1.49,26.79
Hyderabad,2025-03-20,30.89,19.1,20.78,0.26,0.8,1.29,26.87
Hyderabad,2025-03-21,31.55,19.02,19.34,0.41,1.3,1.32,27.06
Hyderabad,2025-03-22,30.6,18.3,20.44,0.18,1.14,1.39,27.95
Hyderabad,2025-03-23,31.26,17.38,21.26,0.22,1.37,1.67,26.84
Hyderabad,2025-03-24,31.12,18.08,19.76,0.26,1.12,1.53,28.13
Hyderabad,2025-03-25,32.42,18.71,19.5,0.31,1.25,1.41,26.41
Hyderabad,2025-03-26,31.96,18.48,20.34,0.25,1.01,1.52,26.44
Hyderabad,2025-03-27,31.56,17.67,19.44,0.46,1.32,1.86,27.69
Hyderabad,2025-03-28,32.82,17.91,19.12,0.27,1.14,1.56,27.19
Hyderabad,2025-03-29,33.1,18.68,18.66,0.18,1.34,1.89,26.15
Hyderabad,2025-03-30,32.81,18.4,18.78,0.17,1.3,1.54,26.99
Hyderabad,2025-03-31,32.89,17.61,19.63,0.28,1.07,1.43,27.08
Hyderabad,2025-04-01,31.81,17.18,21.12,0.32,1.21,1.47,26.9
Hyderabad,2025-04-02,31.82,18.15,21.37,0.27,0.85,1.57,25.97
Hyderabad,2025-04-03,30.45,18.18,20.52,0.19,1.09,1.48,28.08
Hyderabad,2025-04-04,31.34,16.97,21.0,0.24,1.16,1.75,27.54
Hyderabad,2025-04-05,31.37,17.96,20.17,0.31,1.4,1.67,27.11
Hyderabad,2025-04-06,32.19,17.76,20.73,0.57,0.99,1.26,26.5
Hyderabad,2025-04-07,32.43,18.47,20.5,0.59,1.19,1.41,25.4
Hyderabad,2025-04-08,31.07,17.3,20.26,0.42,1.14,1.63,28.18
Hyderabad,2025-04-09,30.69,19.64,19.92,0.24,0.98,1.76,26.77
Hyderabad,2025-04-10,31.61,17.99,21.07,0.42,1.11,1.51,26.29
Hyderabad,2025-04-11,32.38,16.86,20.15,0.28,1.0,1.81,27.52
Hyderabad,2025-04-12,32.67,17.63,20.68,0.22,1.64,1.14,26.02
Hyderabad,2025-04-13,33.26,18.72,20.41,0.27,1.3,1.45,24.59
Hyderabad,2025-04-14,32.62,18.34,20.43,0.41,1.03,1.47,25.7
Hyderabad,2025-04-15,32.74,17.59,20.4,0.22,1.32,1.7,26.04
Hyderabad,2025-04-16,32.41,17.48,20.1,0.35,1.1,1.37,27.19
Hyderabad,2025-04-17,31.73,17.24,21.57,0.38,1.24,1.52,26.33
Hyderabad,2025-04-18,31.97,18.06,20.62,0.27,1.32,1.29,26.46
Hyderabad,2025-04-19,33.8,16.96,19.64,0.19,1.29,1.62,26.52
Hyderabad,2025-04-20,32.48,18.43,18.79,0.26,1.1,1.33,27.61
Hyderabad,2025-04-21,31.52,17.44,19.54,0.25,1.2,1.2,28.85
Hyderabad,2025-04-22,30.11,18.27,19.29,0.37,1.1,1.63,29.23
Hyderabad,2025-04-23,28.95,17.9,20.84,0.19,1.04,1.27,29.81
Hyderabad,2025-04-24,28.63,16.83,19.99,0.27,1.11,1.67,31.5
Hyderabad,2025-04-25,28.52,16.25,19.35,0.31,1.17,1.68,32.72
Hyderabad,2025-04-26,29.72,16.8,19.99,0.31,1.17,1.76,30.26
Hyderabad,2025-04-27,27.43,16.39,19.09,0.39,1.27,1.03,34.39
Hyderabad,2025-04-28,29.1,17.15,21.21,0.39,0.87,1.72,29.56
Hyderabad,2025-04-29,29.99,16.68,21.74,0.41,0.93,1.67,28.58
Hyderabad,2025-04-30,30.96,16.65,20.04,0.46,1.21,1.55,29.13
Hyderabad,2025-05-01,30.04,16.81,19.49,0.34,1.32,1.45,30.53
Hyderabad,2025-05-02,29.86,17.06,18.79,0.2,1.13,1.28,31.68
Hyderabad,2025-05-03,28.21,17.29,19.75,0.13,1.15,1.54,31.91
Hyderabad,2025-05-04,30.44,16.67,19.19,0.29,0.96,1.28,31.16
Hyderabad,2025-05-05,31.49,15.97,19.67,0.27,0.91,1.29,30.38
Hyderabad,2025-05-06,31.43,17.18,18.96,0.33,1.38,1.43,29.28
Hyderabad,2025-05-07,31.67,16.51,20.13,0.19,1.22,1.22,29.06
Hyderabad,2025-05-08,31.46,16.32,20.16,0.18,0.8,1.6,29.49
Hyderabad,2025-05-09,30.37,16.81,20.25,0.26,1.05,1.83,29.42
Hyderabad,2025-05-10,28.91,16.92,20.99,0.29,1.26,1.45,30.18
Hyderabad,2025-05-11,30.44,17.93,19.19,0.33,1.23,1.55,29.32
Hyderabad,2025-05-12,30.53,18.33,18.93,0.39,0.99,1.35,29.49
Hyderabad,2025-05-13,29.85,18.19,20.21,0.26,1.45,1.4,28.64
Hyderabad,2025-05-14,29.76,18.05,20.28,0.24,1.27,1.63,28.76
Hyderabad,2025-05-15,30.02,17.52,21.05,0.21,1.22,1.29,28.68
Hyderabad,2025-05-16,29.52,17.83,21.27,0.37,1.16,1.56,28.29
Hyderabad,2025-05-17,30.76,17.41,19.86,0.22,1.21,1.38,29.17
Hyderabad,2025-05-18,30.22,17.34,20.31,0.18,1.17,1.56,29.21
Hyderabad,2025-05-19,30.68,17.26,20.76,0.3,1.13,1.58,28.28
Hyderabad,2025-05-20,31.03,17.42,20.7,0.36,1.19,1.79,27.52
Hyderabad,2025-05-21,31.07,16.94,20.71,0.41,1.0,1.53,28.33
Hyderabad,2025-05-22,34.21,17.51,19.1,0.28,1.24,1.48,26.18
Hyderabad,2025-05-23,32.41,17.05,18.93,0.18,1.26,1.41,28.76
Hyderabad,2025-05-24,32.76,17.06,18.87,0.34,0.87,1.68,28.42
Hyderabad,2025-05-25,30.36,20.05,17.94,0.22,1.02,1.27,29.13
Hyderabad,2025-05-26,31.37,17.69,19.49,0.22,1.05,1.9,28.28
Hyderabad,2025-05-27,29.25,17.34,20.27,0.28,0.89,1.45,30.51
Hyderabad,2025-05-28,30.47,17.57,19.91,0.34,1.18,1.7,28.84
Hyderabad,2025-05-29,29.71,16.6,18.58,0.49,1.1,1.38,32.14
Hyderabad,2025-05-30,26.77,16.18,17.9,0.46,0.88,1.31,36.51
Hyderabad,2025-05-31,28.06,16.7,19.18,0.4,1.09,1.4,33.17
Hyderabad,2025-06-01,26.89,15.76,16.94,0.31,0.88,1.63,37.58
Hyderabad,2025-06-02,30.24,16.65,19.28,0.37,1.37,1.38,30.71
Hyderabad,2025-06-03,30.86,16.26,16.46,0.38,0.83,1.21,33.99
Hyderabad,2025-06-04,31.28,17.31,18.07,0.3,1.29,1.45,30.3
Hyderabad,2025-06-05,31.98,17.47,17.08,0.33,0.93,1.58,30.63
Hyderabad,2025-06-06,31.23,17.76,18.72,0.25,1.33,1.29,29.43
Hyderabad,2025-06-07,30.15,17.34,19.29,0.24,1.03,1.57,30.37
Hyderabad,2025-06-08,30.81,17.22,18.36,0.35,1.22,1.3,30.73
Hyderabad,2025-06-09,29.87,17.01,19.79,0.39,1.08,1.76,30.09
Hyderabad,2025-06-10,31.01,18.21,18.29,0.3,1.23,1.16,29.81
Hyderabad,2025-06-11,30.91,18.21,18.98,0.23,1.19,1.43,29.05
Hyderabad,2025-06-12,29.42,17.05,19.03,0.23,1.14,1.62,31.51
Hyderabad,2025-06-13,30.09,17.27,20.19,0.17,1.22,1.49,29.56
Hyderabad,2025-06-14,30.74,17.64,19.44,0.26,1.17,1.47,29.27
Hyderabad,2025-06-15,31.68,16.8,19.65,0.4,1.31,1.32,28.84
Hyderabad,2025-06-16,30.73,17.75,19.49,0.57,1.05,1.42,28.99
Hyderabad,2025-06-17,32.02,17.53,18.23,0.3,1.11,1.39,29.42
Hyderabad,2025-06-18,29.15,17.91,19.96,0.41,1.05,1.26,30.26
Hyderabad,2025-06-19,30.47,17.99,19.84,0.28,1.12,1.66,28.63
Hyderabad,2025-06-20,30.92,16.52,19.49,0.25,1.29,1.53,29.98
Hyderabad,2025-06-21,29.95,16.97,19.42,0.26,1.42,1.48,30.49
Hyderabad,2025-06-22,31.2,17.3,18.11,0.35,1.18,1.82,30.05
Hyderabad,2025-06-23,31.6,16.72,18.59,0.35,1.37,1.33,30.05
Hyderabad,2025-06-24,30.71,17.44,19.08,0.32,1.18,1.53,29.74
Hyderabad,2025-06-25,30.57,18.05,19.27,0.27,1.35,1.23,29.28
Hyderabad,2025-06-26,29.36,16.79,20.28,0.43,1.02,1.49,30.63
Hyderabad,2025-06-27,31.97,18.02,18.3,0.46,1.33,1.42,28.5
Hyderabad,2025-06-28,29.91,17.72,19.95,0.48,1.34,1.24,29.37
Hyderabad,2025-06-29,31.77,18.13,18.65,0.29,1.27,1.51,28.38
Hyderabad,2025-06-30,30.92,16.32,19.89,0.48,1.23,1.48,29.69
Hyderabad,2025-07-01,29.84,17.34,19.23,0.39,0.98,1.21,31.02
Hyderabad,2025-07-02,29.03,17.71,19.44,0.36,0.96,1.52,30.99
Hyderabad,2025-07-03,30.54,17.45,19.49,0.44,1.1,1.34,29.66
Hyderabad,2025-07-04,30.25,16.04,19.37,0.32,1.23,1.54,31.24
Hyderabad,2025-07-05,29.65,16.91,19.72,0.3,1.28,1.59,30.54
Hyderabad,2025-07-06,30.77,16.61,17.86,0.23,1.26,1.54,31.74
Hyderabad,2025-07-07,29.46,16.37,19.42,0.27,1.03,1.41,32.05
Hyderabad,2025-07-08,30.58,17.07,18.7,0.51,1.05,1.33,30.76
Hyderabad,2025-07-09,30.33,17.66,18.51,0.24,1.11,1.57,30.57
Hyderabad,2025-07-10,31.55,16.69,18.44,0.3,0.95,1.38,30.69
Hyderabad,2025-07-11,31.55,17.8,17.8,0.29,1.07,1.11,30.37
Hyderabad,2025-07-12,31.33,17.9,18.02,0.33,1.55,1.41,29.46
Hyderabad,2025-07-13,31.63,17.14,19.38,0.38,1.4,1.64,28.42
Hyderabad,2025-07-14,30.49,16.71,19.82,0.81,1.21,1.25,29.7
Hyderabad,2025-07-15,34.17,17.72,17.4,0.38,1.1,1.15,28.08
Hyderabad,2025-07-16,31.47,18.7,18.32,0.28,1.2,1.45,28.59
Hyderabad,2025-07-17,32.28,17.79,19.14,0.32,1.17,1.44,27.85
Hyderabad,2025-07-18,30.73,17.85,18.09,0.36,1.01,1.36,30.6
Hyderabad,2025-07-19,32.25,17.55,19.88,0.15,0.91,1.27,28.0
Hyderabad,2025-07-20,32.0,18.33,19.08,0.24,1.13,1.66,27.55
Hyderabad,2025-07-21,32.45,17.95,18.08,0.29,0.89,1.4,28.94
Hyderabad,2025-07-22,31.96,18.39,18.35,0.23,0.89,1.63,28.55
Hyderabad,2025-07-23,31.88,18.29,17.82,0.25,1.09,1.29,29.38
Hyderabad,2025-07-24,31.47,17.5,18.08,0.36,1.06,1.52,30.0
Hyderabad,2025-07-25,32.55,17.53,17.98,0.09,0.87,1.79,29.19
Hyderabad,2025-07-26,31.71,17.71,17.88,0.29,1.29,1.56,29.56
Hyderabad,2025-07-27,32.6,17.51,18.19,0.27,1.14,1.31,28.97
Hyderabad,2025-07-28,30.75,18.26,19.22,0.33,1.06,1.37,29.02
Hyderabad,2025-07-29,31.91,18.41,18.52,0.39,0.94,1.44,28.38
Hyderabad,2025-07-30,31.76,18.37,18.8,0.34,0.85,1.56,28.32
Hyderabad,2025-07-31,30.52,17.84,18.95,0.11,1.21,1.15,30.22
Hyderabad,2025-08-01,31.54,17.34,18.93,0.16,0.91,1.4,29.73
Hyderabad,2025-08-02,32.24,17.45,18.59,0.18,0.96,1.57,29.01
Hyderabad,2025-08-03,35.5,17.1,18.45,0.13,0.86,1.27,26.69
Hyderabad,2025-08-04,34.6,17.42,18.08,0.13,0.99,1.49,27.31
Hyderabad,2025-08-05,34.47,17.31,17.72,0.3,0.92,1.35,27.92
Hyderabad,2025-08-06,33.07,19.06,17.26,0.19,1.08,1.7,27.63
Hyderabad,2025-08-07,32.36,18.95,17.82,0.42,1.23,1.47,27.75
Hyderabad,2025-08-08,33.1,18.97,18.53,0.22,1.02,1.62,26.53
Hyderabad,2025-08-09,33.38,19.71,18.16,0.68,1.07,1.61,25.39
Hyderabad,2025-08-10,33.22,18.31,18.13,0.24,1.17,1.48,27.45
Hyderabad,2025-08-11,32.04,18.04,19.28,0.38,1.15,1.85,27.27
Hyderabad,2025-08-12,32.33,18.6,18.7,0.37,1.13,1.37,27.51
Hyderabad,2025-08-13,32.76,18.32,18.75,0.3,1.05,1.45,27.36
Hyderabad,2025-08-14,32.47,17.89,19.5,0.28,1.13,1.38,27.36
Hyderabad,2025-08-15,34.89,18.17,17.63,0.19,1.23,1.48,26.4
Hyderabad,2025-08-16,34.07,18.94,17.65,0.14,1.57,1.55,26.09
Hyderabad,2025-08-17,33.73,19.37,17.92,0.35,1.04,1.35,26.25
Hyderabad,2025-08-18,32.54,18.64,18.76,0.2,1.16,1.57,27.14
Hyderabad,2025-08-19,32.48,17.79,18.2,0.2,1.12,1.58,28.63
Hyderabad,2025-08-20,31.76,18.11,18.84,0.27,1.08,1.62,28.32
Hyderabad,2025-08-21,31.19,18.79,18.13,0.24,1.34,1.51,28.81
Hyderabad,2025-08-22,32.02,18.18,17.58,0.2,1.16,1.88,28.97
Hyderabad,2025-08-23,32.7,18.09,18.52,0.16,1.22,1.37,27.93
Hyderabad,2025-08-24,32.83,17.39,19.15,0.24,1.34,1.44,27.62
Hyderabad,2025-08-25,32.13,18.58,19.85,0.24,0.99,1.3,26.92
Hyderabad,2025-08-26,33.2,18.48,18.85,0.11,1.32,1.23,26.81
Hyderabad,2025-08-27,31.99,17.62,19.27,0.15,1.02,1.31,28.65
Hyderabad,2025-08-28,31.07,17.76,19.55,0.21,1.13,1.25,29.03
Hyderabad,2025-08-29,30.51,17.29,19.17,0.27,1.03,1.35,30.37
Hyderabad,2025-08-30,31.02,18.55,19.04,0.23,1.15,1.25,28.76
Hyderabad,2025-08-31,31.21,17.21,20.1,0.09,1.13,1.43,28.82
Hyderabad,2025-09-01,30.7,18.54,19.75,0.14,0.93,1.29,28.65
Hyderabad,2025-09-02,31.76,18.76,19.02,0.15,0.95,1.42,27.93
Hyderabad,2025-09-03,39.33,21.45,15.12,0.1,0.69,1.22,22.09
Hyderabad,2025-09-04,40.2,22.05,14.16,0.09,0.71,0.99,21.8
Hyderabad,2025-09-05,39.0,20.79,15.55,0.17,0.72,1.22,22.55
Hyderabad,2025-09-06,38.93,21.16,14.82,0.11,0.83,1.14,23.02
Hyderabad,2025-09-07,39.08,21.79,14.55,0.16,0.89,0.99,22.54
Hyderabad,2025-09-08,37.82,21.81,15.43,0.12,0.91,1.1,22.81
Hyderabad,2025-09-09,36.34,23.0,15.4,0.17,0.8,1.23,23.06
Hyderabad,2025-09-10,36.36,20.73,16.67,0.15,0.86,1.34,23.89
Hyderabad,2025-09-11,34.03,21.28,17.26,0.17,0.75,1.36,25.14
Hyderabad,2025-09-12,34.24,19.69,18.42,0.18,0.82,1.29,25.35
Hyderabad,2025-09-13,35.63,20.38,16.47,0.21,0.97,1.36,24.98
Hyderabad,2025-09-14,33.91,20.02,16.01,0.13,0.91,1.0,28.02
Hyderabad,2025-09-15,36.63,21.18,15.5,0.15,0.75,1.15,24.65
Hyderabad,2025-09-16,36.19,20.95,17.01,0.18,0.81,1.23,23.63
Hyderabad,2025-09-17,35.08,20.35,16.86,0.17,1.03,1.5,25.0
Hyderabad,2025-09-18,34.98,19.98,16.44,0.17,1.0,1.35,26.07
Hyderabad,2025-09-19,35.9,20.05,16.1,0.17,0.78,1.4,25.58
Hyderabad,2025-09-20,35.2,20.62,16.31,0.1,0.94,1.18,25.64
Hyderabad,2025-09-21,39.18,21.31,13.16,0.22,0.93,1.03,24.17
Hyderabad,2025-09-22,39.69,22.66,14.18,0.18,0.71,0.96,21.61
Hyderabad,2025-09-23,38.83,21.86,14.89,0.18,0.93,1.09,22.22
Hyderabad,2025-09-24,37.36,21.66,15.2,0.29,0.9,0.89,23.69
Hyderabad,2025-09-25,35.47,21.52,16.37,0.31,1.02,1.24,24.07
Hyderabad,2025-09-26,34.96,21.31,16.04,0.33,1.1,1.18,25.08
Hyderabad,2025-09-27,35.53,20.04,16.94,0.27,0.97,1.07,25.17
Hyderabad,2025-09-28,33.33,19.72,15.91,0.22,1.03,0.93,28.86
Hyderabad,2025-09-29,36.12,20.15,16.24,0.26,1.11,0.96,25.16
Hyderabad,2025-09-30,34.48,19.74,17.31,0.34,1.16,1.43,25.54
Hyderabad,2025-10-01,36.66,20.24,16.45,0.3,1.12,1.06,24.17
Hyderabad,2025-10-02,36.79,21.65,15.14,0.2,1.04,1.1,24.07
Hyderabad,2025-10-03,36.28,21.66,16.28,0.19,1.01,1.01,23.57
Hyderabad,2025-10-04,36.85,20.61,16.48,0.22,1.26,1.07,23.5
Hyderabad,2025-10-05,36.66,20.64,16.0,0.24,0.8,1.19,24.46
Hyderabad,2025-10-06,36.54,20.91,16.62,0.19,0.87,1.13,23.74
Hyderabad,2025-10-07,36.0,21.54,16.91,0.14,0.56,1.2,23.66
Hyderabad,2025-10-08,34.9,21.21,17.45,0.26,0.79,1.1,24.3
Hyderabad,2025-10-09,34.98,20.85,17.14,0.23,0.88,1.32,24.61
Hyderabad,2025-10-10,34.18,20.49,17.38,0.28,1.05,1.52,25.1
Hyderabad,2025-10-11,35.14,20.33,17.26,0.25,1.09,0.93,24.99
Hyderabad,2025-10-12,35.77,20.47,17.0,0.31,0.98,0.92,24.54
Hyderabad,2025-10-13,35.38,19.09,18.4,0.32,0.94,1.1,24.76
Hyderabad,2025-10-14,33.38,20.64,17.65,0.33,1.17,1.24,25.59
Hyderabad,2025-10-15,34.61,19.73,18.34,0.28,1.12,1.35,24.56
Hyderabad,2025-10-16,34.56,19.66,18.22,0.39,1.18,1.11,24.89
Hyderabad,2025-10-17,34.24,20.19,18.81,0.1,0.97,1.11,24.59
Hyderabad,2025-10-18,36.05,20.19,17.58,0.32,1.01,1.08,23.76
Hyderabad,2025-10-19,34.94,19.68,18.28,0.18,0.86,1.39,24.67
Hyderabad,2025-10-20,35.0,19.52,18.15,0.26,1.0,1.54,24.53
Hyderabad,2025-10-21,34.45,19.46,19.25,0.17,0.75,1.35,24.57
Hyderabad,2025-10-22,33.32,19.24,18.89,0.31,1.06,1.56,25.61
Hyderabad,2025-10-23,33.56,19.65,18.83,0.35,1.01,1.19,25.41
Hyderabad,2025-10-24,33.73,20.44,18.12,0.32,1.19,0.87,25.34
Hyderabad,2025-10-25,35.01,19.63,18.34,0.11,0.87,1.28,24.76
Hyderabad,2025-10-26,34.92,20.36,17.67,0.15,1.01,0.95,24.94
Hyderabad,2025-10-27,33.6,19.67,18.27,0.16,0.97,1.37,25.96
Hyderabad,2025-10-28,33.16,19.17,19.01,0.2,0.95,1.27,26.23
Hyderabad,2025-10-29,33.37,19.99,18.86,0.32,1.12,1.25,25.09
Hyderabad,2025-10-30,34.36,17.53,19.03,0.45,0.71,1.15,26.76
Hyderabad,2025-10-31,34.45,17.73,19.72,0.2,1.01,1.24,25.65
Hyderabad,2025-11-01,34.12,18.75,19.28,0.21,0.93,1.09,25.62
Hyderabad,2025-11-02,34.6,19.05,18.9,0.19,1.16,1.09,25.01
Hyderabad,2025-11-03,35.47,19.36,17.81,0.36,1.34,1.34,24.31
Hyderabad,2025-11-04,40.19,22.78,14.76,0.27,0.7,0.97,20.33
Hyderabad,2025-11-05,37.61,21.35,17.49,0.18,0.71,1.08,21.59
Hyderabad,2025-11-06,36.43,20.53,18.31,0.36,1.13,1.26,21.97
Hyderabad,2025-11-07,35.34,20.21,17.8,0.27,1.14,1.21,24.02
Hyderabad,2025-11-08,35.29,20.53,17.84,0.28,1.17,1.55,23.34
Hyderabad,2025-11-09,35.96,19.94,17.67,0.24,0.99,1.53,23.67
Hyderabad,2025-11-10,34.52,20.36,18.64,0.15,0.88,1.03,24.41
Hyderabad,2025-11-11,36.56,20.36,17.53,0.22,0.81,0.9,23.62
Hyderabad,2025-11-12,34.57,20.93,18.32,0.15,0.91,1.34,23.77
Hyderabad,2025-11-13,34.7,19.57,18.92,0.27,0.87,1.33,24.34
Hyderabad,2025-11-14,34.35,19.78,19.32,0.25,0.93,1.29,24.08
Hyderabad,2025-11-15,38.09,19.39,17.49,0.17,1.18,1.12,22.55
Hyderabad,2025-11-16,35.54,20.55,17.77,0.21,1.13,1.31,23.49
Hyderabad,2025-11-17,34.13,19.0,19.5,0.22,1.16,1.68,24.31
Hyderabad,2025-11-18,33.74,18.28,20.26,0.16,0.99,1.03,25.54
Hyderabad,2025-11-19,33.09,19.48,18.86,0.2,1.24,1.2,25.92
Hyderabad,2025-11-20,33.04,18.54,20.14,0.23,1.17,1.24,25.65
Hyderabad,2025-11-21,32.17,18.32,20.92,0.21,1.23,1.22,25.93
Hyderabad,2025-11-22,33.43,19.06,19.99,0.16,1.13,1.17,25.07
Hyderabad,2025-11-23,34.3,18.74,19.09,0.14,1.04,1.03,25.66
Hyderabad,2025-11-24,33.49,19.74,19.11,0.2,1.06,1.25,25.16
Hyderabad,2025-11-25,46.53,25.4,11.35,0.11,0.71,0.83,15.07
Hyderabad,2025-11-26,41.04,22.79,14.94,0.15,0.74,1.08,19.25
Hyderabad,2025-11-27,39.05,21.01,16.35,0.19,0.95,0.89,21.55
Hyderabad,2025-11-28,37.07,19.21,18.04,0.24,0.91,0.98,23.54
Hyderabad,2025-11-29,34.97,18.73,18.86,0.2,1.05,1.01,25.18
Hyderabad,2025-11-30,35.1,20.21,18.77,0.19,0.97,1.23,23.53
Hyderabad,2025-12-01,33.29,19.14,18.76,0.28,1.15,1.22,26.17
Hyderabad,2025-12-02,35.19,20.39,18.38,0.16,1.01,1.06,23.81
Hyderabad,2025-12-03,34.62,20.56,19.52,0.22,0.87,1.06,23.14
Hyderabad,2025-12-04,35.05,20.45,18.89,0.1,0.99,0.9,23.62
Hyderabad,2025-12-05,34.43,19.48,19.02,0.18,1.3,1.01,24.58
Hyderabad,2025-12-06,36.59,20.51,16.94,0.08,1.05,0.99,23.83
Hyderabad,2025-12-07,36.03,18.99,18.06,0.23,1.05,1.13,24.51
Hyderabad,2025-12-08,34.88,19.63,18.52,0.18,0.98,1.35,24.46
Hyderabad,2025-12-09,35.01,19.61,18.5,0.14,1.1,0.88,24.76
Hyderabad,2025-12-10,35.49,19.33,18.67,0.14,1.0,0.89,24.47
Hyderabad,2025-12-11,35.45,18.17,18.67,0.2,0.99,1.28,25.23
Hyderabad,2025-12-12,33.11,20.0,18.41,0.21,1.29,1.05,25.93
Hyderabad,2025-12-13,33.01,18.27,19.89,0.26,1.09,1.28,26.19
Hyderabad,2025-12-14,35.11,20.6,17.72,0.1,1.29,1.22,23.95
Hyderabad,2025-12-15,37.08,21.09,16.85,0.19,0.99,1.04,22.77
Hyderabad,2025-12-16,34.61,19.76,18.7,0.12,0.94,1.26,24.62
Hyderabad,2025-12-17,33.17,20.45,20.13,0.29,0.89,1.18,23.89
Hyderabad,2025-12-18,33.26,19.59,18.96,0.22,1.03,1.17,25.77
Hyderabad,2025-12-19,33.24,20.32,19.13,0.03,0.89,1.32,25.07
Hyderabad,2025-12-20,32.04,20.49,20.28,0.1,1.27,1.26,24.57
Hyderabad,2025-12-21,33.4,19.4,19.88,0.16,1.12,1.44,24.6
Hyderabad,2025-12-22,33.39,19.24,19.74,0.23,1.12,1.18,25.1
Hyderabad,2025-12-23,33.15,19.19,20.26,0.14,0.93,1.16,25.16
Hyderabad,2025-12-24,31.97,19.24,20.24,0.21,1.17,0.95,26.23
Hyderabad,2025-12-25,32.49,18.9,19.39,0.16,1.29,1.16,26.6
Hyderabad,2025-12-26,32.19,18.81,21.42,0.19,1.08,1.22,25.08
Hyderabad,2025-12-27,31.66,18.64,20.69,0.21,1.1,1.13,26.57
Hyderabad,2025-12-28,31.92,19.35,20.45,0.19,1.46,1.19,25.43
Hyderabad,2025-12-29,30.81,18.89,20.59,0.49,1.12,1.42,26.69
Hyderabad,2025-12-30,30.23,18.45,21.83,0.34,1.0,1.24,26.91
Hyderabad,2025-12-31,31.43,16.9,20.99,0.37,1.36,1.54,27.42
Hyderabad,2026-01-01,33.2,19.32,20.31,0.13,0.97,1.14,24.93
Hyderabad,2026-01-02,34.52,18.08,20.02,0.19,0.88,1.42,24.89
Hyderabad,2026-01-03,33.08,19.28,20.71,0.09,1.02,1.35,24.48
Hyderabad,2026-01-04,33.63,19.06,19.11,0.15,1.02,1.25,25.77
Hyderabad,2026-01-05,35.83,20.91,18.23,0.18,0.78,1.18,22.89
Hyderabad,2026-01-06,35.9,19.05,19.2,0.15,0.79,1.17,23.75
Hyderabad,2026-01-07,33.96,19.63,19.15,0.14,0.61,1.66,24.84
Hyderabad,2026-01-08,32.56,19.13,19.54,0.2,0.84,1.51,26.22
Hyderabad,2026-01-09,32.47,18.28,19.89,0.21,1.02,1.19,26.94
Hyderabad,2026-01-10,33.31,18.85,19.38,0.19,1.22,1.34,25.71
Hyderabad,2026-01-11,33.28,20.18,18.84,0.3,1.21,1.18,24.99
Hyderabad,2026-01-12,32.58,19.49,18.69,0.33,0.83,1.69,26.39
Hyderabad,2026-01-13,38.93,21.59,15.79,0.28,0.76,1.01,21.65
Hyderabad,2026-01-14,35.4,21.72,17.49,0.18,0.97,1.26,22.98
Hyderabad,2026-01-15,34.91,20.39,18.65,0.12,1.02,1.21,23.7
Hyderabad,2026-01-16,34.56,20.29,19.14,0.18,1.05,1.79,22.99
Hyderabad,2026-01-17,32.84,20.55,18.92,0.16,1.02,1.34,25.17
Hyderabad,2026-01-18,34.68,19.69,17.88,0.17,1.13,1.29,25.16
Hyderabad,2026-01-19,34.1,18.92,18.74,0.12,0.85,1.55,25.71
Hyderabad,2026-01-20,35.95,20.6,17.74,0.25,0.84,1.16,23.46
Hyderabad,2026-01-21,34.86,20.03,18.77,0.23,0.79,1.29,24.03
Hyderabad,2026-01-22,33.85,18.8,19.17,0.08,1.37,1.41,25.32
Hyderabad,2026-01-23,33.52,18.66,19.99,0.16,1.32,1.47,24.88
Hyderabad,2026-01-24,32.99,18.86,18.87,0.15,1.3,1.25,26.59
Hyderabad,2026-01-25,35.68,17.96,18.78,0.14,1.24,1.37,24.84
Hyderabad,2026-01-26,37.9,19.47,17.11,0.17,1.14,1.18,23.04
Hyderabad,2026-01-27,38.08,19.71,16.86,0.17,0.88,1.32,22.98
Hyderabad,2026-01-28,34.56,19.59,18.88,0.25,1.09,1.26,24.37
Hyderabad,2026-01-29,33.63,17.46,21.33,0.19,1.08,1.74,24.59
Hyderabad,2026-01-30,33.29,18.52,19.99,0.24,0.77,1.65,25.53
Hyderabad,2026-01-31,32.19,17.82,21.23,0.21,1.38,1.05,26.13
Hyderabad,2026-02-01,31.88,18.68,21.4,0.26,0.9,1.32,25.56
Hyderabad,2026-02-02,33.22,18.97,19.41,0.15,1.09,1.13,26.04
Hyderabad,2026-02-03,33.48,18.4,19.72,0.11,0.95,1.15,26.2
Hyderabad,2026-02-04,32.07,18.04,21.44,0.12,1.04,1.66,25.62
Hyderabad,2026-02-05,33.01,18.37,19.8,0.24,0.95,1.63,25.99
Hyderabad,2026-02-06,32.83,19.06,19.23,0.19,0.88,1.55,26.25
Hyderabad,2026-02-07,33.01,17.9,20.37,0.15,1.39,1.22,25.95
Hyderabad,2026-02-08,34.7,17.31,20.37,0.21,1.0,1.33,25.09
Hyderabad,2026-02-09,33.46,18.37,19.72,0.25,0.79,1.38,26.02
Hyderabad,2026-02-10,33.46,17.35,20.71,0.16,0.96,1.23,26.12
Hyderabad,2026-02-11,33.78,18.34,20.84,0.14,1.03,1.3,24.58
Hyderabad,2026-02-12,32.44,17.68,21.47,0.19,1.09,1.04,26.09
Hyderabad,2026-02-13,32.51,17.02,21.36,0.2,1.32,1.06,26.52
Hyderabad,2026-02-14,33.77,17.36,20.26,0.16,1.14,1.18,26.13
Hyderabad,2026-02-15,30.15,16.37,18.91,0.05,0.76,1.2,32.56
Hyderabad,2026-02-16,31.97,17.06,20.9,0.26,0.93,1.36,27.52
Hyderabad,2026-02-17,35.58,18.67,19.05,0.18,0.74,1.14,24.64
Hyderabad,2026-02-18,35.66,17.74,18.43,0.08,0.96,1.16,25.98
Hyderabad,2026-02-19,33.54,20.62,17.85,0.17,0.74,1.08,26.0
Hyderabad,2026-02-20,36.53,19.18,17.21,0.23,0.81,1.04,25.0
Hyderabad,2026-02-21,34.76,18.85,19.44,0.14,0.76,1.41,24.64
Hyderabad,2026-02-22,31.09,17.36,22.04,0.15,0.93,0.82,27.6
Hyderabad,2026-02-23,32.65,18.01,20.58,0.13,1.13,1.08,26.43
Hyderabad,2026-02-24,34.03,18.1,18.88,0.26,0.86,1.48,26.39
Hyderabad,2026-02-25,34.13,17.53,19.41,0.13,0.83,1.1,26.87
Hyderabad,2026-02-26,31.05,17.97,19.78,0.17,1.1,0.92,29.02
Hyderabad,2026-02-27,31.9,17.94,20.55,0.21,0.87,1.11,27.43
Hyderabad,2026-02-28,32.64,17.37,19.75,0.11,0.9,1.28,27.94
Hyderabad,2026-03-01,30.65,17.25,20.7,0.17,1.05,1.0,29.17
Hyderabad,2026-03-02,31.2,16.19,21.84,0.36,0.74,1.44,28.24
Hyderabad,2026-03-03,31.35,18.23,20.12,0.12,0.56,1.18,28.43
Hyderabad,2026-03-04,32.03,17.11,20.63,0.16,1.09,1.4,27.57
Hyderabad,2026-03-05,30.34,15.76,20.18,0.21,0.92,1.08,31.51
Hyderabad,2026-03-06,32.05,17.69,21.53,0.27,0.78,1.22,26.45
Hyderabad,2026-03-07,32.39,16.97,21.41,0.09,0.99,1.25,26.9
Hyderabad,2026-03-08,30.22,15.67,22.46,0.19,0.89,1.03,29.55
Hyderabad,2026-03-09,31.51,17.0,21.25,0.11,1.06,1.43,27.65
Hyderabad,2026-03-10,32.01,17.99,20.32,0.27,1.05,1.24,27.13
Hyderabad,2026-03-11,31.22,18.83,19.96,0.16,1.15,1.26,27.42
Hyderabad,2026-03-12,31.73,18.15,20.51,0.13,0.76,1.34,27.36
Hyderabad,2026-03-13,31.39,18.41,20.29,0.2,1.01,1.37,27.33
Hyderabad,2026-03-14,33.67,17.55,19.97,0.1,0.94,1.41,26.36
Hyderabad,2026-03-15,31.8,18.28,20.89,0.25,1.06,1.25,26.46
Hyderabad,2026-03-16,31.89,17.72,20.62,0.25,0.88,1.05,27.6
Hyderabad,2026-03-17,34.9,18.47,19.79,0.29,0.87,1.24,24.44
Hyderabad,2026-03-18,32.12,18.45,20.49,0.11,0.84,1.08,26.9
Hyderabad,2026-03-19,32.94,17.86,21.56,0.19,0.99,1.27,25.2
Hyderabad,2026-03-20,33.96,18.67,20.75,0.08,0.83,1.14,24.56
Hyderabad,2026-03-21,33.95,18.32,20.62,0.19,0.96,1.08,24.88
Hyderabad,2026-03-22,33.58,17.61,21.65,0.26,0.78,0.84,25.28
Hyderabad,2026-03-23,32.87,17.23,22.9,0.23,0.94,1.25,24.58
Hyderabad,2026-03-24,33.9,18.45,21.41,0.23,0.56,1.25,24.21
Hyderabad,2026-03-25,35.59,17.64,21.16,0.18,0.84,1.23,23.36
Hyderabad,2026-03-26,33.47,17.7,20.74,0.29,0.91,0.98,25.9
Hyderabad,2026-03-27,34.09,18.65,20.34,0.27,1.02,1.11,24.51
Hyderabad,2026-03-28,34.02,18.92,19.39,0.15,0.87,1.08,25.56
Hyderabad,2026-03-29,33.74,19.5,19.87,0.21,0.89,1.02,24.77
Hyderabad,2026-03-30,33.18,19.19,20.1,0.36,0.99,1.21,24.97
Hyderabad,2026-03-31,31.33,18.38,21.03,0.31,0.98,1.29,26.68
Hyderabad,2026-04-01,33.33,18.71,20.06,0.21,0.66,1.11,25.91
Hyderabad,2026-04-02,32.61,18.72,20.28,0.18,0.72,1.32,26.17
Hyderabad,2026-04-03,31.97,17.41,21.5,0.2,0.88,1.29,26.75
Hyderabad,2026-04-04,31.66,17.26,21.05,0.18,1.08,1.15,27.62
Hyderabad,2026-04-05,32.65,17.24,21.34,0.17,0.89,1.5,26.21
Hyderabad,2026-04-06,30.28,18.44,21.69,0.12,0.73,1.27,27.47
Hyderabad,2026-04-07,30.53,17.37,22.09,0.2,0.96,0.99,27.85
Hyderabad,2026-04-08,30.88,19.12,20.51,0.17,0.94,1.03,27.37
Hyderabad,2026-04-09,31.37,18.51,20.84,0.19,0.83,1.1,27.15
Hyderabad,2026-04-10,32.61,17.65,19.99,0.19,0.85,1.14,27.57
Hyderabad,2026-04-11,31.22,17.13,21.38,0.1,1.0,1.07,28.09
Hyderabad,2026-04-12,31.0,17.98,20.5,0.18,0.86,1.36,28.12
Hyderabad,2026-04-13,30.49,17.06,21.69,0.28,0.75,1.31,28.41
Hyderabad,2026-04-14,31.18,16.2,21.93,0.29,0.96,1.3,28.14
Hyderabad,2026-04-15,32.26,17.09,21.59,0.2,0.86,1.09,26.91
Hyderabad,2026-04-16,31.34,16.55,22.33,0.18,0.89,1.34,27.37
Hyderabad,2026-04-17,29.44,16.65,22.27,0.15,1.0,1.39,29.08
Hyderabad,2026-04-18,30.09,16.77,22.62,0.09,0.73,0.94,28.76
Hyderabad,2026-04-19,32.0,16.63,22.66,0.09,0.91,1.17,26.55
Hyderabad,2026-04-20,30.04,16.72,23.69,0.18,0.92,1.16,27.3
Hyderabad,2026-04-21,31.5,17.03,21.35,0.17,1.02,1.33,27.59
Hyderabad,2026-04-22,32.97,16.59,21.57,0.12,0.83,1.33,26.59
Hyderabad,2026-04-23,31.0,17.04,22.43,0.09,0.81,1.01,27.62
Hyderabad,2026-04-24,31.4,16.26,21.62,0.26,0.85,0.99,28.62
Hyderabad,2026-04-25,30.86,17.78,21.78,0.24,0.98,1.28,27.08
Hyderabad,2026-04-26,30.98,16.21,23.35,0.18,1.2,1.26,26.81
Hyderabad,2026-04-27,32.57,16.82,21.35,0.23,0.88,1.32,26.83
Hyderabad,2026-04-28,31.78,16.66,21.18,0.31,0.95,1.53,27.58
Hyderabad,2026-04-29,31.63,16.48,20.76,0.4,0.85,1.18,28.69
Hyderabad,2026-04-30,28.95,16.43,22.6,0.33,1.07,1.44,29.18
Hyderabad,2026-05-01,29.7,16.68,23.88,0.15,1.05,1.21,27.33
Hyderabad,2026-05-02,30.6,16.63,21.87,0.12,1.04,1.43,28.3
Hyderabad,2026-05-03,31.16,17.22,22.42,0.15,0.79,1.19,27.07
Hyderabad,2026-05-04,29.64,17.73,22.26,0.14,0.85,1.44,27.96
Hyderabad,2026-05-05,29.2,16.47,23.12,0.18,1.02,1.49,28.53
Hyderabad,2026-05-06,30.46,16.33,23.21,0.25,1.09,1.24,27.42
Hyderabad,2026-05-07,30.45,17.96,22.43,0.1,0.95,1.21,26.9
Hyderabad,2026-05-08,30.19,16.14,21.96,0.21,0.93,1.2,29.36
Hyderabad,2026-05-09,30.23,16.16,23.02,0.09,1.19,1.36,27.95
Hyderabad,2026-05-10,31.38,17.74,22.96,0.11,0.99,1.06,25.76
Hyderabad,2026-05-11,31.01,16.33,23.29,0.12,0.97,1.24,27.05
Hyderabad,2026-05-12,31.42,17.55,22.45,0.17,1.16,1.45,25.8
Hyderabad,2026-05-13,31.83,16.74,22.35,0.14,0.98,1.2,26.75
Hyderabad,2026-05-14,30.57,17.29,21.76,0.18,0.89,1.25,28.06
Hyderabad,2026-05-15,31.92,17.23,21.41,0.22,1.09,1.26,26.86
Hyderabad,2026-05-16,30.72,16.28,22.61,0.23,1.1,1.5,27.56
Hyderabad,2026-05-17,30.57,17.0,22.04,0.23,1.16,1.29,27.72
Hyderabad,2026-05-18,30.96,16.88,21.91,0.29,1.07,1.32,27.57
Hyderabad,2026-05-19,30.01,16.85,22.07,0.33,1.17,1.06,28.51
Hyderabad,2026-05-20,29.69,17.42,22.89,0.21,1.02,1.12,27.65
Hyderabad,2026-05-21,28.22,15.12,20.72,0.2,0.92,0.81,34.01
Hyderabad,2026-05-22,32.18,16.74,22.2,0.18,0.77,0.99,26.93
Hyderabad,2026-05-23,30.22,15.95,22.0,0.15,1.3,1.02,29.35
Hyderabad,2026-05-24,29.93,17.07,21.53,0.16,0.97,1.02,29.32
Hyderabad,2026-05-25,29.69,17.91,22.12,0.14,0.97,0.82,28.34
Hyderabad,2026-05-26,31.01,17.61,21.12,0.14,0.92,1.12,28.07
Hyderabad,2026-05-27,29.9,17.94,21.76,0.09,1.04,0.99,28.28
Hyderabad,2026-05-28,36.49,20.2,18.36,0.23,0.93,0.54,23.25
Hyderabad,2026-05-29,33.96,19.15,20.23,0.23,0.99,0.91,24.54
Hyderabad,2026-05-30,31.5,18.45,21.0,0.2,0.9,0.97,27.0
Hyderabad,2026-05-31,32.14,18.53,21.31,0.1,1.11,1.28,25.54
Hyderabad,2026-06-01,30.49,18.83,22.02,0.2,0.86,1.31,26.28
Hyderabad,2026-06-02,31.26,17.61,22.55,0.13,0.83,0.83,26.79
Hyderabad,2026-06-03,30.38,18.13,22.29,0.15,0.9,1.32,26.82
Hyderabad,2026-06-04,32.56,18.18,21.82,0.07,0.79,1.23,25.35
Hyderabad,2026-06-05,30.86,17.73,22.83,0.11,0.76,0.95,26.76
Hyderabad,2026-06-06,31.43,16.06,22.45,0.07,1.1,1.17,27.71
Hyderabad,2026-06-07,31.17,17.96,21.1,0.1,1.37,1.23,27.06
Hyderabad,2026-06-08,32.0,16.92,21.59,0.1,0.9,1.23,27.25
Hyderabad,2026-06-09,32.65,16.73,20.83,0.11,0.76,1.03,27.89
Hyderabad,2026-06-10,31.38,16.56,21.91,0.09,1.0,1.23,27.83
Hyderabad,2026-06-11,32.25,15.83,22.84,0.03,0.94,1.51,26.59
Hyderabad,2026-06-12,31.73,17.03,22.0,0.09,0.92,1.22,27.01
Hyderabad,2026-06-13,30.36,16.88,22.62,0.13,0.9,0.97,28.13
Hyderabad,2026-06-14,30.7,17.54,23.07,0.1,1.0,0.78,26.81
Hyderabad,2026-06-15,31.58,16.18,21.54,0.17,0.94,0.96,28.62
Hyderabad,2026-06-16,30.47,17.2,22.99,0.2,0.89,1.27,26.97
Hyderabad,2026-06-17,30.85,16.41,23.04,0.16,0.88,1.17,27.49
Hyderabad,2026-06-18,30.26,17.19,23.2,0.13,0.71,0.88,27.63
Hyderabad,2026-06-19,30.51,16.02,23.12,0.15,1.07,1.18,27.95
Hyderabad,2026-06-20,29.96,16.31,24.14,0.09,0.92,1.21,27.38
Hyderabad,2026-06-21,28.68,16.56,24.03,0.11,1.21,1.02,28.39
Hyderabad,2026-06-22,29.32,17.24,23.07,0.12,1.23,1.32,27.7
Hyderabad,2026-06-23,29.99,15.92,22.91,0.09,1.25,1.28,28.55
Hyderabad,2026-06-24,28.76,17.19,23.5,0.15,1.18,1.07,28.16
Hyderabad,2026-06-25,27.25,16.71,24.37,0.15,1.01,1.07,29.43
Hyderabad,2026-06-26,29.15,15.99,23.27,0.17,0.81,1.05,29.56
Hyderabad,2026-06-27,30.06,16.67,21.98,0.13,1.14,1.35,28.66
Hyderabad,2026-06-28,29.54,15.28,22.4,0.12,1.0,1.07,30.59
Hyderabad,2026-06-29,31.68,14.95,22.6,0.23,1.18,0.88,28.49
Hyderabad,2026-06-30,33.26,16.87,21.78,0.11,0.6,1.12,26.24
Hyderabad,2026-07-01,31.69,16.62,22.1,0.11,1.12,0.8,27.56
Hyderabad,2026-07-02,30.02,17.32,21.81,0.39,1.0,1.16,28.31
Hyderabad,2026-07-03,31.49,15.42,22.07,0.16,1.01,1.2,28.65
Hyderabad,2026-07-04,30.65,15.66,23.34,0.17,1.02,1.0,28.16
Hyderabad,2026-07-05,31.36,15.92,22.63,0.15,0.89,1.06,27.99
Hyderabad,2026-07-06,31.41,15.21,22.56,0.17,0.81,1.32,28.52
Hyderabad,2026-07-07,30.65,16.2,22.77,0.17,0.57,0.85,28.8
Hyderabad,2026-07-08,30.68,19.18,21.43,0.11,0.87,1.18,26.56
Hyderabad,2026-07-09,34.41,19.05,19.08,0.1,0.65,1.03,25.69
Hyderabad,2026-07-10,31.46,18.74,20.91,0.17,0.84,1.01,26.87
Hyderabad,2026-07-11,31.52,16.95,21.07,0.27,0.96,1.08,28.16
Hyderabad,2026-07-12,29.94,18.63,21.27,0.15,1.07,0.86,28.08
Hyderabad,2026-07-13,30.09,16.94,21.7,0.13,1.02,0.86,29.27
Hyderabad,2026-07-14,31.37,17.66,20.96,0.12,0.97,1.12,27.81
Hyderabad,2026-07-15,31.88,17.52,21.23,0.21,0.88,0.85,27.42
Hyderabad,2026-07-16,30.9,16.16,22.07,0.17,1.13,1.1,28.47
Hyderabad,2026-07-17,30.86,16.37,22.93,0.18,0.85,1.11,27.69
Hyderabad,2026-07-18,29.53,16.27,23.43,0.1,1.15,0.92,28.6
Hyderabad,2026-07-19,30.41,16.69,23.01,0.23,1.1,0.9,27.66
Hyderabad,2026-07-20,30.61,15.67,23.6,0.15,0.98,1.07,27.93
Hyderabad,2026-07-21,30.73,16.7,21.32,0.27,0.89,0.86,29.23
Hyderabad,2026-07-22,28.3,16.51,23.02,0.21,1.0,0.95,30.01
Hyderabad,2026-07-23,31.85,15.95,21.2,0.17,0.97,1.1,28.75
Hyderabad,2026-07-24,35.04,18.91,18.27,0.18,0.9,0.99,25.72
Hyderabad,2026-07-25,31.38,17.01,21.49,0.09,0.83,0.98,28.23
Hyderabad,2026-07-26,31.54,17.68,20.3,0.19,1.01,0.93,28.34
Hyderabad,2026-07-27,32.33,16.96,20.51,0.28,0.97,1.01,27.94
Hyderabad,2026-07-28,32.12,16.81,21.47,0.13,1.03,0.99,27.46
Hyderabad,2026-07-29,30.58,16.76,21.67,0.19,0.93,0.84,29.03
Hyderabad,2026-07-30,32.22,16.27,21.35,0.13,0.89,1.24,27.91
Hyderabad,2026-07-31,30.22,16.58,22.25,0.09,0.88,0.94,29.04
Hyderabad,2026-08-01,30.32,15.54,22.38,0.31,0.6,1.04,29.82
Hyderabad,2026-08-02,30.72,15.64,21.98,0.16,0.85,1.22,29.44
Hyderabad,2026-08-03,31.78,16.5,20.97,0.18,1.17,1.22,28.18
Hyderabad,2026-08-04,30.66,16.77,22.63,0.17,0.81,0.97,28.0
Hyderabad,2026-08-05,31.99,17.59,20.83,0.16,0.95,0.89,27.59
Hyderabad,2026-08-06,33.58,16.58,19.41,0.15,0.62,1.13,28.54
Hyderabad,2026-08-07,32.7,15.75,20.78,0.12,1.0,1.09,28.56
Hyderabad,2026-08-08,30.95,16.1,21.51,0.23,0.79,1.25,29.17
Hyderabad,2026-08-09,31.32,16.05,21.48,0.17,1.06,1.19,28.74
Hyderabad,2026-08-10,30.93,16.23,22.31,0.33,0.94,1.26,28.0
Hyderabad,2026-08-11,30.24,16.64,22.29,0.22,0.84,1.13,28.63
Hyderabad,2026-08-12,32.2,16.09,21.72,0.18,0.77,1.08,27.96
Hyderabad,2026-08-13,30.96,17.67,21.11,0.12,0.95,0.6,28.59
Hyderabad,2026-08-14,32.63,16.77,21.33,0.07,0.99,0.99,27.22
Hyderabad,2026-08-15,33.79,17.1,20.7,0.17,0.96,1.0,26.27
Hyderabad,2026-08-16,32.13,16.15,20.54,0.2,1.08,0.79,29.1
Hyderabad,2026-08-17,31.05,18.14,21.58,0.16,0.98,0.97,27.12
Hyderabad,2026-08-18,33.08,17.1,20.49,0.21,0.88,1.0,27.24
Hyderabad,2026-08-19,31.6,16.4,21.13,0.16,0.89,1.12,28.69
Hyderabad,2026-08-20,32.14,16.82,21.25,0.3,0.95,0.97,27.56
Hyderabad,2026-08-21,32.62,16.42,20.53,0.1,0.85,1.27,28.21
Hyderabad,2026-08-22,33.21,15.96,20.19,0.22,1.04,1.29,28.08
Hyderabad,2026-08-23,31.83,16.34,20.38,0.16,1.02,1.14,29.12
Hyderabad,2026-08-24,30.45,17.74,21.14,0.19,1.02,1.15,28.31
Hyderabad,2026-08-25,30.93,17.07,20.66,0.21,1.23,0.87,29.03
Hyderabad,2026-08-26,35.67,16.86,19.34,0.07,0.7,0.89,26.47
Hyderabad,2026-08-27,33.61,17.21,19.29,0.14,0.62,0.86,28.27
Hyderabad,2026-08-28,31.7,17.38,20.8,0.11,0.7,0.69,28.62
Hyderabad,2026-08-29,33.2,16.29,19.54,0.11,0.7,0.93,29.22
Hyderabad,2026-08-30,30.94,15.71,21.64,0.14,1.12,1.31,29.14
Hyderabad,2026-08-31,31.16,15.95,20.9,0.12,0.94,1.03,29.9
Indore,2025-01-01,34.15,38.51,13.18,0.17,0.69,1.55,11.75
Indore,2025-01-02,32.68,39.43,12.91,0.05,0.54,1.63,12.76
Indore,2025-01-03,34.57,37.34,12.11,0.15,1.61,1.71,12.51
Indore,2025-01-04,34.45,34.85,14.29,0.25,1.43,1.78,12.95
Indore,2025-01-05,34.75,36.0,12.3,0.1,0.9,1.9,14.05
Indore,2025-01-06,34.67,36.54,11.92,0.1,1.04,2.03,13.69
Indore,2025-01-07,34.94,37.11,11.76,0.25,1.28,1.67,12.99
Indore,2025-01-08,35.41,38.32,12.77,0.05,0.97,1.23,11.24
Indore,2025-01-09,36.12,37.37,13.13,0.05,1.2,1.8,10.32
Indore,2025-01-10,35.39,36.51,12.71,0.24,0.88,2.05,12.22
Indore,2025-01-11,33.71,38.15,12.44,0.05,0.88,2.17,12.6
Indore,2025-01-12,37.67,34.69,13.54,,0.95,1.33,11.83
Indore,2025-01-13,36.78,37.97,12.83,0.16,0.62,1.61,10.03
Indore,2025-01-14,34.61,39.96,12.28,0.1,0.76,1.17,11.11
Indore,2025-01-15,35.54,38.33,11.88,0.28,0.9,1.23,11.83
Indore,2025-01-16,36.28,38.56,11.85,0.1,0.73,1.89,10.59
Indore,2025-01-17,37.6,36.83,11.47,0.3,0.86,2.37,10.56
Indore,2025-01-18,35.74,39.15,11.72,0.13,1.01,1.62,10.63
Indore,2025-01-19,32.96,42.41,11.03,0.26,1.33,2.35,9.66
Indore,2025-01-20,33.8,41.21,11.89,0.23,0.75,1.35,10.77
Indore,2025-01-21,32.45,40.56,12.0,0.3,0.76,2.32,11.62
Indore,2025-01-22,36.18,37.76,12.9,0.09,0.64,1.11,11.32
Indore,2025-01-23,35.02,37.56,13.14,0.36,1.27,1.22,11.42
Indore,2025-01-24,32.64,39.48,14.65,0.13,0.59,1.06,11.44
Indore,2025-01-25,33.17,38.5,14.47,0.08,0.86,1.31,11.6
Indore,2025-01-26,33.78,39.1,11.89,0.46,0.8,1.55,12.43
Indore,2025-01-27,34.6,37.91,14.87,0.21,0.5,1.3,10.6
Indore,2025-01-28,34.65,39.71,12.27,0.17,0.63,1.56,11.0
Indore,2025-01-29,33.56,38.25,13.57,0.17,0.74,1.08,12.62
Indore,2025-01-30,34.94,40.18,12.79,0.14,0.51,1.58,9.87
Indore,2025-01-31,33.85,39.83,11.41,0.23,0.87,2.12,11.68
Indore,2025-02-01,37.67,35.95,12.72,0.3,0.65,1.42,11.29
Indore,2025-02-02,34.39,39.87,12.29,0.08,0.92,1.3,11.16
Indore,2025-02-03,35.95,39.87,11.05,0.27,1.02,1.51,10.33
Indore,2025-02-04,34.98,38.85,11.62,0.4,1.07,1.56,11.53
Indore,2025-02-05,33.83,36.97,14.82,0.18,1.63,1.46,11.12
Indore,2025-02-06,35.36,38.66,13.02,0.63,1.12,1.65,9.57
Indore,2025-02-07,35.35,37.55,12.08,0.42,1.21,1.68,11.71
Indore,2025-02-08,33.32,38.72,12.69,0.26,0.88,1.71,12.42
Indore,2025-02-09,32.38,37.4,13.91,0.23,1.13,1.22,13.73
Indore,2025-02-10,33.94,38.8,12.96,0.23,0.5,2.11,11.45
Indore,2025-02-11,34.01,39.57,12.33,0.37,0.88,2.04,10.8
Indore,2025-02-12,34.13,37.92,12.53,0.14,1.08,2.03,12.17
Indore,2025-02-13,37.15,37.33,12.16,0.09,0.72,1.67,10.9
Indore,2025-02-14,34.75,37.07,13.73,0.38,0.43,1.7,11.93
Indore,2025-02-15,33.76,39.81,11.67,0.05,1.43,1.75,11.53
Indore,2025-02-16,33.9,37.54,12.89,0.54,1.03,1.71,12.39
Indore,2025-02-17,32.61,37.21,14.88,0.61,1.17,1.03,12.48
Indore,2025-02-18,34.66,37.62,14.15,0.39,0.87,1.21,11.1
Indore,2025-02-19,35.55,39.4,12.4,0.2,0.9,1.55,10.0
Indore,2025-02-20,36.19,37.84,14.26,0.14,0.71,1.36,9.51
Indore,2025-02-21,36.88,37.35,13.09,0.28,0.94,1.51,9.94
Indore,2025-02-22,32.92,36.61,14.68,0.36,0.98,2.49,11.97
Indore,2025-02-23,36.6,37.43,13.17,0.14,0.51,1.76,10.4
Indore,2025-02-24,33.6,40.18,13.35,0.23,0.89,1.27,10.48
Indore,2025-02-25,32.72,38.14,14.34,0.05,0.78,2.07,11.9
Indore,2025-02-26,35.62,36.91,13.58,0.23,0.64,1.89,11.14
Indore,2025-02-27,35.49,39.6,12.61,0.09,0.86,1.08,10.26
Indore,2025-02-28,34.81,37.2,14.72,0.45,0.75,1.64,10.44
Indore,2025-03-01,33.99,39.68,13.97,0.13,0.62,1.65,9.96
Indore,2025-03-02,35.8,38.27,13.35,0.15,0.92,1.06,10.45
Indore,2025-03-03,33.83,41.33,12.42,0.3,0.94,1.54,9.64
Indore,2025-03-04,33.67,39.35,13.32,0.56,0.73,2.19,10.17
Indore,2025-03-05,33.65,37.91,16.11,0.11,0.79,1.37,10.06
Indore,2025-03-06,35.36,38.23,12.99,0.19,0.68,1.07,11.48
Indore,2025-03-07,34.09,38.83,13.72,0.23,0.87,2.37,9.89
Indore,2025-03-08,33.33,38.06,14.09,0.43,0.76,1.91,11.41
Indore,2025-03-09,33.28,39.5,14.68,0.27,0.65,1.8,9.82
Indore,2025-03-10,35.56,35.51,14.67,0.21,0.72,1.74,11.6
Indore,2025-03-11,32.83,38.34,14.0,0.24,1.07,2.29,11.22
Indore,2025-03-12,36.59,37.55,13.21,0.1,0.51,1.82,10.22
Indore,2025-03-13,37.04,38.53,13.3,0.37,0.56,1.74,8.45
Indore,2025-03-14,34.84,40.51,12.29,0.38,1.21,1.53,9.24
Indore,2025-03-15,35.22,38.62,12.46,0.05,0.57,1.32,11.76
Indore,2025-03-16,33.48,42.05,11.64,0.14,0.91,1.13,10.65
Indore,2025-03-17,35.8,37.97,14.54,,0.64,1.38,9.66
Indore,2025-03-18,36.3,38.07,12.69,0.48,0.48,2.44,9.53
Indore,2025-03-19,33.87,39.67,13.9,0.21,0.75,1.65,9.96
Indore,2025-03-20,31.93,40.9,15.27,0.3,0.79,1.29,9.52
Indore,2025-03-21,35.8,38.6,12.85,0.2,1.07,1.57,9.9
Indore,2025-03-22,33.6,38.22,14.31,0.35,1.09,1.59,10.83
Indore,2025-03-23,36.03,39.49,14.05,0.1,0.52,1.26,8.55
Indore,2025-03-24,34.98,38.36,15.65,0.11,0.74,1.26,8.9
Indore,2025-03-25,33.33,37.68,14.83,0.1,1.1,1.78,11.16
Indore,2025-03-26,35.94,35.78,14.99,0.36,1.4,1.4,10.13
Indore,2025-03-27,34.08,37.53,15.03,0.26,0.78,1.93,10.39
Indore,2025-03-28,32.68,38.54,16.11,0.17,0.79,1.52,10.2
Indore,2025-03-29,33.79,37.77,14.41,0.66,0.76,1.69,10.92
Indore,2025-03-30,33.81,37.39,14.22,0.82,0.72,1.59,11.46
Indore,2025-03-31,32.09,37.81,15.1,0.26,0.82,1.99,11.94
Indore,2025-04-01,34.4,36.11,14.66,0.28,0.72,1.6,12.24
Indore,2025-04-02,33.5,35.82,15.51,0.38,0.86,2.32,11.62
Indore,2025-04-03,30.92,38.05,14.92,0.31,1.03,2.36,12.41
Indore,2025-04-04,35.01,34.9,14.72,0.49,0.98,2.35,11.54
Indore,2025-04-05,34.91,36.33,13.53,0.16,0.79,2.05,12.22
Indore,2025-04-06,33.92,35.07,15.4,0.3,1.1,1.96,12.24
Indore,2025-04-07,34.58,38.18,14.9,0.47,0.93,1.75,9.2
Indore,2025-04-08,36.57,35.28,14.6,0.53,0.76,1.4,10.86
Indore,2025-04-09,33.94,36.77,14.22,0.06,1.42,1.59,12.01
Indore,2025-04-10,36.08,34.35,14.15,0.31,1.32,2.14,11.65
Indore,2025-04-11,33.78,37.99,14.55,0.29,0.82,1.46,11.1
Indore,2025-04-12,35.18,35.86,15.96,0.16,0.74,1.74,10.37
Indore,2025-04-13,33.62,39.49,13.42,,0.86,1.45,11.15
Indore,2025-04-14,35.26,38.14,12.82,0.48,0.85,1.34,11.11
Indore,2025-04-15,34.14,38.17,13.65,0.4,1.02,1.98,10.65
Indore,2025-04-16,35.71,35.1,14.99,0.28,1.39,1.67,10.86
Indore,2025-04-17,35.13,34.97,17.38,0.27,0.54,1.89,9.82
Indore,2025-04-18,34.04,38.79,14.11,0.11,0.9,1.22,10.84
Indore,2025-04-19,32.52,37.22,15.37,0.27,0.81,1.73,12.08
Indore,2025-04-20,35.62,35.66,14.17,0.05,0.81,1.82,11.87
Indore,2025-04-21,32.59,34.73,16.73,0.2,0.56,1.73,13.46
Indore,2025-04-22,31.41,35.98,14.81,0.16,0.79,2.26,14.6
Indore,2025-04-23,32.45,35.39,16.39,0.34,0.79,1.58,13.06
Indore,2025-04-24,29.0,35.67,16.3,0.29,0.7,1.68,16.36
Indore,2025-04-25,32.56,34.25,17.01,0.34,0.62,2.14,13.07
Indore,2025-04-26,32.78,34.06,16.79,0.21,0.96,1.91,13.28
Indore,2025-04-27,30.75,34.17,16.78,0.41,0.92,1.73,15.25
Indore,2025-04-28,33.1,35.84,17.29,0.22,0.99,1.21,11.36
Indore,2025-04-29,32.75,37.38,16.71,0.28,0.73,1.07,11.07
Indore,2025-04-30,32.7,37.34,15.72,0.34,0.8,1.43,11.66
Indore,2025-05-01,33.6,34.92,15.93,0.32,0.53,1.16,13.54
Indore,2025-05-02,32.9,37.01,15.9,0.16,1.2,1.4,11.43
Indore,2025-05-03,29.49,35.69,15.57,0.1,0.92,1.99,16.25
Indore,2025-05-04,32.36,34.82,16.96,0.5,1.25,2.11,11.99
Indore,2025-05-05,34.01,34.38,17.25,0.32,1.12,1.76,11.16
Indore,2025-05-06,36.45,35.98,13.91,0.12,0.71,1.95,10.89
Indore,2025-05-07,31.51,35.52,18.65,0.64,0.64,1.91,11.14
Indore,2025-05-08,33.66,33.17,19.28,0.24,0.61,2.14,10.89
Indore,2025-05-09,31.52,37.69,17.2,0.06,0.84,1.26,11.44
Indore,2025-05-10,32.54,39.08,15.35,0.26,0.69,1.85,10.23
Indore,2025-05-11,33.25,34.41,17.06,0.19,0.82,1.83,12.45
Indore,2025-05-12,32.59,34.22,17.9,0.28,1.26,1.54,12.21
Indore,2025-05-13,31.56,37.68,15.66,0.19,0.85,1.9,12.15
Indore,2025-05-14,32.53,38.16,15.96,0.19,1.02,1.16,10.98
Indore,2025-05-15,30.18,36.3,19.22,0.28,1.21,1.44,11.37
Indore,2025-05-16,32.05,38.32,15.84,0.23,1.07,1.67,10.82
Indore,2025-05-17,33.88,38.0,14.94,0.18,1.2,1.11,10.69
Indore,2025-05-18,30.79,36.05,16.73,0.26,0.73,1.68,13.76
Indore,2025-05-19,31.99,35.38,18.91,0.34,1.03,1.63,10.72
Indore,2025-05-20,32.41,34.02,18.76,0.49,0.93,1.33,12.05
Indore,2025-05-21,32.12,35.75,17.9,0.38,0.81,2.01,11.02
Indore,2025-05-22,32.02,37.95,17.4,0.82,0.87,1.0,9.95
Indore,2025-05-23,33.43,36.34,16.07,0.58,1.08,2.12,10.37
Indore,2025-05-24,33.56,34.61,16.8,0.29,1.05,1.55,12.14
Indore,2025-05-25,31.55,34.59,18.45,0.3,0.94,1.67,12.49
Indore,2025-05-26,33.2,33.68,17.82,0.35,0.87,1.57,12.49
Indore,2025-05-27,31.63,33.29,18.52,0.27,0.58,1.79,13.91
Indore,2025-05-28,33.44,33.8,18.67,0.67,0.81,1.88,10.74
Indore,2025-05-29,32.28,33.97,18.31,0.78,0.73,1.05,12.88
Indore,2025-05-30,30.93,33.59,17.19,0.92,0.6,1.65,15.12
Indore,2025-05-31,32.58,34.13,20.95,0.22,1.29,1.51,9.32
Indore,2025-06-01,30.92,33.43,18.85,0.64,1.02,1.19,13.94
Indore,2025-06-02,32.45,34.28,20.93,0.46,1.24,1.65,8.99
Indore,2025-06-03,31.46,31.06,15.99,0.32,0.96,1.24,18.96
Indore,2025-06-04,32.84,36.6,18.0,0.05,1.27,0.97,10.27
Indore,2025-06-05,34.06,34.21,17.73,0.89,0.79,1.29,11.02
Indore,2025-06-06,33.84,35.37,17.43,0.55,1.2,1.62,9.99
Indore,2025-06-07,31.14,36.59,19.11,0.95,0.72,1.62,9.87
Indore,2025-06-08,31.14,36.38,19.23,0.61,1.52,1.65,9.48
Indore,2025-06-09,30.08,36.5,19.89,0.34,1.16,1.88,10.14
Indore,2025-06-10,30.42,34.47,20.4,0.43,1.06,2.46,10.75
Indore,2025-06-11,29.36,36.65,19.7,0.29,0.87,1.88,11.25
Indore,2025-06-12,30.72,34.07,21.46,0.4,0.85,1.7,10.81
Indore,2025-06-13,33.83,32.62,20.23,0.29,0.58,1.6,10.84
Indore,2025-06-14,32.66,35.23,20.05,0.19,1.07,0.84,9.95
Indore,2025-06-15,31.22,36.52,19.68,0.36,0.9,1.4,9.91
Indore,2025-06-16,31.02,32.54,21.47,0.67,0.9,1.81,11.59
Indore,2025-06-17,31.31,32.58,21.28,0.59,1.08,1.81,11.35
Indore,2025-06-18,32.94,36.18,19.15,0.44,0.64,1.42,9.23
Indore,2025-06-19,31.69,34.43,19.57,0.46,1.01,1.55,11.29
Indore,2025-06-20,32.57,34.06,20.15,0.65,0.85,1.45,10.27
Indore,2025-06-21,31.59,35.56,19.05,0.31,1.12,1.47,10.89
Indore,2025-06-22,34.11,34.11,17.26,0.18,0.95,1.94,11.45
Indore,2025-06-23,32.38,35.7,18.15,0.31,0.76,1.27,11.42
Indore,2025-06-24,30.76,35.49,19.36,0.7,1.24,2.04,10.4
Indore,2025-06-25,31.72,35.82,18.86,0.75,1.07,1.16,10.62
Indore,2025-06-26,30.91,33.51,21.28,0.39,1.28,1.57,11.06
Indore,2025-06-27,33.37,35.42,18.28,0.76,1.05,1.48,9.64
Indore,2025-06-28,31.48,36.6,18.93,0.48,0.7,1.66,10.14
Indore,2025-06-29,32.12,34.83,19.91,0.42,0.93,1.69,10.1
Indore,2025-06-30,32.01,35.09,19.24,0.83,0.83,1.62,10.38
Indore,2025-07-01,31.91,33.32,20.95,0.29,0.87,2.04,10.62
Indore,2025-07-02,31.29,32.94,22.41,0.9,0.85,2.06,9.55
Indore,2025-07-03,30.58,35.67,20.62,0.51,1.06,1.56,10.01
Indore,2025-07-04,33.51,33.29,20.08,0.22,0.97,1.94,10.0
Indore,2025-07-05,33.65,35.64,17.91,0.13,0.99,1.77,9.9
Indore,2025-07-06,33.8,34.41,18.61,0.66,0.39,2.06,10.07
Indore,2025-07-07,31.44,35.75,19.94,0.27,0.82,1.88,9.9
Indore,2025-07-08,35.68,33.7,18.17,0.47,0.99,1.89,9.09
Indore,2025-07-09,33.25,34.55,18.83,0.38,1.15,2.25,9.58
Indore,2025-07-10,36.94,36.0,15.6,0.75,0.42,1.4,8.9
Indore,2025-07-11,31.92,37.3,19.39,0.54,0.89,2.07,7.89
Indore,2025-07-12,31.57,37.76,18.52,0.18,0.77,1.4,9.8
Indore,2025-07-13,31.76,35.85,19.79,0.27,1.03,2.2,9.09
Indore,2025-07-14,31.5,34.97,20.18,0.34,1.2,1.78,10.02
Indore,2025-07-15,34.35,36.85,18.2,0.32,0.68,1.64,7.96
Indore,2025-07-16,34.7,35.72,18.83,0.29,0.44,1.84,8.18
Indore,2025-07-17,33.89,36.29,18.2,0.2,0.97,2.09,8.36
Indore,2025-07-18,30.98,39.53,18.49,0.58,0.85,1.38,8.18
Indore,2025-07-19,32.4,35.89,19.3,0.1,0.78,2.62,8.92
Indore,2025-07-20,34.21,36.39,18.47,0.09,0.82,1.68,8.35
Indore,2025-07-21,33.45,36.37,18.43,0.44,0.54,1.71,9.07
Indore,2025-07-22,32.86,37.59,17.26,0.54,1.22,1.56,8.97
Indore,2025-07-23,34.13,37.5,18.11,0.16,0.69,1.18,8.23
Indore,2025-07-24,34.8,36.28,17.92,0.2,0.94,1.88,8.0
Indore,2025-07-25,33.42,35.74,17.96,0.41,1.22,1.63,9.61
Indore,2025-07-26,33.9,35.74,17.7,0.21,0.67,1.67,10.1
Indore,2025-07-27,32.23,34.52,19.77,0.55,0.72,2.28,9.93
Indore,2025-07-28,35.12,33.36,19.21,0.21,0.81,1.97,9.31
Indore,2025-07-29,35.63,33.67,18.46,0.44,1.07,1.65,9.07
Indore,2025-07-30,34.76,35.76,18.74,0.33,0.62,0.95,8.84
Indore,2025-07-31,33.77,35.69,19.16,0.25,0.71,1.77,8.65
Indore,2025-08-01,32.36,35.85,21.21,0.16,0.58,1.64,8.2
Indore,2025-08-02,33.63,35.64,19.46,0.49,0.78,1.91,8.09
Indore,2025-08-03,33.98,36.05,20.1,0.4,0.74,1.19,7.56
Indore,2025-08-04,34.5,37.41,18.61,0.54,0.69,0.89,7.35
Indore,2025-08-05,32.43,39.02,18.89,0.1,0.47,1.71,7.37
Indore,2025-08-06,33.51,36.05,16.73,0.26,1.61,2.44,9.4
Indore,2025-08-07,36.15,35.78,17.87,0.47,0.93,1.29,7.51
Indore,2025-08-08,33.42,37.73,17.28,0.4,1.4,1.2,8.57
Indore,2025-08-09,37.5,36.44,14.9,0.29,1.15,1.73,7.98
Indore,2025-08-10,33.84,40.05,16.57,0.35,0.66,1.31,7.21
Indore,2025-08-11,34.1,36.43,17.78,0.09,0.92,1.74,8.94
Indore,2025-08-12,33.38,36.46,19.93,0.58,1.21,1.07,7.37
Indore,2025-08-13,33.08,38.92,19.39,0.22,0.85,1.07,6.46
Indore,2025-08-14,34.87,36.38,18.35,0.31,0.8,1.55,7.73
Indore,2025-08-15,35.36,39.22,15.63,0.28,0.99,1.63,6.88
Indore,2025-08-16,36.48,35.99,17.37,0.4,1.01,1.65,7.09
Indore,2025-08-17,35.7,38.24,16.85,0.48,0.79,2.01,5.94
Indore,2025-08-18,32.0,39.45,18.51,0.17,1.11,1.57,7.19
Indore,2025-08-19,34.63,38.96,17.61,0.04,1.14,1.35,6.28
Indore,2025-08-20,36.45,37.2,15.03,0.26,0.88,1.98,8.2
Indore,2025-08-21,32.95,36.69,19.16,0.31,1.14,2.02,7.73
Indore,2025-08-22,33.76,36.72,17.76,0.4,0.71,1.9,8.75
Indore,2025-08-23,33.52,37.57,17.56,0.37,1.06,2.08,7.84
Indore,2025-08-24,34.44,37.25,18.68,0.24,0.68,2.0,6.7
Indore,2025-08-25,37.96,35.97,16.36,0.14,0.41,1.81,7.37
Indore,2025-08-26,35.81,34.88,17.28,0.14,0.92,2.26,8.71
Indore,2025-08-27,35.19,38.01,17.19,,0.57,1.41,7.63
Indore,2025-08-28,32.64,38.15,19.44,0.19,0.63,1.35,7.59
Indore,2025-08-29,32.82,38.78,18.59,0.23,0.56,1.41,7.61
Indore,2025-08-30,32.44,42.12,16.05,0.34,0.77,1.25,7.04
Indore,2025-08-31,34.67,38.56,17.15,0.23,0.74,1.53,7.12
Indore,2025-09-01,30.37,41.45,18.18,0.23,0.89,1.87,7.01
Indore,2025-09-02,30.29,39.86,18.66,0.29,0.48,2.06,8.37
Indore,2025-09-03,37.16,42.15,13.51,0.24,0.52,1.18,5.22
Indore,2025-09-04,45.61,38.93,9.76,0.11,0.42,1.2,3.98
Indore,2025-09-05,37.53,43.01,12.86,0.2,0.33,1.12,4.95
Indore,2025-09-06,36.85,45.44,11.19,,0.46,1.28,4.77
Indore,2025-09-07,36.56,44.11,11.56,0.03,0.28,1.42,6.04
Indore,2025-09-08,36.2,42.6,13.35,0.07,0.38,1.35,6.05
Indore,2025-09-09,35.03,43.16,14.7,0.21,0.85,1.13,4.91
Indore,2025-09-10,36.76,41.44,14.74,0.23,0.58,0.73,5.53
Indore,2025-09-11,37.04,40.23,15.63,0.12,0.48,1.08,5.42
Indore,2025-09-12,33.85,45.39,13.18,0.19,0.65,1.1,5.64
Indore,2025-09-13,35.07,42.31,13.78,0.34,1.21,1.33,5.96
Indore,2025-09-14,32.56,40.7,12.25,0.36,0.57,1.49,12.07
Indore,2025-09-15,35.73,42.01,13.96,0.04,0.39,1.55,6.32
Indore,2025-09-16,34.72,42.14,15.32,0.16,0.79,1.3,5.58
Indore,2025-09-17,38.31,39.33,13.84,0.2,0.63,1.33,6.35
Indore,2025-09-18,34.98,42.39,14.56,0.15,0.55,1.44,5.93
Indore,2025-09-19,36.15,40.57,14.24,0.14,0.39,1.15,7.35
Indore,2025-09-20,36.81,41.0,14.04,0.24,0.58,1.53,5.79
Indore,2025-09-21,40.74,39.38,9.99,0.05,0.44,0.63,8.77
Indore,2025-09-22,40.23,44.75,10.53,0.09,0.64,0.53,3.22
Indore,2025-09-23,39.11,44.5,9.98,0.18,0.61,0.63,4.99
Indore,2025-09-24,36.61,45.01,10.83,0.11,0.66,0.63,6.14
Indore,2025-09-25,37.5,44.59,11.78,0.09,0.65,0.82,4.57
Indore,2025-09-26,35.68,43.28,12.85,0.09,0.39,1.07,6.65
Indore,2025-09-27,35.73,44.23,13.96,0.15,0.42,0.88,4.63
Indore,2025-09-28,32.46,39.38,12.94,0.13,0.97,1.34,12.78
Indore,2025-09-29,36.82,42.22,12.69,0.06,1.07,1.01,6.13
Indore,2025-09-30,37.26,43.73,11.98,0.1,0.73,0.73,5.48
Indore,2025-10-01,35.69,44.04,13.25,0.1,0.75,1.23,4.94
Indore,2025-10-02,37.59,41.19,14.27,0.09,0.64,1.07,5.15
Indore,2025-10-03,36.83,41.38,13.13,0.11,0.83,1.54,6.18
Indore,2025-10-04,37.63,42.25,13.02,0.03,0.4,0.72,5.95
Indore,2025-10-05,37.5,41.14,13.69,0.03,1.16,1.1,5.38
Indore,2025-10-06,37.47,42.99,12.63,0.03,0.58,0.94,5.36
Indore,2025-10-07,38.58,41.53,13.2,0.06,0.48,1.15,5.0
Indore,2025-10-08,37.58,42.71,11.95,0.17,0.78,1.05,5.77
Indore,2025-10-09,38.5,40.57,14.35,0.33,0.47,0.87,4.9
Indore,2025-10-10,37.07,42.73,12.62,0.11,0.54,1.11,5.81
Indore,2025-10-11,38.67,43.49,11.04,0.25,0.4,0.97,5.18
Indore,2025-10-12,37.67,43.44,12.16,,0.38,1.03,5.32
Indore,2025-10-13,37.65,41.67,13.65,0.12,0.87,0.99,5.05
Indore,2025-10-14,38.05,40.6,14.66,0.12,0.47,1.06,5.05
Indore,2025-10-15,37.93,41.13,13.06,0.08,0.86,1.56,5.38
Indore,2025-10-16,37.82,41.02,14.23,0.04,0.49,1.05,5.35
Indore,2025-10-17,40.31,39.48,12.84,0.17,0.66,0.91,5.63
Indore,2025-10-18,38.82,41.91,12.17,0.37,0.95,1.53,4.25
Indore,2025-10-19,40.23,40.35,11.81,0.04,0.52,1.0,6.04
Indore,2025-10-20,42.24,39.37,11.61,0.21,0.48,0.9,5.19
Indore,2025-10-21,38.01,40.69,13.13,0.12,0.55,1.3,6.19
Indore,2025-10-22,37.62,39.82,13.81,0.15,1.03,1.17,6.41
Indore,2025-10-23,36.92,40.7,14.23,0.14,0.95,1.24,5.82
Indore,2025-10-24,35.16,42.69,13.8,0.14,0.58,1.02,6.61
Indore,2025-10-25,36.9,41.28,13.2,,0.78,1.1,6.73
Indore,2025-10-26,36.39,42.62,13.26,0.14,0.8,1.19,5.6
Indore,2025-10-27,35.59,41.16,15.78,,0.64,0.79,6.06
Indore,2025-10-28,35.61,41.69,14.77,0.28,0.67,1.22,5.76
Indore,2025-10-29,35.69,38.88,15.2,0.12,1.13,1.78,7.19
Indore,2025-10-30,35.98,42.0,13.67,0.16,0.7,0.98,6.51
Indore,2025-10-31,36.43,38.14,17.4,0.09,0.6,0.9,6.44
Indore,2025-11-01,36.71,39.94,15.0,0.12,0.6,1.24,6.38
Indore,2025-11-02,36.47,40.16,14.79,0.08,0.68,1.2,6.61
Indore,2025-11-03,34.47,40.54,16.08,0.12,0.98,1.1,6.72
Indore,2025-11-04,39.79,41.57,12.05,0.09,0.77,1.21,4.52
Indore,2025-11-05,37.35,42.38,13.36,0.35,0.59,1.01,4.96
Indore,2025-11-06,39.61,39.45,13.14,0.28,0.61,1.05,5.86
Indore,2025-11-07,36.89,39.63,15.84,0.08,0.92,0.96,5.69
Indore,2025-11-08,36.8,40.59,16.04,0.34,0.55,0.76,4.93
Indore,2025-11-09,38.33,39.27,14.32,0.04,0.7,1.13,6.21
Indore,2025-11-10,39.21,39.52,13.22,0.31,0.49,1.57,5.67
Indore,2025-11-11,37.26,40.33,15.28,0.26,0.73,0.95,5.18
Indore,2025-11-12,34.85,40.71,15.95,0.4,0.71,1.16,6.21
Indore,2025-11-13,38.3,38.07,15.46,0.23,0.7,0.98,6.26
Indore,2025-11-14,38.24,38.78,16.67,0.1,0.34,0.78,5.1
Indore,2025-11-15,37.89,39.87,15.21,0.12,0.91,0.99,5.0
Indore,2025-11-16,38.61,39.82,13.95,0.2,0.52,1.04,5.85
Indore,2025-11-17,36.08,37.47,17.47,0.23,0.6,1.66,6.5
Indore,2025-11-18,37.27,36.69,18.22,0.1,0.58,0.92,6.22
Indore,2025-11-19,34.77,38.83,18.85,0.2,0.54,1.13,5.68
Indore,2025-11-20,36.18,37.84,18.75,0.05,0.63,0.93,5.62
Indore,2025-11-21,35.88,39.13,17.54,0.1,0.71,0.96,5.68
Indore,2025-11-22,35.33,40.53,14.79,0.09,0.64,1.64,6.98
Indore,2025-11-23,34.66,41.48,16.07,0.28,0.75,0.89,5.89
Indore,2025-11-24,36.96,39.01,16.78,0.09,0.98,1.07,5.11
Indore,2025-11-25,41.91,45.7,8.81,0.14,0.3,0.52,2.62
Indore,2025-11-26,40.41,42.44,11.88,0.13,0.29,0.79,4.07
Indore,2025-11-27,40.63,40.56,12.71,0.14,0.47,1.04,4.45
Indore,2025-11-28,36.89,40.69,15.57,0.12,0.45,0.58,5.7
Indore,2025-11-29,35.58,41.63,16.01,0.08,0.45,1.02,5.23
Indore,2025-11-30,36.4,40.19,16.52,0.17,1.12,0.82,4.78
Indore,2025-12-01,35.28,40.09,16.11,0.22,0.87,1.27,6.16
Indore,2025-12-02,37.94,39.1,15.79,0.17,0.64,1.12,5.24
Indore,2025-12-03,36.61,41.56,14.6,0.18,0.18,1.05,5.83
Indore,2025-12-04,34.97,41.54,15.83,0.17,0.67,0.92,5.9
Indore,2025-12-05,35.34,41.77,15.01,0.04,0.57,1.28,5.99
Indore,2025-12-06,37.02,41.54,13.7,0.16,0.98,1.14,5.46
Indore,2025-12-07,36.09,42.4,14.2,0.16,0.35,0.97,5.83
Indore,2025-12-08,34.82,42.41,15.51,0.3,0.59,0.67,5.69
Indore,2025-12-09,35.77,40.17,16.38,0.22,0.71,0.8,5.95
Indore,2025-12-10,37.97,39.33,14.73,0.16,0.53,0.99,6.29
Indore,2025-12-11,37.15,40.62,15.81,0.34,0.3,0.97,4.82
Indore,2025-12-12,34.36,44.03,14.95,0.17,0.47,0.6,5.41
Indore,2025-12-13,34.91,41.68,15.33,0.08,1.05,1.18,5.77
Indore,2025-12-14,35.5,39.42,16.11,0.04,0.44,1.6,6.89
Indore,2025-12-15,37.08,38.05,15.59,0.45,0.86,0.98,6.99
Indore,2025-12-16,36.08,39.65,14.43,0.29,0.78,0.82,7.95
Indore,2025-12-17,35.78,40.22,14.83,0.12,1.06,1.22,6.76
Indore,2025-12-18,37.18,39.36,15.33,0.2,0.72,1.05,6.16
Indore,2025-12-19,37.0,40.67,14.62,0.2,0.77,1.17,5.57
Indore,2025-12-20,33.67,40.6,17.55,0.2,1.02,1.1,5.86
Indore,2025-12-21,36.13,41.57,14.31,0.08,0.88,0.84,6.2
Indore,2025-12-22,35.22,39.86,17.51,0.2,0.67,0.83,5.71
Indore,2025-12-23,35.54,41.25,16.01,0.04,0.79,0.83,5.54
Indore,2025-12-24,35.46,39.28,16.77,0.12,0.76,1.2,6.41
Indore,2025-12-25,33.88,39.82,17.98,0.35,0.66,0.86,6.45
Indore,2025-12-26,36.45,38.72,16.76,0.31,0.69,1.23,5.84
Indore,2025-12-27,32.94,40.19,17.86,0.16,1.1,1.57,6.19
Indore,2025-12-28,36.31,38.43,16.41,0.12,0.82,1.8,6.11
Indore,2025-12-29,33.64,40.21,17.1,0.4,1.0,1.32,6.33
Indore,2025-12-30,36.57,37.14,18.65,0.28,0.69,1.1,5.57
Indore,2025-12-31,36.55,39.38,16.9,0.41,0.46,1.46,4.84
Indore,2026-01-01,33.87,41.74,16.65,0.08,0.49,1.39,5.78
Indore,2026-01-02,35.39,40.63,16.43,0.11,0.28,1.34,5.84
Indore,2026-01-03,35.74,40.45,16.34,,1.08,1.08,5.31
Indore,2026-01-04,35.2,40.7,16.27,0.4,0.8,0.98,5.64
Indore,2026-01-05,36.94,39.01,17.89,0.09,0.44,0.97,4.65
Indore,2026-01-06,34.78,40.74,17.44,0.03,0.62,1.34,5.05
Indore,2026-01-07,35.68,39.87,17.69,0.22,0.78,1.05,4.7
Indore,2026-01-08,36.6,41.43,15.77,0.04,0.42,1.21,4.53
Indore,2026-01-09,35.52,41.33,16.25,0.15,0.44,1.28,5.04
Indore,2026-01-10,37.24,39.01,16.09,0.21,0.6,1.42,5.42
Indore,2026-01-11,35.65,42.11,15.17,0.04,0.73,0.96,5.35
Indore,2026-01-12,36.58,39.47,16.32,0.08,0.53,1.17,5.86
Indore,2026-01-13,38.07,44.64,11.95,,0.65,0.89,3.8
Indore,2026-01-14,35.58,45.03,13.21,0.35,0.7,1.2,3.93
Indore,2026-01-15,34.36,43.22,15.88,0.4,0.4,1.34,4.41
Indore,2026-01-16,36.5,42.46,14.0,0.15,0.69,1.04,5.15
Indore,2026-01-17,36.03,41.51,14.67,0.18,0.44,1.1,6.07
Indore,2026-01-18,36.4,40.38,15.7,0.22,0.66,0.99,5.64
Indore,2026-01-19,36.85,39.24,15.65,0.31,0.7,1.17,6.06
Indore,2026-01-20,36.96,41.46,14.37,0.21,0.81,0.74,5.45
Indore,2026-01-21,35.94,43.05,13.9,0.12,0.67,1.3,5.02
Indore,2026-01-22,36.33,41.73,14.64,0.04,0.54,1.66,5.06
Indore,2026-01-23,37.56,40.6,15.06,0.24,0.53,1.5,4.51
Indore,2026-01-24,37.07,40.28,15.6,0.08,0.49,1.42,5.06
Indore,2026-01-25,38.57,40.59,14.62,,0.97,1.05,4.2
Indore,2026-01-26,39.74,41.59,12.31,0.23,0.69,0.79,4.63
Indore,2026-01-27,36.97,41.01,15.12,0.1,0.47,1.23,5.11
Indore,2026-01-28,34.15,42.68,16.35,0.07,0.37,1.23,5.14
Indore,2026-01-29,35.86,40.92,16.01,0.3,0.44,1.0,5.47
Indore,2026-01-30,36.1,40.33,15.95,0.08,0.52,1.25,5.76
Indore,2026-01-31,35.1,40.72,16.66,0.17,0.55,1.18,5.62
Indore,2026-02-01,35.0,41.17,16.67,0.24,0.87,1.02,5.03
Indore,2026-02-02,36.79,40.41,17.14,0.13,0.51,0.9,4.13
Indore,2026-02-03,38.28,38.19,17.2,0.08,0.42,1.19,4.63
Indore,2026-02-04,37.36,38.98,16.89,0.35,0.61,1.53,4.29
Indore,2026-02-05,36.56,40.11,15.69,0.29,0.92,0.92,5.51
Indore,2026-02-06,38.71,38.37,16.57,0.13,0.77,0.82,4.64
Indore,2026-02-07,37.51,38.98,16.09,0.08,1.43,1.18,4.75
Indore,2026-02-08,35.08,41.46,16.59,,0.45,1.34,5.08
Indore,2026-02-09,37.79,39.64,15.87,0.12,0.45,0.95,5.18
Indore,2026-02-10,35.13,39.54,17.37,0.3,0.73,1.58,5.35
Indore,2026-02-11,34.41,42.56,16.86,0.09,0.74,1.05,4.29
Indore,2026-02-12,35.16,42.97,15.7,0.04,0.57,1.23,4.33
Indore,2026-02-13,36.45,40.73,15.09,0.13,0.43,0.86,6.31
Indore,2026-02-14,34.48,41.28,17.44,0.08,0.53,1.38,4.82
Indore,2026-02-15,32.79,39.09,14.86,0.14,0.67,1.03,11.43
Indore,2026-02-16,31.97,43.15,15.3,0.48,1.08,1.2,6.81
Indore,2026-02-17,37.43,43.64,13.64,0.11,0.36,0.75,4.08
Indore,2026-02-18,35.15,43.63,14.56,0.04,0.47,0.79,5.36
Indore,2026-02-19,35.55,41.77,14.78,0.12,0.7,1.21,5.87
Indore,2026-02-20,35.98,43.52,14.9,0.23,0.42,0.65,4.31
Indore,2026-02-21,35.62,41.84,16.01,0.08,0.31,1.31,4.84
Indore,2026-02-22,35.59,38.42,15.82,0.1,0.52,0.8,8.73
Indore,2026-02-23,34.03,42.05,16.22,0.23,0.66,1.17,5.64
Indore,2026-02-24,35.81,41.12,16.51,0.17,0.63,0.63,5.14
Indore,2026-02-25,36.31,38.32,16.58,0.09,0.7,1.22,6.78
Indore,2026-02-26,30.03,40.19,17.26,0.26,0.35,1.09,10.81
Indore,2026-02-27,34.19,43.18,15.36,0.32,0.45,0.99,5.51
Indore,2026-02-28,32.85,39.7,18.72,0.19,0.38,0.84,7.32
Indore,2026-03-01,32.82,40.39,16.79,0.14,0.54,0.72,8.6
Indore,2026-03-02,34.03,41.58,16.9,0.14,0.62,1.0,5.74
Indore,2026-03-03,34.01,41.99,15.91,0.21,0.21,1.04,6.64
Indore,2026-03-04,33.02,40.0,16.67,0.1,0.26,1.72,8.23
Indore,2026-03-05,32.83,37.07,17.1,,0.23,1.2,11.57
Indore,2026-03-06,34.9,38.11,17.36,0.23,0.86,0.9,7.64
Indore,2026-03-07,31.07,42.21,17.74,0.19,0.8,1.64,6.36
Indore,2026-03-08,31.12,35.99,14.94,,0.64,1.45,15.85
Indore,2026-03-09,33.92,40.54,17.92,0.14,0.67,1.15,5.65
Indore,2026-03-10,33.24,43.19,16.98,0.1,0.44,1.12,4.93
Indore,2026-03-11,35.19,40.26,16.9,0.1,0.62,0.88,6.05
Indore,2026-03-12,35.18,39.87,18.37,0.1,0.52,0.99,4.96
Indore,2026-03-13,33.06,41.53,17.09,0.15,0.56,1.77,5.83
Indore,2026-03-14,35.0,40.9,15.9,0.1,0.71,1.0,6.38
Indore,2026-03-15,30.58,43.19,18.01,0.04,0.48,1.54,6.15
Indore,2026-03-16,32.49,40.77,19.13,0.15,0.58,0.97,5.91
Indore,2026-03-17,34.14,42.43,16.45,0.39,0.7,1.05,4.83
Indore,2026-03-18,34.63,41.92,17.24,,0.25,1.03,4.93
Indore,2026-03-19,34.64,40.37,18.12,0.05,0.77,0.68,5.37
Indore,2026-03-20,35.18,39.78,17.76,0.1,0.67,1.39,5.12
Indore,2026-03-21,32.23,42.32,17.86,0.09,0.69,1.55,5.26
Indore,2026-03-22,33.29,42.85,16.77,0.17,0.3,1.07,5.55
Indore,2026-03-23,34.98,40.19,18.55,0.09,0.78,0.78,4.61
Indore,2026-03-24,33.25,41.43,17.68,0.1,0.83,1.27,5.44
Indore,2026-03-25,33.25,41.02,17.82,0.2,0.71,1.32,5.69
Indore,2026-03-26,33.16,38.59,19.35,0.1,1.15,1.3,6.35
Indore,2026-03-27,32.89,42.74,17.21,0.25,0.61,1.37,4.92
Indore,2026-03-28,33.15,41.02,17.31,0.2,0.69,1.72,5.9
Indore,2026-03-29,33.07,39.34,19.5,0.25,0.69,1.28,5.87
Indore,2026-03-30,34.93,40.99,15.72,0.33,0.44,1.58,6.0
Indore,2026-03-31,35.78,38.55,18.76,0.11,0.54,1.63,4.62
Indore,2026-04-01,33.11,40.86,18.45,0.28,0.5,1.06,5.74
Indore,2026-04-02,32.97,40.82,17.97,0.49,0.99,0.77,5.99
Indore,2026-04-03,30.61,44.11,18.08,0.29,0.29,1.77,4.86
Indore,2026-04-04,32.35,41.11,18.83,0.42,0.58,1.57,5.14
Indore,2026-04-05,33.14,42.46,16.75,0.1,1.05,0.99,5.5
Indore,2026-04-06,34.34,39.84,17.97,0.16,0.66,1.15,5.88
Indore,2026-04-07,35.09,39.55,17.0,0.11,0.61,1.6,6.05
Indore,2026-04-08,31.3,37.75,21.99,0.06,0.73,1.46,6.73
Indore,2026-04-09,35.46,35.57,19.15,0.22,0.39,1.79,7.43
Indore,2026-04-10,35.1,37.66,18.78,0.38,0.87,1.64,5.57
Indore,2026-04-11,31.52,38.35,21.76,,0.44,1.87,6.06
Indore,2026-04-12,33.3,36.91,20.82,0.1,0.52,1.86,6.49
Indore,2026-04-13,33.49,37.64,18.98,0.21,0.84,1.52,7.31
Indore,2026-04-14,33.79,37.68,18.72,0.05,0.66,1.57,7.54
Indore,2026-04-15,34.83,35.36,21.06,0.23,0.7,0.93,6.88
Indore,2026-04-16,34.26,36.43,20.72,0.05,0.44,0.87,7.23
Indore,2026-04-17,33.76,39.33,19.26,0.46,0.46,1.16,5.57
Indore,2026-04-18,35.25,37.54,16.89,0.06,0.68,1.77,7.82
Indore,2026-04-19,35.53,36.86,18.83,0.16,0.64,1.33,6.65
Indore,2026-04-20,33.37,40.98,18.16,0.11,0.39,1.22,5.77
Indore,2026-04-21,33.57,36.14,21.23,0.21,0.75,1.93,6.17
Indore,2026-04-22,32.66,40.31,18.58,0.16,0.48,1.98,5.84
Indore,2026-04-23,32.79,39.54,18.73,0.11,0.67,1.91,6.24
Indore,2026-04-24,34.55,39.69,17.61,0.27,0.55,1.86,5.47
Indore,2026-04-25,32.28,39.56,18.57,0.21,0.79,2.0,6.59
Indore,2026-04-26,32.87,40.83,17.72,0.1,0.82,1.85,5.8
Indore,2026-04-27,31.27,41.85,17.39,0.22,0.38,1.97,6.91
Indore,2026-04-28,32.77,40.36,17.8,0.11,1.04,1.47,6.44
Indore,2026-04-29,33.06,39.34,19.31,0.05,0.77,1.7,5.77
Indore,2026-04-30,31.14,36.82,22.51,0.16,0.59,1.66,7.13
Indore,2026-05-01,32.8,37.11,20.76,0.1,0.7,1.96,6.57
Indore,2026-05-02,30.77,38.29,21.43,0.09,0.77,2.13,6.52
Indore,2026-05-03,30.83,39.0,20.25,0.05,0.61,1.75,7.51
Indore,2026-05-04,33.1,37.22,20.08,0.22,0.71,1.52,7.16
Indore,2026-05-05,30.01,37.68,22.18,0.26,0.74,1.52,7.62
Indore,2026-05-06,32.11,39.46,17.89,0.05,0.71,1.7,8.07
Indore,2026-05-07,31.56,39.47,20.46,0.11,0.38,1.51,6.52
Indore,2026-05-08,30.72,40.24,19.56,0.05,0.66,2.34,6.42
Indore,2026-05-09,29.97,40.25,21.83,0.05,0.54,1.85,5.51
Indore,2026-05-10,30.81,37.98,22.82,,0.63,1.17,6.58
Indore,2026-05-11,30.75,40.6,19.87,0.31,0.77,1.79,5.92
Indore,2026-05-12,31.23,40.37,19.75,0.05,0.38,1.69,6.53
Indore,2026-05-13,33.33,35.98,21.05,0.2,0.15,1.63,7.65
Indore,2026-05-14,31.1,37.8,21.38,0.21,0.63,1.11,7.76
Indore,2026-05-15,31.84,38.12,21.3,0.05,0.67,1.44,6.58
Indore,2026-05-16,32.98,38.16,19.13,0.19,0.77,2.08,6.68
Indore,2026-05-17,31.3,39.99,20.72,0.1,0.84,1.49,5.56
Indore,2026-05-18,29.37,38.49,22.72,0.05,0.5,2.13,6.75
Indore,2026-05-19,31.88,38.58,21.35,0.15,0.45,2.14,5.46
Indore,2026-05-20,29.43,40.4,20.69,0.05,0.59,2.52,6.32
Indore,2026-05-21,31.8,38.51,20.81,0.1,0.69,1.73,6.36
Indore,2026-05-22,34.59,38.05,19.89,,0.59,1.18,5.69
Indore,2026-05-23,30.38,39.65,20.78,0.08,0.51,2.06,6.53
Indore,2026-05-24,31.98,37.41,21.03,0.14,0.97,1.98,6.49
Indore,2026-05-25,32.3,37.01,21.75,0.18,0.36,1.6,6.81
Indore,2026-05-26,31.39,39.51,20.0,0.1,1.07,1.75,6.18
Indore,2026-05-27,34.32,39.07,18.6,,1.04,0.84,6.13
Indore,2026-05-28,35.94,42.96,15.21,0.07,0.32,0.85,4.64
Indore,2026-05-29,34.23,39.6,17.89,0.04,0.94,1.63,5.66
Indore,2026-05-30,34.56,38.11,19.84,0.04,0.76,1.14,5.54
Indore,2026-05-31,34.12,38.53,20.38,0.09,0.6,0.93,5.34
Indore,2026-06-01,33.35,38.15,19.99,0.2,0.4,2.13,5.79
Indore,2026-06-02,31.47,39.93,19.99,0.1,0.72,1.15,6.65
Indore,2026-06-03,32.09,38.83,20.7,0.1,0.39,1.89,6.01
Indore,2026-06-04,34.15,38.73,19.95,0.2,0.54,0.98,5.46
Indore,2026-06-05,32.3,37.97,21.03,0.21,0.58,1.68,6.24
Indore,2026-06-06,34.35,37.95,18.93,0.15,1.23,1.77,5.62
Indore,2026-06-07,34.98,36.72,19.67,0.19,1.5,1.31,5.62
Indore,2026-06-08,32.97,37.23,21.06,0.16,0.94,1.51,6.14
Indore,2026-06-09,34.23,38.99,18.7,0.24,0.77,1.15,5.91
Indore,2026-06-10,31.8,37.82,22.0,,0.73,1.41,6.23
Indore,2026-06-11,35.28,38.26,18.97,0.1,0.87,1.13,5.38
Indore,2026-06-12,32.24,36.96,21.99,0.19,0.48,1.4,6.74
Indore,2026-06-13,32.78,37.39,22.25,0.14,0.47,0.85,6.11
Indore,2026-06-14,33.35,35.94,21.03,0.24,0.64,1.86,6.94
Indore,2026-06-15,32.88,36.19,22.79,0.25,1.0,1.56,5.32
Indore,2026-06-16,34.73,35.23,21.61,0.05,0.4,1.65,6.34
Indore,2026-06-17,34.44,37.95,19.69,0.16,0.68,1.15,5.93
Indore,2026-06-18,31.92,37.08,21.87,0.21,0.83,1.55,6.55
Indore,2026-06-19,33.33,39.87,19.66,0.05,0.49,1.25,5.34
Indore,2026-06-20,34.41,37.2,20.12,,0.61,1.67,5.98
Indore,2026-06-21,31.26,37.54,22.48,0.15,1.0,1.4,6.18
Indore,2026-06-22,32.09,36.75,22.67,0.26,0.57,0.93,6.73
Indore,2026-06-23,31.83,36.46,22.05,0.34,0.78,1.4,7.15
Indore,2026-06-24,32.5,38.13,21.14,0.05,0.58,1.17,6.43
Indore,2026-06-25,33.37,34.02,23.88,0.1,1.1,1.0,6.54
Indore,2026-06-26,30.9,36.33,21.1,0.43,0.62,1.63,8.99
Indore,2026-06-27,33.96,36.82,21.23,,0.86,0.86,6.26
Indore,2026-06-28,33.0,32.9,23.04,0.19,0.86,1.58,8.43
Indore,2026-06-29,32.93,34.69,24.03,0.05,0.85,1.41,6.03
Indore,2026-06-30,35.22,36.97,20.63,0.09,0.76,1.37,4.96
Indore,2026-07-01,34.42,36.78,20.18,,0.42,1.1,7.09
Indore,2026-07-02,32.15,36.14,22.11,0.05,0.38,1.51,7.66
Indore,2026-07-03,32.44,37.53,21.36,0.05,0.54,1.55,6.53
Indore,2026-07-04,34.26,38.01,20.07,0.16,0.8,1.07,5.62
Indore,2026-07-05,32.38,37.39,22.96,0.15,0.75,0.95,5.41
Indore,2026-07-06,34.01,35.49,20.74,0.16,0.49,1.21,7.9
Indore,2026-07-07,33.8,36.38,20.16,0.3,0.71,1.72,6.92
Indore,2026-07-08,32.69,39.91,20.48,0.15,0.35,1.06,5.35
Indore,2026-07-09,31.22,41.32,19.82,0.19,0.6,1.81,5.03
Indore,2026-07-10,31.81,42.43,18.94,0.1,0.45,1.35,4.91
Indore,2026-07-11,32.15,42.34,18.45,0.18,0.51,0.92,5.44
Indore,2026-07-12,31.39,40.09,20.13,0.13,0.76,0.99,6.5
Indore,2026-07-13,33.76,37.24,20.24,0.15,0.83,1.08,6.71
Indore,2026-07-14,29.27,41.46,20.71,0.23,0.56,1.07,6.7
Indore,2026-07-15,34.09,37.17,19.44,0.32,0.48,1.43,7.06
Indore,2026-07-16,35.09,35.84,19.42,0.15,0.5,1.4,7.61
Indore,2026-07-17,33.82,37.18,20.52,0.15,1.1,1.35,5.87
Indore,2026-07-18,32.32,37.66,21.07,0.05,0.76,1.58,6.56
Indore,2026-07-19,33.96,37.72,20.23,0.14,1.06,1.25,5.64
Indore,2026-07-20,33.04,35.54,20.75,0.27,0.81,1.46,8.13
Indore,2026-07-21,33.03,37.24,20.46,0.11,0.59,1.28,7.3
Indore,2026-07-22,31.87,36.3,22.85,0.16,0.59,1.35,6.86
Indore,2026-07-23,34.91,37.0,20.49,0.1,0.58,0.89,6.03
Indore,2026-07-24,39.24,38.42,15.77,,0.3,0.83,5.44
Indore,2026-07-25,37.95,38.45,15.93,0.13,0.63,1.26,5.66
Indore,2026-07-26,33.62,37.38,19.52,0.26,0.73,1.54,6.96
Indore,2026-07-27,34.7,38.69,17.55,0.22,0.44,1.27,7.13
Indore,2026-07-28,34.04,35.04,21.02,0.04,0.65,1.04,8.16
Indore,2026-07-29,35.44,36.76,19.75,0.14,0.46,0.91,6.54
Indore,2026-07-30,35.4,36.36,19.79,0.28,0.55,0.87,6.75
Indore,2026-07-31,32.86,37.73,19.81,0.14,0.8,1.42,7.23
Indore,2026-08-01,31.02,39.49,20.79,0.09,0.41,1.31,6.88
Indore,2026-08-02,32.91,36.06,22.79,0.23,0.73,0.87,6.41
Indore,2026-08-03,31.5,36.61,22.92,0.3,0.74,0.99,6.94
Indore,2026-08-04,31.5,37.91,21.86,0.15,0.66,1.31,6.61
Indore,2026-08-05,35.71,36.94,19.65,0.14,0.9,1.46,5.2
Indore,2026-08-06,33.35,39.49,20.14,0.14,0.42,1.16,5.3
Indore,2026-08-07,33.51,36.16,21.8,0.09,0.47,1.85,6.11
Indore,2026-08-08,33.02,35.01,22.63,0.18,1.0,1.45,6.71
Indore,2026-08-09,33.53,36.03,21.7,0.04,0.58,1.7,6.43
Indore,2026-08-10,36.09,33.51,22.25,0.05,1.04,1.18,5.88
Indore,2026-08-11,34.4,33.45,23.18,0.05,0.77,1.39,6.77
Indore,2026-08-12,34.92,34.97,22.56,0.24,0.71,1.42,5.19
Indore,2026-08-13,32.97,38.02,21.27,0.28,0.42,1.18,5.85
Indore,2026-08-14,37.93,35.92,19.29,0.05,0.35,0.96,5.49
Indore,2026-08-15,36.04,37.49,18.36,0.09,0.69,0.94,6.39
Indore,2026-08-16,33.6,37.45,21.97,0.04,0.67,1.25,5.01
Indore,2026-08-17,33.74,35.95,23.11,,0.93,1.22,5.04
Indore,2026-08-18,35.52,36.16,19.93,0.18,0.73,1.23,6.25
Indore,2026-08-19,35.98,35.67,22.39,0.1,0.51,1.08,4.27
Indore,2026-08-20,36.01,36.9,19.49,0.39,0.39,1.58,5.23
Indore,2026-08-21,33.85,35.89,21.06,0.1,0.97,1.61,6.52
Indore,2026-08-22,33.52,36.94,20.63,0.09,1.03,1.59,6.19
Indore,2026-08-23,34.42,34.23,22.54,0.05,0.79,1.26,6.71
Indore,2026-08-24,32.41,36.33,22.91,0.05,0.7,1.04,6.56
Indore,2026-08-25,34.31,34.65,23.08,0.05,0.97,0.97,5.98
Indore,2026-08-26,33.17,37.45,21.9,0.17,0.6,1.3,5.4
Indore,2026-08-27,33.19,37.58,22.19,0.24,0.43,1.06,5.31
Indore,2026-08-28,34.29,38.21,19.62,,0.69,1.29,5.9
Indore,2026-08-29,32.78,37.71,22.0,0.09,0.65,1.4,5.37
Indore,2026-08-30,33.22,37.66,22.16,0.09,0.44,1.22,5.22
Indore,2026-08-31,30.63,38.07,21.49,0.19,0.62,1.19,7.81
Jaipur,2025-01-01,28.11,42.73,13.27,0.32,0.92,1.67,12.99
Jaipur,2025-01-02,27.74,42.21,12.96,0.35,0.9,1.38,14.46
Jaipur,2025-01-03,27.3,43.69,12.19,0.17,0.96,1.69,14.01
Jaipur,2025-01-04,26.13,41.96,13.35,0.25,1.72,1.53,15.07
Jaipur,2025-01-05,25.12,41.32,13.85,0.26,1.24,1.4,16.81
Jaipur,2025-01-06,25.68,43.55,11.65,0.29,1.48,2.19,15.16
Jaipur,2025-01-07,27.1,43.13,13.39,0.22,0.6,1.21,14.34
Jaipur,2025-01-08,27.15,42.04,12.7,0.4,1.26,2.09,14.36
Jaipur,2025-01-09,25.57,40.58,12.69,0.31,1.0,1.41,18.44
Jaipur,2025-01-10,26.96,39.95,12.46,0.25,1.71,1.37,17.3
Jaipur,2025-01-11,26.22,41.17,13.7,0.15,1.4,2.26,15.1
Jaipur,2025-01-12,25.04,43.16,12.9,0.28,1.17,1.61,15.84
Jaipur,2025-01-13,28.49,41.2,13.25,0.62,0.98,1.71,13.76
Jaipur,2025-01-14,26.62,44.51,11.57,0.16,0.78,2.18,14.19
Jaipur,2025-01-15,23.77,45.03,13.77,0.2,0.87,1.92,14.44
Jaipur,2025-01-16,25.72,43.02,14.62,0.2,1.17,1.6,13.66
Jaipur,2025-01-17,27.52,41.88,13.53,0.27,1.15,1.32,14.34
Jaipur,2025-01-18,26.7,43.48,13.31,0.18,1.0,1.94,13.39
Jaipur,2025-01-19,26.82,41.51,13.53,0.3,1.08,1.91,14.86
Jaipur,2025-01-20,24.31,43.49,14.96,0.67,1.22,1.27,14.09
Jaipur,2025-01-21,24.37,43.53,14.63,0.2,1.32,1.44,14.51
Jaipur,2025-01-22,25.79,44.88,13.55,0.17,0.86,0.84,13.91
Jaipur,2025-01-23,25.19,42.85,14.27,0.51,0.97,1.59,14.61
Jaipur,2025-01-24,26.28,42.8,11.87,0.66,1.01,1.21,16.17
Jaipur,2025-01-25,28.15,40.19,13.13,0.2,0.96,1.43,15.94
Jaipur,2025-01-26,26.8,41.76,13.31,0.44,1.32,1.45,14.92
Jaipur,2025-01-27,25.89,42.46,14.7,0.35,1.14,1.36,14.1
Jaipur,2025-01-28,26.4,43.15,13.13,0.43,0.74,1.3,14.86
Jaipur,2025-01-29,25.43,41.98,14.27,0.19,1.25,1.84,15.05
Jaipur,2025-01-30,24.43,43.8,12.98,0.43,1.53,1.56,15.27
Jaipur,2025-01-31,25.06,42.65,13.68,0.43,1.27,1.83,15.07
Jaipur,2025-02-01,26.44,42.91,13.04,0.11,1.01,1.73,14.77
Jaipur,2025-02-02,27.41,44.31,12.33,0.24,1.2,1.59,12.91
Jaipur,2025-02-03,24.83,44.07,13.59,0.32,1.04,1.68,14.46
Jaipur,2025-02-04,24.92,43.98,12.84,0.35,1.06,1.99,14.86
Jaipur,2025-02-05,24.99,43.15,15.33,0.26,1.11,1.58,13.58
Jaipur,2025-02-06,24.82,43.21,14.13,0.18,1.18,1.51,14.98
Jaipur,2025-02-07,26.81,43.65,13.31,0.28,1.09,1.68,13.19
Jaipur,2025-02-08,24.67,43.41,14.53,0.21,1.19,1.43,14.56
Jaipur,2025-02-09,27.33,42.8,13.26,0.18,1.1,1.31,14.01
Jaipur,2025-02-10,24.21,43.65,15.43,0.2,1.0,1.49,14.02
Jaipur,2025-02-11,26.44,42.52,13.91,0.51,0.87,1.32,14.42
Jaipur,2025-02-12,27.48,42.84,12.45,0.28,0.95,1.32,14.69
Jaipur,2025-02-13,25.04,45.78,13.03,0.35,0.92,1.39,13.5
Jaipur,2025-02-14,25.84,43.72,12.99,0.29,0.62,1.34,15.2
Jaipur,2025-02-15,26.48,41.66,13.67,0.63,0.94,1.29,15.33
Jaipur,2025-02-16,27.18,41.96,13.26,0.29,0.73,1.61,14.96
Jaipur,2025-02-17,25.69,42.72,13.18,0.36,1.17,1.67,15.21
Jaipur,2025-02-18,26.25,43.74,12.26,0.28,0.82,1.45,15.19
Jaipur,2025-02-19,26.13,43.75,14.03,0.38,0.73,1.08,13.9
Jaipur,2025-02-20,26.54,43.54,13.71,0.23,0.79,1.02,14.17
Jaipur,2025-02-21,25.49,43.63,14.4,0.4,1.07,1.81,13.2
Jaipur,2025-02-22,24.95,44.19,13.79,0.23,1.22,1.94,13.68
Jaipur,2025-02-23,25.31,43.12,13.86,0.16,1.23,1.8,14.52
Jaipur,2025-02-24,25.52,42.0,14.75,0.38,1.09,1.67,14.59
Jaipur,2025-02-25,25.65,41.86,14.8,0.39,0.84,1.27,15.19
Jaipur,2025-02-26,25.25,43.6,13.67,0.2,0.76,1.6,14.92
Jaipur,2025-02-27,24.74,44.04,13.52,0.37,1.26,1.33,14.75
Jaipur,2025-02-28,26.59,42.46,12.67,0.3,1.09,1.65,15.24
Jaipur,2025-03-01,26.75,42.11,13.37,0.26,0.93,1.76,14.82
Jaipur,2025-03-02,26.49,43.51,14.21,0.23,1.27,1.0,13.28
Jaipur,2025-03-03,24.47,45.05,13.3,0.27,0.89,1.79,14.23
Jaipur,2025-03-04,24.45,42.29,16.35,0.41,1.27,2.06,13.16
Jaipur,2025-03-05,22.74,44.84,14.73,0.45,1.04,1.67,14.54
Jaipur,2025-03-06,25.25,42.78,15.06,0.33,0.96,1.42,14.21
Jaipur,2025-03-07,23.72,42.38,15.48,0.24,1.22,1.49,15.48
Jaipur,2025-03-08,24.26,43.09,13.68,0.27,1.16,1.63,15.91
Jaipur,2025-03-09,26.67,41.16,13.9,0.29,1.04,1.5,15.44
Jaipur,2025-03-10,24.7,41.72,15.78,0.28,1.07,1.88,14.57
Jaipur,2025-03-11,23.25,42.09,16.24,0.26,1.12,1.32,15.71
Jaipur,2025-03-12,24.69,44.54,13.62,0.14,1.33,1.53,14.16
Jaipur,2025-03-13,27.23,43.63,12.42,0.08,0.78,1.41,14.45
Jaipur,2025-03-14,27.87,41.88,12.3,0.11,0.75,1.83,15.28
Jaipur,2025-03-15,25.04,41.88,14.41,0.26,1.01,1.65,15.74
Jaipur,2025-03-16,26.2,43.93,12.63,0.31,0.96,1.59,14.39
Jaipur,2025-03-17,24.21,42.54,14.77,0.26,1.6,1.63,14.98
Jaipur,2025-03-18,23.52,44.04,14.44,0.23,0.91,1.93,14.93
Jaipur,2025-03-19,24.36,44.82,15.35,0.15,0.76,1.46,13.09
Jaipur,2025-03-20,24.13,43.24,14.75,0.22,0.95,1.55,15.16
Jaipur,2025-03-21,23.77,42.59,14.06,0.44,1.24,1.68,16.22
Jaipur,2025-03-22,24.91,42.11,13.9,0.19,0.78,1.79,16.32
Jaipur,2025-03-23,24.49,41.77,14.46,0.3,0.98,1.9,16.09
Jaipur,2025-03-24,24.51,42.7,13.82,0.37,0.77,1.77,16.06
Jaipur,2025-03-25,24.26,41.88,13.25,0.3,1.23,1.94,17.15
Jaipur,2025-03-26,24.97,43.45,13.89,0.38,1.09,1.4,14.81
Jaipur,2025-03-27,23.61,43.28,12.8,0.17,1.65,1.58,16.91
Jaipur,2025-03-28,23.74,40.93,14.28,0.38,1.2,1.95,17.53
Jaipur,2025-03-29,23.72,42.01,13.97,0.34,1.07,2.01,16.88
Jaipur,2025-03-30,24.46,43.26,13.9,0.1,0.92,1.27,16.09
Jaipur,2025-03-31,24.73,40.94,14.17,0.26,1.31,1.31,17.29
Jaipur,2025-04-01,25.02,40.04,15.96,0.33,1.47,1.4,15.79
Jaipur,2025-04-02,24.93,40.5,14.28,0.34,1.36,1.12,17.47
Jaipur,2025-04-03,24.79,40.75,14.56,0.51,1.1,1.65,16.65
Jaipur,2025-04-04,25.36,41.93,14.64,0.2,1.23,1.23,15.42
Jaipur,2025-04-05,26.32,39.88,13.94,0.28,1.18,1.21,17.2
Jaipur,2025-04-06,25.19,43.48,12.94,0.26,1.51,1.25,15.37
Jaipur,2025-04-07,24.47,42.85,14.37,0.43,1.22,1.61,15.05
Jaipur,2025-04-08,25.01,42.17,14.06,0.18,1.35,1.5,15.74
Jaipur,2025-04-09,22.65,42.5,14.65,0.04,0.85,1.27,18.05
Jaipur,2025-04-10,22.67,43.2,16.22,0.19,0.88,1.2,15.63
Jaipur,2025-04-11,25.95,42.81,13.88,0.56,1.22,0.99,14.6
Jaipur,2025-04-12,24.04,41.95,15.53,0.44,1.33,1.84,14.88
Jaipur,2025-04-13,25.39,43.84,13.14,0.13,0.7,1.81,14.99
Jaipur,2025-04-14,24.12,42.7,14.85,0.29,0.88,1.04,16.12
Jaipur,2025-04-15,25.13,43.33,14.08,0.07,0.84,1.38,15.16
Jaipur,2025-04-16,25.81,42.78,13.65,0.37,0.9,1.06,15.44
Jaipur,2025-04-17,24.81,44.04,14.67,0.22,0.96,1.43,13.87
Jaipur,2025-04-18,24.64,45.38,13.7,0.41,1.23,1.17,13.47
Jaipur,2025-04-19,25.82,42.31,13.44,0.62,1.18,1.09,15.53
Jaipur,2025-04-20,25.22,42.78,13.19,0.06,1.01,1.38,16.36
Jaipur,2025-04-21,24.43,41.05,13.13,0.2,0.91,1.18,19.11
Jaipur,2025-04-22,25.05,39.96,14.87,0.22,1.0,1.11,17.78
Jaipur,2025-04-23,23.17,42.9,14.17,0.31,1.29,1.53,16.64
Jaipur,2025-04-24,22.97,39.91,15.43,0.71,1.0,1.18,18.79
Jaipur,2025-04-25,24.65,40.97,14.56,0.36,0.66,1.46,17.34
Jaipur,2025-04-26,25.16,39.17,14.68,0.35,1.19,1.19,18.27
Jaipur,2025-04-27,23.77,39.87,12.85,0.22,1.33,1.3,20.66
Jaipur,2025-04-28,22.93,40.66,15.78,0.46,1.17,0.98,18.02
Jaipur,2025-04-29,25.14,41.85,13.74,0.54,1.09,1.57,16.07
Jaipur,2025-04-30,24.93,42.01,14.13,0.27,1.52,1.12,16.02
Jaipur,2025-05-01,23.7,41.27,12.8,0.43,1.41,1.64,18.75
Jaipur,2025-05-02,23.9,40.79,12.78,0.28,1.62,1.37,19.26
Jaipur,2025-05-03,24.8,39.93,13.61,0.54,1.53,1.38,18.22
Jaipur,2025-05-04,26.06,38.89,13.3,0.32,1.59,1.3,18.54
Jaipur,2025-05-05,24.29,41.45,13.12,0.28,1.57,1.32,17.98
Jaipur,2025-05-06,22.07,41.95,15.41,0.18,0.77,0.7,18.92
Jaipur,2025-05-07,24.06,42.0,13.7,0.23,1.44,1.51,17.06
Jaipur,2025-05-08,24.32,41.76,14.13,0.24,1.15,1.27,17.12
Jaipur,2025-05-09,23.55,42.37,12.54,0.36,1.26,1.38,18.54
Jaipur,2025-05-10,22.6,41.7,13.11,0.14,1.13,1.54,19.79
Jaipur,2025-05-11,23.67,40.97,14.14,0.28,1.13,1.29,18.52
Jaipur,2025-05-12,23.78,42.29,14.42,0.19,1.4,0.94,16.98
Jaipur,2025-05-13,23.09,43.95,13.32,0.27,0.94,1.3,17.13
Jaipur,2025-05-14,22.72,41.83,14.71,0.12,1.21,1.91,17.5
Jaipur,2025-05-15,22.49,43.35,13.42,0.27,1.45,1.42,17.61
Jaipur,2025-05-16,23.99,43.84,12.85,0.14,0.95,1.37,16.85
Jaipur,2025-05-17,24.4,42.27,13.29,0.14,1.49,1.33,17.08
Jaipur,2025-05-18,24.52,40.35,13.67,0.16,1.49,1.44,18.38
Jaipur,2025-05-19,23.23,42.41,13.5,0.33,1.15,1.88,17.51
Jaipur,2025-05-20,24.79,42.69,14.2,0.09,1.2,1.63,15.4
Jaipur,2025-05-21,24.59,41.3,13.48,0.47,1.18,1.59,17.39
Jaipur,2025-05-22,26.21,40.66,13.94,0.24,1.32,1.29,16.35
Jaipur,2025-05-23,24.92,41.01,15.34,0.4,1.18,1.31,15.83
Jaipur,2025-05-24,25.39,41.07,14.92,0.22,0.87,1.04,16.5
Jaipur,2025-05-25,22.86,41.24,14.56,0.27,1.54,1.07,18.46
Jaipur,2025-05-26,24.29,40.3,14.93,0.4,1.25,1.08,17.76
Jaipur,2025-05-27,25.52,42.18,14.02,0.21,1.15,1.48,15.44
Jaipur,2025-05-28,23.51,42.82,13.72,0.23,1.42,1.33,16.97
Jaipur,2025-05-29,23.37,42.18,13.62,0.24,1.3,1.21,18.1
Jaipur,2025-05-30,21.6,41.47,15.53,0.12,1.19,1.39,18.71
Jaipur,2025-05-31,24.28,40.74,15.35,0.36,1.34,1.64,16.28
Jaipur,2025-06-01,24.03,40.21,14.21,0.2,1.6,1.07,18.68
Jaipur,2025-06-02,23.65,44.24,14.24,0.18,1.06,1.32,15.32
Jaipur,2025-06-03,23.48,40.6,11.93,0.21,1.06,1.6,21.13
Jaipur,2025-06-04,25.97,39.84,14.12,0.26,0.77,1.42,17.64
Jaipur,2025-06-05,23.45,44.78,14.34,0.25,0.76,1.25,15.16
Jaipur,2025-06-06,24.35,43.87,13.38,0.33,1.36,1.22,15.49
Jaipur,2025-06-07,25.82,42.04,14.15,0.21,1.24,1.46,15.08
Jaipur,2025-06-08,23.82,43.63,13.2,0.19,0.9,1.55,16.71
Jaipur,2025-06-09,24.74,42.82,13.71,0.56,0.85,1.41,15.91
Jaipur,2025-06-10,23.3,43.73,13.93,0.42,1.4,1.35,15.87
Jaipur,2025-06-11,24.71,40.69,15.51,0.28,1.21,1.18,16.43
Jaipur,2025-06-12,23.26,40.77,14.53,0.36,1.79,1.49,17.79
Jaipur,2025-06-13,22.94,40.16,15.1,0.39,0.84,1.11,19.47
Jaipur,2025-06-14,25.91,39.01,13.8,0.26,1.1,1.42,18.5
Jaipur,2025-06-15,23.19,42.83,14.29,0.17,0.97,1.35,17.21
Jaipur,2025-06-16,23.26,42.06,14.95,0.12,1.06,1.15,17.4
Jaipur,2025-06-17,25.17,39.53,14.3,0.23,1.09,1.5,18.18
Jaipur,2025-06-18,22.67,41.26,15.06,0.47,1.28,0.99,18.27
Jaipur,2025-06-19,24.87,39.78,14.92,0.29,0.99,1.23,17.92
Jaipur,2025-06-20,22.4,42.7,13.5,0.24,1.31,1.42,18.43
Jaipur,2025-06-21,23.37,41.38,13.83,0.34,1.72,1.58,17.78
Jaipur,2025-06-22,24.2,39.2,14.6,0.26,1.25,1.88,18.61
Jaipur,2025-06-23,24.51,40.89,15.75,0.26,0.86,1.64,16.09
Jaipur,2025-06-24,21.92,41.56,14.2,0.61,1.03,1.62,19.05
Jaipur,2025-06-25,23.29,40.85,15.55,0.31,1.13,1.27,17.59
Jaipur,2025-06-26,22.57,39.9,15.33,0.38,1.29,1.67,18.85
Jaipur,2025-06-27,23.27,40.92,14.55,0.25,1.24,1.77,18.0
Jaipur,2025-06-28,22.86,41.38,14.44,0.34,1.17,1.22,18.6
Jaipur,2025-06-29,22.04,41.53,14.96,0.36,1.09,1.51,18.5
Jaipur,2025-06-30,21.78,41.14,15.32,0.57,1.11,1.99,18.08
Jaipur,2025-07-01,21.72,41.95,15.39,0.34,1.35,1.72,17.54
Jaipur,2025-07-02,21.38,40.42,16.71,0.05,1.21,1.59,18.63
Jaipur,2025-07-03,20.64,40.58,17.49,0.09,1.06,1.56,18.58
Jaipur,2025-07-04,23.87,39.25,16.34,0.34,1.32,1.43,17.46
Jaipur,2025-07-05,23.85,39.77,15.95,0.19,1.42,1.53,17.29
Jaipur,2025-07-06,22.92,40.49,15.25,0.32,1.21,1.69,18.11
Jaipur,2025-07-07,23.19,40.37,16.07,0.22,1.42,1.4,17.33
Jaipur,2025-07-08,22.39,43.12,14.57,0.4,1.24,1.84,16.44
Jaipur,2025-07-09,23.01,42.91,13.89,0.26,0.67,1.37,17.89
Jaipur,2025-07-10,22.73,42.22,14.67,0.17,1.28,1.59,17.34
Jaipur,2025-07-11,21.78,43.42,14.92,0.22,1.73,1.2,16.73
Jaipur,2025-07-12,25.0,39.52,15.75,0.13,1.44,1.7,16.46
Jaipur,2025-07-13,23.94,41.62,14.6,0.19,1.33,1.72,16.59
Jaipur,2025-07-14,23.04,41.35,15.53,0.14,1.07,1.63,17.24
Jaipur,2025-07-15,25.06,41.39,14.13,0.27,1.12,1.01,17.01
Jaipur,2025-07-16,24.4,42.9,14.23,0.29,0.85,1.23,16.1
Jaipur,2025-07-17,23.23,40.67,15.9,0.42,1.04,0.92,17.83
Jaipur,2025-07-18,24.68,41.86,14.87,0.14,0.98,1.12,16.34
Jaipur,2025-07-19,22.46,41.88,15.83,0.14,1.18,1.45,17.06
Jaipur,2025-07-20,24.4,40.15,14.6,0.16,1.72,1.5,17.47
Jaipur,2025-07-21,23.52,42.9,13.97,0.17,1.11,1.6,16.73
Jaipur,2025-07-22,23.79,43.71,14.75,0.34,0.88,1.65,14.86
Jaipur,2025-07-23,22.91,41.97,14.25,0.45,1.23,1.51,17.69
Jaipur,2025-07-24,22.64,41.51,13.97,0.2,1.23,1.91,18.54
Jaipur,2025-07-25,23.95,41.48,15.09,0.39,0.97,1.33,16.78
Jaipur,2025-07-26,22.71,42.04,13.32,0.13,1.15,1.58,19.07
Jaipur,2025-07-27,23.51,41.38,13.68,0.19,1.28,1.71,18.25
Jaipur,2025-07-28,22.43,44.01,13.88,0.08,1.21,1.29,17.1
Jaipur,2025-07-29,22.67,43.75,15.03,0.35,0.77,1.57,15.87
Jaipur,2025-07-30,21.23,44.31,15.14,0.16,1.01,1.49,16.66
Jaipur,2025-07-31,21.61,44.23,14.77,0.11,1.07,1.32,16.9
Jaipur,2025-08-01,21.8,41.92,16.26,0.21,0.86,1.44,17.51
Jaipur,2025-08-02,24.89,41.53,14.75,0.14,1.41,1.75,15.52
Jaipur,2025-08-03,25.11,41.08,14.18,0.16,1.44,1.46,16.57
Jaipur,2025-08-04,23.73,44.16,15.54,0.21,1.04,1.25,14.06
Jaipur,2025-08-05,23.39,41.07,14.7,0.21,1.14,1.19,18.31
Jaipur,2025-08-06,23.46,43.09,14.59,0.15,0.99,1.41,16.3
Jaipur,2025-08-07,24.53,41.68,15.11,0.27,1.1,1.53,15.78
Jaipur,2025-08-08,26.1,43.36,12.85,0.09,0.95,1.44,15.21
Jaipur,2025-08-09,24.78,43.66,12.27,0.25,0.93,1.34,16.78
Jaipur,2025-08-10,24.54,43.58,13.62,0.1,1.22,1.63,15.3
Jaipur,2025-08-11,24.33,42.94,14.34,0.18,1.15,1.47,15.59
Jaipur,2025-08-12,23.74,42.54,14.21,0.28,0.97,1.45,16.81
Jaipur,2025-08-13,25.01,42.14,14.21,0.3,1.13,1.38,15.84
Jaipur,2025-08-14,25.95,42.07,13.96,0.11,1.09,1.2,15.62
Jaipur,2025-08-15,26.18,43.39,13.12,0.2,0.93,1.23,14.95
Jaipur,2025-08-16,27.33,41.86,13.91,0.07,1.15,1.19,14.49
Jaipur,2025-08-17,24.71,43.78,13.94,0.24,0.94,0.91,15.47
Jaipur,2025-08-18,24.19,44.3,13.81,0.26,1.03,1.26,15.16
Jaipur,2025-08-19,24.2,44.17,13.29,0.25,1.12,1.42,15.55
Jaipur,2025-08-20,24.85,44.29,14.15,0.26,1.25,1.08,14.12
Jaipur,2025-08-21,22.86,42.45,15.27,0.31,1.62,1.14,16.36
Jaipur,2025-08-22,22.43,44.45,15.49,0.16,1.57,1.3,14.6
Jaipur,2025-08-23,23.99,42.15,14.73,0.17,1.06,1.63,16.27
Jaipur,2025-08-24,23.07,42.5,15.48,0.32,0.81,1.86,15.97
Jaipur,2025-08-25,23.64,44.16,14.76,0.13,1.17,0.82,15.32
Jaipur,2025-08-26,23.88,42.97,14.82,0.08,1.03,1.4,15.82
Jaipur,2025-08-27,22.35,44.67,14.86,0.46,1.11,1.22,15.32
Jaipur,2025-08-28,22.37,44.37,15.91,0.23,0.76,0.97,15.38
Jaipur,2025-08-29,23.04,40.9,16.29,0.2,1.06,0.89,17.63
Jaipur,2025-08-30,23.23,42.22,15.02,0.19,1.01,0.98,17.36
Jaipur,2025-08-31,22.61,41.29,15.77,0.16,1.07,1.49,17.62
Jaipur,2025-09-01,23.25,40.87,14.96,0.23,0.93,2.55,17.22
Jaipur,2025-09-02,24.28,42.95,14.51,0.03,0.83,1.96,15.45
Jaipur,2025-09-03,27.55,47.77,10.41,0.14,0.64,1.21,12.28
Jaipur,2025-09-04,34.71,43.72,9.44,0.2,0.59,0.89,10.47
Jaipur,2025-09-05,27.9,46.27,11.39,0.27,0.76,1.07,12.34
Jaipur,2025-09-06,28.68,46.76,10.43,0.39,0.72,1.17,11.86
Jaipur,2025-09-07,27.95,47.63,9.93,0.31,0.73,0.92,12.52
Jaipur,2025-09-08,27.37,48.8,10.61,0.15,0.81,0.79,11.48
Jaipur,2025-09-09,26.42,49.14,11.99,0.09,0.73,1.0,10.63
Jaipur,2025-09-10,27.2,48.09,11.05,0.1,1.0,1.08,11.49
Jaipur,2025-09-11,27.32,45.2,12.86,0.13,0.78,1.03,12.68
Jaipur,2025-09-12,25.25,47.94,11.81,0.13,0.94,0.97,12.96
Jaipur,2025-09-13,24.96,46.29,12.99,0.17,0.91,0.79,13.9
Jaipur,2025-09-14,25.54,42.65,12.06,0.16,0.5,0.89,18.2
Jaipur,2025-09-15,27.84,45.28,11.26,0.3,0.99,0.64,13.69
Jaipur,2025-09-16,25.91,46.76,12.21,0.12,0.89,0.89,13.22
Jaipur,2025-09-17,25.92,46.81,10.97,0.25,0.63,1.15,14.27
Jaipur,2025-09-18,26.66,45.21,12.4,0.08,0.85,0.83,13.98
Jaipur,2025-09-19,27.03,43.19,13.2,0.28,0.79,1.17,14.36
Jaipur,2025-09-20,26.09,45.31,12.74,0.18,0.86,1.11,13.71
Jaipur,2025-09-21,30.57,44.78,9.32,0.02,0.82,1.09,13.39
Jaipur,2025-09-22,28.58,49.15,10.46,0.16,0.75,0.55,10.35
Jaipur,2025-09-23,27.82,50.12,10.38,0.05,0.76,0.76,10.1
Jaipur,2025-09-24,25.92,49.31,9.97,0.11,1.08,1.12,12.5
Jaipur,2025-09-25,27.27,48.42,11.21,0.12,0.89,0.75,11.35
Jaipur,2025-09-26,25.42,46.86,11.56,0.12,0.97,0.84,14.22
Jaipur,2025-09-27,24.75,47.66,11.62,0.04,1.39,1.11,13.43
Jaipur,2025-09-28,25.12,44.55,10.91,0.12,1.36,0.72,17.22
Jaipur,2025-09-29,25.23,45.74,12.2,0.11,0.99,1.1,14.63
Jaipur,2025-09-30,26.56,46.89,11.89,0.17,0.74,0.8,12.96
Jaipur,2025-10-01,25.13,47.88,12.43,0.22,1.18,0.87,12.28
Jaipur,2025-10-02,26.27,48.77,11.06,0.11,0.74,0.83,12.22
Jaipur,2025-10-03,26.57,46.69,11.7,0.06,0.82,0.9,13.26
Jaipur,2025-10-04,27.41,46.19,12.99,0.1,0.91,0.75,11.65
Jaipur,2025-10-05,25.54,47.12,11.8,0.04,0.81,0.77,13.93
Jaipur,2025-10-06,28.27,46.14,11.56,0.08,1.11,0.74,12.1
Jaipur,2025-10-07,29.05,46.86,11.24,0.16,0.94,0.69,11.06
Jaipur,2025-10-08,27.65,45.55,13.69,0.12,1.02,0.87,11.1
Jaipur,2025-10-09,28.8,44.17,12.35,0.02,0.89,0.94,12.82
Jaipur,2025-10-10,27.59,45.58,12.12,0.31,0.97,0.77,12.66
Jaipur,2025-10-11,28.5,43.84,13.23,0.26,1.0,0.76,12.42
Jaipur,2025-10-12,28.06,45.13,12.84,0.17,0.79,0.92,12.1
Jaipur,2025-10-13,26.79,45.78,13.6,,1.11,0.9,11.82
Jaipur,2025-10-14,26.93,45.73,12.38,0.19,1.01,0.76,13.0
Jaipur,2025-10-15,27.26,45.99,12.22,0.22,0.97,1.09,12.25
Jaipur,2025-10-16,25.17,44.71,13.94,0.09,1.42,0.91,13.77
Jaipur,2025-10-17,26.92,45.83,12.48,0.15,0.84,1.11,12.66
Jaipur,2025-10-18,29.38,46.41,10.19,0.17,0.63,0.89,12.32
Jaipur,2025-10-19,31.38,45.75,9.34,0.12,0.64,0.75,12.03
Jaipur,2025-10-20,30.02,46.09,10.37,0.24,0.84,0.6,11.84
Jaipur,2025-10-21,28.75,44.12,11.92,0.22,0.71,0.98,13.3
Jaipur,2025-10-22,28.96,43.76,12.16,0.15,0.83,1.0,13.14
Jaipur,2025-10-23,26.76,46.3,12.41,0.12,0.67,1.01,12.72
Jaipur,2025-10-24,25.14,46.3,13.61,0.18,0.98,0.59,13.2
Jaipur,2025-10-25,27.18,45.99,12.64,0.25,0.88,0.9,12.16
Jaipur,2025-10-26,26.6,44.29,14.12,0.14,0.82,0.72,13.3
Jaipur,2025-10-27,25.43,46.08,13.76,0.14,0.72,0.81,13.06
Jaipur,2025-10-28,24.7,46.12,14.88,0.13,0.87,0.58,12.72
Jaipur,2025-10-29,26.38,42.87,15.46,0.21,1.02,0.81,13.23
Jaipur,2025-10-30,26.34,42.5,15.45,0.14,0.93,0.9,13.76
Jaipur,2025-10-31,25.25,45.48,13.91,0.06,0.87,0.64,13.8
Jaipur,2025-11-01,26.02,42.97,14.91,0.19,0.82,0.85,14.24
Jaipur,2025-11-02,27.97,44.44,12.71,0.16,1.05,0.7,12.98
Jaipur,2025-11-03,27.99,46.27,12.16,0.27,0.87,0.76,11.68
Jaipur,2025-11-04,30.6,48.6,10.42,0.06,0.77,0.64,8.91
Jaipur,2025-11-05,27.15,48.06,11.58,0.11,0.97,0.97,11.15
Jaipur,2025-11-06,28.43,45.34,11.95,0.08,0.84,1.12,12.23
Jaipur,2025-11-07,26.1,45.0,14.36,0.19,0.96,0.96,12.43
Jaipur,2025-11-08,27.92,45.59,12.46,0.1,0.89,0.66,12.38
Jaipur,2025-11-09,26.71,44.32,13.33,0.08,0.78,0.73,14.06
Jaipur,2025-11-10,25.98,45.07,14.12,0.29,0.72,0.69,13.13
Jaipur,2025-11-11,27.17,44.3,14.86,0.09,1.09,0.89,11.59
Jaipur,2025-11-12,26.58,43.12,14.82,0.17,1.04,1.04,13.22
Jaipur,2025-11-13,27.05,44.37,14.45,0.09,0.7,0.81,12.54
Jaipur,2025-11-14,24.54,43.45,17.1,0.12,0.8,0.86,13.13
Jaipur,2025-11-15,27.85,44.41,13.57,0.25,0.5,0.78,12.64
Jaipur,2025-11-16,27.88,43.35,14.07,0.18,0.87,0.82,12.84
Jaipur,2025-11-17,26.16,44.53,15.15,0.18,0.7,0.79,12.5
Jaipur,2025-11-18,24.16,44.12,16.18,0.34,0.67,1.06,13.47
Jaipur,2025-11-19,25.54,41.14,17.54,0.21,1.06,0.88,13.63
Jaipur,2025-11-20,25.16,44.06,15.28,0.14,0.84,0.7,13.83
Jaipur,2025-11-21,25.45,44.48,14.35,0.36,0.77,1.46,13.13
Jaipur,2025-11-22,26.62,42.81,14.95,0.2,1.35,1.06,13.0
Jaipur,2025-11-23,24.55,42.39,15.88,0.16,0.91,1.15,14.95
Jaipur,2025-11-24,26.43,42.74,15.92,0.08,0.7,0.95,13.17
Jaipur,2025-11-25,30.46,51.65,9.75,0.06,0.44,0.46,7.18
Jaipur,2025-11-26,26.5,51.37,10.52,0.12,0.62,0.85,10.02
Jaipur,2025-11-27,27.03,47.6,13.48,0.2,0.43,0.92,10.34
Jaipur,2025-11-28,25.85,47.21,14.8,0.12,0.87,0.62,10.53
Jaipur,2025-11-29,26.65,43.77,15.92,0.15,0.68,0.53,12.31
Jaipur,2025-11-30,26.09,44.56,15.19,0.28,0.8,0.64,12.45
Jaipur,2025-12-01,24.6,43.64,17.02,0.18,0.66,1.1,12.8
Jaipur,2025-12-02,24.93,42.7,17.61,0.2,0.73,0.98,12.85
Jaipur,2025-12-03,25.79,43.87,16.65,0.05,0.83,0.75,12.06
Jaipur,2025-12-04,25.33,46.03,14.6,0.32,0.68,0.97,12.07
Jaipur,2025-12-05,26.09,45.46,15.77,0.13,0.55,0.71,11.29
Jaipur,2025-12-06,27.51,45.15,14.2,0.05,0.49,0.91,11.69
Jaipur,2025-12-07,25.96,44.75,14.44,0.17,0.87,0.75,13.06
Jaipur,2025-12-08,26.8,43.09,14.91,0.08,0.75,1.11,13.27
Jaipur,2025-12-09,26.34,42.83,15.97,0.07,0.72,1.16,12.91
Jaipur,2025-12-10,28.28,44.64,12.78,0.05,0.79,0.66,12.8
Jaipur,2025-12-11,27.17,43.94,15.09,0.13,0.71,0.74,12.23
Jaipur,2025-12-12,27.03,43.99,14.77,0.1,1.17,1.12,11.82
Jaipur,2025-12-13,26.07,44.99,14.5,0.38,0.92,1.01,12.13
Jaipur,2025-12-14,27.88,43.92,13.61,0.2,0.95,1.2,12.23
Jaipur,2025-12-15,27.37,43.63,14.24,0.12,0.91,0.94,12.79
Jaipur,2025-12-16,27.03,42.65,15.83,0.16,1.05,0.97,12.3
Jaipur,2025-12-17,25.71,43.44,15.06,0.23,0.84,1.28,13.44
Jaipur,2025-12-18,25.97,42.46,16.42,0.15,0.93,1.19,12.88
Jaipur,2025-12-19,25.62,44.37,16.47,0.24,0.6,1.1,11.61
Jaipur,2025-12-20,24.79,43.85,15.92,0.05,1.24,0.93,13.22
Jaipur,2025-12-21,24.51,44.29,15.91,0.32,1.14,0.95,12.89
Jaipur,2025-12-22,25.17,43.68,16.99,0.1,1.0,1.0,12.06
Jaipur,2025-12-23,25.63,43.61,16.15,0.08,0.98,0.83,12.74
Jaipur,2025-12-24,23.12,43.78,17.75,0.08,0.75,1.26,13.26
Jaipur,2025-12-25,25.93,42.64,16.41,0.12,0.64,0.96,13.3
Jaipur,2025-12-26,25.75,43.37,15.55,0.37,0.8,1.15,13.01
Jaipur,2025-12-27,24.44,41.74,17.92,0.21,1.06,0.8,13.84
Jaipur,2025-12-28,23.22,43.87,17.19,0.13,0.92,0.77,13.89
Jaipur,2025-12-29,24.66,43.12,16.3,0.28,0.61,1.3,13.74
Jaipur,2025-12-30,23.93,43.8,16.85,0.35,0.92,0.89,13.26
Jaipur,2025-12-31,25.86,43.56,15.68,0.36,0.65,1.04,12.86
Jaipur,2026-01-01,25.55,44.78,14.7,0.38,0.64,0.8,13.16
Jaipur,2026-01-02,26.6,43.21,16.24,0.23,0.93,0.91,11.89
Jaipur,2026-01-03,24.69,42.29,18.47,0.14,0.94,1.16,12.31
Jaipur,2026-01-04,27.87,42.07,16.36,0.13,0.85,0.88,11.84
Jaipur,2026-01-05,26.1,44.04,17.43,0.13,0.62,1.01,10.67
Jaipur,2026-01-06,26.61,45.63,16.67,0.18,0.73,0.51,9.67
Jaipur,2026-01-07,27.99,44.57,15.03,0.21,0.64,0.93,10.63
Jaipur,2026-01-08,25.75,43.99,16.61,0.1,0.63,0.68,12.24
Jaipur,2026-01-09,26.12,44.22,16.51,0.2,0.8,0.8,11.34
Jaipur,2026-01-10,24.81,44.17,17.33,0.1,0.74,1.08,11.78
Jaipur,2026-01-11,25.88,44.74,16.25,0.25,0.69,0.91,11.27
Jaipur,2026-01-12,25.64,44.22,15.95,0.15,0.51,1.06,12.48
Jaipur,2026-01-13,28.9,48.93,12.13,0.15,0.56,0.75,8.59
Jaipur,2026-01-14,28.15,47.06,13.38,0.16,0.74,1.2,9.31
Jaipur,2026-01-15,26.43,45.92,14.71,0.23,0.81,0.84,11.06
Jaipur,2026-01-16,27.08,44.38,14.69,0.09,0.81,0.76,12.2
Jaipur,2026-01-17,25.35,46.3,14.56,0.32,0.64,0.89,11.94
Jaipur,2026-01-18,27.2,42.82,16.16,0.26,0.8,0.87,11.89
Jaipur,2026-01-19,25.02,43.69,17.98,0.27,0.84,0.76,11.43
Jaipur,2026-01-20,25.51,46.06,14.75,0.33,0.63,0.75,11.97
Jaipur,2026-01-21,24.82,44.15,16.68,0.26,0.81,1.07,12.21
Jaipur,2026-01-22,28.35,41.9,15.67,0.3,1.14,0.94,11.7
Jaipur,2026-01-23,27.47,44.27,14.77,0.25,0.74,1.28,11.22
Jaipur,2026-01-24,26.73,43.06,15.93,0.19,0.79,0.93,12.37
Jaipur,2026-01-25,26.15,42.98,17.0,0.05,0.74,1.21,11.88
Jaipur,2026-01-26,27.94,45.33,13.18,0.09,0.78,0.83,11.85
Jaipur,2026-01-27,27.13,44.67,15.25,0.15,0.83,1.2,10.76
Jaipur,2026-01-28,26.27,44.23,15.96,0.21,0.81,0.9,11.62
Jaipur,2026-01-29,24.98,43.31,16.79,0.26,0.64,1.33,12.7
Jaipur,2026-01-30,25.84,44.64,15.26,0.25,0.96,0.96,12.09
Jaipur,2026-01-31,25.75,41.06,18.19,0.16,0.83,1.01,12.99
Jaipur,2026-02-01,25.12,43.93,16.39,0.16,0.52,1.3,12.59
Jaipur,2026-02-02,24.28,44.73,16.16,0.38,0.54,0.92,12.98
Jaipur,2026-02-03,26.74,43.08,15.73,0.29,1.11,0.72,12.33
Jaipur,2026-02-04,25.34,43.62,17.78,0.39,0.58,1.08,11.22
Jaipur,2026-02-05,24.58,41.88,18.2,0.22,0.77,1.53,12.81
Jaipur,2026-02-06,25.18,43.0,16.51,0.13,0.94,1.2,13.03
Jaipur,2026-02-07,24.89,42.26,17.87,0.13,1.13,1.39,12.32
Jaipur,2026-02-08,25.66,42.6,18.48,0.33,0.96,1.27,10.71
Jaipur,2026-02-09,26.12,42.01,16.76,0.18,1.03,1.29,12.6
Jaipur,2026-02-10,25.78,42.79,16.81,0.03,0.66,0.99,12.95
Jaipur,2026-02-11,24.95,44.45,16.38,0.13,0.98,1.11,12.0
Jaipur,2026-02-12,26.42,42.72,17.49,0.13,0.99,1.17,11.09
Jaipur,2026-02-13,26.14,40.9,17.65,0.19,1.17,1.27,12.69
Jaipur,2026-02-14,26.28,41.46,17.6,0.07,0.96,1.01,12.61
Jaipur,2026-02-15,23.08,39.94,16.69,0.15,0.74,0.78,18.62
Jaipur,2026-02-16,24.68,40.98,18.82,0.13,0.94,0.78,13.66
Jaipur,2026-02-17,26.97,42.56,16.53,0.05,0.76,0.57,12.56
Jaipur,2026-02-18,23.75,44.33,16.29,0.15,0.81,0.91,13.76
Jaipur,2026-02-19,26.0,44.87,15.82,0.18,0.78,0.8,11.55
Jaipur,2026-02-20,26.95,45.62,15.46,0.18,0.71,0.87,10.22
Jaipur,2026-02-21,27.38,42.82,16.39,0.16,0.93,0.82,11.5
Jaipur,2026-02-22,26.0,40.24,16.96,0.14,0.93,1.2,14.53
Jaipur,2026-02-23,25.32,42.05,18.07,0.1,0.47,0.72,13.28
Jaipur,2026-02-24,25.28,42.68,16.63,0.16,0.9,1.14,13.21
Jaipur,2026-02-25,24.33,44.1,16.88,0.19,0.82,0.77,12.91
Jaipur,2026-02-26,22.4,41.83,17.77,0.16,0.78,0.7,16.36
Jaipur,2026-02-27,24.56,42.37,18.51,0.14,0.75,0.7,12.97
Jaipur,2026-02-28,24.48,39.44,19.25,0.09,0.66,1.07,15.02
Jaipur,2026-03-01,24.69,40.88,18.05,0.06,0.67,1.28,14.37
Jaipur,2026-03-02,25.67,41.81,17.64,0.03,0.5,0.9,13.45
Jaipur,2026-03-03,24.34,41.55,18.57,0.1,0.66,1.36,13.43
Jaipur,2026-03-04,25.35,41.0,16.23,0.13,1.0,1.1,15.19
Jaipur,2026-03-05,22.86,39.96,17.75,0.12,0.91,0.88,17.51
Jaipur,2026-03-06,23.1,42.41,16.45,0.23,0.99,0.79,16.03
Jaipur,2026-03-07,23.76,41.56,18.11,0.26,0.74,0.91,14.65
Jaipur,2026-03-08,24.29,39.52,15.39,0.09,0.44,1.0,19.27
Jaipur,2026-03-09,23.97,43.34,16.83,0.06,0.64,1.3,13.86
Jaipur,2026-03-10,23.75,40.66,18.74,0.12,0.98,0.87,14.89
Jaipur,2026-03-11,23.02,43.57,17.05,0.15,0.79,1.1,14.31
Jaipur,2026-03-12,23.48,42.03,18.31,0.12,0.91,1.07,14.07
Jaipur,2026-03-13,25.75,41.8,16.7,0.37,0.57,0.68,14.11
Jaipur,2026-03-14,24.12,43.49,16.94,0.24,0.41,0.9,13.9
Jaipur,2026-03-15,25.41,40.85,17.34,0.19,0.8,1.29,14.12
Jaipur,2026-03-16,24.89,41.84,17.74,0.38,0.67,1.46,13.01
Jaipur,2026-03-17,25.5,42.49,17.42,0.19,0.35,0.86,13.2
Jaipur,2026-03-18,24.62,43.09,16.83,0.14,0.42,0.5,14.4
Jaipur,2026-03-19,24.39,42.49,16.28,0.25,0.92,1.31,14.35
Jaipur,2026-03-20,25.36,43.39,16.44,0.22,0.85,0.99,12.75
Jaipur,2026-03-21,26.55,40.24,17.36,0.15,0.92,1.04,13.74
Jaipur,2026-03-22,26.98,40.4,17.37,0.05,0.92,0.71,13.58
Jaipur,2026-03-23,24.21,42.69,17.85,0.17,0.71,0.91,13.47
Jaipur,2026-03-24,23.6,42.98,18.95,0.23,0.68,0.91,12.65
Jaipur,2026-03-25,25.39,40.95,16.52,0.11,0.87,1.07,15.09
Jaipur,2026-03-26,25.19,41.34,17.61,0.14,0.67,1.1,13.96
Jaipur,2026-03-27,24.19,43.23,16.53,0.08,0.9,1.05,14.02
Jaipur,2026-03-28,23.83,41.72,18.48,0.11,0.87,0.95,14.04
Jaipur,2026-03-29,24.5,41.9,17.92,0.19,0.47,0.83,14.19
Jaipur,2026-03-30,24.76,43.11,16.75,0.26,0.61,1.08,13.43
Jaipur,2026-03-31,22.94,41.77,19.75,0.09,0.92,0.57,13.96
Jaipur,2026-04-01,24.39,41.62,18.09,0.34,0.92,1.2,13.44
Jaipur,2026-04-02,25.0,41.61,17.6,0.15,0.75,1.2,13.69
Jaipur,2026-04-03,25.42,41.31,17.74,0.25,0.55,0.96,13.77
Jaipur,2026-04-04,24.09,40.65,18.95,0.12,0.69,1.08,14.44
Jaipur,2026-04-05,24.31,40.05,19.75,0.12,0.66,1.09,14.02
Jaipur,2026-04-06,25.15,40.08,18.09,0.42,0.69,1.11,14.45
Jaipur,2026-04-07,24.11,39.82,18.29,0.33,0.98,1.28,15.2
Jaipur,2026-04-08,23.77,39.53,20.08,0.12,0.77,1.71,14.02
Jaipur,2026-04-09,24.76,42.15,16.94,0.09,0.74,0.95,14.37
Jaipur,2026-04-10,23.36,40.29,19.12,0.21,0.91,1.0,15.1
Jaipur,2026-04-11,25.38,40.41,18.6,0.2,0.56,0.98,13.88
Jaipur,2026-04-12,24.69,42.25,16.96,0.14,0.52,1.37,14.06
Jaipur,2026-04-13,23.45,40.4,18.6,0.43,0.77,1.33,15.03
Jaipur,2026-04-14,24.99,39.22,19.35,0.17,0.72,1.06,14.49
Jaipur,2026-04-15,23.67,40.88,18.3,0.09,0.74,0.96,15.35
Jaipur,2026-04-16,24.19,40.53,18.13,0.22,0.66,1.6,14.67
Jaipur,2026-04-17,23.51,39.59,19.4,0.43,0.4,0.82,15.86
Jaipur,2026-04-18,24.43,39.65,18.1,0.25,0.46,0.96,16.15
Jaipur,2026-04-19,24.17,41.12,17.67,0.19,0.44,1.12,15.3
Jaipur,2026-04-20,24.88,40.19,18.16,0.06,0.59,1.31,14.81
Jaipur,2026-04-21,25.54,40.44,16.89,0.24,0.81,0.78,15.31
Jaipur,2026-04-22,23.24,40.08,17.92,0.15,1.02,0.9,16.69
Jaipur,2026-04-23,22.51,40.72,18.47,0.21,0.98,1.1,16.01
Jaipur,2026-04-24,21.7,40.69,19.94,0.23,0.63,1.21,15.59
Jaipur,2026-04-25,24.57,41.48,18.08,0.17,0.82,1.13,13.74
Jaipur,2026-04-26,23.92,39.79,18.73,0.03,0.76,1.41,15.36
Jaipur,2026-04-27,23.92,40.9,16.81,0.32,0.61,1.39,16.05
Jaipur,2026-04-28,22.71,40.74,18.84,0.12,1.11,0.78,15.69
Jaipur,2026-04-29,23.63,38.69,20.55,0.23,0.89,0.78,15.23
Jaipur,2026-04-30,23.41,38.44,19.56,0.15,0.86,1.27,16.31
Jaipur,2026-05-01,24.12,40.47,18.91,0.06,0.63,1.22,14.59
Jaipur,2026-05-02,23.38,40.65,18.73,0.32,0.72,1.01,15.19
Jaipur,2026-05-03,22.69,40.96,18.62,0.11,0.73,1.43,15.47
Jaipur,2026-05-04,22.48,41.07,19.43,0.12,0.51,1.57,14.82
Jaipur,2026-05-05,22.32,39.31,20.46,0.03,1.03,1.32,15.53
Jaipur,2026-05-06,22.65,40.57,19.73,0.26,0.56,0.96,15.26
Jaipur,2026-05-07,22.31,39.65,20.81,0.37,0.82,1.05,14.98
Jaipur,2026-05-08,22.19,42.6,18.16,0.23,0.8,0.89,15.13
Jaipur,2026-05-09,21.2,41.6,19.32,0.19,0.71,1.39,15.6
Jaipur,2026-05-10,21.93,39.31,20.07,0.14,0.53,0.81,17.21
Jaipur,2026-05-11,20.84,41.11,21.1,0.03,0.66,1.26,15.0
Jaipur,2026-05-12,23.03,40.75,19.16,0.14,0.42,0.96,15.53
Jaipur,2026-05-13,21.57,39.75,21.32,0.06,0.52,0.87,15.92
Jaipur,2026-05-14,22.13,41.76,18.76,0.19,0.52,0.76,15.88
Jaipur,2026-05-15,22.57,41.47,18.96,0.08,0.49,1.2,15.23
Jaipur,2026-05-16,23.64,39.68,20.44,0.11,0.61,0.97,14.55
Jaipur,2026-05-17,23.39,38.41,20.22,0.3,0.84,1.27,15.57
Jaipur,2026-05-18,21.79,39.08,19.45,0.26,0.88,1.11,17.43
Jaipur,2026-05-19,21.56,40.23,20.17,0.28,0.53,1.02,16.21
Jaipur,2026-05-20,22.91,40.62,19.02,0.47,0.56,1.2,15.23
Jaipur,2026-05-21,23.1,39.3,18.53,0.33,0.61,0.8,17.34
Jaipur,2026-05-22,24.46,40.15,18.89,0.18,0.75,1.06,14.51
Jaipur,2026-05-23,23.62,39.37,19.44,0.13,0.48,0.89,16.06
Jaipur,2026-05-24,23.54,40.15,19.64,0.26,0.76,0.98,14.66
Jaipur,2026-05-25,21.93,39.31,21.07,0.16,0.57,0.99,15.98
Jaipur,2026-05-26,21.15,42.1,18.68,0.23,0.59,0.93,16.31
Jaipur,2026-05-27,22.88,40.96,19.4,0.11,0.8,1.38,14.47
Jaipur,2026-05-28,26.44,46.24,14.34,0.2,0.63,0.81,11.35
Jaipur,2026-05-29,24.01,42.75,16.97,0.27,0.75,0.8,14.45
Jaipur,2026-05-30,22.13,40.48,18.68,0.27,1.22,1.2,16.01
Jaipur,2026-05-31,21.29,40.2,20.36,0.12,0.78,0.73,16.52
Jaipur,2026-06-01,22.22,39.3,20.29,0.19,0.57,0.71,16.73
Jaipur,2026-06-02,22.54,40.5,19.51,0.08,0.76,0.71,15.9
Jaipur,2026-06-03,23.8,37.91,19.83,0.2,0.5,1.2,16.56
Jaipur,2026-06-04,23.49,38.97,21.25,0.18,0.69,0.74,14.68
Jaipur,2026-06-05,21.18,41.73,18.91,0.11,0.81,1.21,16.05
Jaipur,2026-06-06,22.6,40.6,19.92,0.1,0.88,0.91,14.99
Jaipur,2026-06-07,22.19,39.61,19.74,0.19,1.06,1.04,16.16
Jaipur,2026-06-08,22.22,39.64,20.81,0.14,0.76,0.59,15.84
Jaipur,2026-06-09,22.18,39.7,19.77,0.33,0.68,0.49,16.84
Jaipur,2026-06-10,21.45,41.09,19.83,0.22,0.72,0.83,15.86
Jaipur,2026-06-11,21.66,40.43,19.62,0.23,1.13,0.99,15.94
Jaipur,2026-06-12,22.83,39.93,19.19,0.28,0.61,0.94,16.22
Jaipur,2026-06-13,22.78,40.46,19.68,0.13,0.76,1.05,15.14
Jaipur,2026-06-14,22.12,38.34,20.15,0.08,0.59,1.28,17.44
Jaipur,2026-06-15,23.55,38.4,22.12,0.19,1.29,0.75,13.7
Jaipur,2026-06-16,23.54,38.55,20.39,0.11,0.57,0.82,16.02
Jaipur,2026-06-17,22.84,39.37,20.58,0.17,0.77,1.16,15.12
Jaipur,2026-06-18,22.31,37.27,21.48,0.1,0.89,1.02,16.94
Jaipur,2026-06-19,23.06,37.56,20.1,0.19,1.2,1.07,16.82
Jaipur,2026-06-20,23.6,39.93,19.58,0.14,1.38,1.1,14.27
Jaipur,2026-06-21,24.1,39.15,20.16,0.25,0.76,1.1,14.48
Jaipur,2026-06-22,23.24,37.97,22.57,0.16,0.93,0.9,14.22
Jaipur,2026-06-23,24.01,37.41,21.86,0.29,0.86,0.83,14.75
Jaipur,2026-06-24,24.15,41.04,18.96,0.34,0.74,0.65,14.12
Jaipur,2026-06-25,24.47,39.74,19.33,0.17,0.99,1.19,14.11
Jaipur,2026-06-26,23.61,38.65,19.58,0.35,0.68,0.81,16.32
Jaipur,2026-06-27,23.11,38.61,20.78,0.22,0.9,0.99,15.38
Jaipur,2026-06-28,22.78,36.36,21.58,0.16,1.01,0.99,17.13
Jaipur,2026-06-29,22.98,36.66,21.36,0.29,0.74,0.87,17.1
Jaipur,2026-06-30,24.61,40.4,19.65,0.27,0.7,0.85,13.52
Jaipur,2026-07-01,24.07,39.5,19.86,0.17,0.85,1.24,14.3
Jaipur,2026-07-02,22.84,38.69,19.94,0.06,0.6,1.19,16.69
Jaipur,2026-07-03,25.19,38.29,18.86,0.27,1.03,0.98,15.38
Jaipur,2026-07-04,24.67,37.29,22.19,0.06,0.47,0.84,14.48
Jaipur,2026-07-05,24.11,37.48,20.95,0.09,0.62,1.11,15.64
Jaipur,2026-07-06,22.53,40.8,18.58,0.06,0.67,1.0,16.36
Jaipur,2026-07-07,23.05,37.51,21.42,0.12,1.13,1.01,15.75
Jaipur,2026-07-08,21.8,42.33,19.92,0.18,0.59,0.47,14.72
Jaipur,2026-07-09,24.63,43.06,17.34,0.08,0.61,1.06,13.22
Jaipur,2026-07-10,23.62,41.25,19.77,0.05,0.76,0.76,13.78
Jaipur,2026-07-11,22.81,43.5,17.82,0.1,0.6,0.96,14.21
Jaipur,2026-07-12,23.77,41.47,18.78,0.1,0.69,1.16,14.04
Jaipur,2026-07-13,22.83,42.22,18.45,0.35,0.89,0.95,14.32
Jaipur,2026-07-14,23.94,39.62,19.13,0.08,0.92,0.97,15.35
Jaipur,2026-07-15,22.95,41.21,19.36,0.11,0.68,1.16,14.52
Jaipur,2026-07-16,22.87,39.01,20.16,0.12,0.67,0.73,16.44
Jaipur,2026-07-17,22.71,38.88,21.29,0.09,0.71,0.89,15.43
Jaipur,2026-07-18,23.7,38.37,21.57,0.06,0.59,0.9,14.81
Jaipur,2026-07-19,20.71,40.22,21.9,0.16,1.1,0.63,15.27
Jaipur,2026-07-20,22.38,38.52,21.67,0.22,1.26,0.71,15.25
Jaipur,2026-07-21,25.87,35.75,20.5,,0.99,0.73,16.17
Jaipur,2026-07-22,25.22,38.07,20.33,0.06,0.9,0.71,14.7
Jaipur,2026-07-23,25.33,39.37,18.33,0.06,0.8,0.85,15.26
Jaipur,2026-07-24,28.71,42.35,14.99,0.18,0.94,0.65,12.18
Jaipur,2026-07-25,26.68,41.72,16.52,0.02,0.93,0.54,13.6
Jaipur,2026-07-26,26.68,41.11,16.07,0.29,0.33,1.31,14.21
Jaipur,2026-07-27,24.15,42.89,16.58,,0.76,0.81,14.8
Jaipur,2026-07-28,25.78,39.76,18.87,0.18,0.87,0.74,13.8
Jaipur,2026-07-29,25.85,39.2,18.6,0.08,0.64,0.74,14.89
Jaipur,2026-07-30,25.8,37.33,19.24,0.23,0.62,1.04,15.73
Jaipur,2026-07-31,22.85,41.08,18.83,0.11,0.58,0.93,15.63
Jaipur,2026-08-01,24.9,38.17,18.96,0.18,0.6,0.99,16.19
Jaipur,2026-08-02,24.63,36.09,20.64,0.05,0.56,0.91,17.11
Jaipur,2026-08-03,21.75,40.29,19.96,0.08,0.76,0.79,16.36
Jaipur,2026-08-04,22.1,41.15,18.44,0.18,0.76,0.95,16.41
Jaipur,2026-08-05,24.74,39.04,19.92,0.16,0.49,0.88,14.77
Jaipur,2026-08-06,27.28,39.69,16.24,0.05,0.85,0.8,15.09
Jaipur,2026-08-07,24.07,39.97,18.6,0.03,0.67,0.86,15.8
Jaipur,2026-08-08,25.15,37.24,19.62,0.08,0.82,1.31,15.78
Jaipur,2026-08-09,23.97,39.26,18.54,0.07,0.75,1.19,16.21
Jaipur,2026-08-10,25.78,36.92,19.07,0.16,0.54,1.27,16.26
Jaipur,2026-08-11,24.35,37.36,20.43,0.05,0.58,1.09,16.14
Jaipur,2026-08-12,25.17,39.06,17.72,0.16,0.73,1.01,16.16
Jaipur,2026-08-13,25.5,39.16,18.2,0.27,0.57,1.07,15.22
Jaipur,2026-08-14,26.58,38.09,17.46,0.13,0.43,1.02,16.29
Jaipur,2026-08-15,27.24,38.19,17.61,0.15,0.47,0.51,15.83
Jaipur,2026-08-16,25.47,39.49,17.86,0.1,0.81,0.94,15.32
Jaipur,2026-08-17,22.62,39.65,18.83,0.3,1.0,0.64,16.98
Jaipur,2026-08-18,24.08,38.14,19.41,0.08,0.63,0.71,16.95
Jaipur,2026-08-19,24.6,39.97,18.48,,0.44,1.12,15.39
Jaipur,2026-08-20,27.14,38.11,17.92,0.16,0.54,0.78,15.34
Jaipur,2026-08-21,24.7,39.47,18.64,0.14,0.57,0.54,15.94
Jaipur,2026-08-22,24.11,38.95,18.33,0.1,1.13,0.74,16.64
Jaipur,2026-08-23,23.27,39.63,18.64,0.14,0.61,0.86,16.86
Jaipur,2026-08-24,23.21,39.77,19.46,,0.8,0.97,15.79
Jaipur,2026-08-25,23.53,38.7,21.05,0.14,0.93,0.76,14.89
Jaipur,2026-08-26,25.94,40.98,17.27,0.2,0.72,0.57,14.31
Jaipur,2026-08-27,23.88,40.57,17.52,0.14,0.75,0.69,16.45
Jaipur,2026-08-28,25.83,39.09,17.9,0.19,0.64,0.75,15.61
Jaipur,2026-08-29,23.08,38.89,17.99,0.29,0.93,0.81,18.02
Jaipur,2026-08-30,23.69,38.09,18.58,0.29,0.89,0.99,17.47
Jaipur,2026-08-31,24.59,36.29,19.89,0.36,0.94,0.69,17.23
Jodhpur,2025-01-01,34.43,47.01,10.72,0.21,0.62,1.65,5.36
Jodhpur,2025-01-02,30.55,48.63,10.24,,0.85,3.92,5.8
Jodhpur,2025-01-03,32.63,51.44,7.49,0.19,0.96,0.96,6.33
Jodhpur,2025-01-04,32.73,48.7,10.18,,0.8,2.0,5.59
Jodhpur,2025-01-05,34.16,46.68,10.06,0.19,1.14,1.14,6.64
Jodhpur,2025-01-06,34.09,45.57,10.17,0.75,1.32,2.07,6.03
Jodhpur,2025-01-07,32.1,46.86,13.1,,,1.48,6.46
Jodhpur,2025-01-08,33.33,46.63,8.67,0.39,0.77,2.31,7.9
Jodhpur,2025-01-09,37.52,44.0,10.1,,1.33,2.48,4.57
Jodhpur,2025-01-10,36.03,45.52,8.79,0.17,0.86,3.28,5.34
Jodhpur,2025-01-11,32.15,49.43,10.99,0.16,0.48,1.94,4.85
Jodhpur,2025-01-12,29.68,50.66,10.02,0.19,0.95,2.08,6.43
Jodhpur,2025-01-13,37.77,39.76,11.73,0.4,1.39,2.19,6.76
Jodhpur,2025-01-14,34.86,45.02,9.76,0.4,1.0,2.19,6.77
Jodhpur,2025-01-15,33.87,46.13,11.35,,1.62,1.26,5.77
Jodhpur,2025-01-16,31.71,51.53,8.29,0.54,0.72,1.26,5.95
Jodhpur,2025-01-17,33.91,49.04,8.87,0.52,0.87,2.43,4.35
Jodhpur,2025-01-18,33.33,47.64,9.08,0.17,1.4,1.4,6.98
Jodhpur,2025-01-19,38.04,43.55,7.23,0.34,0.69,1.55,8.61
Jodhpur,2025-01-20,38.36,46.74,7.64,,0.19,0.74,6.33
Jodhpur,2025-01-21,33.46,45.65,9.67,0.19,0.77,1.74,8.51
Jodhpur,2025-01-22,36.29,49.69,6.39,,0.78,2.02,4.83
Jodhpur,2025-01-23,33.39,50.63,7.75,,0.79,1.9,5.54
Jodhpur,2025-01-24,31.67,51.48,6.85,0.56,0.93,1.67,6.85
Jodhpur,2025-01-25,32.16,51.06,9.89,,0.53,1.06,5.3
Jodhpur,2025-01-26,35.71,45.71,7.86,0.36,0.54,2.68,7.14
Jodhpur,2025-01-27,33.44,50.77,6.44,0.15,0.61,1.53,7.06
Jodhpur,2025-01-28,32.58,47.49,10.05,,1.39,1.56,6.93
Jodhpur,2025-01-29,32.11,46.42,11.38,0.37,1.65,1.47,6.61
Jodhpur,2025-01-30,32.88,49.9,7.83,0.2,1.96,0.98,6.26
Jodhpur,2025-01-31,35.69,46.76,9.54,0.19,1.15,1.34,5.34
Jodhpur,2025-02-01,37.32,45.36,8.75,,0.18,2.14,6.25
Jodhpur,2025-02-02,32.04,49.36,8.1,0.37,1.1,2.58,6.45
Jodhpur,2025-02-03,37.62,41.15,8.38,0.19,1.68,2.61,8.38
Jodhpur,2025-02-04,36.12,43.11,10.1,0.19,0.78,2.14,7.57
Jodhpur,2025-02-05,34.38,45.55,12.22,,0.7,2.09,5.06
Jodhpur,2025-02-06,29.64,49.6,11.26,,1.58,1.19,6.72
Jodhpur,2025-02-07,33.27,49.04,7.31,0.38,1.92,1.92,6.15
Jodhpur,2025-02-08,32.26,43.19,12.72,0.54,0.9,1.61,8.78
Jodhpur,2025-02-09,30.87,48.87,10.13,0.48,1.45,2.41,5.79
Jodhpur,2025-02-10,31.41,51.49,9.34,0.6,0.6,1.39,5.17
Jodhpur,2025-02-11,31.87,51.41,7.22,0.35,0.88,1.94,6.34
Jodhpur,2025-02-12,40.66,42.3,7.62,0.6,1.05,1.35,6.43
Jodhpur,2025-02-13,30.59,49.02,10.55,0.54,0.72,3.04,5.55
Jodhpur,2025-02-14,33.08,44.74,10.53,0.19,1.13,2.44,7.89
Jodhpur,2025-02-15,32.38,46.14,11.74,,1.34,2.01,6.38
Jodhpur,2025-02-16,34.79,46.72,10.08,0.34,0.67,2.35,5.04
Jodhpur,2025-02-17,32.67,43.23,10.56,0.4,1.2,2.99,8.96
Jodhpur,2025-02-18,34.25,44.49,11.02,0.2,0.98,2.76,6.3
Jodhpur,2025-02-19,32.28,47.19,9.47,0.35,1.23,2.98,6.49
Jodhpur,2025-02-20,34.59,44.09,8.6,0.36,2.15,3.05,7.17
Jodhpur,2025-02-21,31.86,47.12,11.36,,1.19,3.56,4.92
Jodhpur,2025-02-22,32.58,47.16,9.24,0.16,0.49,3.57,6.81
Jodhpur,2025-02-23,31.68,47.7,8.47,0.92,1.84,4.24,5.16
Jodhpur,2025-02-24,34.04,46.42,9.28,0.19,0.19,2.71,7.16
Jodhpur,2025-02-25,36.91,44.07,7.72,,0.56,2.45,8.29
Jodhpur,2025-02-26,34.04,47.97,7.76,0.18,0.18,3.7,6.17
Jodhpur,2025-02-27,35.9,47.37,8.27,0.56,0.75,1.5,5.64
Jodhpur,2025-02-28,33.21,51.51,7.74,,0.19,2.45,4.91
Jodhpur,2025-03-01,32.04,46.48,10.74,0.56,1.67,2.04,6.48
Jodhpur,2025-03-02,36.36,47.58,8.32,0.77,0.97,1.16,4.84
Jodhpur,2025-03-03,34.28,47.16,10.23,0.19,0.57,2.27,5.3
Jodhpur,2025-03-04,40.04,42.28,8.54,0.41,1.02,2.03,5.69
Jodhpur,2025-03-05,31.0,45.4,10.0,,0.4,3.6,9.6
Jodhpur,2025-03-06,30.0,48.43,11.76,0.2,0.39,1.76,7.45
Jodhpur,2025-03-07,34.01,45.55,9.51,0.2,0.61,3.24,6.88
Jodhpur,2025-03-08,30.52,46.42,10.33,,1.75,3.34,7.63
Jodhpur,2025-03-09,36.25,46.91,9.81,,0.85,1.49,4.69
Jodhpur,2025-03-10,33.46,46.23,11.61,,0.39,1.55,6.77
Jodhpur,2025-03-11,30.63,49.37,9.91,,1.44,3.06,5.59
Jodhpur,2025-03-12,33.83,48.33,9.29,0.19,0.74,1.67,5.95
Jodhpur,2025-03-13,36.23,44.1,8.9,,0.21,1.86,8.7
Jodhpur,2025-03-14,37.02,44.06,9.86,0.4,0.6,2.01,6.04
Jodhpur,2025-03-15,31.41,45.47,10.94,0.16,0.47,1.88,9.69
Jodhpur,2025-03-16,36.14,44.08,8.75,0.32,0.97,2.43,7.29
Jodhpur,2025-03-17,35.29,45.92,11.56,0.15,0.62,2.16,4.31
Jodhpur,2025-03-18,32.24,44.68,12.6,,0.82,2.45,7.2
Jodhpur,2025-03-19,34.23,41.82,12.31,0.67,0.67,1.01,9.27
Jodhpur,2025-03-20,35.56,42.63,12.38,0.2,0.79,1.57,6.88
Jodhpur,2025-03-21,40.07,43.35,8.93,0.18,0.91,1.28,5.28
Jodhpur,2025-03-22,32.2,42.6,16.1,0.33,0.65,2.93,5.2
Jodhpur,2025-03-23,28.75,50.51,12.11,0.41,1.03,2.05,5.13
Jodhpur,2025-03-24,28.29,44.62,13.15,,1.2,4.18,8.57
Jodhpur,2025-03-25,31.54,41.73,15.19,0.38,0.38,2.31,8.46
Jodhpur,2025-03-26,29.87,51.91,8.38,,,2.91,6.92
Jodhpur,2025-03-27,31.66,43.49,14.03,,1.2,1.0,8.62
Jodhpur,2025-03-28,30.21,48.76,10.71,0.96,0.76,1.53,7.07
Jodhpur,2025-03-29,31.9,43.05,12.52,,1.76,1.37,9.39
Jodhpur,2025-03-30,35.51,48.75,8.64,,0.96,1.34,4.8
Jodhpur,2025-03-31,31.78,45.79,12.34,,1.5,2.43,6.17
Jodhpur,2025-04-01,34.8,45.42,8.06,0.73,1.28,2.75,6.96
Jodhpur,2025-04-02,31.01,47.89,9.91,0.18,0.92,1.47,8.62
Jodhpur,2025-04-03,29.2,47.52,12.4,0.19,1.15,2.29,7.25
Jodhpur,2025-04-04,28.66,45.77,13.2,,1.86,2.27,8.25
Jodhpur,2025-04-05,35.74,43.89,11.67,0.56,0.93,0.93,6.3
Jodhpur,2025-04-06,30.16,48.7,10.23,,0.35,1.39,9.19
Jodhpur,2025-04-07,27.96,49.26,12.59,0.19,0.93,3.33,5.74
Jodhpur,2025-04-08,30.99,47.25,12.53,,1.1,1.98,6.15
Jodhpur,2025-04-09,28.08,45.47,13.22,,0.36,4.17,8.7
Jodhpur,2025-04-10,30.02,44.01,12.48,0.17,1.18,2.36,9.78
Jodhpur,2025-04-11,35.42,43.33,10.21,,0.83,3.75,6.46
Jodhpur,2025-04-12,36.27,44.31,11.37,,0.59,1.76,5.69
Jodhpur,2025-04-13,33.7,41.35,11.48,0.91,0.91,2.91,8.74
Jodhpur,2025-04-14,29.78,46.02,14.01,0.16,0.96,2.55,6.53
Jodhpur,2025-04-15,34.27,41.43,13.18,,0.56,3.2,7.34
Jodhpur,2025-04-16,29.34,45.57,15.13,,0.74,2.4,6.83
Jodhpur,2025-04-17,31.99,48.63,10.97,,0.18,1.1,7.13
Jodhpur,2025-04-18,39.1,42.16,8.11,0.54,1.08,0.72,8.29
Jodhpur,2025-04-19,34.82,48.99,7.49,0.2,0.4,1.42,6.68
Jodhpur,2025-04-20,30.43,47.5,10.02,0.19,1.11,3.53,7.24
Jodhpur,2025-04-21,34.2,40.45,12.85,0.17,0.52,1.56,10.24
Jodhpur,2025-04-22,31.16,47.1,11.59,,2.17,0.36,7.61
Jodhpur,2025-04-23,31.6,48.76,9.03,0.23,0.23,2.71,7.45
Jodhpur,2025-04-24,33.05,44.28,11.44,,0.85,2.75,7.63
Jodhpur,2025-04-25,35.11,41.07,12.11,,0.62,2.05,9.03
Jodhpur,2025-04-26,35.09,43.47,9.16,0.78,0.39,1.95,9.16
Jodhpur,2025-04-27,32.54,42.66,10.52,0.2,0.79,2.38,10.91
Jodhpur,2025-04-28,29.55,42.83,15.42,0.64,0.43,2.57,8.57
Jodhpur,2025-04-29,33.88,43.48,12.5,0.18,0.91,1.27,7.79
Jodhpur,2025-04-30,30.99,48.1,10.08,0.19,0.95,1.14,8.56
Jodhpur,2025-05-01,31.49,45.32,12.55,0.85,0.43,0.85,8.51
Jodhpur,2025-05-02,35.95,43.28,9.95,0.17,1.4,1.4,7.85
Jodhpur,2025-05-03,30.8,47.55,10.32,,1.02,1.86,8.46
Jodhpur,2025-05-04,29.91,47.93,9.19,,0.72,2.52,9.73
Jodhpur,2025-05-05,36.42,43.16,10.74,0.21,0.84,0.84,7.79
Jodhpur,2025-05-06,29.89,42.53,14.74,0.21,0.42,2.74,9.47
Jodhpur,2025-05-07,34.66,44.73,9.84,0.94,1.64,0.94,7.26
Jodhpur,2025-05-08,32.51,46.01,11.85,,1.1,2.2,6.34
Jodhpur,2025-05-09,30.26,54.47,7.2,,1.15,1.73,5.19
Jodhpur,2025-05-10,37.3,44.59,10.0,0.27,0.27,1.08,6.49
Jodhpur,2025-05-11,34.72,42.83,11.13,0.38,0.57,2.83,7.55
Jodhpur,2025-05-12,34.83,42.13,10.86,0.37,1.12,2.81,7.87
Jodhpur,2025-05-13,31.49,43.89,12.23,0.34,1.51,2.51,8.04
Jodhpur,2025-05-14,34.95,42.88,12.07,0.18,1.08,1.62,7.21
Jodhpur,2025-05-15,34.96,41.18,13.78,0.34,0.17,1.18,8.4
Jodhpur,2025-05-16,31.0,46.0,10.17,,1.0,2.17,9.67
Jodhpur,2025-05-17,34.18,46.42,7.61,0.45,1.04,0.9,9.4
Jodhpur,2025-05-18,34.02,46.67,8.03,0.17,1.37,1.88,7.86
Jodhpur,2025-05-19,30.54,45.64,12.58,,1.01,1.34,8.89
Jodhpur,2025-05-20,31.41,43.91,13.94,0.32,0.96,2.08,7.37
Jodhpur,2025-05-21,34.12,46.55,9.41,0.17,0.67,2.02,7.06
Jodhpur,2025-05-22,30.64,46.95,10.98,0.3,1.22,1.83,8.08
Jodhpur,2025-05-23,33.33,43.27,10.23,0.29,0.73,1.9,10.23
Jodhpur,2025-05-24,38.92,40.56,9.85,0.66,0.33,2.13,7.55
Jodhpur,2025-05-25,33.01,47.71,10.95,0.33,0.65,1.14,6.21
Jodhpur,2025-05-26,31.39,41.9,17.36,0.33,0.83,1.84,6.34
Jodhpur,2025-05-27,33.75,43.01,10.99,,0.47,1.57,10.2
Jodhpur,2025-05-28,33.68,40.55,13.92,,0.86,1.37,9.62
Jodhpur,2025-05-29,30.4,44.14,12.5,0.31,1.85,2.16,8.64
Jodhpur,2025-05-30,31.58,43.86,11.0,,1.12,1.91,10.53
Jodhpur,2025-05-31,34.08,42.04,12.63,0.35,0.69,2.25,7.96
Jodhpur,2025-06-01,34.5,39.94,13.26,,0.48,1.44,10.38
Jodhpur,2025-06-02,36.3,42.95,8.91,0.32,1.46,1.62,8.43
Jodhpur,2025-06-03,28.25,47.5,9.84,,1.0,1.14,12.27
Jodhpur,2025-06-04,31.22,45.53,12.2,,0.81,1.95,8.29
Jodhpur,2025-06-05,32.0,44.96,11.52,0.16,1.12,2.4,7.84
Jodhpur,2025-06-06,30.97,46.77,11.45,0.48,1.45,1.77,7.1
Jodhpur,2025-06-07,30.62,46.15,11.31,,0.75,2.87,8.3
Jodhpur,2025-06-08,34.33,42.68,12.28,0.16,0.94,1.1,8.5
Jodhpur,2025-06-09,33.23,43.72,11.61,0.16,1.27,1.75,8.27
Jodhpur,2025-06-10,34.33,41.73,11.81,0.63,0.63,1.42,9.45
Jodhpur,2025-06-11,36.3,42.92,12.05,0.15,1.2,0.75,6.63
Jodhpur,2025-06-12,32.1,46.38,9.65,,0.74,2.23,8.91
Jodhpur,2025-06-13,27.53,45.94,13.1,0.17,1.0,2.65,9.62
Jodhpur,2025-06-14,32.79,46.0,10.11,0.33,0.49,2.61,7.67
Jodhpur,2025-06-15,33.71,42.02,11.56,0.16,0.98,1.63,9.93
Jodhpur,2025-06-16,34.15,46.83,8.45,0.18,0.88,2.82,6.69
Jodhpur,2025-06-17,32.99,44.79,11.28,,1.2,1.88,7.86
Jodhpur,2025-06-18,36.04,45.4,8.58,0.31,0.62,1.72,7.33
Jodhpur,2025-06-19,33.81,45.66,8.67,,1.06,1.42,9.38
Jodhpur,2025-06-20,38.68,38.49,12.83,0.19,0.19,2.08,7.55
Jodhpur,2025-06-21,34.84,40.52,12.24,0.15,1.46,1.9,8.89
Jodhpur,2025-06-22,36.71,39.34,13.64,0.52,0.7,1.4,7.69
Jodhpur,2025-06-23,31.44,42.1,14.09,0.52,3.09,1.72,7.04
Jodhpur,2025-06-24,30.82,43.84,14.55,0.51,0.51,2.23,7.53
Jodhpur,2025-06-25,36.32,40.72,11.32,0.31,1.57,2.2,7.55
Jodhpur,2025-06-26,31.72,42.83,13.2,0.32,0.97,2.25,8.7
Jodhpur,2025-06-27,38.97,39.29,9.82,0.16,1.29,3.54,6.92
Jodhpur,2025-06-28,35.29,43.59,9.05,0.3,1.66,2.71,7.39
Jodhpur,2025-06-29,31.22,41.18,15.08,0.15,0.6,1.96,9.8
Jodhpur,2025-06-30,34.67,40.03,13.9,0.17,0.84,0.67,9.72
Jodhpur,2025-07-01,33.49,47.31,9.68,0.15,0.15,1.38,7.83
Jodhpur,2025-07-02,29.39,44.83,14.99,0.15,0.6,1.65,8.4
Jodhpur,2025-07-03,26.15,47.23,12.2,0.48,0.95,0.95,12.04
Jodhpur,2025-07-04,30.77,44.77,13.38,,1.23,2.77,7.08
Jodhpur,2025-07-05,34.13,39.05,12.67,0.15,1.19,3.73,9.09
Jodhpur,2025-07-06,32.55,43.3,12.62,0.16,0.47,2.02,8.88
Jodhpur,2025-07-07,33.28,41.85,12.61,0.17,0.84,1.68,9.58
Jodhpur,2025-07-08,33.57,42.28,13.2,0.42,0.14,1.97,8.43
Jodhpur,2025-07-09,35.58,41.02,9.23,0.16,0.49,2.47,11.04
Jodhpur,2025-07-10,34.58,43.51,10.88,,0.65,0.65,9.74
Jodhpur,2025-07-11,37.12,42.71,9.66,,0.85,1.69,7.97
Jodhpur,2025-07-12,33.33,40.43,12.81,0.15,1.08,1.7,10.49
Jodhpur,2025-07-13,31.53,47.59,12.26,0.15,0.88,1.31,6.28
Jodhpur,2025-07-14,30.03,48.72,9.27,0.16,1.44,1.44,8.95
Jodhpur,2025-07-15,36.48,43.2,10.73,0.43,1.29,1.72,6.15
Jodhpur,2025-07-16,32.82,40.87,13.16,,1.08,1.86,10.22
Jodhpur,2025-07-17,34.09,42.48,12.06,0.52,1.22,1.05,8.57
Jodhpur,2025-07-18,32.94,44.07,12.3,0.29,1.46,1.02,7.91
Jodhpur,2025-07-19,32.25,44.73,11.99,0.81,1.46,1.62,7.13
Jodhpur,2025-07-20,32.98,42.4,12.31,0.15,0.76,1.22,10.18
Jodhpur,2025-07-21,33.69,43.78,12.07,0.54,0.54,1.62,7.75
Jodhpur,2025-07-22,31.56,40.73,13.21,,1.28,3.49,9.72
Jodhpur,2025-07-23,34.01,47.14,9.93,0.17,1.18,2.02,5.56
Jodhpur,2025-07-24,35.69,42.41,11.72,,0.86,1.9,7.41
Jodhpur,2025-07-25,30.76,47.9,9.41,0.17,1.18,2.35,8.24
Jodhpur,2025-07-26,34.06,44.15,12.13,0.29,0.58,1.17,7.6
Jodhpur,2025-07-27,31.44,46.92,12.48,,0.63,0.79,7.74
Jodhpur,2025-07-28,29.82,46.62,10.38,0.33,0.16,1.32,11.37
Jodhpur,2025-07-29,33.39,44.73,11.66,0.32,1.12,0.8,7.99
Jodhpur,2025-07-30,35.6,40.94,12.46,0.32,0.49,1.94,8.25
Jodhpur,2025-07-31,35.86,41.98,10.81,0.18,1.08,1.98,8.11
Jodhpur,2025-08-01,31.18,42.16,13.53,0.2,1.57,2.94,8.43
Jodhpur,2025-08-02,35.8,42.69,9.58,0.17,1.85,2.02,7.9
Jodhpur,2025-08-03,34.31,45.1,8.82,,0.78,1.18,9.8
Jodhpur,2025-08-04,37.52,44.38,9.14,0.19,0.57,1.14,7.05
Jodhpur,2025-08-05,31.91,49.32,10.92,0.34,0.34,1.37,5.8
Jodhpur,2025-08-06,37.05,44.75,12.13,0.16,0.66,0.82,4.43
Jodhpur,2025-08-07,35.95,41.61,11.68,0.18,0.73,2.55,7.3
Jodhpur,2025-08-08,31.19,43.49,10.87,,0.89,2.85,10.7
Jodhpur,2025-08-09,36.51,43.99,8.89,,0.94,1.4,8.27
Jodhpur,2025-08-10,34.7,45.07,10.36,0.16,1.15,1.48,7.07
Jodhpur,2025-08-11,34.68,39.39,15.15,0.34,0.34,1.01,9.09
Jodhpur,2025-08-12,36.29,40.74,10.87,0.77,0.46,1.38,9.49
Jodhpur,2025-08-13,29.73,46.37,11.79,0.48,0.97,1.94,8.72
Jodhpur,2025-08-14,34.87,41.56,12.42,0.16,0.96,1.91,8.12
Jodhpur,2025-08-15,34.41,45.93,9.83,,1.69,1.38,6.76
Jodhpur,2025-08-16,35.38,46.33,8.25,,0.75,2.55,6.75
Jodhpur,2025-08-17,31.74,47.31,10.03,,2.1,1.8,7.04
Jodhpur,2025-08-18,33.28,46.05,9.57,0.46,0.46,1.37,8.81
Jodhpur,2025-08-19,37.96,41.14,10.03,0.17,1.0,2.34,7.36
Jodhpur,2025-08-20,34.5,44.33,12.0,,0.5,1.17,7.5
Jodhpur,2025-08-21,33.78,46.45,11.15,0.17,1.18,2.03,5.24
Jodhpur,2025-08-22,32.82,45.42,12.98,0.19,1.15,1.15,6.3
Jodhpur,2025-08-23,35.64,40.92,13.7,,1.32,0.99,7.43
Jodhpur,2025-08-24,37.21,42.62,10.98,0.16,1.15,1.31,6.56
Jodhpur,2025-08-25,32.92,44.56,13.02,,0.46,2.45,6.58
Jodhpur,2025-08-26,30.7,46.84,11.4,,1.4,2.46,7.19
Jodhpur,2025-08-27,34.81,44.52,9.54,0.35,0.35,2.12,8.3
Jodhpur,2025-08-28,36.01,44.06,10.05,,1.46,2.38,6.03
Jodhpur,2025-08-29,31.6,50.0,10.97,0.19,0.37,1.3,5.58
Jodhpur,2025-08-30,36.12,46.68,8.86,0.51,,1.53,6.3
Jodhpur,2025-08-31,31.73,42.96,13.19,0.18,0.89,2.85,8.2
Jodhpur,2025-09-01,30.58,51.72,7.22,,0.52,1.03,8.93
Jodhpur,2025-09-02,33.69,45.41,12.79,,1.26,1.26,5.59
Jodhpur,2025-09-03,39.42,47.56,6.74,,0.23,0.93,5.12
Jodhpur,2025-09-04,44.0,43.5,6.4,0.1,0.89,0.79,4.33
Jodhpur,2025-09-05,39.01,45.77,8.0,0.11,0.23,0.68,6.2
Jodhpur,2025-09-06,38.63,47.35,7.17,,0.33,0.88,5.63
Jodhpur,2025-09-07,36.59,46.79,8.94,0.11,1.05,1.47,5.05
Jodhpur,2025-09-08,38.15,47.86,6.36,0.23,0.69,0.92,5.78
Jodhpur,2025-09-09,37.17,47.34,7.63,0.12,0.36,1.09,6.3
Jodhpur,2025-09-10,38.37,46.38,7.62,0.13,0.51,1.02,5.97
Jodhpur,2025-09-11,38.94,42.94,10.13,,1.43,1.28,5.28
Jodhpur,2025-09-12,37.79,45.98,8.62,,0.57,1.15,5.89
Jodhpur,2025-09-13,33.6,47.94,9.69,0.13,0.8,1.2,6.64
Jodhpur,2025-09-14,33.65,43.87,6.4,0.14,0.54,1.23,14.17
Jodhpur,2025-09-15,38.66,46.73,6.82,0.14,0.14,1.25,6.26
Jodhpur,2025-09-16,38.84,42.01,9.64,0.28,0.55,1.65,7.02
Jodhpur,2025-09-17,38.54,45.54,7.29,0.15,0.6,1.93,5.95
Jodhpur,2025-09-18,31.05,51.61,9.65,0.14,0.84,1.54,5.17
Jodhpur,2025-09-19,31.36,51.41,9.6,0.14,0.28,0.85,6.36
Jodhpur,2025-09-20,29.28,53.87,7.6,0.13,0.38,0.76,7.98
Jodhpur,2025-09-21,34.83,47.35,6.58,0.09,0.37,0.55,10.24
Jodhpur,2025-09-22,34.87,51.6,7.63,0.09,0.69,,5.12
Jodhpur,2025-09-23,35.35,49.37,7.01,0.29,0.49,1.07,6.43
Jodhpur,2025-09-24,32.75,54.03,5.44,,0.87,1.17,5.73
Jodhpur,2025-09-25,33.22,50.17,8.19,,1.04,0.81,6.57
Jodhpur,2025-09-26,30.84,50.99,9.25,,0.66,0.88,7.38
Jodhpur,2025-09-27,32.82,51.86,8.42,,0.66,0.88,5.36
Jodhpur,2025-09-28,31.03,47.89,8.43,,1.62,0.65,10.38
Jodhpur,2025-09-29,32.31,50.26,8.85,0.38,1.03,1.92,5.26
Jodhpur,2025-09-30,36.2,45.97,9.64,,0.92,0.79,6.47
Jodhpur,2025-10-01,32.97,50.0,9.56,,0.49,0.74,6.25
Jodhpur,2025-10-02,32.79,53.27,7.16,,0.38,1.51,4.9
Jodhpur,2025-10-03,37.18,46.93,8.9,0.12,0.36,0.96,5.54
Jodhpur,2025-10-04,34.68,47.7,10.5,0.11,0.22,0.22,6.56
Jodhpur,2025-10-05,34.63,49.13,7.75,0.13,1.0,2.13,5.25
Jodhpur,2025-10-06,33.33,50.68,9.41,0.11,0.11,1.02,5.33
Jodhpur,2025-10-07,37.14,47.57,6.92,0.12,0.61,1.94,5.7
Jodhpur,2025-10-08,34.07,52.75,6.87,,0.69,1.51,4.12
Jodhpur,2025-10-09,36.22,49.93,7.83,,0.56,0.84,4.62
Jodhpur,2025-10-10,34.81,50.07,8.27,0.14,0.86,1.43,4.42
Jodhpur,2025-10-11,36.84,47.61,8.24,,0.27,0.66,6.38
Jodhpur,2025-10-12,34.92,51.9,8.15,,0.82,0.54,3.67
Jodhpur,2025-10-13,36.3,47.88,8.76,0.28,1.13,1.27,4.38
Jodhpur,2025-10-14,33.06,47.44,10.65,0.41,0.97,1.24,6.22
Jodhpur,2025-10-15,29.68,51.18,10.96,1.11,0.42,1.53,5.13
Jodhpur,2025-10-16,33.08,49.92,10.02,0.15,,1.21,5.61
Jodhpur,2025-10-17,33.55,46.68,8.27,,0.81,1.13,9.56
Jodhpur,2025-10-18,33.53,45.9,10.22,0.29,0.58,1.44,8.06
Jodhpur,2025-10-19,34.46,49.68,7.53,0.16,0.48,0.64,7.05
Jodhpur,2025-10-20,41.97,42.77,7.03,,0.2,1.81,6.22
Jodhpur,2025-10-21,32.99,52.45,8.97,0.34,0.34,0.68,4.23
Jodhpur,2025-10-22,38.56,45.63,8.32,,0.69,1.66,5.13
Jodhpur,2025-10-23,37.72,47.42,7.51,,0.78,0.47,6.1
Jodhpur,2025-10-24,35.83,47.99,8.02,0.13,0.53,0.67,6.82
Jodhpur,2025-10-25,34.97,48.63,8.33,0.14,0.27,0.55,7.1
Jodhpur,2025-10-26,31.84,46.83,11.24,,0.29,1.15,8.65
Jodhpur,2025-10-27,32.85,44.77,10.76,0.15,1.16,0.58,9.74
Jodhpur,2025-10-28,32.37,47.58,10.65,,0.28,2.49,6.64
Jodhpur,2025-10-29,33.68,47.16,10.03,,0.9,1.35,6.89
Jodhpur,2025-10-30,34.94,46.09,8.82,0.17,0.83,2.16,6.99
Jodhpur,2025-10-31,32.33,46.47,11.73,,1.2,0.9,7.37
Jodhpur,2025-11-01,36.09,46.75,9.32,0.15,0.89,0.89,5.92
Jodhpur,2025-11-02,33.23,52.44,6.3,,0.47,1.57,5.98
Jodhpur,2025-11-03,35.51,45.52,8.95,0.3,1.37,1.52,6.83
Jodhpur,2025-11-04,36.66,50.74,7.25,,0.32,1.16,3.89
Jodhpur,2025-11-05,36.74,46.73,8.92,0.24,0.12,1.19,6.06
Jodhpur,2025-11-06,37.62,45.78,9.41,0.83,0.83,1.38,4.15
Jodhpur,2025-11-07,34.53,48.76,10.36,,0.28,0.97,5.11
Jodhpur,2025-11-08,31.91,51.37,7.9,,0.3,1.06,7.45
Jodhpur,2025-11-09,35.65,48.94,9.06,,0.6,1.06,4.68
Jodhpur,2025-11-10,32.99,48.39,9.97,,0.44,1.61,6.6
Jodhpur,2025-11-11,36.32,45.78,8.26,0.17,0.86,1.03,7.57
Jodhpur,2025-11-12,34.44,50.52,8.57,0.35,0.52,1.22,4.37
Jodhpur,2025-11-13,35.02,48.82,10.44,0.17,0.34,,5.22
Jodhpur,2025-11-14,34.73,47.9,9.73,,0.95,1.53,5.15
Jodhpur,2025-11-15,32.81,50.72,8.02,,0.86,1.29,6.3
Jodhpur,2025-11-16,35.17,49.85,8.72,,0.15,0.87,5.23
Jodhpur,2025-11-17,30.99,48.07,11.22,0.17,0.5,1.34,7.71
Jodhpur,2025-11-18,32.4,44.79,13.39,,1.32,0.99,7.11
Jodhpur,2025-11-19,32.92,46.98,11.57,,0.36,1.78,6.41
Jodhpur,2025-11-20,34.7,45.73,10.68,0.36,1.42,2.14,4.98
Jodhpur,2025-11-21,31.09,47.27,13.45,0.36,0.36,2.18,5.27
Jodhpur,2025-11-22,34.84,47.14,9.71,0.17,1.21,2.08,4.85
Jodhpur,2025-11-23,35.15,46.25,11.6,0.17,0.34,0.51,5.97
Jodhpur,2025-11-24,27.17,52.26,11.51,0.19,1.13,1.32,6.42
Jodhpur,2025-11-25,37.8,53.8,4.16,0.16,0.41,0.65,3.02
Jodhpur,2025-11-26,35.43,52.42,6.75,,0.9,0.67,3.82
Jodhpur,2025-11-27,35.78,50.57,9.86,,0.51,0.51,2.78
Jodhpur,2025-11-28,34.01,49.34,9.78,,0.29,1.61,4.96
Jodhpur,2025-11-29,28.84,49.13,13.77,,0.87,1.3,6.09
Jodhpur,2025-11-30,30.28,52.21,10.88,0.32,0.47,1.1,4.73
Jodhpur,2025-12-01,31.45,51.15,10.84,,0.31,0.76,5.5
Jodhpur,2025-12-02,30.58,50.16,10.36,0.32,1.46,0.65,6.47
Jodhpur,2025-12-03,35.38,47.78,9.95,0.15,0.61,0.92,5.21
Jodhpur,2025-12-04,33.33,47.51,11.61,,0.3,1.51,5.73
Jodhpur,2025-12-05,33.19,51.71,10.26,0.14,0.57,1.0,3.13
Jodhpur,2025-12-06,34.9,48.9,9.72,,0.74,0.88,4.86
Jodhpur,2025-12-07,31.44,52.71,10.17,0.26,0.53,0.4,4.49
Jodhpur,2025-12-08,32.11,52.08,9.11,,0.48,0.96,5.27
Jodhpur,2025-12-09,30.41,49.0,12.9,,0.61,1.84,5.22
Jodhpur,2025-12-10,36.67,48.31,7.66,0.29,0.44,1.33,5.3
Jodhpur,2025-12-11,30.25,44.14,13.58,0.46,0.62,1.39,9.57
Jodhpur,2025-12-12,30.46,52.95,10.37,0.16,,1.44,4.63
Jodhpur,2025-12-13,28.53,46.87,12.81,0.15,1.02,2.77,7.86
Jodhpur,2025-12-14,30.35,50.72,12.28,0.14,0.14,2.31,4.05
Jodhpur,2025-12-15,34.19,46.01,10.54,,1.14,0.85,7.26
Jodhpur,2025-12-16,30.66,52.49,9.47,0.16,0.32,0.8,6.1
Jodhpur,2025-12-17,31.29,45.71,11.81,0.77,1.23,2.61,6.6
Jodhpur,2025-12-18,31.42,49.3,11.98,0.16,0.62,1.09,5.44
Jodhpur,2025-12-19,29.97,53.51,9.5,,1.02,2.34,3.65
Jodhpur,2025-12-20,32.61,47.27,12.93,0.14,0.43,2.16,4.45
Jodhpur,2025-12-21,31.68,49.77,10.97,,1.39,1.08,5.1
Jodhpur,2025-12-22,31.67,48.23,12.7,,1.45,1.13,4.82
Jodhpur,2025-12-23,36.01,48.87,9.53,0.15,0.45,1.51,3.48
Jodhpur,2025-12-24,34.85,49.76,10.21,,0.65,0.81,3.73
Jodhpur,2025-12-25,30.29,50.68,10.05,0.61,2.89,0.91,4.57
Jodhpur,2025-12-26,32.88,48.43,9.87,0.9,0.3,1.79,5.83
Jodhpur,2025-12-27,33.53,46.92,10.68,,0.75,2.26,5.86
Jodhpur,2025-12-28,32.51,47.19,10.07,0.17,1.32,0.66,8.09
Jodhpur,2025-12-29,27.96,51.46,10.45,0.15,0.61,2.3,7.07
Jodhpur,2025-12-30,28.39,54.84,9.19,0.16,0.65,1.77,5.0
Jodhpur,2025-12-31,36.6,46.06,11.21,0.35,0.53,1.05,4.2
Jodhpur,2026-01-01,34.18,48.13,9.15,,0.45,2.7,5.4
Jodhpur,2026-01-02,34.24,47.71,10.01,0.12,0.49,1.61,5.81
Jodhpur,2026-01-03,31.8,49.26,11.54,,0.59,0.89,5.92
Jodhpur,2026-01-04,31.67,49.07,11.7,,0.57,1.0,5.99
Jodhpur,2026-01-05,34.96,44.43,13.09,0.28,0.42,0.97,5.85
Jodhpur,2026-01-06,35.5,46.03,11.44,,0.65,0.91,5.46
Jodhpur,2026-01-07,35.85,47.26,11.41,,0.3,0.59,4.59
Jodhpur,2026-01-08,29.64,52.85,12.26,,0.15,1.31,3.8
Jodhpur,2026-01-09,32.5,47.26,11.77,0.5,1.16,0.66,6.14
Jodhpur,2026-01-10,31.9,46.88,13.8,0.15,0.59,0.59,6.08
Jodhpur,2026-01-11,33.24,44.36,14.45,0.43,0.29,1.73,5.49
Jodhpur,2026-01-12,27.87,46.86,17.3,,1.07,0.92,5.97
Jodhpur,2026-01-13,33.33,52.87,8.15,0.21,0.21,1.46,3.76
Jodhpur,2026-01-14,28.93,52.39,11.8,,0.84,1.83,4.21
Jodhpur,2026-01-15,32.22,50.22,9.87,0.15,1.02,1.02,5.52
Jodhpur,2026-01-16,28.44,54.77,9.83,0.3,0.45,1.66,4.54
Jodhpur,2026-01-17,27.58,52.99,11.96,0.14,0.54,1.63,5.16
Jodhpur,2026-01-18,29.34,54.19,9.54,,0.14,1.01,5.78
Jodhpur,2026-01-19,31.9,48.21,13.16,,0.57,1.0,5.15
Jodhpur,2026-01-20,33.24,47.24,12.73,0.14,0.71,0.71,5.23
Jodhpur,2026-01-21,28.48,53.52,11.78,,0.65,1.47,4.09
Jodhpur,2026-01-22,31.01,47.75,13.02,0.16,0.78,1.09,6.2
Jodhpur,2026-01-23,33.61,49.24,10.79,0.14,0.41,1.38,4.43
Jodhpur,2026-01-24,32.05,48.08,12.44,,0.26,1.67,5.51
Jodhpur,2026-01-25,28.09,52.21,12.52,,1.07,1.83,4.27
Jodhpur,2026-01-26,29.71,53.1,10.62,,0.36,0.84,5.37
Jodhpur,2026-01-27,31.75,48.09,11.73,,0.79,0.66,6.98
Jodhpur,2026-01-28,28.94,52.62,8.65,0.14,0.71,1.56,7.38
Jodhpur,2026-01-29,30.63,50.16,10.79,0.16,0.79,2.38,5.08
Jodhpur,2026-01-30,35.16,46.72,10.0,0.16,0.78,1.88,5.31
Jodhpur,2026-01-31,31.18,50.08,10.14,0.31,1.08,1.38,5.84
Jodhpur,2026-02-01,29.51,52.6,11.93,0.31,0.46,0.76,4.43
Jodhpur,2026-02-02,32.59,50.07,10.16,0.15,1.05,1.2,4.78
Jodhpur,2026-02-03,30.23,49.36,10.13,,1.13,1.77,7.4
Jodhpur,2026-02-04,29.86,49.16,12.1,,0.46,2.45,5.97
Jodhpur,2026-02-05,29.87,50.94,13.05,,,1.73,4.4
Jodhpur,2026-02-06,26.3,49.08,14.37,0.31,0.76,2.14,7.03
Jodhpur,2026-02-07,31.6,50.3,10.98,0.15,1.34,1.93,3.71
Jodhpur,2026-02-08,28.91,48.98,11.22,,1.53,2.04,7.31
Jodhpur,2026-02-09,34.43,47.42,9.23,0.16,0.78,1.88,6.1
Jodhpur,2026-02-10,31.65,50.67,11.28,0.51,0.67,1.52,3.7
Jodhpur,2026-02-11,28.51,47.51,15.08,,1.36,0.9,6.64
Jodhpur,2026-02-12,33.33,46.29,11.69,,0.47,1.11,7.11
Jodhpur,2026-02-13,32.22,52.33,8.16,0.29,0.15,1.02,5.83
Jodhpur,2026-02-14,27.41,45.77,13.56,0.29,1.02,0.87,11.08
Jodhpur,2026-02-15,29.39,43.43,10.93,,0.59,0.59,15.07
Jodhpur,2026-02-16,34.0,43.67,13.33,,0.17,2.5,6.33
Jodhpur,2026-02-17,33.33,50.15,10.23,0.29,0.58,1.46,3.95
Jodhpur,2026-02-18,26.8,52.43,12.52,0.29,0.74,1.03,6.19
Jodhpur,2026-02-19,30.37,49.13,9.7,,0.79,1.11,8.9
Jodhpur,2026-02-20,33.92,51.49,7.97,0.14,1.22,0.54,4.73
Jodhpur,2026-02-21,36.82,48.16,8.69,,0.44,1.18,4.71
Jodhpur,2026-02-22,28.96,52.25,9.14,0.13,0.13,0.64,8.75
Jodhpur,2026-02-23,26.2,51.27,12.54,0.14,1.55,2.82,5.49
Jodhpur,2026-02-24,31.91,50.66,10.19,,0.59,1.33,5.32
Jodhpur,2026-02-25,33.13,47.19,10.78,0.16,0.78,2.03,5.94
Jodhpur,2026-02-26,23.28,51.64,15.07,,0.15,0.6,9.25
Jodhpur,2026-02-27,30.92,50.09,9.84,,0.35,1.38,7.43
Jodhpur,2026-02-28,29.28,51.2,10.87,0.37,0.37,1.66,6.26
Jodhpur,2026-03-01,26.81,47.91,12.17,,0.76,1.33,11.03
Jodhpur,2026-03-02,34.17,44.79,13.32,,0.19,0.77,6.76
Jodhpur,2026-03-03,33.47,50.3,7.01,0.2,0.6,1.4,7.01
Jodhpur,2026-03-04,31.27,50.19,9.85,,0.39,0.97,7.34
Jodhpur,2026-03-05,29.86,43.55,12.44,0.31,0.62,0.78,12.44
Jodhpur,2026-03-06,28.16,46.4,15.04,0.16,0.64,1.28,8.32
Jodhpur,2026-03-07,32.58,45.71,11.35,0.49,0.32,1.94,7.62
Jodhpur,2026-03-08,31.1,44.3,8.5,,0.36,0.54,15.19
Jodhpur,2026-03-09,28.99,45.47,13.22,0.54,0.18,2.17,9.42
Jodhpur,2026-03-10,30.76,49.18,12.99,0.16,0.16,0.66,6.09
Jodhpur,2026-03-11,29.05,49.83,9.97,,0.51,2.03,8.61
Jodhpur,2026-03-12,33.7,51.55,7.47,0.18,,1.28,5.83
Jodhpur,2026-03-13,33.28,47.1,12.63,0.17,0.51,1.54,4.78
Jodhpur,2026-03-14,30.61,47.46,11.29,0.33,0.49,1.31,8.51
Jodhpur,2026-03-15,34.76,47.08,11.85,0.16,0.16,1.42,4.58
Jodhpur,2026-03-16,31.88,48.32,12.42,0.67,0.84,1.01,4.87
Jodhpur,2026-03-17,31.86,46.53,11.67,,0.63,1.58,7.73
Jodhpur,2026-03-18,34.19,48.96,8.67,,0.48,0.96,6.74
Jodhpur,2026-03-19,29.98,51.65,10.05,0.17,1.04,0.69,6.41
Jodhpur,2026-03-20,36.51,48.68,8.47,0.26,0.53,0.4,5.16
Jodhpur,2026-03-21,27.97,53.8,9.49,0.13,0.89,1.65,6.08
Jodhpur,2026-03-22,28.85,49.09,11.78,,0.6,1.51,8.16
Jodhpur,2026-03-23,30.63,47.68,11.75,1.16,,1.32,7.45
Jodhpur,2026-03-24,30.85,48.02,11.09,0.61,0.3,2.58,6.53
Jodhpur,2026-03-25,34.55,46.75,10.3,0.32,0.32,0.48,7.29
Jodhpur,2026-03-26,28.51,51.46,11.4,,0.62,1.39,6.63
Jodhpur,2026-03-27,33.5,46.9,11.27,,0.49,1.63,6.21
Jodhpur,2026-03-28,29.37,50.48,12.86,,0.48,1.9,4.92
Jodhpur,2026-03-29,36.04,45.93,9.41,,0.64,1.59,6.38
Jodhpur,2026-03-30,31.38,49.66,9.66,0.17,1.21,2.07,5.86
Jodhpur,2026-03-31,31.19,46.08,13.17,,0.63,0.94,7.99
Jodhpur,2026-04-01,30.2,47.99,11.41,0.17,0.34,1.51,8.39
Jodhpur,2026-04-02,33.04,44.35,11.16,0.29,0.88,2.06,8.22
Jodhpur,2026-04-03,34.99,46.19,9.64,0.16,1.09,2.18,5.75
Jodhpur,2026-04-04,33.27,46.58,13.12,0.18,0.18,0.74,5.91
Jodhpur,2026-04-05,30.66,43.93,15.57,,0.66,1.15,8.03
Jodhpur,2026-04-06,29.25,48.53,11.27,,0.33,0.98,9.64
Jodhpur,2026-04-07,31.08,46.05,10.95,0.32,0.32,1.29,9.98
Jodhpur,2026-04-08,28.79,44.53,14.97,,0.58,1.73,9.4
Jodhpur,2026-04-09,30.78,48.17,12.35,,0.52,0.7,7.48
Jodhpur,2026-04-10,34.02,41.75,13.75,0.17,1.55,0.69,8.08
Jodhpur,2026-04-11,29.12,49.66,11.45,,1.01,1.52,7.24
Jodhpur,2026-04-12,30.68,46.78,12.37,,0.51,2.03,7.63
Jodhpur,2026-04-13,29.79,47.21,12.89,,0.17,1.57,8.36
Jodhpur,2026-04-14,35.96,43.84,12.15,0.16,0.82,1.48,5.58
Jodhpur,2026-04-15,27.76,47.83,11.71,0.17,1.17,0.67,10.7
Jodhpur,2026-04-16,31.51,46.04,10.94,,0.38,1.32,9.81
Jodhpur,2026-04-17,30.99,41.44,10.1,,0.86,2.23,14.38
Jodhpur,2026-04-18,34.95,40.14,13.62,0.36,0.72,0.9,9.32
Jodhpur,2026-04-19,33.99,44.36,11.09,0.18,1.43,0.54,8.41
Jodhpur,2026-04-20,34.83,46.17,10.33,0.17,0.67,0.67,7.17
Jodhpur,2026-04-21,34.94,42.55,11.49,,0.47,1.24,9.32
Jodhpur,2026-04-22,32.89,42.79,11.74,,1.17,1.17,10.23
Jodhpur,2026-04-23,28.25,50.53,9.65,0.35,0.53,0.53,10.18
Jodhpur,2026-04-24,26.97,46.55,12.17,0.33,0.49,0.66,12.83
Jodhpur,2026-04-25,29.45,44.82,12.46,,1.46,1.29,10.52
Jodhpur,2026-04-26,30.7,43.86,11.99,0.29,0.58,1.32,11.26
Jodhpur,2026-04-27,30.05,44.01,10.02,,0.82,1.97,13.14
Jodhpur,2026-04-28,33.33,40.87,13.57,0.17,0.5,1.51,10.05
Jodhpur,2026-04-29,26.68,47.6,11.18,,1.44,2.56,10.54
Jodhpur,2026-04-30,29.82,45.41,11.93,0.46,0.31,0.76,11.31
Jodhpur,2026-05-01,29.76,47.09,10.71,0.4,0.93,1.46,9.66
Jodhpur,2026-05-02,25.81,52.28,9.91,0.13,0.65,1.69,9.52
Jodhpur,2026-05-03,32.67,40.94,14.55,,0.57,2.28,8.99
Jodhpur,2026-05-04,31.42,40.67,15.9,,,2.77,9.24
Jodhpur,2026-05-05,27.45,44.33,14.11,0.15,1.07,1.53,11.35
Jodhpur,2026-05-06,29.43,44.68,13.56,0.46,0.46,1.08,10.32
Jodhpur,2026-05-07,30.39,43.31,14.17,0.16,0.47,1.26,10.24
Jodhpur,2026-05-08,29.94,45.7,11.31,0.16,0.8,1.91,10.19
Jodhpur,2026-05-09,30.26,42.9,14.2,0.14,1.14,0.57,10.8
Jodhpur,2026-05-10,29.05,45.26,13.16,0.32,,1.28,10.91
Jodhpur,2026-05-11,28.24,44.91,16.2,0.31,0.31,1.85,8.18
Jodhpur,2026-05-12,28.53,47.81,11.35,,0.97,0.65,10.7
Jodhpur,2026-05-13,31.59,42.78,13.0,,0.54,0.72,11.37
Jodhpur,2026-05-14,29.69,45.28,13.49,0.6,0.45,0.9,9.6
Jodhpur,2026-05-15,29.66,41.72,16.21,0.52,0.69,1.55,9.66
Jodhpur,2026-05-16,29.28,46.42,10.59,,0.93,2.96,9.81
Jodhpur,2026-05-17,28.59,47.66,9.69,0.16,0.94,1.56,11.41
Jodhpur,2026-05-18,31.2,45.03,10.12,,0.67,0.84,12.14
Jodhpur,2026-05-19,29.22,47.65,11.48,,0.35,1.39,9.91
Jodhpur,2026-05-20,33.46,44.29,12.77,,0.39,0.77,8.32
Jodhpur,2026-05-21,27.17,49.67,13.0,0.17,0.33,0.83,8.83
Jodhpur,2026-05-22,31.54,47.48,10.07,,1.34,1.01,8.56
Jodhpur,2026-05-23,30.61,45.99,13.09,,1.47,0.98,7.86
Jodhpur,2026-05-24,33.7,43.15,12.91,,0.47,1.1,8.66
Jodhpur,2026-05-25,30.28,43.54,15.06,0.33,0.65,1.15,9.0
Jodhpur,2026-05-26,32.63,39.12,18.77,,0.53,0.53,8.42
Jodhpur,2026-05-27,31.59,44.35,12.93,,,1.15,9.98
Jodhpur,2026-05-28,35.99,47.1,8.33,,0.6,1.09,6.88
Jodhpur,2026-05-29,36.48,42.88,12.32,,0.64,1.12,6.56
Jodhpur,2026-05-30,33.28,42.79,14.43,,0.66,0.98,7.87
Jodhpur,2026-05-31,32.27,43.19,11.76,0.17,0.67,1.34,10.59
Jodhpur,2026-06-01,29.7,43.98,12.97,0.19,1.32,1.32,10.53
Jodhpur,2026-06-02,27.0,47.95,12.27,,0.49,1.31,10.97
Jodhpur,2026-06-03,27.52,47.52,13.07,,0.59,0.79,10.5
Jodhpur,2026-06-04,28.07,49.41,11.09,0.34,0.5,1.01,9.58
Jodhpur,2026-06-05,29.6,47.46,12.61,,0.7,0.7,8.93
Jodhpur,2026-06-06,27.88,48.2,13.49,,0.54,1.62,8.27
Jodhpur,2026-06-07,27.85,48.51,12.78,,0.7,0.88,9.28
Jodhpur,2026-06-08,27.27,42.23,18.18,,,2.08,10.23
Jodhpur,2026-06-09,33.0,43.33,15.17,,0.5,1.17,6.83
Jodhpur,2026-06-10,30.64,38.92,16.38,,1.16,2.31,10.6
Jodhpur,2026-06-11,29.6,44.4,13.66,0.19,0.76,1.14,10.25
Jodhpur,2026-06-12,33.21,45.27,12.43,,0.93,1.3,6.86
Jodhpur,2026-06-13,30.9,41.2,15.61,,0.33,1.33,10.63
Jodhpur,2026-06-14,27.32,43.17,16.03,,1.09,0.73,11.66
Jodhpur,2026-06-15,32.35,40.78,16.08,,0.78,1.96,8.04
Jodhpur,2026-06-16,29.96,42.2,13.83,0.71,0.71,1.6,10.99
Jodhpur,2026-06-17,35.01,42.19,13.64,,1.44,1.44,6.28
Jodhpur,2026-06-18,31.14,43.34,13.16,0.32,0.8,1.28,9.95
Jodhpur,2026-06-19,30.63,42.88,14.77,0.54,1.26,1.8,8.11
Jodhpur,2026-06-20,25.51,43.27,18.16,,0.61,1.43,11.02
Jodhpur,2026-06-21,26.83,45.3,14.46,0.35,0.87,2.26,9.93
Jodhpur,2026-06-22,28.28,47.41,14.14,,1.03,1.21,7.93
Jodhpur,2026-06-23,28.21,38.21,17.86,0.18,0.89,1.25,13.39
Jodhpur,2026-06-24,27.36,44.89,15.41,0.19,0.39,2.31,9.44
Jodhpur,2026-06-25,31.41,42.58,15.88,,1.57,1.57,6.98
Jodhpur,2026-06-26,33.21,39.93,14.55,0.19,0.93,1.31,9.89
Jodhpur,2026-06-27,23.96,46.28,13.07,,0.91,2.36,13.43
Jodhpur,2026-06-28,32.59,42.09,14.08,,0.63,0.95,9.65
Jodhpur,2026-06-29,29.64,40.89,17.68,,1.07,1.79,8.93
Jodhpur,2026-06-30,30.49,44.05,14.79,0.15,0.91,1.52,8.08
Jodhpur,2026-07-01,29.02,42.66,16.93,0.35,0.69,1.9,8.46
Jodhpur,2026-07-02,33.15,43.96,9.19,,2.16,1.8,9.73
Jodhpur,2026-07-03,32.73,41.52,12.77,,1.0,1.6,10.38
Jodhpur,2026-07-04,33.21,45.18,11.07,0.54,0.54,0.36,9.11
Jodhpur,2026-07-05,31.14,45.29,12.79,0.17,0.51,1.85,8.25
Jodhpur,2026-07-06,26.65,41.73,18.01,0.18,1.29,1.47,10.66
Jodhpur,2026-07-07,30.78,40.21,12.46,,0.71,2.31,13.52
Jodhpur,2026-07-08,25.83,47.86,12.84,,0.79,1.74,10.94
Jodhpur,2026-07-09,29.35,45.48,12.9,,0.32,1.94,10.0
Jodhpur,2026-07-10,32.34,45.16,12.03,,0.94,0.78,8.75
Jodhpur,2026-07-11,27.55,48.14,14.09,,0.62,0.62,8.98
Jodhpur,2026-07-12,29.44,49.47,11.08,0.15,0.46,0.76,8.65
Jodhpur,2026-07-13,30.41,46.97,13.38,,0.48,1.11,7.64
Jodhpur,2026-07-14,33.01,41.59,14.24,0.16,0.49,0.81,9.71
Jodhpur,2026-07-15,30.91,48.22,12.78,0.16,0.32,0.49,7.12
Jodhpur,2026-07-16,34.17,44.72,12.34,,0.54,1.07,7.16
Jodhpur,2026-07-17,30.12,42.91,16.46,0.35,1.05,0.7,8.41
Jodhpur,2026-07-18,26.62,45.88,16.11,0.88,0.7,1.05,8.76
Jodhpur,2026-07-19,34.27,40.73,13.64,0.17,1.22,1.57,8.39
Jodhpur,2026-07-20,33.27,39.48,16.23,0.2,0.4,1.6,8.82
Jodhpur,2026-07-21,32.22,42.22,14.44,,0.19,1.3,9.63
Jodhpur,2026-07-22,34.72,43.21,13.77,0.19,0.38,0.75,6.98
Jodhpur,2026-07-23,39.11,39.79,9.09,,1.37,0.69,9.95
Jodhpur,2026-07-24,38.63,44.94,9.33,,0.53,0.92,5.65
Jodhpur,2026-07-25,33.78,44.06,12.28,0.27,0.4,0.8,8.41
Jodhpur,2026-07-26,36.52,42.28,10.73,0.65,0.65,0.39,8.77
Jodhpur,2026-07-27,35.9,41.76,11.86,,0.46,1.69,8.32
Jodhpur,2026-07-28,35.38,41.38,11.38,0.77,0.77,0.62,9.69
Jodhpur,2026-07-29,32.72,42.35,11.47,,1.07,1.07,11.31
Jodhpur,2026-07-30,31.0,41.76,13.38,0.16,1.14,0.33,12.23
Jodhpur,2026-07-31,32.98,44.33,10.82,0.35,0.7,1.05,9.77
Jodhpur,2026-08-01,30.7,46.31,10.29,0.17,0.34,1.03,11.15
Jodhpur,2026-08-02,32.43,45.77,10.81,,1.08,0.9,9.01
Jodhpur,2026-08-03,27.74,44.85,13.46,0.17,0.5,2.33,10.96
Jodhpur,2026-08-04,33.1,46.38,12.41,,0.34,1.21,6.55
Jodhpur,2026-08-05,31.27,45.67,11.76,0.15,0.46,2.01,8.67
Jodhpur,2026-08-06,34.19,43.06,11.02,,1.0,2.0,8.73
Jodhpur,2026-08-07,29.47,45.77,13.32,0.16,0.63,1.41,9.25
Jodhpur,2026-08-08,30.17,45.72,14.0,0.16,0.62,0.93,8.4
Jodhpur,2026-08-09,28.48,46.21,13.48,0.15,0.76,1.82,9.09
Jodhpur,2026-08-10,31.5,41.48,13.43,,0.86,1.2,11.53
Jodhpur,2026-08-11,27.94,44.6,12.38,,0.95,1.43,12.7
Jodhpur,2026-08-12,31.21,46.89,9.94,0.16,0.93,1.24,9.63
Jodhpur,2026-08-13,32.36,45.16,12.79,,0.78,1.16,7.75
Jodhpur,2026-08-14,33.44,45.48,11.71,,0.67,0.5,8.19
Jodhpur,2026-08-15,32.18,45.02,9.97,0.15,0.45,1.21,11.03
Jodhpur,2026-08-16,31.46,49.38,10.19,,0.35,1.05,7.56
Jodhpur,2026-08-17,31.91,41.0,16.58,0.18,0.18,1.78,8.38
Jodhpur,2026-08-18,31.91,43.09,14.36,,0.71,1.6,8.33
Jodhpur,2026-08-19,27.23,45.87,13.13,,1.78,0.32,11.67
Jodhpur,2026-08-20,29.86,43.0,15.19,0.17,0.51,1.19,10.07
Jodhpur,2026-08-21,28.25,44.16,13.31,,0.49,0.81,12.99
Jodhpur,2026-08-22,27.81,43.7,14.68,0.17,1.04,1.04,11.57
Jodhpur,2026-08-23,28.45,48.23,11.84,0.35,0.35,1.24,9.54
Jodhpur,2026-08-24,32.21,41.1,13.35,0.18,0.71,1.25,11.21
Jodhpur,2026-08-25,30.37,41.97,14.89,0.19,0.58,1.93,10.06
Jodhpur,2026-08-26,34.63,41.34,12.48,0.16,0.47,1.56,9.36
Jodhpur,2026-08-27,31.7,43.21,12.08,,0.19,0.94,11.89
Jodhpur,2026-08-28,26.87,50.71,12.46,,0.53,0.71,8.72
Jodhpur,2026-08-29,33.56,44.3,11.41,,0.34,1.01,9.4
Jodhpur,2026-08-30,30.38,43.2,13.45,0.16,0.47,1.27,11.08
Jodhpur,2026-08-31,29.63,46.11,12.41,0.19,0.19,1.48,10.0
Kanpur,2025-01-01,40.46,39.57,8.73,,0.53,1.43,9.27
Kanpur,2025-01-02,38.27,37.01,10.34,,1.4,2.51,10.47
Kanpur,2025-01-03,30.45,38.53,11.76,0.14,2.27,1.84,15.01
Kanpur,2025-01-04,36.89,40.46,8.69,0.43,1.57,1.14,10.83
Kanpur,2025-01-05,37.57,34.29,11.57,1.0,1.29,1.0,13.29
Kanpur,2025-01-06,35.47,32.34,11.82,0.14,0.71,2.28,17.24
Kanpur,2025-01-07,35.94,34.41,8.25,,0.98,2.1,18.32
Kanpur,2025-01-08,32.09,37.57,8.69,0.27,2.01,1.2,18.18
Kanpur,2025-01-09,35.37,34.97,12.24,0.27,1.36,1.63,14.15
Kanpur,2025-01-10,31.62,38.77,11.73,0.29,1.0,1.86,14.74
Kanpur,2025-01-11,36.91,35.91,7.98,,0.87,1.75,16.58
Kanpur,2025-01-12,34.46,38.98,9.32,0.28,1.13,1.55,14.27
Kanpur,2025-01-13,33.99,42.45,8.04,0.28,1.83,1.55,11.85
Kanpur,2025-01-14,33.1,40.44,9.42,,0.97,0.69,15.37
Kanpur,2025-01-15,37.45,34.98,9.23,0.13,1.82,1.17,15.21
Kanpur,2025-01-16,34.24,39.24,11.77,0.27,0.81,1.76,11.91
Kanpur,2025-01-17,39.07,36.53,10.01,0.42,0.85,2.26,10.86
Kanpur,2025-01-18,36.25,34.09,9.66,0.34,0.91,2.61,16.14
Kanpur,2025-01-19,36.0,38.06,10.58,0.26,0.77,1.42,12.9
Kanpur,2025-01-20,36.3,38.87,11.07,0.27,0.4,1.48,11.61
Kanpur,2025-01-21,34.79,37.26,11.51,0.14,1.51,1.92,12.88
Kanpur,2025-01-22,36.25,38.89,7.92,0.56,0.97,3.06,12.36
Kanpur,2025-01-23,35.94,41.99,9.29,,0.94,2.56,9.29
Kanpur,2025-01-24,33.42,36.15,13.0,0.26,0.91,2.86,13.39
Kanpur,2025-01-25,36.69,38.9,7.86,,1.1,2.21,13.24
Kanpur,2025-01-26,34.08,38.8,11.68,0.28,0.56,1.25,13.35
Kanpur,2025-01-27,37.12,40.78,9.16,0.37,1.34,2.2,9.04
Kanpur,2025-01-28,35.23,40.42,9.77,0.12,1.36,1.73,11.37
Kanpur,2025-01-29,36.15,34.69,10.64,0.29,1.46,1.46,15.31
Kanpur,2025-01-30,38.45,36.71,12.03,0.32,0.63,0.79,11.08
Kanpur,2025-01-31,34.52,39.06,11.93,0.28,0.43,1.56,12.22
Kanpur,2025-02-01,37.21,38.97,10.42,,0.95,1.35,11.1
Kanpur,2025-02-02,30.78,40.61,14.43,,0.26,2.04,11.88
Kanpur,2025-02-03,34.81,38.25,9.74,0.14,1.86,2.15,13.04
Kanpur,2025-02-04,35.65,34.47,13.11,,1.05,1.83,13.89
Kanpur,2025-02-05,35.56,30.28,15.99,0.31,0.62,1.24,15.99
Kanpur,2025-02-06,34.16,36.93,11.97,0.29,1.61,1.31,13.72
Kanpur,2025-02-07,37.5,36.51,11.36,0.14,1.42,1.56,11.51
Kanpur,2025-02-08,36.72,38.62,8.67,0.27,1.08,1.08,13.55
Kanpur,2025-02-09,36.69,35.23,9.8,0.13,1.19,1.46,15.5
Kanpur,2025-02-10,37.77,37.77,9.22,0.44,0.73,1.61,12.45
Kanpur,2025-02-11,36.56,38.4,10.55,,0.49,1.84,12.15
Kanpur,2025-02-12,33.48,39.18,9.8,0.15,0.15,2.63,14.62
Kanpur,2025-02-13,32.84,42.16,10.95,0.27,0.41,0.68,12.7
Kanpur,2025-02-14,33.65,37.35,12.86,,0.55,2.19,13.41
Kanpur,2025-02-15,33.94,38.97,12.39,0.13,1.55,1.68,11.35
Kanpur,2025-02-16,33.89,39.02,11.17,,1.16,1.8,12.97
Kanpur,2025-02-17,31.74,33.92,14.03,0.27,1.91,1.77,16.35
Kanpur,2025-02-18,37.4,36.43,11.22,0.14,0.42,1.11,13.3
Kanpur,2025-02-19,35.48,37.9,13.31,0.4,0.67,1.75,10.48
Kanpur,2025-02-20,37.74,34.8,12.19,0.15,1.17,2.2,11.75
Kanpur,2025-02-21,33.89,34.16,14.66,0.14,1.11,1.66,14.38
Kanpur,2025-02-22,37.68,35.63,11.49,0.26,1.79,1.66,11.49
Kanpur,2025-02-23,36.16,34.66,13.22,,1.62,1.12,13.22
Kanpur,2025-02-24,37.32,35.19,10.23,0.27,0.66,1.33,15.01
Kanpur,2025-02-25,38.14,36.19,8.56,0.61,1.1,1.71,13.69
Kanpur,2025-02-26,32.64,40.03,11.79,0.52,0.78,1.94,12.31
Kanpur,2025-02-27,35.59,35.73,12.29,0.14,0.56,1.41,14.27
Kanpur,2025-02-28,35.08,38.31,12.0,0.15,0.46,0.62,13.38
Kanpur,2025-03-01,37.79,35.17,10.34,0.14,1.24,1.66,13.66
Kanpur,2025-03-02,40.45,36.67,9.09,0.3,0.61,0.91,11.97
Kanpur,2025-03-03,30.6,40.22,13.09,0.16,0.63,0.63,14.67
Kanpur,2025-03-04,33.73,37.8,13.05,0.34,1.02,1.69,12.37
Kanpur,2025-03-05,39.3,34.66,10.38,0.16,1.44,0.64,13.42
Kanpur,2025-03-06,37.65,37.21,10.0,,0.88,0.88,13.38
Kanpur,2025-03-07,34.38,38.29,10.66,0.15,1.2,2.1,13.21
Kanpur,2025-03-08,30.15,37.16,14.33,0.3,1.19,4.18,12.69
Kanpur,2025-03-09,35.53,40.66,9.89,0.73,0.18,0.73,12.27
Kanpur,2025-03-10,31.76,42.65,11.76,0.59,1.18,1.32,10.74
Kanpur,2025-03-11,31.38,42.52,11.88,0.29,1.17,2.35,10.41
Kanpur,2025-03-12,35.63,38.44,12.34,,0.94,1.09,11.56
Kanpur,2025-03-13,37.18,37.57,10.54,0.8,0.6,0.99,12.33
Kanpur,2025-03-14,37.46,33.51,10.57,0.18,0.9,1.97,15.41
Kanpur,2025-03-15,30.52,37.33,13.35,,0.95,1.63,16.21
Kanpur,2025-03-16,27.69,41.98,13.53,0.25,0.63,1.63,14.29
Kanpur,2025-03-17,31.78,36.93,15.08,0.25,0.38,1.38,14.2
Kanpur,2025-03-18,35.41,41.5,11.76,0.14,0.42,1.13,9.63
Kanpur,2025-03-19,36.21,35.89,12.38,,1.1,1.1,13.32
Kanpur,2025-03-20,29.65,41.15,12.98,0.15,0.59,2.36,13.13
Kanpur,2025-03-21,35.52,38.72,10.56,0.16,0.64,1.44,12.96
Kanpur,2025-03-22,38.53,36.85,8.87,,1.07,1.07,13.61
Kanpur,2025-03-23,32.09,39.53,13.33,0.16,1.4,1.86,11.63
Kanpur,2025-03-24,34.05,38.21,11.25,0.31,1.08,2.93,12.17
Kanpur,2025-03-25,30.93,38.7,12.85,0.28,0.85,1.55,14.83
Kanpur,2025-03-26,35.28,40.21,9.27,,1.49,2.24,11.51
Kanpur,2025-03-27,32.34,39.37,15.12,,0.9,1.5,10.78
Kanpur,2025-03-28,31.86,41.05,9.2,0.33,1.48,1.15,14.94
Kanpur,2025-03-29,33.73,42.24,11.79,0.3,0.9,1.49,9.55
Kanpur,2025-03-30,34.14,41.23,10.71,,1.2,1.47,11.24
Kanpur,2025-03-31,34.8,38.47,11.45,,0.88,1.76,12.63
Kanpur,2025-04-01,35.06,38.36,9.59,,0.63,2.2,14.15
Kanpur,2025-04-02,39.73,33.16,13.47,0.17,1.01,1.68,10.77
Kanpur,2025-04-03,33.33,35.14,14.45,0.16,0.66,0.82,15.44
Kanpur,2025-04-04,34.25,37.48,10.91,0.31,0.77,0.92,15.36
Kanpur,2025-04-05,38.51,36.53,11.11,0.46,0.3,2.44,10.65
Kanpur,2025-04-06,34.98,38.95,11.29,0.32,0.64,1.11,12.72
Kanpur,2025-04-07,35.08,38.69,10.0,0.49,0.98,0.98,13.77
Kanpur,2025-04-08,34.21,34.21,13.22,0.33,1.16,1.65,15.21
Kanpur,2025-04-09,35.89,37.73,12.69,0.17,1.34,1.84,10.35
Kanpur,2025-04-10,38.35,34.32,12.89,,1.71,0.93,11.8
Kanpur,2025-04-11,37.29,36.14,13.37,0.17,,1.65,11.39
Kanpur,2025-04-12,31.75,37.62,16.67,,1.43,1.11,11.43
Kanpur,2025-04-13,34.48,37.38,13.66,0.28,0.83,1.1,12.28
Kanpur,2025-04-14,36.57,37.76,12.24,,0.3,1.79,11.34
Kanpur,2025-04-15,33.11,36.33,12.47,,1.74,1.21,15.15
Kanpur,2025-04-16,33.78,39.49,10.9,,1.2,1.46,13.16
Kanpur,2025-04-17,30.19,40.0,13.68,,0.52,1.42,14.19
Kanpur,2025-04-18,38.0,35.7,13.47,0.21,0.52,1.36,10.75
Kanpur,2025-04-19,34.2,37.02,10.95,0.23,1.81,1.92,13.88
Kanpur,2025-04-20,34.53,38.63,10.42,0.11,1.26,1.79,13.26
Kanpur,2025-04-21,31.59,37.97,11.19,0.21,0.73,3.14,15.17
Kanpur,2025-04-22,31.95,36.22,13.18,0.12,0.36,2.85,15.32
Kanpur,2025-04-23,31.08,38.34,12.36,0.38,0.76,1.66,15.41
Kanpur,2025-04-24,32.47,31.23,13.83,0.12,1.23,1.23,19.88
Kanpur,2025-04-25,32.32,36.13,11.2,,1.15,1.4,17.81
Kanpur,2025-04-26,33.04,34.71,13.24,0.22,0.89,1.89,16.02
Kanpur,2025-04-27,34.03,35.89,9.99,0.12,0.46,0.93,18.58
Kanpur,2025-04-28,34.83,35.54,12.04,0.24,0.47,3.07,13.81
Kanpur,2025-04-29,31.62,37.79,11.07,,0.91,1.37,17.24
Kanpur,2025-04-30,32.25,38.75,11.37,0.12,0.81,2.2,14.5
Kanpur,2025-05-01,34.27,39.7,10.09,0.11,0.98,1.08,13.77
Kanpur,2025-05-02,30.15,36.33,14.4,,1.12,1.35,16.65
Kanpur,2025-05-03,34.52,36.77,11.18,0.32,0.97,1.4,14.84
Kanpur,2025-05-04,34.03,34.14,12.38,,0.44,1.88,17.13
Kanpur,2025-05-05,32.65,37.98,11.56,,0.68,1.93,15.19
Kanpur,2025-05-06,34.74,35.86,12.78,0.12,1.36,1.99,13.15
Kanpur,2025-05-07,31.48,36.04,14.96,0.14,0.71,1.85,14.81
Kanpur,2025-05-08,28.93,41.05,13.5,0.28,1.1,1.24,13.91
Kanpur,2025-05-09,32.8,37.1,13.58,,1.61,2.02,12.9
Kanpur,2025-05-10,33.22,34.49,14.29,0.12,1.05,2.09,14.75
Kanpur,2025-05-11,32.09,38.27,11.97,0.1,0.69,2.36,14.52
Kanpur,2025-05-12,32.7,37.99,13.12,,1.06,1.16,13.97
Kanpur,2025-05-13,31.97,39.5,12.75,0.31,0.73,1.57,13.17
Kanpur,2025-05-14,31.45,37.71,13.14,,1.11,1.92,14.66
Kanpur,2025-05-15,33.17,36.66,13.09,,1.55,1.75,13.77
Kanpur,2025-05-16,36.11,36.82,13.4,0.09,0.8,0.98,11.8
Kanpur,2025-05-17,33.16,37.35,12.82,0.09,1.37,1.62,13.59
Kanpur,2025-05-18,32.83,38.57,9.71,0.18,0.71,0.97,17.03
Kanpur,2025-05-19,32.53,37.02,14.49,0.21,0.94,1.46,13.35
Kanpur,2025-05-20,34.35,37.12,12.79,,0.86,2.0,12.88
Kanpur,2025-05-21,35.68,38.33,11.23,,0.88,1.21,12.67
Kanpur,2025-05-22,37.57,37.01,12.24,0.28,0.94,0.75,11.21
Kanpur,2025-05-23,35.17,39.04,11.09,0.17,1.72,1.55,11.26
Kanpur,2025-05-24,36.68,35.1,12.19,0.29,0.79,1.67,13.27
Kanpur,2025-05-25,36.87,35.7,11.67,0.1,0.68,1.36,13.62
Kanpur,2025-05-26,35.16,36.36,10.11,,1.21,1.58,15.58
Kanpur,2025-05-27,36.1,34.72,11.74,0.09,0.52,1.3,15.54
Kanpur,2025-05-28,35.85,32.98,12.34,0.21,0.74,2.13,15.74
Kanpur,2025-05-29,35.92,33.2,10.78,0.1,0.78,2.91,16.31
Kanpur,2025-05-30,37.3,30.51,13.48,0.3,0.39,0.89,17.13
Kanpur,2025-05-31,33.12,33.44,14.98,,1.9,1.79,14.77
Kanpur,2025-06-01,32.86,35.53,11.37,,1.15,1.62,17.48
Kanpur,2025-06-02,36.51,37.34,11.62,,1.24,0.73,12.55
Kanpur,2025-06-03,31.28,30.91,13.91,,0.84,2.05,21.01
Kanpur,2025-06-04,36.08,33.94,11.99,0.1,1.02,1.73,15.14
Kanpur,2025-06-05,38.28,33.14,11.18,0.1,1.19,1.78,14.34
Kanpur,2025-06-06,36.45,34.6,12.12,,1.02,1.76,14.06
Kanpur,2025-06-07,37.44,35.94,11.45,0.27,1.24,0.89,12.78
Kanpur,2025-06-08,35.22,39.43,10.8,0.09,1.37,1.83,11.25
Kanpur,2025-06-09,34.99,36.57,11.99,0.1,0.69,1.49,14.17
Kanpur,2025-06-10,33.3,36.61,13.53,0.09,1.14,2.18,13.15
Kanpur,2025-06-11,35.62,35.42,12.04,0.1,0.98,1.86,13.99
Kanpur,2025-06-12,37.12,35.65,10.83,0.11,0.84,2.1,13.35
Kanpur,2025-06-13,36.83,33.3,13.28,0.32,0.64,2.68,12.96
Kanpur,2025-06-14,34.48,35.5,13.29,0.09,0.93,1.21,14.5
Kanpur,2025-06-15,36.52,35.01,10.36,0.1,1.51,2.31,14.19
Kanpur,2025-06-16,33.65,39.73,11.74,,1.05,2.1,11.74
Kanpur,2025-06-17,35.06,36.56,11.18,0.19,1.97,2.44,12.59
Kanpur,2025-06-18,35.01,36.71,12.74,0.4,1.0,2.91,11.23
Kanpur,2025-06-19,34.41,38.36,14.47,,0.71,2.02,10.02
Kanpur,2025-06-20,36.08,36.17,11.3,0.1,0.79,2.58,12.98
Kanpur,2025-06-21,35.84,34.46,11.29,,0.69,1.58,16.14
Kanpur,2025-06-22,34.66,38.72,10.84,,1.55,2.61,11.62
Kanpur,2025-06-23,32.97,40.34,11.16,0.1,0.5,3.98,10.96
Kanpur,2025-06-24,35.49,37.9,12.38,0.11,0.77,1.97,11.39
Kanpur,2025-06-25,29.32,36.36,15.63,0.1,1.43,2.04,15.12
Kanpur,2025-06-26,31.42,38.52,13.72,0.1,0.68,1.65,13.91
Kanpur,2025-06-27,30.31,39.7,13.94,,1.06,1.48,13.52
Kanpur,2025-06-28,35.87,34.67,11.9,0.19,0.84,1.86,14.68
Kanpur,2025-06-29,31.41,40.38,10.67,0.3,0.7,2.09,14.46
Kanpur,2025-06-30,30.31,38.42,14.39,0.19,0.67,1.62,14.39
Kanpur,2025-07-01,30.29,38.79,14.03,0.11,0.64,1.7,14.45
Kanpur,2025-07-02,30.63,34.64,16.23,0.26,0.79,3.14,14.31
Kanpur,2025-07-03,32.23,35.94,14.11,,1.0,2.5,14.21
Kanpur,2025-07-04,34.88,37.92,11.63,,0.91,2.33,12.34
Kanpur,2025-07-05,32.88,34.72,14.26,0.48,1.36,1.16,15.13
Kanpur,2025-07-06,37.32,33.16,13.18,0.1,1.01,1.72,13.49
Kanpur,2025-07-07,34.86,35.45,12.01,0.39,0.78,2.05,14.45
Kanpur,2025-07-08,32.04,38.17,13.92,0.19,1.66,1.95,12.07
Kanpur,2025-07-09,33.37,32.97,15.01,0.39,1.18,1.47,15.6
Kanpur,2025-07-10,38.12,35.49,11.83,0.3,0.4,1.62,12.23
Kanpur,2025-07-11,35.26,36.01,13.81,0.09,0.47,0.75,13.62
Kanpur,2025-07-12,37.38,32.78,12.25,0.18,1.2,1.57,14.64
Kanpur,2025-07-13,30.35,40.12,11.52,0.21,1.03,1.34,15.43
Kanpur,2025-07-14,33.83,36.71,13.02,0.43,0.64,1.39,13.98
Kanpur,2025-07-15,37.44,32.97,14.0,0.6,0.7,0.89,13.41
Kanpur,2025-07-16,33.98,37.74,13.61,0.19,1.64,1.45,11.39
Kanpur,2025-07-17,35.39,37.3,12.56,0.1,0.76,1.43,12.46
Kanpur,2025-07-18,31.46,38.39,12.36,0.1,1.31,1.11,15.28
Kanpur,2025-07-19,34.42,34.85,14.18,0.32,0.54,2.06,13.64
Kanpur,2025-07-20,34.85,39.7,10.83,0.09,1.23,1.14,12.16
Kanpur,2025-07-21,33.81,35.14,12.56,0.41,1.33,1.43,15.32
Kanpur,2025-07-22,34.96,37.94,11.9,0.32,1.38,1.49,12.01
Kanpur,2025-07-23,33.94,36.14,13.55,0.3,0.8,1.41,13.86
Kanpur,2025-07-24,34.52,37.38,9.17,,0.59,1.48,16.86
Kanpur,2025-07-25,31.47,36.48,13.18,0.39,1.08,0.29,17.11
Kanpur,2025-07-26,31.79,41.71,10.31,0.29,0.58,0.87,14.45
Kanpur,2025-07-27,32.71,38.15,11.05,0.09,0.18,1.6,16.22
Kanpur,2025-07-28,33.03,36.94,12.51,,1.5,1.3,14.71
Kanpur,2025-07-29,36.62,33.88,10.48,,1.53,1.32,16.17
Kanpur,2025-07-30,30.94,36.54,13.09,0.21,0.74,1.37,17.11
Kanpur,2025-07-31,29.37,35.16,13.75,,0.31,1.34,20.06
Kanpur,2025-08-01,34.31,31.73,13.47,0.35,1.05,1.41,17.68
Kanpur,2025-08-02,37.18,32.43,9.81,,0.78,1.07,18.74
Kanpur,2025-08-03,33.39,36.27,10.9,0.09,0.78,1.48,17.09
Kanpur,2025-08-04,34.44,36.11,9.9,0.26,0.79,1.75,16.74
Kanpur,2025-08-05,31.16,35.69,13.59,,0.54,2.17,16.85
Kanpur,2025-08-06,30.84,35.55,11.13,0.64,1.28,0.64,19.91
Kanpur,2025-08-07,29.28,38.93,8.99,0.44,0.77,1.86,19.74
Kanpur,2025-08-08,29.09,37.17,11.5,,0.29,1.62,20.34
Kanpur,2025-08-09,31.63,37.89,10.79,,0.41,2.22,17.05
Kanpur,2025-08-10,30.41,34.41,13.63,0.15,0.85,1.39,19.17
Kanpur,2025-08-11,30.52,32.69,11.62,0.5,1.92,1.42,21.32
Kanpur,2025-08-12,31.12,33.6,13.09,0.09,0.53,0.71,20.87
Kanpur,2025-08-13,31.99,32.35,12.99,0.36,1.34,1.25,19.71
Kanpur,2025-08-14,30.83,37.49,10.75,,0.86,1.24,18.84
Kanpur,2025-08-15,34.04,36.46,11.09,0.08,0.55,0.94,16.86
Kanpur,2025-08-16,33.36,35.06,11.38,,0.76,1.02,18.42
Kanpur,2025-08-17,31.87,37.31,10.88,0.09,0.78,1.38,17.7
Kanpur,2025-08-18,31.31,38.07,9.74,0.2,0.89,1.19,18.59
Kanpur,2025-08-19,34.56,34.27,10.45,0.1,0.29,1.45,18.88
Kanpur,2025-08-20,31.61,33.27,12.57,0.28,1.29,1.85,19.13
Kanpur,2025-08-21,34.3,34.57,11.16,0.09,0.64,1.54,17.7
Kanpur,2025-08-22,34.03,34.89,10.23,0.19,0.96,1.63,18.07
Kanpur,2025-08-23,32.64,36.54,11.17,,0.61,0.61,18.44
Kanpur,2025-08-24,33.98,35.28,10.08,0.08,0.89,1.54,18.13
Kanpur,2025-08-25,35.73,34.55,10.27,0.09,1.18,1.73,16.45
Kanpur,2025-08-26,31.86,36.82,11.2,0.18,0.64,0.92,18.37
Kanpur,2025-08-27,32.37,31.96,13.09,0.1,0.31,1.96,20.21
Kanpur,2025-08-28,28.89,34.33,13.56,,0.56,1.89,20.78
Kanpur,2025-08-29,29.96,34.87,12.33,0.1,0.67,3.08,18.98
Kanpur,2025-08-30,30.41,34.14,12.34,,0.96,0.87,21.29
Kanpur,2025-08-31,28.94,35.53,11.91,,1.26,0.87,21.49
Kanpur,2025-09-01,28.92,35.88,12.96,0.1,1.26,1.55,19.34
Kanpur,2025-09-02,32.0,36.5,11.1,0.4,1.1,2.3,16.6
Kanpur,2025-09-03,36.44,38.81,8.52,0.07,0.68,1.01,14.47
Kanpur,2025-09-04,41.57,38.04,6.99,0.07,0.33,0.92,12.09
Kanpur,2025-09-05,39.18,40.06,7.21,0.22,0.58,0.87,11.87
Kanpur,2025-09-06,41.5,37.62,6.96,,0.27,1.07,12.58
Kanpur,2025-09-07,37.23,41.95,6.01,,0.26,0.32,14.22
Kanpur,2025-09-08,38.69,40.71,7.26,0.14,1.12,0.98,11.1
Kanpur,2025-09-09,37.54,39.18,9.17,0.08,1.18,1.18,11.68
Kanpur,2025-09-10,35.67,39.43,9.63,,0.82,1.31,13.14
Kanpur,2025-09-11,34.5,43.36,8.76,0.09,0.46,0.83,11.99
Kanpur,2025-09-12,32.64,40.84,9.12,0.08,0.42,2.18,14.73
Kanpur,2025-09-13,34.56,39.46,10.46,0.08,0.49,0.82,14.13
Kanpur,2025-09-14,28.75,39.69,9.14,0.16,0.39,1.17,20.7
Kanpur,2025-09-15,33.93,39.0,9.81,0.08,0.82,0.82,15.54
Kanpur,2025-09-16,35.96,38.76,10.13,,0.32,1.52,13.32
Kanpur,2025-09-17,35.24,38.18,9.73,,0.65,0.9,15.29
Kanpur,2025-09-18,33.18,40.99,9.9,0.08,0.46,0.93,14.46
Kanpur,2025-09-19,33.52,38.05,10.96,0.16,0.71,1.19,15.41
Kanpur,2025-09-20,34.4,42.18,8.82,0.07,0.44,0.89,13.19
Kanpur,2025-09-21,39.4,36.74,7.44,0.18,0.59,0.24,15.42
Kanpur,2025-09-22,38.08,44.0,6.84,,0.38,0.54,10.16
Kanpur,2025-09-23,36.08,44.33,7.04,,0.69,0.97,10.88
Kanpur,2025-09-24,35.49,41.62,7.37,,0.78,0.91,13.83
Kanpur,2025-09-25,32.84,44.79,8.65,,0.22,1.1,12.39
Kanpur,2025-09-26,33.17,41.76,8.17,0.21,0.43,1.28,14.99
Kanpur,2025-09-27,35.2,41.12,7.76,,0.86,1.32,13.75
Kanpur,2025-09-28,29.15,41.89,7.55,0.13,0.98,1.05,19.24
Kanpur,2025-09-29,33.82,40.74,7.94,,0.74,1.47,15.29
Kanpur,2025-09-30,35.1,41.24,8.03,0.07,1.61,0.63,13.33
Kanpur,2025-10-01,32.08,43.05,7.8,,1.25,0.74,15.08
Kanpur,2025-10-02,33.76,42.52,8.99,0.15,0.91,0.53,13.14
Kanpur,2025-10-03,32.54,41.38,9.2,,0.36,1.08,15.45
Kanpur,2025-10-04,34.28,42.46,8.38,,0.41,0.88,13.59
Kanpur,2025-10-05,35.9,40.31,8.68,0.07,0.6,1.27,13.16
Kanpur,2025-10-06,34.88,41.06,8.79,0.07,0.44,0.58,14.17
Kanpur,2025-10-07,36.62,42.16,8.1,0.29,0.36,1.39,11.09
Kanpur,2025-10-08,34.05,43.34,7.15,,0.99,1.56,12.91
Kanpur,2025-10-09,35.5,38.71,9.23,,0.41,1.15,14.99
Kanpur,2025-10-10,34.86,44.16,8.43,,0.7,0.53,11.33
Kanpur,2025-10-11,35.24,40.87,9.01,,0.32,1.13,13.44
Kanpur,2025-10-12,31.46,44.29,8.36,,0.83,1.24,13.82
Kanpur,2025-10-13,32.95,42.16,9.88,,0.5,1.16,13.36
Kanpur,2025-10-14,33.09,40.49,9.78,,0.55,1.37,14.72
Kanpur,2025-10-15,37.1,39.46,11.29,,0.17,0.87,11.11
Kanpur,2025-10-16,35.76,36.7,10.95,,0.43,0.77,15.4
Kanpur,2025-10-17,34.57,39.81,9.11,0.09,0.43,1.03,14.96
Kanpur,2025-10-18,34.18,41.14,6.76,,0.78,0.78,16.36
Kanpur,2025-10-19,36.89,41.8,7.08,,0.83,1.67,11.74
Kanpur,2025-10-20,33.97,42.63,8.44,,0.56,1.24,13.16
Kanpur,2025-10-21,33.5,39.3,10.56,0.15,0.37,1.61,14.52
Kanpur,2025-10-22,31.92,40.19,10.61,0.44,0.51,1.68,14.64
Kanpur,2025-10-23,32.35,42.83,9.04,,0.79,1.87,13.13
Kanpur,2025-10-24,32.35,40.96,9.94,0.07,1.0,1.0,14.68
Kanpur,2025-10-25,29.5,40.93,10.69,,0.14,0.54,18.2
Kanpur,2025-10-26,30.13,42.35,8.95,0.13,0.59,1.31,16.54
Kanpur,2025-10-27,33.0,43.03,8.23,0.07,0.94,1.16,13.57
Kanpur,2025-10-28,30.29,41.57,11.13,0.4,0.64,0.72,15.26
Kanpur,2025-10-29,33.0,37.85,11.46,0.08,0.69,1.46,15.46
Kanpur,2025-10-30,32.64,40.6,9.28,,0.54,1.08,15.85
Kanpur,2025-10-31,37.64,38.71,9.66,,0.65,0.9,12.44
Kanpur,2025-11-01,32.24,38.2,9.7,0.08,0.38,0.99,18.41
Kanpur,2025-11-02,32.74,41.76,8.87,0.15,1.03,0.74,14.71
Kanpur,2025-11-03,36.26,39.01,8.94,,0.5,2.01,13.28
Kanpur,2025-11-04,40.0,41.75,6.89,,0.36,0.91,10.09
Kanpur,2025-11-05,34.86,40.72,9.39,0.21,0.28,1.13,13.41
Kanpur,2025-11-06,36.7,40.75,9.71,,0.23,0.92,11.7
Kanpur,2025-11-07,35.69,39.59,9.38,0.24,0.87,0.87,13.35
Kanpur,2025-11-08,36.04,37.71,9.55,0.08,0.8,0.64,15.19
Kanpur,2025-11-09,32.88,39.13,10.43,0.08,0.88,0.8,15.8
Kanpur,2025-11-10,37.13,36.6,10.06,0.36,0.53,0.53,14.78
Kanpur,2025-11-11,36.04,37.34,10.46,0.52,0.52,1.82,13.31
Kanpur,2025-11-12,32.51,40.91,9.41,0.09,0.64,1.74,14.7
Kanpur,2025-11-13,36.72,36.99,9.61,,1.09,0.82,14.78
Kanpur,2025-11-14,33.98,41.15,9.93,,0.41,0.72,13.82
Kanpur,2025-11-15,36.21,37.94,8.31,,0.91,1.32,15.31
Kanpur,2025-11-16,33.3,38.75,11.42,0.26,0.43,1.04,14.79
Kanpur,2025-11-17,36.02,36.56,11.02,0.09,0.72,0.45,15.14
Kanpur,2025-11-18,34.27,39.66,9.74,0.17,0.77,1.79,13.59
Kanpur,2025-11-19,35.38,36.01,11.73,0.09,0.45,1.53,14.8
Kanpur,2025-11-20,34.51,40.41,10.53,0.08,0.63,1.34,12.5
Kanpur,2025-11-21,33.15,40.32,11.92,,0.84,0.74,13.04
Kanpur,2025-11-22,30.13,42.79,9.08,0.26,0.87,1.22,15.63
Kanpur,2025-11-23,32.28,39.31,9.2,0.24,0.89,0.56,17.51
Kanpur,2025-11-24,33.92,38.37,11.36,,0.7,1.31,14.34
Kanpur,2025-11-25,37.73,44.08,7.61,0.19,0.46,0.7,9.23
Kanpur,2025-11-26,35.45,43.62,8.5,,0.59,0.78,11.05
Kanpur,2025-11-27,33.25,42.3,9.28,0.24,1.26,0.86,12.81
Kanpur,2025-11-28,32.5,42.31,10.64,0.17,0.75,0.91,12.72
Kanpur,2025-11-29,35.86,37.09,11.27,,0.66,0.82,14.31
Kanpur,2025-11-30,33.05,40.36,10.41,,0.6,1.38,14.2
Kanpur,2025-12-01,33.78,40.13,11.17,0.09,0.71,1.88,12.24
Kanpur,2025-12-02,35.74,38.03,9.93,,0.93,1.44,13.92
Kanpur,2025-12-03,33.92,38.76,13.2,0.08,0.67,0.75,12.61
Kanpur,2025-12-04,32.26,39.97,10.75,0.08,0.51,0.76,15.66
Kanpur,2025-12-05,33.42,38.32,10.54,0.16,0.98,1.55,15.03
Kanpur,2025-12-06,33.41,36.74,12.98,,1.03,0.16,15.68
Kanpur,2025-12-07,34.17,37.43,11.69,,0.76,1.06,14.88
Kanpur,2025-12-08,32.43,38.66,10.07,,1.31,1.47,16.05
Kanpur,2025-12-09,35.93,37.9,9.6,0.08,1.31,0.98,14.19
Kanpur,2025-12-10,36.35,37.98,10.43,0.24,0.65,0.98,13.37
Kanpur,2025-12-11,33.51,40.67,11.05,,0.54,0.45,13.77
Kanpur,2025-12-12,35.82,38.66,10.14,0.09,0.69,0.95,13.66
Kanpur,2025-12-13,34.59,36.23,8.69,0.16,1.56,2.13,16.64
Kanpur,2025-12-14,35.34,37.27,11.03,0.15,0.46,1.08,14.66
Kanpur,2025-12-15,36.1,38.41,9.16,0.23,0.92,0.85,14.32
Kanpur,2025-12-16,33.2,39.05,11.54,0.16,0.79,0.95,14.31
Kanpur,2025-12-17,33.21,37.2,12.43,0.19,0.93,1.3,14.75
Kanpur,2025-12-18,31.44,40.66,11.16,0.09,0.8,1.15,14.7
Kanpur,2025-12-19,34.69,35.34,12.06,0.19,1.11,0.74,15.86
Kanpur,2025-12-20,31.57,36.45,11.74,0.33,0.91,1.9,17.11
Kanpur,2025-12-21,32.89,37.6,10.66,0.08,1.4,1.32,16.03
Kanpur,2025-12-22,31.94,35.37,13.16,0.08,0.75,1.93,16.76
Kanpur,2025-12-23,32.28,36.24,13.1,0.18,0.7,0.97,16.53
Kanpur,2025-12-24,35.08,35.68,11.75,0.09,1.2,1.03,15.18
Kanpur,2025-12-25,35.02,33.39,12.34,0.08,0.85,0.85,17.47
Kanpur,2025-12-26,32.53,39.1,10.9,0.08,0.56,1.28,15.54
Kanpur,2025-12-27,33.85,37.73,11.72,,0.88,1.03,14.8
Kanpur,2025-12-28,33.07,39.01,11.65,,1.41,0.55,14.31
Kanpur,2025-12-29,30.34,35.62,13.19,0.18,0.88,2.11,17.68
Kanpur,2025-12-30,29.86,39.3,11.55,0.24,1.3,0.33,17.41
Kanpur,2025-12-31,31.04,41.16,9.53,,0.79,0.79,16.7
Kanpur,2026-01-01,28.1,44.82,9.93,0.08,0.42,1.1,15.53
Kanpur,2026-01-02,30.4,40.89,11.62,0.07,0.64,0.85,15.52
Kanpur,2026-01-03,28.09,40.5,13.4,0.14,1.13,1.49,15.25
Kanpur,2026-01-04,31.46,37.58,13.24,0.14,0.85,1.14,15.59
Kanpur,2026-01-05,31.83,38.37,16.84,0.12,0.62,1.23,10.98
Kanpur,2026-01-06,29.99,40.03,15.1,0.27,0.61,1.5,12.5
Kanpur,2026-01-07,31.02,40.23,12.38,,0.45,0.75,15.17
Kanpur,2026-01-08,33.33,40.36,12.56,,0.79,0.71,12.24
Kanpur,2026-01-09,31.35,39.5,11.6,,0.63,1.25,15.67
Kanpur,2026-01-10,33.76,38.04,13.42,0.21,0.71,1.21,12.63
Kanpur,2026-01-11,29.74,40.73,13.07,0.22,0.5,0.86,14.87
Kanpur,2026-01-12,32.29,38.53,13.13,0.51,1.31,0.65,13.57
Kanpur,2026-01-13,34.64,39.12,11.93,0.06,1.05,0.94,12.27
Kanpur,2026-01-14,33.65,41.16,10.7,0.2,0.61,1.02,12.66
Kanpur,2026-01-15,30.6,40.91,11.26,,0.47,0.81,15.94
Kanpur,2026-01-16,29.99,40.43,11.63,0.14,0.63,0.77,16.4
Kanpur,2026-01-17,33.12,40.73,10.99,,0.49,1.13,13.53
Kanpur,2026-01-18,29.07,40.68,10.43,,1.11,0.52,18.2
Kanpur,2026-01-19,30.56,41.11,10.39,0.08,0.31,0.92,16.63
Kanpur,2026-01-20,34.07,42.17,10.54,0.31,0.69,0.92,11.31
Kanpur,2026-01-21,31.37,41.32,11.21,0.18,1.18,1.08,13.65
Kanpur,2026-01-22,30.32,42.83,10.14,0.09,0.73,0.82,15.07
Kanpur,2026-01-23,33.56,38.34,10.32,0.17,0.59,1.34,15.69
Kanpur,2026-01-24,30.75,38.51,11.53,0.08,0.77,2.23,16.14
Kanpur,2026-01-25,34.67,35.44,12.28,,0.31,0.93,16.37
Kanpur,2026-01-26,35.04,37.22,11.93,0.14,0.82,0.95,13.91
Kanpur,2026-01-27,35.22,36.4,11.7,0.14,0.9,0.48,15.16
Kanpur,2026-01-28,33.28,37.51,13.78,0.16,0.31,1.57,13.39
Kanpur,2026-01-29,33.08,37.26,12.61,,0.92,1.09,15.04
Kanpur,2026-01-30,30.87,38.84,12.7,,0.5,0.33,16.76
Kanpur,2026-01-31,32.34,37.37,12.97,0.26,0.68,0.68,15.7
Kanpur,2026-02-01,32.05,38.0,13.59,0.25,0.5,1.51,14.09
Kanpur,2026-02-02,30.03,37.51,14.09,0.49,0.58,1.85,15.45
Kanpur,2026-02-03,30.24,35.8,13.65,0.17,1.18,0.67,18.28
Kanpur,2026-02-04,30.19,37.69,13.06,0.19,1.3,1.57,16.02
Kanpur,2026-02-05,34.53,35.73,12.08,0.17,0.86,1.11,15.51
Kanpur,2026-02-06,33.57,36.4,11.13,0.09,0.71,1.5,16.61
Kanpur,2026-02-07,32.17,33.15,16.62,0.09,0.45,0.81,16.71
Kanpur,2026-02-08,31.82,36.9,12.9,0.08,0.94,1.02,16.34
Kanpur,2026-02-09,30.94,38.92,11.57,0.18,0.99,1.26,16.14
Kanpur,2026-02-10,29.76,41.35,12.64,,0.53,0.97,14.75
Kanpur,2026-02-11,29.19,36.08,14.86,,0.9,1.61,17.37
Kanpur,2026-02-12,32.4,39.21,13.45,,0.7,0.87,13.36
Kanpur,2026-02-13,29.87,42.42,10.74,0.09,0.78,1.04,15.06
Kanpur,2026-02-14,32.96,36.43,11.74,0.17,0.78,0.96,16.96
Kanpur,2026-02-15,26.93,33.11,14.14,0.22,1.34,0.97,23.29
Kanpur,2026-02-16,31.99,35.85,13.13,0.49,0.98,0.82,16.74
Kanpur,2026-02-17,32.14,39.37,11.36,,0.65,1.22,15.26
Kanpur,2026-02-18,30.08,40.5,11.98,0.08,1.16,1.07,15.12
Kanpur,2026-02-19,28.37,40.18,11.63,0.09,0.97,1.15,17.62
Kanpur,2026-02-20,33.71,36.49,10.78,0.08,0.16,1.22,17.55
Kanpur,2026-02-21,31.32,39.05,12.16,0.16,1.61,1.29,14.41
Kanpur,2026-02-22,29.93,31.45,13.81,0.07,0.8,1.3,22.63
Kanpur,2026-02-23,31.23,37.45,14.02,,1.01,1.18,15.11
Kanpur,2026-02-24,30.81,36.41,14.29,0.19,0.56,0.84,16.9
Kanpur,2026-02-25,29.03,38.08,13.38,,1.04,1.13,17.34
Kanpur,2026-02-26,27.07,35.41,13.36,0.09,0.62,1.14,22.32
Kanpur,2026-02-27,31.51,37.26,13.87,,0.47,1.51,15.38
Kanpur,2026-02-28,27.21,38.27,13.65,,1.15,0.29,19.42
Kanpur,2026-03-01,28.0,38.64,11.36,0.27,0.73,1.0,20.0
Kanpur,2026-03-02,30.21,36.42,12.82,0.2,1.12,2.03,17.19
Kanpur,2026-03-03,26.63,38.59,14.02,0.11,0.98,1.09,18.59
Kanpur,2026-03-04,29.57,34.88,12.98,0.11,0.79,0.56,21.11
Kanpur,2026-03-05,26.59,34.23,13.75,0.36,1.17,0.45,23.45
Kanpur,2026-03-06,27.64,34.42,13.64,0.09,0.65,1.76,21.8
Kanpur,2026-03-07,30.46,33.97,14.81,0.08,1.26,1.42,17.99
Kanpur,2026-03-08,24.57,34.35,14.42,0.09,0.57,1.23,24.76
Kanpur,2026-03-09,26.48,41.34,14.36,0.1,0.2,1.02,16.5
Kanpur,2026-03-10,32.38,34.53,14.4,0.2,0.72,0.41,17.36
Kanpur,2026-03-11,28.12,40.06,12.46,,0.62,1.24,17.51
Kanpur,2026-03-12,26.51,36.44,16.29,0.1,0.6,0.89,19.17
Kanpur,2026-03-13,28.48,36.67,15.15,0.2,0.61,1.01,17.88
Kanpur,2026-03-14,30.06,35.48,15.53,,0.55,1.01,17.37
Kanpur,2026-03-15,26.06,40.19,13.94,0.48,0.38,1.15,17.79
Kanpur,2026-03-16,29.69,34.95,14.59,0.3,0.71,1.42,18.34
Kanpur,2026-03-17,29.26,41.04,13.42,0.26,0.09,0.78,15.15
Kanpur,2026-03-18,32.62,36.1,12.31,0.21,0.51,0.92,17.33
Kanpur,2026-03-19,30.1,37.09,13.79,0.09,0.65,0.65,17.61
Kanpur,2026-03-20,31.41,39.29,13.1,,0.73,1.01,14.47
Kanpur,2026-03-21,34.75,35.26,12.86,0.09,0.94,0.68,15.42
Kanpur,2026-03-22,31.03,38.95,11.43,,0.58,1.08,16.93
Kanpur,2026-03-23,32.15,33.88,16.3,,0.82,0.82,16.03
Kanpur,2026-03-24,33.8,38.14,11.02,0.09,0.66,1.32,14.97
Kanpur,2026-03-25,35.06,29.7,17.11,,0.66,0.85,16.64
Kanpur,2026-03-26,33.49,33.69,14.04,0.19,0.68,1.16,16.75
Kanpur,2026-03-27,32.55,34.51,13.39,,0.49,0.98,18.08
Kanpur,2026-03-28,33.3,33.21,14.68,,0.56,0.75,17.5
Kanpur,2026-03-29,31.22,37.26,11.99,,0.59,2.38,16.55
Kanpur,2026-03-30,31.59,31.9,15.38,0.31,0.72,2.56,17.54
Kanpur,2026-03-31,31.37,33.82,17.21,0.2,0.79,0.98,15.63
Kanpur,2026-04-01,33.44,33.89,15.16,,1.11,0.89,15.5
Kanpur,2026-04-02,32.06,36.59,14.42,,0.81,1.21,14.92
Kanpur,2026-04-03,30.75,33.69,16.31,0.29,0.59,1.28,17.09
Kanpur,2026-04-04,31.28,33.6,16.09,,0.61,0.91,17.51
Kanpur,2026-04-05,31.09,37.31,13.35,0.2,0.71,1.43,15.9
Kanpur,2026-04-06,35.65,37.53,11.59,,0.66,1.77,12.8
Kanpur,2026-04-07,31.75,37.41,14.05,,1.01,1.42,14.36
Kanpur,2026-04-08,29.86,37.67,14.15,,0.94,1.04,16.34
Kanpur,2026-04-09,33.52,34.4,16.15,,0.55,1.22,14.16
Kanpur,2026-04-10,31.13,35.86,13.67,,0.84,1.37,17.14
Kanpur,2026-04-11,34.6,35.59,11.57,,0.9,1.2,16.15
Kanpur,2026-04-12,33.83,34.33,14.58,,1.49,0.79,14.98
Kanpur,2026-04-13,31.91,36.49,13.66,,0.41,1.12,16.41
Kanpur,2026-04-14,33.64,35.91,13.64,,0.55,0.73,15.55
Kanpur,2026-04-15,32.79,33.95,13.86,0.12,0.81,0.81,17.67
Kanpur,2026-04-16,29.3,37.46,13.08,0.1,1.08,0.79,18.19
Kanpur,2026-04-17,30.94,32.5,14.54,0.21,0.42,0.93,20.46
Kanpur,2026-04-18,30.58,33.37,15.5,0.21,0.93,2.17,17.25
Kanpur,2026-04-19,28.88,35.8,15.25,0.28,0.57,2.18,17.05
Kanpur,2026-04-20,29.04,35.85,14.57,0.11,1.06,1.7,17.66
Kanpur,2026-04-21,30.22,33.77,13.79,0.2,1.32,1.83,18.86
Kanpur,2026-04-22,27.79,38.4,12.3,,0.56,2.72,18.22
Kanpur,2026-04-23,32.62,33.55,14.35,0.09,1.12,1.03,17.24
Kanpur,2026-04-24,31.9,31.99,14.07,,0.45,1.97,19.62
Kanpur,2026-04-25,29.62,38.22,13.2,,0.49,1.27,17.2
Kanpur,2026-04-26,31.46,35.49,14.55,,1.13,1.03,16.34
Kanpur,2026-04-27,30.95,35.94,15.15,0.09,0.94,1.32,15.62
Kanpur,2026-04-28,28.87,34.68,14.98,0.1,0.79,1.08,19.51
Kanpur,2026-04-29,29.29,33.58,14.46,,0.75,1.4,20.52
Kanpur,2026-04-30,28.65,37.99,15.3,0.09,0.53,1.16,16.28
Kanpur,2026-05-01,28.2,33.88,18.92,0.17,0.69,0.86,17.28
Kanpur,2026-05-02,28.67,34.25,17.6,0.17,1.12,1.89,16.31
Kanpur,2026-05-03,29.57,32.63,15.97,0.17,1.19,0.34,20.14
Kanpur,2026-05-04,29.81,35.45,16.52,,1.21,1.11,15.91
Kanpur,2026-05-05,31.44,32.67,14.87,0.19,0.76,0.95,19.13
Kanpur,2026-05-06,30.69,35.61,13.94,0.1,0.7,1.3,17.65
Kanpur,2026-05-07,30.63,35.33,17.8,0.28,0.74,1.01,14.21
Kanpur,2026-05-08,28.27,35.51,16.17,,0.53,0.8,18.73
Kanpur,2026-05-09,29.27,35.28,15.77,0.24,0.65,1.06,17.72
Kanpur,2026-05-10,31.22,35.74,14.0,,0.78,0.87,17.39
Kanpur,2026-05-11,26.09,32.19,20.35,0.09,1.3,0.56,19.43
Kanpur,2026-05-12,32.17,34.14,14.61,0.27,0.81,0.9,17.11
Kanpur,2026-05-13,31.19,33.24,17.93,,1.31,1.21,15.13
Kanpur,2026-05-14,31.74,33.75,15.39,,0.48,1.34,17.3
Kanpur,2026-05-15,34.54,34.26,14.02,0.19,0.74,0.84,15.41
Kanpur,2026-05-16,29.48,34.54,14.5,,0.67,0.95,19.85
Kanpur,2026-05-17,29.89,34.28,16.36,0.09,0.64,1.65,17.09
Kanpur,2026-05-18,28.71,38.15,14.65,0.2,0.59,0.98,16.72
Kanpur,2026-05-19,27.59,36.89,15.07,,0.98,1.27,18.2
Kanpur,2026-05-20,26.41,37.31,14.39,0.1,0.51,1.44,19.84
Kanpur,2026-05-21,30.98,33.7,14.13,,0.82,1.45,18.93
Kanpur,2026-05-22,31.03,38.52,14.81,,0.92,1.16,13.56
Kanpur,2026-05-23,33.42,35.83,13.72,0.08,1.33,0.42,15.21
Kanpur,2026-05-24,27.54,38.04,14.89,0.17,0.6,0.95,17.81
Kanpur,2026-05-25,27.45,34.97,17.48,0.42,1.44,1.77,16.47
Kanpur,2026-05-26,29.92,35.97,17.33,,0.65,0.47,15.66
Kanpur,2026-05-27,28.09,38.2,13.01,0.09,1.03,0.84,18.73
Kanpur,2026-05-28,32.43,37.52,12.63,0.19,0.75,0.75,15.71
Kanpur,2026-05-29,32.6,35.6,15.16,,1.25,1.25,14.14
Kanpur,2026-05-30,26.69,35.61,19.78,0.16,0.78,0.54,16.45
Kanpur,2026-05-31,31.01,34.5,14.22,0.09,0.6,0.85,18.74
Kanpur,2026-06-01,29.26,35.63,17.3,0.09,0.86,1.03,15.83
Kanpur,2026-06-02,29.85,34.5,16.09,0.09,0.45,0.71,18.32
Kanpur,2026-06-03,27.88,38.94,16.17,,0.93,1.12,14.96
Kanpur,2026-06-04,30.64,35.18,15.36,0.25,0.66,0.91,17.01
Kanpur,2026-06-05,29.9,37.1,13.58,0.09,1.19,1.0,17.14
Kanpur,2026-06-06,32.3,32.59,15.67,,1.35,1.45,16.63
Kanpur,2026-06-07,27.41,33.47,17.69,,0.91,1.33,19.19
Kanpur,2026-06-08,30.71,35.49,15.95,0.1,1.0,0.8,15.95
Kanpur,2026-06-09,31.33,33.12,15.26,,0.54,1.53,18.22
Kanpur,2026-06-10,30.43,33.15,16.44,0.09,0.54,0.45,18.89
Kanpur,2026-06-11,30.32,33.86,13.74,,0.69,0.69,20.71
Kanpur,2026-06-12,32.02,33.43,15.87,0.09,0.38,0.94,17.28
Kanpur,2026-06-13,28.73,31.65,16.02,0.16,0.63,1.34,21.47
Kanpur,2026-06-14,29.12,32.95,18.61,0.18,0.53,1.25,17.36
Kanpur,2026-06-15,30.31,34.99,15.77,,1.43,0.86,16.63
Kanpur,2026-06-16,31.74,34.03,15.4,,0.62,1.25,16.96
Kanpur,2026-06-17,28.87,33.65,16.49,0.19,1.22,1.03,18.56
Kanpur,2026-06-18,27.97,34.04,18.23,,0.87,1.25,17.65
Kanpur,2026-06-19,31.33,34.57,15.24,,0.38,0.86,17.62
Kanpur,2026-06-20,31.68,35.61,12.8,0.09,1.03,0.65,18.13
Kanpur,2026-06-21,28.11,35.36,14.05,,0.82,1.18,20.49
Kanpur,2026-06-22,30.73,36.68,14.11,,0.46,0.46,17.55
Kanpur,2026-06-23,30.5,35.56,11.85,,0.29,1.63,20.17
Kanpur,2026-06-24,34.57,34.21,11.55,,0.54,0.9,18.23
Kanpur,2026-06-25,29.48,31.99,16.25,,1.01,1.59,19.68
Kanpur,2026-06-26,29.51,36.82,13.01,0.26,0.85,1.28,18.28
Kanpur,2026-06-27,30.18,34.36,14.41,0.17,0.34,0.77,19.78
Kanpur,2026-06-28,28.85,32.49,15.73,,0.71,0.87,21.34
Kanpur,2026-06-29,27.43,34.04,17.72,,0.71,1.06,19.05
Kanpur,2026-06-30,30.7,33.01,17.19,,0.8,0.56,17.75
Kanpur,2026-07-01,31.38,33.8,16.16,,1.39,0.84,16.43
Kanpur,2026-07-02,28.87,34.23,14.39,0.09,1.01,1.2,20.2
Kanpur,2026-07-03,29.62,34.15,15.19,0.09,0.47,0.75,19.72
Kanpur,2026-07-04,30.87,31.75,16.89,,2.04,1.17,17.28
Kanpur,2026-07-05,30.84,34.66,14.87,,1.1,0.93,17.59
Kanpur,2026-07-06,29.24,32.29,17.08,,0.98,1.57,18.84
Kanpur,2026-07-07,27.19,35.94,18.23,,0.62,0.62,17.4
Kanpur,2026-07-08,29.36,36.71,14.86,,0.81,1.61,16.65
Kanpur,2026-07-09,30.52,40.58,10.88,0.16,0.32,1.22,16.31
Kanpur,2026-07-10,33.11,35.39,12.5,0.17,0.76,1.01,17.06
Kanpur,2026-07-11,29.38,37.6,11.26,,0.51,0.85,20.41
Kanpur,2026-07-12,30.13,37.34,14.25,0.09,0.69,0.86,16.65
Kanpur,2026-07-13,29.23,35.96,14.78,0.25,0.25,0.25,19.29
Kanpur,2026-07-14,26.74,36.59,14.35,0.19,0.56,0.75,20.83
Kanpur,2026-07-15,28.06,33.3,15.24,0.1,0.68,0.87,21.75
Kanpur,2026-07-16,32.26,31.46,14.13,0.2,0.5,1.2,20.24
Kanpur,2026-07-17,32.82,33.11,15.17,,0.67,0.1,18.13
Kanpur,2026-07-18,29.44,35.82,15.51,,0.2,0.88,18.16
Kanpur,2026-07-19,32.16,33.83,13.48,0.09,1.15,0.97,18.33
Kanpur,2026-07-20,28.82,36.16,13.53,0.09,0.35,0.88,20.16
Kanpur,2026-07-21,27.82,38.19,15.09,,0.41,1.13,17.35
Kanpur,2026-07-22,28.5,32.44,15.58,,1.28,1.6,20.6
Kanpur,2026-07-23,31.49,34.31,13.99,,0.58,0.78,18.85
Kanpur,2026-07-24,34.91,37.42,11.66,0.07,0.81,0.37,14.76
Kanpur,2026-07-25,30.87,38.59,10.85,,0.88,0.64,18.17
Kanpur,2026-07-26,32.41,37.15,13.01,,0.87,1.03,15.54
Kanpur,2026-07-27,35.23,36.36,10.8,0.08,0.57,0.73,16.23
Kanpur,2026-07-28,34.27,36.05,12.38,,0.51,1.53,15.27
Kanpur,2026-07-29,34.23,34.61,14.34,0.1,0.48,1.15,15.11
Kanpur,2026-07-30,35.15,34.23,12.36,0.09,0.74,0.37,17.07
Kanpur,2026-07-31,33.79,34.79,12.81,,0.54,0.64,17.44
Kanpur,2026-08-01,29.37,33.71,16.33,,0.7,1.04,18.85
Kanpur,2026-08-02,30.59,34.98,12.51,,0.73,0.91,20.27
Kanpur,2026-08-03,31.43,32.63,14.93,0.28,1.01,0.92,18.8
Kanpur,2026-08-04,35.66,30.47,16.0,0.09,0.85,1.62,15.32
Kanpur,2026-08-05,34.01,33.22,13.92,,0.62,1.5,16.74
Kanpur,2026-08-06,33.11,34.68,12.52,,0.58,1.32,17.79
Kanpur,2026-08-07,27.7,33.7,15.03,0.17,1.01,1.1,21.28
Kanpur,2026-08-08,31.48,35.06,14.47,,0.94,0.85,17.2
Kanpur,2026-08-09,30.57,32.7,15.49,0.08,0.66,1.31,19.18
Kanpur,2026-08-10,30.62,30.1,14.57,0.09,0.52,1.21,22.9
Kanpur,2026-08-11,29.99,35.23,15.27,0.18,0.45,1.08,17.8
Kanpur,2026-08-12,27.36,33.78,16.67,,0.89,1.16,20.14
Kanpur,2026-08-13,33.02,32.83,12.82,,0.65,2.25,18.43
Kanpur,2026-08-14,34.22,33.53,13.25,0.1,1.09,0.79,17.01
Kanpur,2026-08-15,34.02,35.9,13.36,,0.66,0.98,15.08
Kanpur,2026-08-16,30.52,34.12,13.46,0.26,0.79,0.62,20.23
Kanpur,2026-08-17,29.11,35.57,16.28,0.17,0.69,1.03,17.14
Kanpur,2026-08-18,34.72,34.07,13.15,0.46,0.65,0.28,16.67
Kanpur,2026-08-19,28.51,35.84,13.93,0.37,0.28,1.39,19.68
Kanpur,2026-08-20,27.93,35.22,15.64,0.19,0.77,0.58,19.67
Kanpur,2026-08-21,30.29,33.05,13.51,0.08,0.76,0.59,21.73
Kanpur,2026-08-22,28.26,33.07,14.0,0.09,0.79,1.14,22.66
Kanpur,2026-08-23,29.26,34.25,13.08,0.17,1.64,0.86,20.74
Kanpur,2026-08-24,32.6,32.14,13.59,,1.01,1.01,19.65
Kanpur,2026-08-25,30.54,34.82,15.58,0.09,0.71,0.36,17.9
Kanpur,2026-08-26,32.01,34.97,14.69,0.31,0.85,1.17,16.01
Kanpur,2026-08-27,31.07,34.6,14.09,0.09,0.54,1.08,18.52
Kanpur,2026-08-28,32.21,30.04,14.79,0.27,1.18,0.73,20.78
Kanpur,2026-08-29,27.34,35.91,15.91,,0.85,0.85,19.15
Kanpur,2026-08-30,27.74,29.68,17.87,0.31,0.93,1.24,22.22
Kanpur,2026-08-31,26.72,31.68,16.72,0.16,0.4,0.88,23.44
Karnal,2025-01-01,41.38,38.62,6.9,0.69,4.83,4.14,3.45
Karnal,2025-01-02,38.41,34.44,9.93,,1.99,7.95,7.28
Karnal,2025-01-03,29.17,47.92,13.89,1.39,0.69,1.39,5.56
Karnal,2025-01-04,37.12,31.82,12.12,0.76,3.79,7.58,6.82
Karnal,2025-01-05,23.91,43.48,11.59,,2.17,7.25,11.59
Karnal,2025-01-06,26.09,58.7,9.42,,0.72,2.17,2.9
Karnal,2025-01-07,39.86,36.96,15.22,1.45,1.45,2.17,2.9
Karnal,2025-01-08,25.33,48.0,11.33,,0.67,4.0,10.67
Karnal,2025-01-09,35.62,39.73,11.64,0.68,2.05,3.42,6.85
Karnal,2025-01-10,29.45,52.74,8.22,0.68,2.05,3.42,3.42
Karnal,2025-01-11,32.04,42.54,9.39,0.55,3.87,,11.6
Karnal,2025-01-12,34.55,47.27,6.67,,2.42,3.03,6.06
Karnal,2025-01-13,26.71,48.45,5.59,1.24,3.11,2.48,12.42
Karnal,2025-01-14,28.85,38.46,15.38,,1.28,5.13,10.9
Karnal,2025-01-15,34.57,38.27,16.05,,1.85,1.23,8.02
Karnal,2025-01-16,35.71,38.57,12.86,0.71,0.71,2.86,8.57
Karnal,2025-01-17,25.6,44.05,10.71,1.19,2.38,4.17,11.9
Karnal,2025-01-18,30.67,46.63,12.88,,,4.91,4.91
Karnal,2025-01-19,30.56,40.56,16.67,0.56,0.56,4.44,6.67
Karnal,2025-01-20,28.69,39.34,15.57,0.82,1.64,5.74,8.2
Karnal,2025-01-21,25.16,45.81,14.84,,1.29,5.81,7.1
Karnal,2025-01-22,32.9,50.32,9.03,,1.29,1.94,4.52
Karnal,2025-01-23,30.94,42.45,15.11,,2.16,1.44,7.91
Karnal,2025-01-24,26.17,46.98,12.75,,2.68,2.68,8.72
Karnal,2025-01-25,25.48,52.23,9.55,,1.27,5.1,6.37
Karnal,2025-01-26,22.54,47.89,14.79,,0.7,6.34,7.75
Karnal,2025-01-27,26.06,57.58,6.06,,1.21,1.82,7.27
Karnal,2025-01-28,30.43,45.11,6.52,0.54,0.54,3.26,13.59
Karnal,2025-01-29,31.58,46.05,9.21,,1.97,3.29,7.89
Karnal,2025-01-30,34.66,49.43,4.55,,1.14,2.27,7.95
Karnal,2025-01-31,30.49,44.51,10.98,,4.88,4.27,4.88
Karnal,2025-02-01,31.1,40.85,14.02,,1.22,3.05,9.76
Karnal,2025-02-02,43.62,37.58,9.4,,,4.03,5.37
Karnal,2025-02-03,37.41,46.26,8.16,,2.72,2.72,2.72
Karnal,2025-02-04,31.43,45.71,9.29,,0.71,3.57,9.29
Karnal,2025-02-05,45.31,36.72,9.38,,0.78,1.56,6.25
Karnal,2025-02-06,34.62,40.0,13.08,,1.54,3.08,7.69
Karnal,2025-02-07,29.3,37.58,14.01,0.64,3.18,4.46,10.83
Karnal,2025-02-08,41.61,39.42,7.3,,1.46,2.19,8.03
Karnal,2025-02-09,35.54,35.54,14.05,,,4.13,10.74
Karnal,2025-02-10,29.46,40.31,14.73,,0.78,3.1,11.63
Karnal,2025-02-11,23.18,48.34,16.56,,0.66,3.97,7.28
Karnal,2025-02-12,28.8,51.2,8.8,,3.2,2.4,5.6
Karnal,2025-02-13,28.1,49.67,12.42,0.65,1.31,1.31,6.54
Karnal,2025-02-14,33.33,43.24,10.81,,1.8,1.8,9.01
Karnal,2025-02-15,29.81,44.1,13.66,,1.86,1.86,8.7
Karnal,2025-02-16,22.84,50.0,10.49,,1.85,5.56,9.26
Karnal,2025-02-17,29.51,45.08,13.11,,1.64,5.74,4.92
Karnal,2025-02-18,33.06,33.87,16.94,1.61,1.61,6.45,6.45
Karnal,2025-02-19,32.86,44.29,10.0,0.71,,2.14,10.0
Karnal,2025-02-20,39.67,36.36,12.4,,0.83,4.13,6.61
Karnal,2025-02-21,27.88,45.45,10.3,,1.82,3.03,11.52
Karnal,2025-02-22,30.0,50.0,9.23,,2.31,1.54,6.92
Karnal,2025-02-23,30.22,43.17,16.55,,2.16,2.16,5.76
Karnal,2025-02-24,26.71,47.83,13.04,,,3.73,8.7
Karnal,2025-02-25,34.97,39.16,11.89,,1.4,2.8,9.79
Karnal,2025-02-26,37.04,40.0,10.37,,1.48,3.7,7.41
Karnal,2025-02-27,27.45,41.18,11.11,0.65,6.54,3.27,9.8
Karnal,2025-02-28,31.79,45.7,13.25,,,1.99,7.28
Karnal,2025-03-01,21.43,50.0,11.9,,5.56,2.38,8.73
Karnal,2025-03-02,40.15,31.06,9.09,,1.52,7.58,10.61
Karnal,2025-03-03,26.14,42.48,11.76,,2.61,1.96,15.03
Karnal,2025-03-04,30.25,44.54,15.13,0.84,1.68,0.84,6.72
Karnal,2025-03-05,38.24,35.29,16.18,,2.21,,8.09
Karnal,2025-03-06,34.73,40.12,13.17,,,8.38,3.59
Karnal,2025-03-07,33.33,40.82,10.88,1.36,0.68,6.12,6.8
Karnal,2025-03-08,49.67,32.45,7.28,0.66,2.65,1.32,5.96
Karnal,2025-03-09,38.51,27.7,13.51,0.68,5.41,1.35,12.84
Karnal,2025-03-10,39.46,38.78,8.16,,,3.4,10.2
Karnal,2025-03-11,25.88,48.24,10.0,,1.76,5.88,8.24
Karnal,2025-03-12,29.94,45.86,12.1,,1.27,5.73,5.1
Karnal,2025-03-13,22.64,50.94,10.69,,0.63,4.4,10.69
Karnal,2025-03-14,26.17,46.98,10.07,,2.01,3.36,11.41
Karnal,2025-03-15,29.78,38.76,14.04,,2.81,6.74,7.87
Karnal,2025-03-16,34.36,37.95,11.28,1.03,1.03,4.1,10.26
Karnal,2025-03-17,27.81,48.34,13.25,,0.66,4.64,5.3
Karnal,2025-03-18,26.4,48.0,12.0,,0.8,3.2,9.6
Karnal,2025-03-19,33.55,32.26,19.35,,,3.23,11.61
Karnal,2025-03-20,40.16,35.25,10.66,,0.82,2.46,10.66
Karnal,2025-03-21,25.45,47.27,14.55,1.82,2.73,,8.18
Karnal,2025-03-22,37.39,33.91,15.65,0.87,2.61,1.74,7.83
Karnal,2025-03-23,29.55,40.15,11.36,,,4.55,14.39
Karnal,2025-03-24,31.5,45.67,11.02,,,1.57,10.24
Karnal,2025-03-25,29.59,48.98,13.27,,1.02,2.04,5.1
Karnal,2025-03-26,31.39,42.34,15.33,,1.46,2.19,7.3
Karnal,2025-03-27,34.67,42.67,6.0,,2.0,4.67,10.0
Karnal,2025-03-28,38.21,38.21,7.32,,1.63,,14.63
Karnal,2025-03-29,29.63,43.7,11.85,,1.48,2.96,10.37
Karnal,2025-03-30,23.68,51.97,12.5,,1.97,1.32,8.55
Karnal,2025-03-31,26.35,49.32,12.16,,1.35,2.7,8.11
Karnal,2025-04-01,31.16,42.03,15.22,,2.9,2.9,5.8
Karnal,2025-04-02,26.61,43.55,13.71,,0.81,3.23,12.1
Karnal,2025-04-03,26.98,46.83,12.7,,1.59,1.59,10.32
Karnal,2025-04-04,24.14,44.83,17.24,0.69,0.69,4.83,7.59
Karnal,2025-04-05,26.28,40.15,16.79,,,2.92,13.87
Karnal,2025-04-06,23.73,39.83,20.34,,0.85,5.08,10.17
Karnal,2025-04-07,16.98,39.62,29.25,,,5.66,8.49
Karnal,2025-04-08,32.43,37.84,16.22,,,5.41,8.11
Karnal,2025-04-09,24.34,51.32,13.16,,1.32,1.32,8.55
Karnal,2025-04-10,21.62,55.41,15.54,,,2.03,5.41
Karnal,2025-04-11,30.19,47.8,17.61,2.52,0.63,,1.26
Karnal,2025-04-12,27.08,38.89,18.06,,1.39,2.08,12.5
Karnal,2025-04-13,26.85,50.34,12.08,,0.67,2.68,7.38
Karnal,2025-04-14,32.56,37.98,16.28,,3.88,3.1,6.2
Karnal,2025-04-15,31.78,37.38,15.89,,0.93,1.87,12.15
Karnal,2025-04-16,31.68,40.59,9.9,,0.99,6.93,9.9
Karnal,2025-04-17,31.93,44.54,15.13,,0.84,5.04,2.52
Karnal,2025-04-18,34.85,33.33,18.94,,,5.3,7.58
Karnal,2025-04-19,28.32,38.05,16.81,,1.77,9.73,5.31
Karnal,2025-04-20,28.7,42.61,12.17,,5.22,3.48,7.83
Karnal,2025-04-21,26.27,41.53,14.41,,0.85,4.24,12.71
Karnal,2025-04-22,34.27,34.27,17.48,,2.8,2.1,9.09
Karnal,2025-04-23,29.91,31.62,19.66,,3.42,5.13,10.26
Karnal,2025-04-24,28.7,32.17,17.39,0.87,,2.61,18.26
Karnal,2025-04-25,30.89,39.02,13.01,,,2.44,14.63
Karnal,2025-04-26,34.15,39.02,17.89,,,1.63,7.32
Karnal,2025-04-27,25.55,35.77,12.41,,0.73,3.65,21.9
Karnal,2025-04-28,30.08,32.52,20.33,,2.44,0.81,13.82
Karnal,2025-04-29,26.98,49.21,12.7,,0.79,0.79,9.52
Karnal,2025-04-30,22.0,52.67,12.67,,1.33,3.33,8.0
Karnal,2025-05-01,26.27,40.68,14.41,,0.85,3.39,14.41
Karnal,2025-05-02,33.88,33.06,16.53,0.83,,6.61,9.09
Karnal,2025-05-03,27.34,41.01,13.67,,,2.16,15.83
Karnal,2025-05-04,23.93,35.04,18.8,0.85,1.71,2.56,17.09
Karnal,2025-05-05,30.0,34.67,21.33,,1.33,2.0,10.67
Karnal,2025-05-06,24.66,43.15,15.75,,0.68,6.85,8.9
Karnal,2025-05-07,32.5,35.0,15.0,,0.83,2.5,14.17
Karnal,2025-05-08,14.05,48.76,24.79,,,1.65,10.74
Karnal,2025-05-09,22.22,48.61,9.72,,1.39,1.39,16.67
Karnal,2025-05-10,26.83,46.34,15.45,,,1.63,9.76
Karnal,2025-05-11,20.83,46.53,11.11,,2.08,1.39,18.06
Karnal,2025-05-12,32.35,43.38,12.5,0.74,,,11.03
Karnal,2025-05-13,26.72,40.52,14.66,,1.72,2.59,13.79
Karnal,2025-05-14,27.01,44.53,13.87,,,2.92,11.68
Karnal,2025-05-15,37.69,33.85,16.92,,0.77,,10.77
Karnal,2025-05-16,31.94,40.97,15.28,,0.69,2.08,9.03
Karnal,2025-05-17,24.85,42.01,11.24,,1.78,4.73,15.38
Karnal,2025-05-18,29.56,40.25,10.69,,0.63,3.77,15.09
Karnal,2025-05-19,31.11,41.48,16.3,,,1.48,9.63
Karnal,2025-05-20,29.22,42.21,16.88,,0.65,2.6,8.44
Karnal,2025-05-21,28.14,31.14,26.95,,1.2,2.4,10.18
Karnal,2025-05-22,30.82,33.96,12.58,,2.52,3.14,16.98
Karnal,2025-05-23,28.9,29.48,21.39,,2.31,1.73,16.18
Karnal,2025-05-24,26.74,35.83,17.11,,1.6,6.95,11.76
Karnal,2025-05-25,22.56,37.2,20.12,,1.22,3.66,15.24
Karnal,2025-05-26,29.94,28.03,20.38,,2.55,3.82,15.29
Karnal,2025-05-27,25.77,38.65,19.02,0.61,,3.07,12.88
Karnal,2025-05-28,31.43,32.14,20.0,,1.43,4.29,10.71
Karnal,2025-05-29,13.66,40.37,23.6,,0.62,4.35,17.39
Karnal,2025-05-30,22.73,37.01,16.23,,0.65,5.84,17.53
Karnal,2025-05-31,32.9,30.97,15.48,,1.94,2.58,16.13
Karnal,2025-06-01,32.24,28.95,21.05,,0.66,2.63,14.47
Karnal,2025-06-02,25.19,46.67,18.52,,0.74,2.22,6.67
Karnal,2025-06-03,23.71,39.69,18.04,,1.03,4.64,12.89
Karnal,2025-06-04,20.59,35.29,22.35,0.59,0.59,3.53,17.06
Karnal,2025-06-05,29.94,40.76,18.47,,1.91,1.91,7.01
Karnal,2025-06-06,25.15,41.72,14.72,,1.84,3.68,12.88
Karnal,2025-06-07,28.19,44.97,9.4,,1.34,1.34,14.77
Karnal,2025-06-08,28.0,50.67,8.0,0.67,1.33,0.67,10.67
Karnal,2025-06-09,23.21,48.81,12.5,,,4.17,11.31
Karnal,2025-06-10,23.46,46.37,17.32,0.56,0.56,3.35,8.38
Karnal,2025-06-11,27.59,44.25,17.82,,,4.6,5.75
Karnal,2025-06-12,25.48,36.94,12.74,0.64,,3.82,20.38
Karnal,2025-06-13,21.09,31.97,21.77,,2.72,3.4,19.05
Karnal,2025-06-14,26.63,44.02,11.41,,1.63,2.17,14.13
Karnal,2025-06-15,21.47,50.31,12.27,,0.61,5.52,9.82
Karnal,2025-06-16,34.68,33.53,17.34,,1.16,1.73,11.56
Karnal,2025-06-17,26.57,36.36,23.78,,0.7,4.2,8.39
Karnal,2025-06-18,29.08,41.84,12.77,,1.42,1.42,13.48
Karnal,2025-06-19,33.33,31.88,16.43,,,5.8,12.56
Karnal,2025-06-20,35.39,31.46,18.54,0.56,0.56,3.37,10.11
Karnal,2025-06-21,29.38,35.63,16.25,,1.88,6.88,10.0
Karnal,2025-06-22,27.33,41.28,16.28,0.58,1.74,2.91,9.88
Karnal,2025-06-23,21.26,36.21,20.69,,1.15,3.45,17.24
Karnal,2025-06-24,28.25,36.72,17.51,0.56,2.26,1.13,13.56
Karnal,2025-06-25,24.0,33.33,22.0,,0.67,6.0,14.0
Karnal,2025-06-26,17.68,49.72,15.47,,0.55,2.76,13.81
Karnal,2025-06-27,23.53,43.32,14.97,,0.53,2.14,15.51
Karnal,2025-06-28,24.59,39.89,13.11,,3.28,4.37,14.75
Karnal,2025-06-29,20.2,40.4,17.17,,2.02,3.54,16.67
Karnal,2025-06-30,23.93,31.9,26.38,,0.61,2.45,14.72
Karnal,2025-07-01,18.52,42.33,19.58,,2.65,2.65,14.29
Karnal,2025-07-02,21.51,29.03,23.66,,1.08,2.69,22.04
Karnal,2025-07-03,19.35,38.71,19.35,,2.15,3.76,16.67
Karnal,2025-07-04,25.0,36.22,20.92,,1.02,3.57,13.27
Karnal,2025-07-05,26.18,43.98,12.57,,1.57,1.57,14.14
Karnal,2025-07-06,26.26,44.69,13.41,0.56,1.12,1.12,12.85
Karnal,2025-07-07,27.39,38.85,15.92,,0.64,2.55,14.65
Karnal,2025-07-08,29.67,36.26,17.03,,1.1,4.4,11.54
Karnal,2025-07-09,25.44,39.05,18.93,,1.18,2.37,13.02
Karnal,2025-07-10,23.7,41.04,16.18,,3.47,0.58,15.03
Karnal,2025-07-11,33.12,33.12,13.38,0.64,1.27,3.18,15.29
Karnal,2025-07-12,26.4,36.52,14.04,,0.56,6.18,16.29
Karnal,2025-07-13,26.15,35.38,21.54,,0.51,4.62,11.79
Karnal,2025-07-14,24.18,42.48,16.34,,,2.61,14.38
Karnal,2025-07-15,26.42,48.7,11.4,,1.04,1.55,10.88
Karnal,2025-07-16,29.35,33.7,16.85,0.54,2.72,0.54,16.3
Karnal,2025-07-17,28.31,42.17,17.47,,1.2,3.01,7.83
Karnal,2025-07-18,25.29,40.23,17.82,,1.15,1.72,13.79
Karnal,2025-07-19,29.53,39.38,9.33,,2.07,3.11,16.58
Karnal,2025-07-20,25.14,43.02,12.29,1.12,1.12,3.91,13.41
Karnal,2025-07-21,33.33,35.98,14.29,1.06,0.53,4.23,10.58
Karnal,2025-07-22,25.13,42.25,20.32,0.53,0.53,1.6,9.63
Karnal,2025-07-23,26.34,37.1,13.98,1.61,2.15,3.23,15.59
Karnal,2025-07-24,36.36,34.27,14.69,,2.1,5.59,6.99
Karnal,2025-07-25,25.14,40.44,18.03,,2.19,2.73,11.48
Karnal,2025-07-26,22.93,42.68,17.2,,1.27,1.91,14.01
Karnal,2025-07-27,30.95,39.88,14.88,,1.19,,13.1
Karnal,2025-07-28,31.79,34.1,20.81,,2.31,1.16,9.83
Karnal,2025-07-29,27.11,32.53,26.51,,1.81,1.2,10.84
Karnal,2025-07-30,27.92,42.86,19.48,,0.65,0.65,8.44
Karnal,2025-07-31,25.79,38.99,22.01,,,2.52,10.69
Karnal,2025-08-01,28.48,34.55,22.42,0.61,,1.21,12.73
Karnal,2025-08-02,21.71,48.68,15.79,,0.66,2.63,10.53
Karnal,2025-08-03,27.17,39.88,16.76,,0.58,5.78,9.83
Karnal,2025-08-04,26.45,33.55,17.42,0.65,1.94,5.81,14.19
Karnal,2025-08-05,24.71,40.0,16.47,,0.59,1.18,17.06
Karnal,2025-08-06,24.86,42.37,18.08,,2.26,2.26,10.17
Karnal,2025-08-07,19.46,38.26,28.86,,1.34,3.36,8.72
Karnal,2025-08-08,36.09,39.1,13.53,,2.26,0.75,8.27
Karnal,2025-08-09,31.14,37.13,11.98,1.2,1.8,0.6,16.17
Karnal,2025-08-10,27.14,42.86,14.29,,,2.38,13.33
Karnal,2025-08-11,27.23,39.27,16.23,,0.52,5.24,11.52
Karnal,2025-08-12,26.67,41.33,20.67,0.67,1.33,2.67,6.67
Karnal,2025-08-13,31.22,33.33,21.69,,,0.53,13.23
Karnal,2025-08-14,27.15,45.7,14.57,,0.66,3.97,7.95
Karnal,2025-08-15,31.79,38.73,10.4,,1.16,4.62,13.29
Karnal,2025-08-16,35.11,41.49,9.57,0.53,1.06,2.66,9.57
Karnal,2025-08-17,27.59,43.35,14.78,,2.46,1.97,9.85
Karnal,2025-08-18,30.12,32.53,21.69,,0.6,3.01,12.05
Karnal,2025-08-19,29.82,39.77,15.2,1.75,1.17,4.09,8.19
Karnal,2025-08-20,30.52,37.01,18.83,,1.3,0.65,11.69
Karnal,2025-08-21,32.97,37.84,16.22,0.54,2.16,4.86,5.41
Karnal,2025-08-22,23.12,38.17,19.89,,2.69,1.08,15.05
Karnal,2025-08-23,29.82,39.18,11.7,,2.34,1.17,15.79
Karnal,2025-08-24,35.42,33.33,16.67,0.69,0.69,3.47,9.72
Karnal,2025-08-25,29.88,38.41,14.02,1.22,1.22,1.83,13.41
Karnal,2025-08-26,27.12,44.07,14.12,,2.26,2.82,9.6
Karnal,2025-08-27,35.8,41.48,8.52,,1.14,3.41,9.66
Karnal,2025-08-28,27.37,31.84,25.7,,0.56,1.68,12.85
Karnal,2025-08-29,32.69,37.18,18.59,,,1.28,10.26
Karnal,2025-08-30,28.07,35.67,21.05,,0.58,2.92,11.7
Karnal,2025-08-31,35.16,37.36,13.19,,,2.75,11.54
Karnal,2025-09-01,33.33,38.01,16.96,0.58,1.17,3.51,6.43
Karnal,2025-09-02,31.55,35.71,19.64,,,4.17,8.93
Karnal,2025-09-03,37.55,43.88,11.39,,0.42,0.84,5.91
Karnal,2025-09-04,32.8,43.6,14.0,,0.4,2.4,6.8
Karnal,2025-09-05,32.73,43.64,10.91,0.45,0.91,2.27,9.09
Karnal,2025-09-06,33.82,43.27,10.55,0.36,0.36,1.09,10.55
Karnal,2025-09-07,31.54,46.95,11.47,0.36,,1.43,8.24
Karnal,2025-09-08,29.38,47.87,13.74,,0.95,0.47,7.58
Karnal,2025-09-09,30.32,45.21,13.3,,,2.66,8.51
Karnal,2025-09-10,26.8,47.94,14.95,,1.03,1.03,8.25
Karnal,2025-09-11,27.32,36.6,21.13,,1.03,1.55,12.37
Karnal,2025-09-12,26.73,30.41,29.95,,,4.61,8.29
Karnal,2025-09-13,28.43,44.61,13.73,,1.47,0.49,11.27
Karnal,2025-09-14,32.02,34.48,15.27,,0.49,1.97,15.76
Karnal,2025-09-15,29.8,41.22,14.29,,1.63,1.63,11.43
Karnal,2025-09-16,29.31,46.55,10.34,,1.15,1.15,11.49
Karnal,2025-09-17,35.71,37.91,13.19,1.1,0.55,1.65,9.89
Karnal,2025-09-18,25.22,38.7,16.96,,2.61,5.65,10.87
Karnal,2025-09-19,35.18,39.2,9.55,,2.01,1.01,13.07
Karnal,2025-09-20,38.46,33.48,13.57,,0.45,4.07,9.95
Karnal,2025-09-21,36.53,43.54,7.01,,,3.69,9.23
Karnal,2025-09-22,30.34,49.31,9.31,,0.69,3.45,6.9
Karnal,2025-09-23,30.16,46.56,11.48,0.33,0.98,2.3,8.2
Karnal,2025-09-24,36.02,45.98,9.58,0.38,1.15,2.3,4.6
Karnal,2025-09-25,34.8,39.65,12.78,,2.2,2.64,7.93
Karnal,2025-09-26,29.8,43.92,10.2,,,2.35,13.73
Karnal,2025-09-27,33.82,40.2,12.25,,0.98,0.98,11.76
Karnal,2025-09-28,28.16,38.37,11.02,,2.04,2.45,17.96
Karnal,2025-09-29,34.04,39.89,12.23,,0.53,1.6,11.7
Karnal,2025-09-30,28.57,43.84,11.82,,0.99,1.48,13.3
Karnal,2025-10-01,29.17,47.4,10.94,,0.52,5.73,6.25
Karnal,2025-10-02,30.73,44.88,11.71,0.49,0.98,3.41,7.8
Karnal,2025-10-03,26.13,52.7,10.81,,1.35,1.35,7.66
Karnal,2025-10-04,32.26,50.69,6.91,,0.46,0.46,9.22
Karnal,2025-10-05,26.96,50.0,10.78,,1.47,0.49,10.29
Karnal,2025-10-06,32.47,38.96,12.12,,1.73,0.43,14.29
Karnal,2025-10-07,29.19,45.45,11.0,,3.35,0.96,10.05
Karnal,2025-10-08,28.92,47.55,11.27,,,3.43,8.82
Karnal,2025-10-09,27.98,45.24,14.88,,0.6,1.79,9.52
Karnal,2025-10-10,28.8,47.83,10.87,,1.09,5.43,5.98
Karnal,2025-10-11,41.85,31.52,13.04,,1.09,4.89,7.61
Karnal,2025-10-12,38.1,39.15,8.47,,1.06,3.17,10.05
Karnal,2025-10-13,33.53,42.94,11.18,,1.18,0.59,10.59
Karnal,2025-10-14,29.56,47.8,9.43,,4.4,,8.81
Karnal,2025-10-15,32.18,37.93,14.94,,2.87,2.3,9.77
Karnal,2025-10-16,28.05,37.2,21.34,,1.83,0.61,10.98
Karnal,2025-10-17,34.46,38.42,13.56,,2.26,1.13,10.17
Karnal,2025-10-18,25.32,51.27,8.23,0.63,1.27,1.9,11.39
Karnal,2025-10-19,26.83,52.44,10.98,,0.61,1.83,7.32
Karnal,2025-10-20,32.06,41.22,11.45,,,0.76,14.5
Karnal,2025-10-21,28.26,48.91,10.87,0.54,0.54,1.63,9.24
Karnal,2025-10-22,31.28,43.13,9.48,,,3.79,12.32
Karnal,2025-10-23,25.76,44.44,14.14,1.01,1.01,3.54,10.1
Karnal,2025-10-24,40.27,34.84,11.31,,0.9,2.71,9.95
Karnal,2025-10-25,31.0,42.36,17.9,0.44,0.44,0.87,6.99
Karnal,2025-10-26,27.43,48.57,10.29,,,1.71,12.0
Karnal,2025-10-27,31.61,47.1,12.26,,0.65,1.29,7.1
Karnal,2025-10-28,26.28,44.53,18.98,,,1.46,8.76
Karnal,2025-10-29,19.88,44.58,14.46,,5.42,1.2,14.46
Karnal,2025-10-30,22.16,43.18,13.64,0.57,1.7,1.14,17.61
Karnal,2025-10-31,24.62,50.77,11.28,,2.05,1.03,10.26
Karnal,2025-11-01,30.99,37.43,16.96,,0.58,2.34,11.7
Karnal,2025-11-02,24.84,49.69,14.29,,,3.73,7.45
Karnal,2025-11-03,32.76,42.53,12.07,,2.3,0.57,9.77
Karnal,2025-11-04,26.72,54.25,7.69,,0.4,0.81,10.12
Karnal,2025-11-05,30.6,48.28,11.21,,,0.43,9.48
Karnal,2025-11-06,30.32,44.34,17.65,,,0.9,6.79
Karnal,2025-11-07,30.81,49.19,14.59,,0.54,,4.86
Karnal,2025-11-08,34.36,38.46,13.85,,0.51,4.1,8.72
Karnal,2025-11-09,31.44,35.05,20.62,0.52,0.52,2.58,9.28
Karnal,2025-11-10,20.77,44.93,22.71,,0.48,0.48,10.63
Karnal,2025-11-11,26.23,33.33,24.04,,1.09,1.64,13.66
Karnal,2025-11-12,30.65,40.86,17.74,,,1.61,9.14
Karnal,2025-11-13,29.59,38.46,16.57,,1.18,1.18,13.02
Karnal,2025-11-14,37.95,36.75,12.65,,0.6,3.61,8.43
Karnal,2025-11-15,32.53,36.14,16.87,,0.6,1.81,12.05
Karnal,2025-11-16,32.2,46.89,13.56,,,,7.34
Karnal,2025-11-17,34.2,36.27,17.1,0.52,,1.04,10.88
Karnal,2025-11-18,28.19,42.02,20.74,,,2.66,6.38
Karnal,2025-11-19,31.46,38.5,19.25,,0.94,3.76,6.1
Karnal,2025-11-20,30.0,37.06,20.0,,1.18,5.88,5.88
Karnal,2025-11-21,25.16,43.23,10.97,1.29,3.87,1.94,13.55
Karnal,2025-11-22,19.33,50.67,13.33,1.33,2.0,4.0,9.33
Karnal,2025-11-23,27.91,47.67,8.72,,,4.07,11.63
Karnal,2025-11-24,28.51,34.65,20.18,,0.88,5.7,10.09
Karnal,2025-11-25,34.98,43.96,11.46,,0.31,2.17,7.12
Karnal,2025-11-26,25.71,48.57,17.55,0.41,,2.04,5.71
Karnal,2025-11-27,38.6,37.28,16.23,,0.44,1.75,5.7
Karnal,2025-11-28,25.0,48.47,16.33,0.51,1.02,1.53,7.14
Karnal,2025-11-29,25.11,44.39,14.8,,3.14,1.79,10.76
Karnal,2025-11-30,22.67,44.89,14.67,,0.89,9.33,7.56
Karnal,2025-12-01,35.12,32.68,19.02,,1.46,2.93,8.78
Karnal,2025-12-02,33.18,35.98,19.63,0.47,,2.8,7.94
Karnal,2025-12-03,36.79,35.38,16.04,,0.47,2.36,8.96
Karnal,2025-12-04,42.27,32.73,10.91,,,5.0,9.09
Karnal,2025-12-05,28.51,37.87,16.6,0.43,0.85,3.4,12.34
Karnal,2025-12-06,32.75,45.85,9.61,,1.75,1.75,8.3
Karnal,2025-12-07,33.61,41.18,15.97,,,0.84,8.4
Karnal,2025-12-08,32.57,38.07,13.3,,0.46,4.13,11.47
Karnal,2025-12-09,36.19,36.67,14.29,,0.95,2.38,9.52
Karnal,2025-12-10,27.66,31.49,24.26,0.85,1.28,0.85,13.62
Karnal,2025-12-11,28.7,39.57,14.35,,0.43,4.78,12.17
Karnal,2025-12-12,25.68,38.25,19.13,,1.64,2.19,13.11
Karnal,2025-12-13,25.11,39.65,18.06,,0.44,3.52,13.22
Karnal,2025-12-14,28.4,41.56,13.58,,0.41,3.7,12.35
Karnal,2025-12-15,23.71,44.4,15.52,0.43,0.43,3.02,12.5
Karnal,2025-12-16,29.41,47.51,11.31,,0.9,2.71,8.14
Karnal,2025-12-17,24.81,43.41,19.77,,0.39,4.65,6.98
Karnal,2025-12-18,25.22,43.36,16.81,,,0.88,13.72
Karnal,2025-12-19,26.78,40.59,17.57,,0.84,4.6,9.62
Karnal,2025-12-20,33.72,35.66,17.05,,0.39,5.04,8.14
Karnal,2025-12-21,28.16,38.78,18.78,,,3.27,11.02
Karnal,2025-12-22,25.23,42.52,20.56,,0.93,2.34,8.41
Karnal,2025-12-23,31.0,37.12,17.47,,1.31,3.93,9.17
Karnal,2025-12-24,27.52,34.86,21.1,,0.92,2.29,13.3
Karnal,2025-12-25,30.88,41.47,12.9,,1.38,1.38,11.98
Karnal,2025-12-26,25.78,44.53,17.58,,0.78,2.34,8.98
Karnal,2025-12-27,21.79,44.02,16.24,,,3.85,14.1
Karnal,2025-12-28,30.67,42.86,12.61,0.42,0.84,3.36,9.24
Karnal,2025-12-29,27.0,40.93,20.68,,0.84,1.27,9.28
Karnal,2025-12-30,22.17,37.44,21.18,,0.49,2.96,15.76
Karnal,2025-12-31,22.46,37.43,17.11,,2.67,3.21,17.11
Karnal,2026-01-01,36.41,41.75,7.77,,2.43,3.4,8.25
Karnal,2026-01-02,36.6,35.74,12.77,,2.55,2.55,9.79
Karnal,2026-01-03,31.36,37.29,14.41,0.42,1.69,4.66,10.17
Karnal,2026-01-04,28.14,41.06,13.31,,1.52,2.28,13.69
Karnal,2026-01-05,28.4,43.21,14.81,,0.82,3.7,9.05
Karnal,2026-01-06,28.89,48.89,14.67,0.89,,1.33,5.33
Karnal,2026-01-07,30.38,43.04,9.28,,0.42,7.59,9.28
Karnal,2026-01-08,24.41,42.72,26.76,,0.47,0.94,4.69
Karnal,2026-01-09,29.88,41.49,17.43,,0.83,3.73,6.64
Karnal,2026-01-10,25.0,43.18,14.55,,0.91,2.27,14.09
Karnal,2026-01-11,22.28,44.06,14.36,,1.98,4.95,12.38
Karnal,2026-01-12,27.86,41.07,16.79,,0.71,3.57,10.0
Karnal,2026-01-13,26.71,44.4,14.8,,0.36,4.69,9.03
Karnal,2026-01-14,30.16,42.86,13.1,0.4,,3.17,10.32
Karnal,2026-01-15,35.59,42.37,11.44,,0.42,2.97,7.2
Karnal,2026-01-16,30.29,37.34,16.18,,0.83,6.22,9.13
Karnal,2026-01-17,27.27,44.59,12.99,,,4.33,10.82
Karnal,2026-01-18,23.42,32.43,15.77,,0.45,4.5,23.42
Karnal,2026-01-19,27.65,35.48,21.2,,,1.84,13.82
Karnal,2026-01-20,29.23,44.62,15.9,,0.51,2.56,7.18
Karnal,2026-01-21,32.39,38.07,15.91,0.57,2.84,2.84,7.39
Karnal,2026-01-22,30.41,35.94,19.35,,1.38,6.91,5.99
Karnal,2026-01-23,32.3,43.36,7.96,,0.88,4.87,10.62
Karnal,2026-01-24,28.0,39.5,12.0,,1.0,5.5,14.0
Karnal,2026-01-25,28.51,39.37,14.48,,0.9,5.88,10.86
Karnal,2026-01-26,20.18,48.62,16.06,,2.29,3.21,9.63
Karnal,2026-01-27,30.2,40.82,15.1,,,3.27,10.61
Karnal,2026-01-28,30.41,37.79,21.2,,0.92,4.15,5.53
Karnal,2026-01-29,33.53,40.46,14.45,,,4.05,7.51
Karnal,2026-01-30,26.7,41.88,15.71,,,3.66,12.04
Karnal,2026-01-31,28.27,47.12,14.14,,0.52,2.62,7.33
Karnal,2026-02-01,31.06,36.17,20.43,,1.28,2.55,8.51
Karnal,2026-02-02,36.06,42.31,12.98,,0.96,0.96,6.73
Karnal,2026-02-03,29.57,41.94,15.05,,1.08,3.76,8.6
Karnal,2026-02-04,28.0,36.57,18.86,,2.86,4.57,9.14
Karnal,2026-02-05,25.77,40.72,18.04,,1.03,3.09,11.34
Karnal,2026-02-06,26.82,40.0,17.73,0.45,1.36,5.45,8.18
Karnal,2026-02-07,30.22,35.11,20.0,,0.89,4.0,9.78
Karnal,2026-02-08,25.34,43.89,18.55,,0.9,2.71,8.6
Karnal,2026-02-09,26.42,43.4,16.04,,1.89,3.3,8.96
Karnal,2026-02-10,32.72,37.79,17.05,,0.46,4.61,7.37
Karnal,2026-02-11,29.3,40.47,18.6,,0.47,2.79,8.37
Karnal,2026-02-12,27.23,42.93,15.71,0.52,1.05,2.09,10.47
Karnal,2026-02-13,29.11,35.68,18.78,,,4.23,12.21
Karnal,2026-02-14,26.14,35.8,15.91,,0.57,4.55,17.05
Karnal,2026-02-15,22.97,46.41,17.7,,0.96,2.87,9.09
Karnal,2026-02-16,29.46,40.63,13.84,0.45,2.23,0.45,12.95
Karnal,2026-02-17,30.77,37.95,15.9,1.03,1.03,3.59,9.74
Karnal,2026-02-18,26.55,43.81,15.04,,0.44,4.42,9.73
Karnal,2026-02-19,21.15,45.67,21.15,0.96,0.96,3.85,6.25
Karnal,2026-02-20,32.82,39.31,16.03,,0.38,2.29,9.16
Karnal,2026-02-21,26.64,37.12,16.59,,2.62,3.06,13.97
Karnal,2026-02-22,26.32,45.75,10.12,,1.62,6.48,9.72
Karnal,2026-02-23,24.14,48.28,12.07,,1.29,2.59,11.64
Karnal,2026-02-24,29.2,34.51,21.24,,0.44,0.88,13.72
Karnal,2026-02-25,25.12,44.08,14.22,,1.42,2.84,12.32
Karnal,2026-02-26,25.33,42.22,14.22,,0.44,4.44,13.33
Karnal,2026-02-27,21.99,40.31,16.23,,,4.19,17.28
Karnal,2026-02-28,24.29,41.81,15.25,,2.26,3.39,12.99
Karnal,2026-03-01,32.0,32.0,21.14,,,2.29,12.57
Karnal,2026-03-02,25.27,37.63,18.28,,1.08,3.76,13.98
Karnal,2026-03-03,19.75,46.5,15.29,,,1.91,16.56
Karnal,2026-03-04,25.68,39.89,14.75,,,3.83,15.85
Karnal,2026-03-05,21.39,30.35,24.38,,,2.99,20.9
Karnal,2026-03-06,23.08,41.83,15.87,,2.4,1.44,15.38
Karnal,2026-03-07,22.54,34.68,21.39,,1.73,2.89,16.76
Karnal,2026-03-08,41.34,31.84,14.53,,,3.91,8.38
Karnal,2026-03-09,31.33,39.33,10.67,0.67,,3.33,14.67
Karnal,2026-03-10,28.25,37.85,15.25,,0.56,3.39,14.69
Karnal,2026-03-11,25.41,41.99,18.23,,0.55,3.31,10.5
Karnal,2026-03-12,28.79,36.36,20.2,,2.02,1.52,11.11
Karnal,2026-03-13,33.51,31.35,12.97,,2.16,2.16,17.84
Karnal,2026-03-14,21.49,35.96,23.68,,1.32,1.75,15.79
Karnal,2026-03-15,25.22,43.04,14.35,0.43,0.87,5.22,10.87
Karnal,2026-03-16,26.34,40.32,17.2,0.54,1.08,2.69,11.83
Karnal,2026-03-17,23.88,46.77,17.91,,1.49,0.5,9.45
Karnal,2026-03-18,21.39,46.24,16.18,,,3.47,12.72
Karnal,2026-03-19,26.81,44.26,10.64,0.43,1.7,3.4,12.77
Karnal,2026-03-20,25.1,42.8,14.4,,,4.94,12.76
Karnal,2026-03-21,28.64,42.25,17.84,,0.47,1.88,8.92
Karnal,2026-03-22,25.32,46.41,18.14,,0.42,4.22,5.49
Karnal,2026-03-23,30.73,34.63,23.9,,0.0,1.95,8.78
Karnal,2026-03-24,25.95,42.16,16.22,,,4.32,11.35
Karnal,2026-03-25,29.27,38.54,17.56,,0.49,1.46,12.68
Karnal,2026-03-26,23.44,54.07,11.0,0.48,1.44,2.87,6.7
Karnal,2026-03-27,25.0,47.06,14.22,,0.49,4.41,8.82
Karnal,2026-03-28,22.75,44.97,20.63,,1.59,1.06,8.99
Karnal,2026-03-29,26.37,46.15,9.34,,1.65,3.85,12.64
Karnal,2026-03-30,27.91,44.65,14.88,0.47,1.4,1.86,8.84
Karnal,2026-03-31,24.53,41.51,16.98,,0.94,3.3,12.74
Karnal,2026-04-01,30.61,38.27,14.29,0.51,1.53,3.57,11.22
Karnal,2026-04-02,22.27,43.28,15.55,,0.42,5.04,13.45
Karnal,2026-04-03,22.93,34.15,23.9,,,4.39,14.63
Karnal,2026-04-04,25.0,46.15,17.31,,0.48,1.44,9.62
Karnal,2026-04-05,27.07,36.46,17.13,,2.21,2.21,14.92
Karnal,2026-04-06,21.63,35.1,24.52,0.48,0.96,3.85,13.46
Karnal,2026-04-07,22.12,39.42,13.46,0.48,0.96,3.37,20.19
Karnal,2026-04-08,22.93,43.31,19.75,,,0.64,13.38
Karnal,2026-04-09,23.16,42.63,17.37,,,3.68,13.16
Karnal,2026-04-10,20.0,41.14,20.0,,1.14,2.86,14.86
Karnal,2026-04-11,24.58,39.66,20.11,,1.12,2.23,12.29
Karnal,2026-04-12,24.72,34.83,20.79,,,6.74,12.92
Karnal,2026-04-13,18.32,45.55,15.71,,,2.09,18.32
Karnal,2026-04-14,26.4,39.09,22.34,,0.51,1.52,10.15
Karnal,2026-04-15,24.83,40.94,20.13,,,1.34,12.75
Karnal,2026-04-16,27.07,41.99,18.23,,,,12.71
Karnal,2026-04-17,31.52,37.58,15.15,,1.21,1.82,12.73
Karnal,2026-04-18,26.16,40.7,18.6,1.16,1.74,2.91,8.72
Karnal,2026-04-19,25.77,46.01,17.18,,,1.84,9.2
Karnal,2026-04-20,24.43,35.8,23.3,0.57,,2.84,13.07
Karnal,2026-04-21,18.68,42.86,18.68,,1.1,2.75,15.93
Karnal,2026-04-22,21.31,38.8,26.23,,1.09,3.83,8.74
Karnal,2026-04-23,30.66,40.15,15.33,,,2.92,10.95
Karnal,2026-04-24,23.84,32.56,23.84,,1.16,5.81,12.79
Karnal,2026-04-25,30.39,29.83,18.23,,0.55,6.08,14.92
Karnal,2026-04-26,28.65,38.6,14.62,,0.58,4.68,12.87
Karnal,2026-04-27,18.29,44.0,20.0,,0.57,4.57,12.57
Karnal,2026-04-28,24.42,36.05,27.33,,0.58,2.33,9.3
Karnal,2026-04-29,26.18,37.7,21.47,,,5.24,9.42
Karnal,2026-04-30,25.61,37.8,21.95,,1.83,2.44,10.37
Karnal,2026-05-01,28.66,34.76,21.34,,0.61,2.44,12.2
Karnal,2026-05-02,19.15,42.55,21.28,,0.53,3.72,12.77
Karnal,2026-05-03,24.26,40.83,19.53,,1.18,3.55,10.65
Karnal,2026-05-04,27.96,30.11,24.73,,,3.23,13.98
Karnal,2026-05-05,23.3,37.5,20.45,1.14,2.84,2.27,12.5
Karnal,2026-05-06,21.26,39.08,18.39,,,4.02,17.24
Karnal,2026-05-07,22.29,40.36,17.47,,1.81,1.2,16.87
Karnal,2026-05-08,22.56,42.56,17.95,,0.51,4.1,12.31
Karnal,2026-05-09,28.29,33.55,21.71,,1.32,3.29,11.84
Karnal,2026-05-10,22.97,37.8,19.62,,0.48,1.91,17.22
Karnal,2026-05-11,27.66,42.55,18.09,,1.6,2.66,7.45
Karnal,2026-05-12,22.83,40.76,21.74,,0.54,1.09,13.04
Karnal,2026-05-13,23.46,40.74,19.75,,1.85,3.09,11.11
Karnal,2026-05-14,23.98,41.18,18.55,,1.36,0.9,14.03
Karnal,2026-05-15,26.06,38.18,15.15,,4.24,1.21,15.15
Karnal,2026-05-16,22.77,43.07,15.35,,1.49,2.48,14.85
Karnal,2026-05-17,26.29,37.11,20.1,,1.55,3.09,11.86
Karnal,2026-05-18,26.29,37.11,18.56,,,4.64,13.4
Karnal,2026-05-19,26.71,38.51,18.01,,1.24,3.73,11.8
Karnal,2026-05-20,21.11,31.11,29.44,,1.11,6.67,10.56
Karnal,2026-05-21,29.44,32.22,22.22,,1.67,2.78,11.67
Karnal,2026-05-22,30.36,36.16,20.54,0.45,0.45,1.34,10.71
Karnal,2026-05-23,27.98,39.91,17.43,,1.38,1.83,11.47
Karnal,2026-05-24,30.28,35.78,18.35,,0.92,3.67,11.01
Karnal,2026-05-25,26.19,41.9,19.52,,0.48,4.76,7.14
Karnal,2026-05-26,28.57,38.92,22.17,,,1.97,8.37
Karnal,2026-05-27,25.26,28.87,30.93,0.52,,1.55,12.89
Karnal,2026-05-28,28.19,38.61,18.53,,1.16,1.16,12.36
Karnal,2026-05-29,34.48,38.79,15.95,,,1.29,9.48
Karnal,2026-05-30,24.02,43.63,22.06,,0.98,2.45,6.86
Karnal,2026-05-31,29.5,35.0,23.0,,0.5,2.0,10.0
Karnal,2026-06-01,24.04,42.62,21.31,,,4.92,7.1
Karnal,2026-06-02,27.04,30.04,30.9,,0.43,1.72,9.87
Karnal,2026-06-03,22.44,35.12,28.29,,0.98,0.49,12.68
Karnal,2026-06-04,21.43,43.88,21.94,0.51,2.04,1.53,8.67
Karnal,2026-06-05,27.96,30.33,20.38,0.47,1.9,4.74,14.22
Karnal,2026-06-06,21.76,40.0,20.0,,0.59,3.53,14.12
Karnal,2026-06-07,26.46,33.86,21.16,,1.59,3.7,13.23
Karnal,2026-06-08,26.47,28.92,26.47,,0.98,1.47,15.69
Karnal,2026-06-09,28.43,38.73,18.14,,0.49,2.45,11.76
Karnal,2026-06-10,19.07,39.07,24.65,0.47,0.47,1.86,14.42
Karnal,2026-06-11,31.14,31.14,23.95,,0.6,3.59,9.58
Karnal,2026-06-12,28.14,30.65,24.12,,2.01,1.01,14.07
Karnal,2026-06-13,24.09,33.18,25.0,,0.91,5.0,11.82
Karnal,2026-06-14,31.28,36.02,19.91,,,1.9,10.9
Karnal,2026-06-15,26.16,39.53,20.93,,1.16,2.33,9.88
Karnal,2026-06-16,21.56,30.54,25.15,,1.2,4.19,17.37
Karnal,2026-06-17,29.7,33.94,24.24,,1.82,1.21,9.09
Karnal,2026-06-18,21.81,36.17,23.4,,,3.19,15.43
Karnal,2026-06-19,19.7,42.86,18.23,,0.99,2.96,15.27
Karnal,2026-06-20,21.5,40.0,16.5,,0.5,4.5,17.0
Karnal,2026-06-21,25.37,33.33,18.91,,,3.98,18.41
Karnal,2026-06-22,23.12,38.17,24.19,0.54,,2.15,11.83
Karnal,2026-06-23,20.19,38.5,23.94,,0.47,2.35,14.55
Karnal,2026-06-24,22.78,33.54,27.22,,0.63,2.53,13.29
Karnal,2026-06-25,23.19,35.27,22.22,,0.97,3.38,14.98
Karnal,2026-06-26,21.65,31.44,18.04,,,4.64,24.23
Karnal,2026-06-27,17.84,41.62,18.92,,3.78,1.08,16.76
Karnal,2026-06-28,26.67,36.19,17.14,,0.95,3.33,15.71
Karnal,2026-06-29,22.16,32.93,22.16,,0.6,4.19,17.96
Karnal,2026-06-30,27.27,36.36,20.45,,0.45,4.09,11.36
Karnal,2026-07-01,21.93,35.96,22.81,,1.32,2.63,15.35
Karnal,2026-07-02,33.73,29.59,22.49,,1.18,1.78,11.24
Karnal,2026-07-03,30.39,39.23,13.81,,,1.66,14.92
Karnal,2026-07-04,26.78,36.07,18.58,,1.09,4.37,13.11
Karnal,2026-07-05,25.48,37.98,18.27,,,2.4,15.87
Karnal,2026-07-06,22.55,40.0,24.68,,0.85,1.7,10.21
Karnal,2026-07-07,24.12,34.67,22.11,,1.01,1.51,16.58
Karnal,2026-07-08,19.05,41.43,21.43,,1.43,2.38,14.29
Karnal,2026-07-09,24.25,36.57,21.27,,1.12,1.87,14.93
Karnal,2026-07-10,20.0,40.91,21.52,,1.21,1.52,14.85
Karnal,2026-07-11,20.82,37.2,20.48,0.34,1.02,4.44,15.7
Karnal,2026-07-12,22.48,40.07,18.24,,0.65,3.26,15.31
Karnal,2026-07-13,19.12,42.28,19.49,,1.1,3.31,14.71
Karnal,2026-07-14,30.63,34.69,19.06,,1.56,2.5,11.56
Karnal,2026-07-15,23.89,37.25,20.65,,1.62,3.24,13.36
Karnal,2026-07-16,21.22,36.73,24.9,0.41,0.82,2.04,13.88
Karnal,2026-07-17,18.6,37.6,20.66,,0.41,1.65,21.07
Karnal,2026-07-18,25.21,29.83,21.85,,1.68,2.52,18.91
Karnal,2026-07-19,25.38,32.31,19.62,,0.38,6.15,16.15
Karnal,2026-07-20,25.66,31.86,25.22,,1.33,2.65,13.27
Karnal,2026-07-21,28.21,28.72,24.62,,0.51,2.05,15.9
Karnal,2026-07-22,27.75,34.45,20.1,,0.96,3.83,12.92
Karnal,2026-07-23,22.13,37.7,27.46,,,0.82,11.89
Karnal,2026-07-24,35.07,36.99,16.44,0.27,1.1,0.55,9.59
Karnal,2026-07-25,24.3,42.68,16.2,,,4.05,12.77
Karnal,2026-07-26,28.03,37.9,19.11,,0.96,1.59,12.42
Karnal,2026-07-27,25.69,36.76,26.09,0.4,,2.37,8.7
Karnal,2026-07-28,30.35,33.46,19.07,0.39,,3.11,13.62
Karnal,2026-07-29,31.29,32.73,17.99,0.36,1.08,5.4,11.15
Karnal,2026-07-30,24.38,40.5,18.18,,,4.55,12.4
Karnal,2026-07-31,25.95,37.02,16.79,,,3.82,16.41
Karnal,2026-08-01,17.73,36.82,21.36,,0.91,5.45,17.73
Karnal,2026-08-02,26.58,38.4,15.61,,0.42,2.95,16.03
Karnal,2026-08-03,24.44,36.44,23.56,0.44,0.89,0.89,13.33
Karnal,2026-08-04,24.38,36.82,23.88,,,3.48,11.44
Karnal,2026-08-05,31.43,35.24,19.05,,0.48,2.38,11.43
Karnal,2026-08-06,32.64,36.36,20.25,,0.41,0.83,9.5
Karnal,2026-08-07,21.59,40.53,21.15,,2.2,3.52,11.01
Karnal,2026-08-08,19.8,42.57,19.31,,1.49,0.5,16.34
Karnal,2026-08-09,28.93,35.95,19.83,,0.41,1.24,13.64
Karnal,2026-08-10,20.6,41.71,22.61,,2.51,1.51,11.06
Karnal,2026-08-11,24.77,38.53,17.89,,,5.05,13.76
Karnal,2026-08-12,24.88,38.76,18.18,,0.48,0.48,17.22
Karnal,2026-08-13,30.73,36.59,17.56,,0.98,1.46,12.68
Karnal,2026-08-14,34.02,36.48,15.98,,,1.64,11.89
Karnal,2026-08-15,29.55,32.95,15.15,,1.14,1.89,19.32
Karnal,2026-08-16,25.63,42.86,15.97,,2.1,1.26,12.18
Karnal,2026-08-17,28.14,35.5,22.94,,1.73,1.3,10.39
Karnal,2026-08-18,25.13,33.51,27.23,,0.52,3.66,9.95
Karnal,2026-08-19,28.86,39.3,19.9,,1.0,2.99,7.96
Karnal,2026-08-20,24.56,43.42,19.74,,1.75,0.88,9.65
Karnal,2026-08-21,31.02,40.74,15.28,,1.39,3.24,8.33
Karnal,2026-08-22,26.67,27.56,27.11,0.44,1.33,4.0,12.89
Karnal,2026-08-23,25.38,32.58,27.65,,1.14,1.89,11.36
Karnal,2026-08-24,23.41,30.73,26.83,,1.95,2.44,14.63
Karnal,2026-08-25,22.61,33.67,30.15,,1.01,0.5,12.06
Karnal,2026-08-26,30.22,34.89,19.06,0.36,0.72,2.52,12.23
Karnal,2026-08-27,24.21,38.42,18.42,0.53,1.58,0.53,16.32
Karnal,2026-08-28,26.29,31.96,26.29,0.52,0.52,1.55,12.89
Karnal,2026-08-29,30.45,32.53,21.45,,0.35,1.73,13.49
Karnal,2026-08-30,25.32,32.91,20.25,,,2.11,19.41
Karnal,2026-08-31,32.49,29.95,22.84,1.02,,2.54,11.17
Kochi,2025-01-01,44.23,16.64,19.56,0.29,3.21,6.13,9.93
Kochi,2025-01-02,40.03,18.12,21.63,0.28,2.81,8.57,8.57
Kochi,2025-01-03,37.77,14.93,19.57,0.5,10.41,6.65,10.16
Kochi,2025-01-04,40.56,17.76,20.42,0.14,5.59,7.13,8.39
Kochi,2025-01-05,40.87,16.89,21.66,0.41,5.45,4.5,10.22
Kochi,2025-01-06,40.32,15.81,23.32,0.66,3.03,6.46,10.41
Kochi,2025-01-07,40.92,16.75,21.74,,4.48,5.24,10.87
Kochi,2025-01-08,38.86,18.39,21.63,0.13,4.53,6.48,9.97
Kochi,2025-01-09,41.36,15.08,20.61,0.28,4.98,6.22,11.48
Kochi,2025-01-10,43.06,20.25,16.15,0.28,3.26,5.1,11.9
Kochi,2025-01-11,41.22,19.92,19.36,0.14,3.46,6.22,9.68
Kochi,2025-01-12,40.06,18.42,19.74,0.58,5.12,6.29,9.8
Kochi,2025-01-13,40.3,17.76,20.08,,4.64,6.01,11.2
Kochi,2025-01-14,34.87,15.19,24.04,0.4,6.87,7.79,10.83
Kochi,2025-01-15,40.88,16.38,19.8,0.71,4.99,7.12,10.11
Kochi,2025-01-16,38.22,17.67,22.74,0.27,1.78,7.95,11.37
Kochi,2025-01-17,47.21,17.74,15.78,,4.33,6.56,8.38
Kochi,2025-01-18,40.6,20.37,17.65,0.29,4.3,8.32,8.46
Kochi,2025-01-19,40.0,17.61,17.61,0.42,5.07,10.85,8.45
Kochi,2025-01-20,39.49,18.47,18.22,0.38,4.59,7.52,11.34
Kochi,2025-01-21,41.96,15.09,24.66,0.37,2.45,7.24,8.22
Kochi,2025-01-22,38.52,18.4,22.96,0.37,3.33,6.3,10.12
Kochi,2025-01-23,36.6,19.2,18.65,0.41,6.91,6.08,12.15
Kochi,2025-01-24,34.99,18.71,20.19,0.4,6.86,7.4,11.44
Kochi,2025-01-25,41.47,17.34,19.0,0.28,3.61,6.66,11.65
Kochi,2025-01-26,40.93,16.15,18.98,0.57,4.39,9.07,9.92
Kochi,2025-01-27,45.28,15.6,16.83,1.23,6.02,6.29,8.76
Kochi,2025-01-28,41.15,17.29,23.32,0.4,2.82,5.09,9.92
Kochi,2025-01-29,39.94,14.83,23.05,0.59,2.79,7.78,11.01
Kochi,2025-01-30,39.52,17.37,22.16,0.75,3.29,5.54,11.38
Kochi,2025-01-31,41.79,17.45,19.35,1.32,3.23,6.3,10.56
Kochi,2025-02-01,42.17,19.33,14.93,0.44,4.54,7.91,10.69
Kochi,2025-02-02,42.35,15.74,23.53,0.15,3.24,6.03,8.97
Kochi,2025-02-03,38.14,15.02,25.23,0.15,4.5,5.86,11.11
Kochi,2025-02-04,33.53,17.96,29.19,0.75,3.14,4.94,10.48
Kochi,2025-02-05,42.04,17.65,23.39,,4.16,5.45,7.32
Kochi,2025-02-06,40.66,16.61,22.63,0.79,3.01,5.54,10.76
Kochi,2025-02-07,40.06,18.04,21.71,0.46,6.12,4.74,8.87
Kochi,2025-02-08,34.4,24.8,21.28,0.48,3.68,7.52,7.84
Kochi,2025-02-09,41.54,19.53,18.98,0.41,4.26,6.88,8.39
Kochi,2025-02-10,42.27,16.71,22.65,0.28,2.49,5.25,10.36
Kochi,2025-02-11,41.78,14.59,23.09,0.42,4.67,4.96,10.48
Kochi,2025-02-12,42.61,16.09,21.45,0.29,5.36,5.22,8.99
Kochi,2025-02-13,36.42,17.55,24.17,1.82,4.64,5.63,9.77
Kochi,2025-02-14,40.03,13.61,23.34,0.16,3.24,6.48,13.13
Kochi,2025-02-15,39.44,17.45,21.55,0.29,4.11,7.62,9.53
Kochi,2025-02-16,40.11,17.19,21.56,0.82,3.27,5.46,11.6
Kochi,2025-02-17,36.05,14.97,25.44,0.87,2.91,8.43,11.34
Kochi,2025-02-18,38.11,16.47,22.05,0.4,4.12,9.03,9.83
Kochi,2025-02-19,41.17,17.52,21.23,0.43,5.56,5.7,8.4
Kochi,2025-02-20,37.68,15.66,21.04,0.65,5.71,10.11,9.14
Kochi,2025-02-21,36.97,17.94,21.37,0.16,3.74,5.93,13.88
Kochi,2025-02-22,40.69,14.55,20.19,0.31,5.16,6.57,12.52
Kochi,2025-02-23,40.67,17.93,20.55,0.15,4.23,6.85,9.62
Kochi,2025-02-24,36.49,24.05,18.67,0.57,4.24,6.65,9.34
Kochi,2025-02-25,37.71,15.57,24.43,0.57,3.14,6.86,11.71
Kochi,2025-02-26,37.58,21.32,21.17,0.31,3.22,5.83,10.58
Kochi,2025-02-27,40.17,16.0,22.17,0.17,3.83,5.0,12.67
Kochi,2025-02-28,40.72,18.4,24.36,0.34,3.07,4.6,8.52
Kochi,2025-03-01,39.49,16.24,24.62,,4.1,5.98,9.57
Kochi,2025-03-02,39.6,16.36,22.02,0.31,3.82,7.95,9.94
Kochi,2025-03-03,37.75,17.96,24.05,0.15,3.65,6.39,10.05
Kochi,2025-03-04,39.76,16.18,23.58,0.69,3.27,6.2,10.33
Kochi,2025-03-05,40.87,18.43,20.17,0.7,5.22,3.65,10.96
Kochi,2025-03-06,38.97,18.47,18.62,0.78,3.76,5.63,13.77
Kochi,2025-03-07,41.65,18.41,19.97,0.47,3.28,7.33,8.89
Kochi,2025-03-08,44.92,15.54,19.54,0.62,2.62,5.69,11.08
Kochi,2025-03-09,37.58,17.61,20.91,0.16,4.72,5.82,13.21
Kochi,2025-03-10,39.72,16.56,24.69,0.31,3.37,3.68,11.66
Kochi,2025-03-11,40.71,16.45,20.0,0.57,5.96,5.82,10.5
Kochi,2025-03-12,40.8,14.22,21.02,0.77,4.33,6.65,12.21
Kochi,2025-03-13,36.12,15.36,24.26,1.08,4.18,8.49,10.51
Kochi,2025-03-14,39.04,15.92,22.37,0.15,5.41,5.26,11.86
Kochi,2025-03-15,39.71,19.28,20.58,0.29,1.88,6.96,11.3
Kochi,2025-03-16,43.38,15.29,20.59,0.15,3.68,5.88,11.03
Kochi,2025-03-17,41.78,14.76,21.73,0.14,3.62,6.41,11.56
Kochi,2025-03-18,38.92,18.62,17.69,0.31,5.85,6.15,12.46
Kochi,2025-03-19,39.86,15.07,21.41,0.85,3.66,7.46,11.69
Kochi,2025-03-20,40.34,17.6,22.6,0.43,3.86,4.58,10.59
Kochi,2025-03-21,39.59,14.12,21.69,,5.82,5.82,12.95
Kochi,2025-03-22,42.01,15.26,22.09,0.29,2.18,8.14,10.03
Kochi,2025-03-23,37.48,16.42,20.38,0.14,4.38,8.62,12.59
Kochi,2025-03-24,40.99,16.72,21.22,0.29,3.34,6.4,11.05
Kochi,2025-03-25,44.02,13.56,19.1,0.15,3.5,6.71,12.97
Kochi,2025-03-26,39.63,17.03,19.5,0.31,4.64,6.66,12.23
Kochi,2025-03-27,43.99,14.84,20.67,0.35,3.53,5.83,10.78
Kochi,2025-03-28,35.29,19.66,20.28,,5.57,8.36,10.84
Kochi,2025-03-29,42.68,13.75,19.64,0.54,2.5,10.71,10.18
Kochi,2025-03-30,40.3,15.85,18.89,0.67,5.9,8.94,9.44
Kochi,2025-03-31,35.24,15.96,24.85,0.3,4.37,8.28,10.99
Kochi,2025-04-01,37.41,14.99,20.77,0.55,3.3,8.53,14.44
Kochi,2025-04-02,41.79,13.37,22.8,1.52,4.71,4.41,11.4
Kochi,2025-04-03,43.87,15.95,19.79,0.46,4.14,7.36,8.44
Kochi,2025-04-04,41.3,15.8,21.74,0.58,3.62,8.84,8.12
Kochi,2025-04-05,42.31,16.23,18.31,0.35,4.49,7.94,10.36
Kochi,2025-04-06,41.8,14.59,20.33,0.49,2.79,8.69,11.31
Kochi,2025-04-07,38.08,18.88,21.6,0.48,4.16,6.72,10.08
Kochi,2025-04-08,39.1,18.96,21.19,0.45,1.94,5.67,12.69
Kochi,2025-04-09,40.41,19.32,19.91,0.44,3.54,6.49,9.88
Kochi,2025-04-10,40.58,16.57,21.12,0.76,2.89,6.99,11.09
Kochi,2025-04-11,42.73,18.4,18.25,0.15,3.86,7.27,9.35
Kochi,2025-04-12,42.41,18.73,20.12,0.31,3.41,5.42,9.6
Kochi,2025-04-13,42.97,18.86,21.33,0.31,2.63,6.34,7.57
Kochi,2025-04-14,43.23,17.18,20.09,0.29,3.2,6.7,9.32
Kochi,2025-04-15,42.14,15.72,19.78,0.49,4.3,7.99,9.58
Kochi,2025-04-16,37.89,19.32,20.95,0.3,5.2,5.65,10.7
Kochi,2025-04-17,38.36,19.77,19.33,,5.27,4.98,12.3
Kochi,2025-04-18,42.73,15.42,20.7,0.15,3.23,6.9,10.87
Kochi,2025-04-19,42.39,15.37,19.97,0.72,2.73,8.33,10.49
Kochi,2025-04-20,41.89,16.21,20.09,0.57,2.3,8.61,10.33
Kochi,2025-04-21,39.44,19.52,20.72,0.27,3.74,5.61,10.7
Kochi,2025-04-22,37.1,19.17,21.1,0.41,4.55,7.17,10.48
Kochi,2025-04-23,35.57,17.57,20.57,0.14,3.43,8.57,14.14
Kochi,2025-04-24,41.05,16.16,20.82,0.44,3.78,6.99,10.77
Kochi,2025-04-25,37.9,15.89,25.07,0.44,4.52,6.12,10.06
Kochi,2025-04-26,43.29,15.02,19.01,,3.67,6.71,12.3
Kochi,2025-04-27,40.06,15.88,18.88,0.57,2.58,5.87,16.17
Kochi,2025-04-28,40.27,17.99,20.21,0.15,4.42,5.9,11.06
Kochi,2025-04-29,42.86,12.38,22.38,0.16,5.4,5.71,11.11
Kochi,2025-04-30,38.89,12.58,25.98,0.16,4.9,6.05,11.44
Kochi,2025-05-01,39.43,14.31,21.8,0.17,5.16,6.82,12.31
Kochi,2025-05-02,38.93,15.82,20.77,0.83,2.75,5.36,15.54
Kochi,2025-05-03,41.6,13.92,20.16,0.32,2.88,6.08,15.04
Kochi,2025-05-04,43.24,13.36,20.72,0.45,2.7,4.8,14.71
Kochi,2025-05-05,41.82,16.62,20.64,0.4,2.82,5.09,12.6
Kochi,2025-05-06,37.96,16.2,22.99,0.31,3.09,5.71,13.73
Kochi,2025-05-07,35.82,17.02,22.37,0.49,2.76,7.13,14.42
Kochi,2025-05-08,41.09,15.34,22.05,0.18,4.41,6.7,10.23
Kochi,2025-05-09,39.13,17.22,22.61,0.7,2.78,5.04,12.52
Kochi,2025-05-10,40.07,14.18,23.23,0.35,2.48,7.27,12.41
Kochi,2025-05-11,40.64,14.72,20.25,0.61,5.21,5.83,12.73
Kochi,2025-05-12,36.73,14.75,25.66,0.15,3.39,6.49,12.83
Kochi,2025-05-13,40.1,15.58,22.89,0.16,5.36,4.55,11.36
Kochi,2025-05-14,39.42,13.48,21.16,0.5,6.55,5.42,13.48
Kochi,2025-05-15,43.12,14.04,19.52,0.84,6.32,4.78,11.38
Kochi,2025-05-16,39.76,14.47,20.0,0.47,4.59,4.82,15.88
Kochi,2025-05-17,41.06,16.34,18.02,0.7,4.75,6.01,13.13
Kochi,2025-05-18,44.02,17.21,18.0,0.26,2.5,4.34,13.67
Kochi,2025-05-19,38.25,15.66,21.05,0.39,4.24,6.03,14.38
Kochi,2025-05-20,39.56,14.04,19.72,0.12,4.18,9.28,13.11
Kochi,2025-05-21,42.23,17.23,16.53,1.41,4.52,6.92,11.16
Kochi,2025-05-22,48.57,14.42,17.96,0.68,3.27,4.76,10.34
Kochi,2025-05-23,42.8,15.73,22.13,,3.6,4.27,11.47
Kochi,2025-05-24,40.03,16.15,19.24,,5.9,5.62,13.06
Kochi,2025-05-25,41.4,17.85,18.63,0.26,4.14,6.47,11.25
Kochi,2025-05-26,43.78,16.08,21.24,0.59,3.17,5.52,9.62
Kochi,2025-05-27,40.1,18.03,20.18,0.13,3.15,7.44,10.97
Kochi,2025-05-28,37.6,20.16,19.25,0.39,3.36,7.11,12.14
Kochi,2025-05-29,36.76,17.57,21.08,0.41,2.84,7.16,14.19
Kochi,2025-05-30,35.19,18.92,20.5,0.66,4.1,4.76,15.87
Kochi,2025-05-31,44.44,14.46,17.96,0.46,4.26,5.02,13.39
Kochi,2025-06-01,38.04,16.03,19.16,0.14,4.21,6.39,16.03
Kochi,2025-06-02,38.84,13.28,22.32,0.71,4.1,5.23,15.54
Kochi,2025-06-03,42.77,15.09,17.61,0.75,4.03,3.14,16.6
Kochi,2025-06-04,39.81,17.34,21.22,0.28,3.88,5.13,12.34
Kochi,2025-06-05,35.88,18.64,19.89,0.97,4.87,3.62,16.13
Kochi,2025-06-06,40.16,17.86,20.08,0.26,4.3,4.69,12.65
Kochi,2025-06-07,39.97,17.5,19.65,0.54,5.25,4.85,12.25
Kochi,2025-06-08,40.3,18.19,20.22,1.21,3.77,4.99,11.32
Kochi,2025-06-09,41.07,16.9,19.92,0.69,5.49,4.53,11.4
Kochi,2025-06-10,37.37,20.39,21.71,,4.21,6.32,10.0
Kochi,2025-06-11,41.23,15.05,20.42,,4.45,4.84,14.01
Kochi,2025-06-12,41.97,16.93,19.97,0.58,3.76,4.05,12.74
Kochi,2025-06-13,41.78,16.99,19.64,0.14,3.48,5.43,12.53
Kochi,2025-06-14,42.73,16.78,17.43,0.39,4.59,6.29,11.8
Kochi,2025-06-15,46.4,17.57,17.57,0.25,2.91,5.06,10.24
Kochi,2025-06-16,41.84,17.62,16.45,0.39,5.18,4.92,13.6
Kochi,2025-06-17,42.34,15.05,18.38,0.93,4.93,4.93,13.45
Kochi,2025-06-18,41.35,16.62,18.82,0.27,5.91,5.08,11.95
Kochi,2025-06-19,40.63,14.74,20.39,0.28,4.41,5.92,13.64
Kochi,2025-06-20,38.99,18.47,18.19,0.55,4.1,5.75,13.95
Kochi,2025-06-21,41.62,15.87,18.11,0.15,3.89,6.44,13.92
Kochi,2025-06-22,44.15,18.62,17.63,,4.65,4.51,10.44
Kochi,2025-06-23,40.11,16.07,19.65,0.53,5.05,5.44,13.15
Kochi,2025-06-24,38.77,16.69,18.36,0.39,5.78,7.19,12.84
Kochi,2025-06-25,40.45,16.99,18.2,0.15,4.66,6.17,13.38
Kochi,2025-06-26,37.9,18.88,16.1,1.01,6.08,5.32,14.7
Kochi,2025-06-27,39.66,16.6,19.5,0.26,5.01,6.19,12.78
Kochi,2025-06-28,40.2,19.85,17.43,0.13,3.94,5.85,12.6
Kochi,2025-06-29,43.42,15.95,17.59,0.25,4.94,5.82,12.03
Kochi,2025-06-30,39.31,11.06,19.58,0.45,6.73,8.22,14.65
Kochi,2025-07-01,39.21,16.18,18.95,1.02,3.06,7.73,13.85
Kochi,2025-07-02,38.84,14.27,22.74,0.56,4.52,4.52,14.55
Kochi,2025-07-03,40.86,16.2,19.76,0.74,3.12,6.24,13.08
Kochi,2025-07-04,38.27,17.44,22.99,0.15,3.4,6.17,11.57
Kochi,2025-07-05,41.52,18.13,20.18,0.44,1.9,6.43,11.4
Kochi,2025-07-06,41.95,18.1,18.1,0.43,3.16,6.18,12.07
Kochi,2025-07-07,40.75,15.94,22.41,0.15,3.76,5.11,11.88
Kochi,2025-07-08,40.91,20.03,18.18,0.43,2.84,6.25,11.36
Kochi,2025-07-09,42.51,18.47,16.9,1.22,3.14,6.27,11.5
Kochi,2025-07-10,42.61,19.5,18.87,0.16,4.09,4.09,10.69
Kochi,2025-07-11,41.97,15.38,20.74,0.33,4.35,5.69,11.54
Kochi,2025-07-12,45.02,14.86,19.02,0.3,3.71,4.61,12.48
Kochi,2025-07-13,44.88,18.07,15.81,0.6,3.16,5.72,11.75
Kochi,2025-07-14,41.01,17.41,18.85,0.58,4.32,5.76,12.09
Kochi,2025-07-15,45.13,18.05,18.05,0.57,3.58,2.58,12.03
Kochi,2025-07-16,44.06,17.28,17.68,0.4,4.35,4.35,11.87
Kochi,2025-07-17,44.48,17.57,19.6,0.31,2.8,5.6,9.64
Kochi,2025-07-18,41.06,19.65,18.52,0.64,5.15,4.19,10.79
Kochi,2025-07-19,41.24,18.43,17.67,0.6,3.93,6.65,11.48
Kochi,2025-07-20,44.12,16.95,16.49,0.31,2.6,6.56,12.98
Kochi,2025-07-21,41.99,17.15,19.55,0.16,3.53,5.45,12.18
Kochi,2025-07-22,42.01,19.97,15.83,0.15,3.7,5.33,13.02
Kochi,2025-07-23,40.26,18.49,19.31,0.16,4.91,5.4,11.46
Kochi,2025-07-24,39.71,17.65,19.26,0.29,5.0,8.09,10.0
Kochi,2025-07-25,43.19,16.41,19.2,0.46,2.94,6.04,11.76
Kochi,2025-07-26,42.05,16.2,23.92,,2.97,3.86,11.0
Kochi,2025-07-27,41.34,18.24,17.78,0.15,3.95,5.47,13.07
Kochi,2025-07-28,44.15,15.82,19.11,0.33,3.79,4.28,12.52
Kochi,2025-07-29,45.04,17.07,19.35,,2.76,5.37,10.41
Kochi,2025-07-30,41.8,16.87,19.97,0.15,2.94,5.26,13.0
Kochi,2025-07-31,39.29,15.91,20.29,,4.55,9.42,10.55
Kochi,2025-08-01,42.83,16.06,17.27,0.35,5.18,4.84,13.47
Kochi,2025-08-02,43.39,17.28,19.4,0.18,4.41,5.47,9.88
Kochi,2025-08-03,44.15,16.23,18.67,0.52,2.97,6.28,11.17
Kochi,2025-08-04,43.4,17.0,20.61,0.72,2.35,5.24,10.67
Kochi,2025-08-05,40.35,16.8,22.45,,3.92,5.18,11.3
Kochi,2025-08-06,36.58,19.1,20.0,,7.21,7.39,9.73
Kochi,2025-08-07,40.14,14.7,22.04,0.54,3.58,6.27,12.72
Kochi,2025-08-08,40.72,16.22,21.37,0.31,4.84,5.62,10.92
Kochi,2025-08-09,40.43,20.29,18.17,0.16,3.44,6.87,10.64
Kochi,2025-08-10,40.1,16.81,16.14,0.17,3.99,7.82,14.98
Kochi,2025-08-11,44.39,16.58,16.25,,4.36,6.53,11.89
Kochi,2025-08-12,39.24,20.25,17.88,0.16,3.48,6.33,12.66
Kochi,2025-08-13,38.79,18.21,20.91,0.51,4.55,5.9,11.13
Kochi,2025-08-14,43.8,17.98,18.5,0.17,3.32,4.54,11.69
Kochi,2025-08-15,42.99,19.66,15.09,0.15,5.18,6.71,10.21
Kochi,2025-08-16,39.97,20.07,17.35,0.17,4.25,6.8,11.39
Kochi,2025-08-17,42.54,18.94,16.53,0.64,4.33,5.46,11.56
Kochi,2025-08-18,39.18,20.54,19.59,0.79,4.74,5.69,9.48
Kochi,2025-08-19,45.53,18.21,15.86,0.16,3.61,4.71,11.93
Kochi,2025-08-20,40.35,19.94,20.09,0.79,3.48,5.22,10.13
Kochi,2025-08-21,38.0,13.83,22.83,0.17,6.0,5.83,13.33
Kochi,2025-08-22,37.45,16.55,21.45,0.73,4.18,3.45,16.18
Kochi,2025-08-23,43.86,14.77,20.53,0.16,2.8,5.13,12.75
Kochi,2025-08-24,39.82,15.84,19.46,0.6,4.68,3.62,15.99
Kochi,2025-08-25,39.26,16.89,24.89,0.15,3.26,5.19,10.37
Kochi,2025-08-26,42.1,15.45,19.72,0.18,5.86,4.44,12.26
Kochi,2025-08-27,44.17,17.57,17.22,0.17,4.52,4.52,11.83
Kochi,2025-08-28,41.53,18.18,18.54,0.36,3.74,4.81,12.83
Kochi,2025-08-29,40.36,16.7,20.48,,4.37,2.58,15.51
Kochi,2025-08-30,39.28,14.23,20.04,0.2,5.61,5.01,15.63
Kochi,2025-08-31,42.74,16.6,21.99,0.21,2.9,6.02,9.54
Kochi,2025-09-01,40.45,18.18,18.74,0.19,2.97,7.79,11.69
Kochi,2025-09-02,41.76,15.59,22.22,0.54,4.66,4.12,11.11
Kochi,2025-09-03,50.17,19.97,15.19,0.17,1.37,3.24,9.9
Kochi,2025-09-04,54.69,18.89,10.75,0.46,1.38,2.15,11.67
Kochi,2025-09-05,47.05,23.61,13.37,0.52,0.69,4.86,9.9
Kochi,2025-09-06,50.73,20.35,12.94,0.15,3.49,4.65,7.7
Kochi,2025-09-07,48.46,19.07,19.93,0.12,3.32,3.44,5.66
Kochi,2025-09-08,45.21,20.94,17.2,0.14,4.16,4.16,8.18
Kochi,2025-09-09,47.73,18.16,19.46,0.13,2.2,3.63,8.69
Kochi,2025-09-10,39.06,21.22,20.7,,4.95,3.65,10.42
Kochi,2025-09-11,47.5,18.35,18.35,,3.1,3.51,9.18
Kochi,2025-09-12,43.11,20.36,18.71,0.45,2.25,4.19,10.93
Kochi,2025-09-13,45.88,18.75,18.14,0.46,3.81,5.18,7.77
Kochi,2025-09-14,42.57,19.81,16.87,,2.32,4.02,14.4
Kochi,2025-09-15,46.72,17.89,15.83,0.13,3.47,5.92,10.04
Kochi,2025-09-16,46.51,19.55,17.18,0.14,2.79,4.89,8.94
Kochi,2025-09-17,50.75,17.27,16.67,0.15,3.15,4.05,7.96
Kochi,2025-09-18,43.52,18.36,17.28,,4.94,4.48,11.42
Kochi,2025-09-19,49.72,18.32,14.63,,3.41,3.98,9.94
Kochi,2025-09-20,50.81,18.3,14.06,0.15,1.76,4.69,10.25
Kochi,2025-09-21,49.57,22.05,14.25,,3.17,2.19,8.77
Kochi,2025-09-22,50.17,22.39,14.24,0.23,2.41,2.99,7.58
Kochi,2025-09-23,47.58,23.12,15.25,0.12,2.78,2.78,8.35
Kochi,2025-09-24,51.22,19.03,15.59,0.14,1.29,3.29,9.44
Kochi,2025-09-25,46.05,21.58,14.49,0.32,3.7,4.03,9.82
Kochi,2025-09-26,45.69,19.56,14.31,0.58,3.07,4.53,12.26
Kochi,2025-09-27,50.37,15.6,15.75,0.3,4.31,4.16,9.51
Kochi,2025-09-28,38.12,16.85,14.92,0.14,3.31,5.52,21.13
Kochi,2025-09-29,46.37,17.5,16.36,0.14,5.41,3.27,10.95
Kochi,2025-09-30,47.88,16.97,15.0,0.15,2.42,6.36,11.21
Kochi,2025-10-01,49.84,16.56,15.29,0.16,2.55,4.3,11.31
Kochi,2025-10-02,48.75,19.0,15.77,0.18,1.25,5.73,9.32
Kochi,2025-10-03,48.58,19.43,14.35,0.15,2.84,5.08,9.57
Kochi,2025-10-04,47.79,18.82,17.06,,2.06,5.15,9.12
Kochi,2025-10-05,47.75,20.66,13.47,,3.74,4.04,10.33
Kochi,2025-10-06,48.67,16.64,15.7,0.31,3.92,4.55,10.2
Kochi,2025-10-07,49.84,19.18,14.31,0.31,4.87,3.46,8.02
Kochi,2025-10-08,41.42,19.97,20.86,0.44,3.4,4.14,9.76
Kochi,2025-10-09,44.41,17.46,16.23,0.46,7.96,3.68,9.8
Kochi,2025-10-10,44.17,19.13,16.02,0.31,4.35,5.75,10.26
Kochi,2025-10-11,45.5,20.0,16.0,0.33,3.0,4.67,10.5
Kochi,2025-10-12,43.69,19.14,19.14,0.14,5.13,5.13,7.63
Kochi,2025-10-13,44.23,15.44,19.05,0.14,5.7,3.76,11.68
Kochi,2025-10-14,45.93,14.55,18.29,0.4,3.87,4.94,12.02
Kochi,2025-10-15,45.75,16.86,18.41,,2.69,4.82,11.47
Kochi,2025-10-16,44.01,17.11,20.53,0.31,3.42,3.58,11.04
Kochi,2025-10-17,40.0,16.49,19.69,0.15,3.21,4.43,16.03
Kochi,2025-10-18,44.65,17.98,16.43,,4.5,5.12,11.32
Kochi,2025-10-19,43.13,17.76,19.25,0.15,3.13,4.48,12.09
Kochi,2025-10-20,47.69,18.83,14.51,0.46,4.17,5.4,8.95
Kochi,2025-10-21,44.46,16.56,16.82,0.93,3.34,4.67,13.22
Kochi,2025-10-22,45.89,17.89,15.44,0.87,3.61,4.18,12.12
Kochi,2025-10-23,44.64,16.07,16.4,,3.57,5.03,14.29
Kochi,2025-10-24,44.26,13.78,21.9,0.46,3.83,4.13,11.64
Kochi,2025-10-25,48.45,17.53,16.15,0.17,1.72,5.15,10.82
Kochi,2025-10-26,46.46,17.79,16.64,,2.31,3.95,12.85
Kochi,2025-10-27,44.69,16.74,18.39,0.15,2.54,4.93,12.56
Kochi,2025-10-28,44.92,16.07,19.51,,1.97,4.92,12.62
Kochi,2025-10-29,44.87,13.11,20.0,,3.53,5.71,12.77
Kochi,2025-10-30,49.62,13.79,16.67,0.57,3.07,4.79,11.49
Kochi,2025-10-31,44.56,14.11,19.15,0.6,5.04,5.44,11.09
Kochi,2025-11-01,44.7,21.0,18.3,0.58,3.85,2.12,9.44
Kochi,2025-11-02,42.67,20.11,19.55,,4.14,3.57,9.96
Kochi,2025-11-03,42.64,17.92,19.25,,4.53,4.53,11.13
Kochi,2025-11-04,50.24,17.32,14.49,0.31,5.2,3.62,8.82
Kochi,2025-11-05,45.64,18.55,18.37,,2.97,2.78,11.69
Kochi,2025-11-06,43.69,17.03,19.84,,3.61,5.21,10.62
Kochi,2025-11-07,47.78,15.67,15.67,,3.29,4.64,12.96
Kochi,2025-11-08,51.42,14.56,17.39,,2.46,4.35,9.83
Kochi,2025-11-09,47.62,20.19,16.19,,2.86,3.05,10.1
Kochi,2025-11-10,43.7,17.56,20.61,0.57,2.86,3.24,11.45
Kochi,2025-11-11,39.41,16.39,22.47,0.18,5.16,1.84,14.55
Kochi,2025-11-12,45.51,15.23,17.97,0.39,4.49,3.91,12.5
Kochi,2025-11-13,46.38,14.68,19.77,0.2,3.52,3.91,11.55
Kochi,2025-11-14,40.34,18.07,18.49,0.21,5.04,4.2,13.66
Kochi,2025-11-15,43.26,18.44,17.2,,4.08,4.96,12.06
Kochi,2025-11-16,41.54,18.9,19.49,,4.33,6.69,9.06
Kochi,2025-11-17,36.94,16.79,23.88,0.19,2.99,4.66,14.55
Kochi,2025-11-18,44.38,19.88,16.87,,3.21,4.22,11.45
Kochi,2025-11-19,43.33,16.08,22.16,0.2,4.71,4.51,9.02
Kochi,2025-11-20,41.37,14.8,20.49,0.19,3.42,5.69,14.04
Kochi,2025-11-21,45.22,15.22,19.78,0.43,4.35,4.13,10.87
Kochi,2025-11-22,46.61,18.22,15.68,0.42,3.18,3.81,12.08
Kochi,2025-11-23,45.69,18.64,14.43,0.8,2.4,7.62,10.42
Kochi,2025-11-24,45.7,15.78,19.06,0.2,4.1,2.25,12.91
Kochi,2025-11-25,49.58,22.1,13.74,,3.54,2.55,8.5
Kochi,2025-11-26,49.82,20.04,13.83,0.18,2.3,4.26,9.57
Kochi,2025-11-27,42.5,19.17,18.41,,3.42,2.85,13.66
Kochi,2025-11-28,45.66,15.56,17.78,,3.43,4.85,12.73
Kochi,2025-11-29,48.72,13.89,17.31,0.21,4.49,5.77,9.62
Kochi,2025-11-30,52.47,12.33,13.9,,4.48,4.04,12.78
Kochi,2025-12-01,42.46,15.99,16.73,0.37,5.15,7.17,12.13
Kochi,2025-12-02,46.5,12.29,21.17,,4.35,3.78,11.91
Kochi,2025-12-03,41.11,13.78,22.67,0.44,4.22,4.67,13.11
Kochi,2025-12-04,46.61,20.35,17.29,0.44,3.94,3.5,7.88
Kochi,2025-12-05,38.17,16.98,16.6,,2.67,15.84,9.73
Kochi,2025-12-06,43.94,17.69,16.7,0.4,3.58,5.96,11.73
Kochi,2025-12-07,42.22,19.19,15.35,0.61,4.24,9.09,9.29
Kochi,2025-12-08,42.08,17.65,19.68,0.23,3.62,4.75,11.99
Kochi,2025-12-09,44.57,15.22,21.74,0.22,2.83,4.35,11.09
Kochi,2025-12-10,43.7,16.73,17.13,,3.94,5.12,13.39
Kochi,2025-12-11,46.52,15.98,17.21,,3.69,5.33,11.27
Kochi,2025-12-12,42.91,13.17,23.55,,3.59,4.79,11.98
Kochi,2025-12-13,43.49,13.49,21.16,,2.79,6.05,13.02
Kochi,2025-12-14,43.86,16.53,18.64,,3.39,5.3,12.29
Kochi,2025-12-15,46.62,16.19,20.46,,2.31,3.38,11.03
Kochi,2025-12-16,41.43,19.21,22.41,,1.69,5.65,9.6
Kochi,2025-12-17,46.19,17.11,18.56,0.21,3.09,4.74,10.1
Kochi,2025-12-18,45.26,16.42,16.63,0.21,2.11,5.89,13.47
Kochi,2025-12-19,44.78,15.83,20.32,0.18,3.42,4.32,11.15
Kochi,2025-12-20,45.68,12.95,21.36,,4.55,4.32,11.14
Kochi,2025-12-21,45.41,14.41,18.34,0.44,4.15,3.71,13.54
Kochi,2025-12-22,42.08,16.22,20.85,,4.05,4.83,11.97
Kochi,2025-12-23,46.37,18.74,17.56,0.23,3.51,3.28,10.3
Kochi,2025-12-24,48.97,13.33,16.55,0.46,4.83,6.44,9.43
Kochi,2025-12-25,46.15,17.95,19.58,,2.1,3.26,10.96
Kochi,2025-12-26,43.01,17.63,17.2,0.43,3.01,4.3,14.41
Kochi,2025-12-27,43.05,17.88,19.43,0.44,3.09,4.86,11.26
Kochi,2025-12-28,45.22,17.54,18.13,,2.73,3.9,12.48
Kochi,2025-12-29,42.51,13.41,24.22,,3.66,4.53,11.67
Kochi,2025-12-30,44.3,18.06,23.87,,3.66,3.01,7.1
Kochi,2025-12-31,43.68,19.31,18.39,0.23,2.76,3.91,11.72
Kochi,2026-01-01,42.58,16.8,20.51,0.2,4.1,4.3,11.52
Kochi,2026-01-02,46.94,17.16,20.67,0.18,3.15,1.93,9.98
Kochi,2026-01-03,46.45,11.66,20.77,0.18,2.73,4.92,13.3
Kochi,2026-01-04,44.94,17.5,22.47,,2.95,3.31,8.84
Kochi,2026-01-05,42.33,16.33,19.83,0.17,4.17,4.67,12.5
Kochi,2026-01-06,41.41,13.42,25.2,0.16,4.09,2.95,12.77
Kochi,2026-01-07,46.6,14.83,19.2,0.17,2.97,6.46,9.77
Kochi,2026-01-08,44.42,15.7,17.36,0.21,4.34,5.99,11.98
Kochi,2026-01-09,45.51,13.87,22.85,,3.71,4.49,9.57
Kochi,2026-01-10,44.21,15.37,19.54,0.19,3.98,5.5,11.2
Kochi,2026-01-11,46.48,16.6,21.09,,3.91,4.1,7.81
Kochi,2026-01-12,46.63,16.13,21.28,0.53,2.48,3.19,9.75
Kochi,2026-01-13,49.28,15.47,19.34,0.14,4.44,2.87,8.45
Kochi,2026-01-14,43.18,17.34,21.51,,4.01,4.49,9.47
Kochi,2026-01-15,40.38,18.18,21.68,,4.55,6.64,8.57
Kochi,2026-01-16,48.84,15.31,18.6,,3.49,3.29,10.47
Kochi,2026-01-17,44.44,16.96,22.42,,3.12,4.29,8.77
Kochi,2026-01-18,42.16,15.14,25.05,0.18,3.78,4.68,9.01
Kochi,2026-01-19,42.39,18.29,20.51,0.17,3.42,4.79,10.43
Kochi,2026-01-20,46.66,17.56,18.23,,3.18,5.85,8.53
Kochi,2026-01-21,46.85,15.84,21.29,,3.58,2.73,9.71
Kochi,2026-01-22,42.03,20.32,18.13,0.2,5.18,3.39,10.76
Kochi,2026-01-23,43.34,15.64,19.87,,2.54,4.44,14.16
Kochi,2026-01-24,42.27,16.31,22.75,,1.93,7.08,9.66
Kochi,2026-01-25,48.35,16.05,18.52,0.62,3.29,3.91,9.26
Kochi,2026-01-26,47.41,17.36,14.86,0.33,3.17,5.01,11.85
Kochi,2026-01-27,44.61,14.08,22.85,,2.19,6.4,9.87
Kochi,2026-01-28,42.39,19.15,20.0,0.17,3.25,4.96,10.09
Kochi,2026-01-29,44.66,17.52,19.44,,3.21,4.27,10.9
Kochi,2026-01-30,47.15,10.71,21.41,0.46,3.19,7.29,9.79
Kochi,2026-01-31,38.87,18.91,20.59,0.42,2.94,3.57,14.71
Kochi,2026-02-01,40.77,17.34,20.72,,3.38,4.95,12.84
Kochi,2026-02-02,43.83,19.16,22.47,,3.52,3.3,7.71
Kochi,2026-02-03,46.83,12.68,20.65,0.2,3.07,4.5,12.07
Kochi,2026-02-04,44.89,13.83,23.11,0.19,4.55,3.03,10.42
Kochi,2026-02-05,35.7,17.33,25.26,,2.3,2.51,16.91
Kochi,2026-02-06,44.85,12.02,21.95,0.38,4.77,3.63,12.4
Kochi,2026-02-07,47.88,15.59,17.82,,3.34,2.9,12.47
Kochi,2026-02-08,43.1,18.1,21.64,0.75,4.1,5.04,7.28
Kochi,2026-02-09,42.5,16.7,20.11,,4.36,6.26,10.06
Kochi,2026-02-10,40.46,14.66,24.38,0.35,4.24,3.89,12.01
Kochi,2026-02-11,44.14,18.2,21.76,,2.72,4.6,8.58
Kochi,2026-02-12,42.26,17.4,20.84,,3.82,4.97,10.71
Kochi,2026-02-13,40.12,14.52,22.38,0.6,3.43,3.02,15.93
Kochi,2026-02-14,39.41,18.82,22.75,0.39,2.75,3.33,12.55
Kochi,2026-02-15,41.12,17.17,19.76,0.2,4.99,3.19,13.57
Kochi,2026-02-16,38.68,19.92,22.05,0.19,3.68,3.29,12.19
Kochi,2026-02-17,42.49,16.75,22.11,,2.94,3.63,12.09
Kochi,2026-02-18,42.61,17.15,21.73,0.17,3.06,4.41,10.87
Kochi,2026-02-19,43.22,16.3,21.43,0.37,3.66,4.4,10.62
Kochi,2026-02-20,40.03,19.42,21.81,0.51,4.09,3.07,11.07
Kochi,2026-02-21,46.14,18.77,20.0,0.53,2.28,3.51,8.77
Kochi,2026-02-22,46.93,13.93,19.73,0.5,2.32,3.32,13.27
Kochi,2026-02-23,44.51,16.3,21.25,,2.56,3.66,11.72
Kochi,2026-02-24,43.86,16.5,17.3,,3.62,4.23,14.49
Kochi,2026-02-25,44.02,18.73,16.02,0.58,3.28,3.86,13.51
Kochi,2026-02-26,41.13,16.33,19.35,0.2,5.85,4.44,12.7
Kochi,2026-02-27,44.49,14.96,23.43,,2.95,3.15,11.02
Kochi,2026-02-28,43.52,16.26,18.02,0.44,3.3,4.4,14.07
Kochi,2026-03-01,45.45,17.25,16.32,0.23,2.33,5.13,13.29
Kochi,2026-03-02,43.74,16.22,19.51,0.62,2.87,3.08,13.96
Kochi,2026-03-03,46.26,13.83,18.82,0.68,2.27,4.31,13.83
Kochi,2026-03-04,41.45,15.79,21.71,0.66,2.41,4.17,13.82
Kochi,2026-03-05,37.58,17.75,19.42,0.21,2.92,3.76,18.37
Kochi,2026-03-06,43.1,13.15,21.77,,4.53,2.59,14.87
Kochi,2026-03-07,45.02,16.88,20.35,,2.38,3.25,12.12
Kochi,2026-03-08,43.36,13.07,19.5,0.21,3.11,2.7,18.05
Kochi,2026-03-09,42.6,17.49,18.39,,5.38,3.59,12.56
Kochi,2026-03-10,38.03,18.31,23.94,0.4,3.42,4.63,11.27
Kochi,2026-03-11,42.33,17.28,17.71,,4.54,4.1,14.04
Kochi,2026-03-12,41.34,15.58,23.16,0.22,2.81,3.68,13.2
Kochi,2026-03-13,46.8,13.59,17.48,0.19,2.91,6.02,13.01
Kochi,2026-03-14,40.91,20.78,19.05,,3.46,5.41,10.39
Kochi,2026-03-15,39.12,21.55,17.57,0.42,2.93,5.02,13.39
Kochi,2026-03-16,42.92,16.88,20.21,,3.13,4.58,12.29
Kochi,2026-03-17,43.47,19.22,19.22,,3.17,3.36,11.57
Kochi,2026-03-18,45.03,19.89,18.76,0.38,2.81,3.75,9.38
Kochi,2026-03-19,47.63,15.3,22.63,0.43,2.8,2.8,8.41
Kochi,2026-03-20,47.85,19.73,16.99,0.2,2.15,4.1,8.98
Kochi,2026-03-21,49.49,18.28,16.63,0.21,2.26,3.7,9.45
Kochi,2026-03-22,44.47,16.03,20.54,,4.06,2.03,12.87
Kochi,2026-03-23,40.57,19.24,18.86,0.19,4.95,5.14,11.05
Kochi,2026-03-24,37.52,19.59,18.85,0.37,5.55,5.36,12.75
Kochi,2026-03-25,43.54,16.67,20.63,0.21,3.96,4.79,10.21
Kochi,2026-03-26,45.53,15.9,19.88,0.2,2.19,3.18,13.12
Kochi,2026-03-27,44.92,15.33,21.17,0.22,3.67,5.18,9.5
Kochi,2026-03-28,48.01,15.14,17.93,0.2,4.78,5.18,8.76
Kochi,2026-03-29,48.11,13.36,19.6,0.22,3.12,4.9,10.69
Kochi,2026-03-30,47.81,13.94,21.71,,2.59,3.78,10.16
Kochi,2026-03-31,44.12,15.97,18.28,0.42,2.73,5.88,12.61
Kochi,2026-04-01,38.14,17.74,22.39,0.22,2.44,5.76,13.3
Kochi,2026-04-02,49.88,16.08,16.78,,1.18,4.96,11.11
Kochi,2026-04-03,47.29,16.67,14.79,0.42,4.38,5.0,11.46
Kochi,2026-04-04,40.86,19.71,20.43,,2.61,3.33,13.06
Kochi,2026-04-05,40.42,16.59,20.56,0.23,5.14,4.21,12.85
Kochi,2026-04-06,43.85,14.55,17.62,0.2,4.1,5.53,14.14
Kochi,2026-04-07,45.43,16.21,18.49,0.91,3.2,5.02,10.73
Kochi,2026-04-08,42.49,15.22,22.2,,3.38,3.81,12.9
Kochi,2026-04-09,42.4,17.23,18.82,0.68,3.4,4.99,12.47
Kochi,2026-04-10,47.78,18.67,16.89,0.44,3.56,4.44,8.22
Kochi,2026-04-11,47.02,16.07,16.87,,2.18,6.55,11.31
Kochi,2026-04-12,44.74,18.56,17.94,,3.51,4.12,11.13
Kochi,2026-04-13,42.04,19.07,15.56,0.19,3.52,5.19,14.44
Kochi,2026-04-14,47.02,18.09,18.3,0.21,2.34,4.47,9.57
Kochi,2026-04-15,45.04,15.67,18.65,,2.58,5.75,12.3
Kochi,2026-04-16,43.87,15.9,23.37,,2.49,3.26,11.11
Kochi,2026-04-17,45.26,17.88,19.71,,2.92,2.74,11.5
Kochi,2026-04-18,44.62,18.33,20.92,0.2,1.79,3.78,10.36
Kochi,2026-04-19,44.1,16.44,19.34,0.19,3.87,3.48,12.57
Kochi,2026-04-20,44.22,18.86,20.08,0.2,3.25,4.87,8.52
Kochi,2026-04-21,43.51,17.76,19.36,0.2,4.19,2.99,11.98
Kochi,2026-04-22,39.57,16.54,24.02,0.2,4.33,5.12,10.24
Kochi,2026-04-23,45.7,16.02,18.36,0.39,2.73,4.1,12.7
Kochi,2026-04-24,45.69,11.82,20.04,0.2,3.01,3.61,15.63
Kochi,2026-04-25,48.98,14.23,15.16,,3.33,4.25,14.05
Kochi,2026-04-26,42.04,15.5,21.44,,2.55,5.31,13.16
Kochi,2026-04-27,41.39,14.89,22.44,0.19,0.97,6.0,14.12
Kochi,2026-04-28,44.23,15.28,21.85,,1.78,4.44,12.43
Kochi,2026-04-29,45.08,16.67,17.23,0.19,2.84,4.92,13.07
Kochi,2026-04-30,44.28,14.04,20.3,0.43,1.51,6.7,12.74
Kochi,2026-05-01,42.86,15.76,17.73,0.25,4.19,7.39,11.82
Kochi,2026-05-02,43.57,15.03,21.79,0.22,3.49,5.66,10.24
Kochi,2026-05-03,44.98,12.76,20.92,,2.72,7.32,11.3
Kochi,2026-05-04,43.41,13.17,19.02,,3.66,3.41,17.32
Kochi,2026-05-05,44.05,13.22,24.89,,3.3,4.63,9.91
Kochi,2026-05-06,43.98,12.04,23.1,,3.44,3.93,13.51
Kochi,2026-05-07,40.51,15.99,20.04,,5.33,7.04,11.09
Kochi,2026-05-08,47.1,13.04,18.36,0.24,5.8,4.59,10.87
Kochi,2026-05-09,48.73,12.03,18.57,0.21,2.53,7.17,10.76
Kochi,2026-05-10,46.62,17.21,19.17,0.22,2.4,3.49,10.89
Kochi,2026-05-11,46.88,14.89,17.1,,4.41,6.99,9.74
Kochi,2026-05-12,41.23,16.79,23.69,0.19,4.1,4.48,9.51
Kochi,2026-05-13,44.42,20.57,18.82,0.44,1.09,5.25,9.41
Kochi,2026-05-14,38.7,21.02,20.43,0.59,3.54,3.73,11.98
Kochi,2026-05-15,46.31,15.31,19.47,0.19,3.78,3.78,11.15
Kochi,2026-05-16,44.4,15.56,23.03,0.21,2.9,2.28,11.62
Kochi,2026-05-17,46.75,14.79,19.53,,3.55,3.94,11.44
Kochi,2026-05-18,39.36,19.68,22.09,0.2,3.41,5.62,9.64
Kochi,2026-05-19,38.84,17.26,22.33,0.19,4.32,6.38,10.69
Kochi,2026-05-20,43.83,13.22,24.23,0.22,4.19,3.74,10.57
Kochi,2026-05-21,45.93,16.86,20.16,,2.91,4.26,9.88
Kochi,2026-05-22,46.83,19.0,15.17,,5.17,3.67,10.17
Kochi,2026-05-23,43.09,18.09,21.34,,3.46,5.49,8.54
Kochi,2026-05-24,47.05,15.62,19.43,0.38,4.57,3.62,9.33
Kochi,2026-05-25,45.15,15.67,18.28,0.75,4.1,4.48,11.57
Kochi,2026-05-26,40.3,15.21,22.05,0.38,5.13,3.99,12.93
Kochi,2026-05-27,40.37,17.96,21.67,0.74,3.52,2.04,13.7
Kochi,2026-05-28,43.38,19.78,15.79,,6.06,4.31,10.69
Kochi,2026-05-29,42.78,18.72,19.61,0.18,3.39,4.63,10.7
Kochi,2026-05-30,43.32,17.47,21.57,0.36,2.5,3.39,11.41
Kochi,2026-05-31,50.45,15.79,15.43,0.36,3.99,3.63,10.34
Kochi,2026-06-01,37.66,16.27,20.48,0.18,6.58,5.48,13.35
Kochi,2026-06-02,46.55,16.81,17.35,,3.36,3.89,12.04
Kochi,2026-06-03,45.45,13.33,22.63,,4.04,4.85,9.7
Kochi,2026-06-04,42.86,18.53,20.85,,4.05,3.09,10.62
Kochi,2026-06-05,46.67,14.77,19.1,0.18,4.32,4.5,10.45
Kochi,2026-06-06,43.54,14.31,22.47,,4.37,4.17,11.13
Kochi,2026-06-07,49.01,12.61,20.18,0.54,5.41,3.42,8.83
Kochi,2026-06-08,46.99,15.53,19.81,,4.47,2.52,10.68
Kochi,2026-06-09,35.84,13.64,28.32,,6.29,4.02,11.89
Kochi,2026-06-10,40.49,13.88,29.28,,3.04,2.85,10.46
Kochi,2026-06-11,42.83,18.47,20.43,,3.14,3.14,11.98
Kochi,2026-06-12,41.62,15.25,22.98,,3.39,4.52,12.24
Kochi,2026-06-13,45.55,18.22,18.62,0.4,3.24,3.24,10.73
Kochi,2026-06-14,40.57,18.85,23.52,,3.23,4.31,9.52
Kochi,2026-06-15,40.72,16.76,22.52,,3.24,4.32,12.43
Kochi,2026-06-16,41.79,17.67,22.87,0.21,3.95,3.33,10.19
Kochi,2026-06-17,40.69,16.09,22.06,0.72,2.71,3.25,14.47
Kochi,2026-06-18,40.3,18.57,24.05,0.63,2.11,2.32,12.03
Kochi,2026-06-19,41.37,19.88,19.08,,3.41,6.43,9.84
Kochi,2026-06-20,41.08,17.29,20.82,0.37,2.79,5.95,11.71
Kochi,2026-06-21,46.3,14.65,16.33,0.17,4.55,5.22,12.79
Kochi,2026-06-22,44.25,15.67,18.45,0.4,4.37,2.58,14.29
Kochi,2026-06-23,35.29,17.65,20.17,,6.93,4.41,15.55
Kochi,2026-06-24,39.88,14.29,21.43,,4.56,3.77,16.07
Kochi,2026-06-25,41.81,16.17,19.13,0.2,3.35,4.14,15.19
Kochi,2026-06-26,44.8,13.75,19.14,,3.72,4.28,14.31
Kochi,2026-06-27,37.58,17.36,21.76,0.22,4.4,5.49,13.19
Kochi,2026-06-28,40.0,15.37,20.21,,6.11,5.05,13.26
Kochi,2026-06-29,38.72,19.18,20.25,0.18,4.44,2.66,14.56
Kochi,2026-06-30,39.27,16.15,22.2,0.18,5.14,4.95,12.11
Kochi,2026-07-01,43.74,17.2,19.32,,4.67,5.1,9.98
Kochi,2026-07-02,44.47,15.57,15.57,0.2,5.74,4.71,13.73
Kochi,2026-07-03,38.78,17.65,20.04,0.22,4.79,6.75,11.76
Kochi,2026-07-04,48.67,14.04,18.16,,4.84,3.15,11.14
Kochi,2026-07-05,41.95,21.95,18.29,0.24,3.9,2.93,10.73
Kochi,2026-07-06,39.53,14.74,25.21,,4.49,4.91,11.11
Kochi,2026-07-07,44.84,15.37,19.79,,4.21,1.89,13.89
Kochi,2026-07-08,44.91,15.57,14.57,0.6,4.19,6.19,13.97
Kochi,2026-07-09,48.66,17.32,15.59,0.16,4.57,3.62,10.08
Kochi,2026-07-10,45.45,17.25,19.29,,2.41,5.38,10.2
Kochi,2026-07-11,46.06,16.95,19.01,0.34,3.6,1.88,12.16
Kochi,2026-07-12,44.94,18.7,16.12,,4.29,4.8,11.15
Kochi,2026-07-13,43.12,14.68,19.11,,3.98,4.28,14.83
Kochi,2026-07-14,39.26,14.26,24.47,0.35,4.05,4.58,13.03
Kochi,2026-07-15,45.8,15.92,20.57,,3.76,2.68,11.27
Kochi,2026-07-16,44.25,14.42,18.91,0.19,4.29,4.09,13.84
Kochi,2026-07-17,44.34,16.34,17.95,,3.77,5.75,11.85
Kochi,2026-07-18,43.17,15.65,20.5,,4.5,5.22,10.97
Kochi,2026-07-19,46.37,14.36,18.51,,5.02,3.98,11.76
Kochi,2026-07-20,44.38,12.92,23.03,,3.18,2.81,13.67
Kochi,2026-07-21,42.73,16.57,20.63,,6.26,4.05,9.76
Kochi,2026-07-22,43.8,14.73,21.12,0.19,4.07,3.49,12.6
Kochi,2026-07-23,47.34,16.67,16.31,0.18,4.26,3.01,12.23
Kochi,2026-07-24,53.13,18.62,13.0,0.32,4.01,2.57,8.35
Kochi,2026-07-25,49.33,15.15,16.84,,4.38,3.2,11.11
Kochi,2026-07-26,46.75,17.65,17.96,,2.94,6.19,8.51
Kochi,2026-07-27,48.22,17.66,16.91,,2.23,3.71,11.28
Kochi,2026-07-28,48.31,14.36,19.26,,4.73,3.72,9.63
Kochi,2026-07-29,43.49,17.47,20.5,0.18,4.81,4.1,9.45
Kochi,2026-07-30,48.09,15.31,18.47,0.17,2.83,5.16,9.98
Kochi,2026-07-31,45.36,16.72,17.72,0.83,1.82,4.64,12.91
Kochi,2026-08-01,46.8,16.73,16.35,,3.95,5.26,10.9
Kochi,2026-08-02,44.44,17.81,18.87,0.35,3.7,3.53,11.29
Kochi,2026-08-03,46.8,13.14,20.2,0.16,3.45,6.08,10.18
Kochi,2026-08-04,46.09,13.27,20.75,,3.74,3.91,12.24
Kochi,2026-08-05,45.85,16.45,17.61,0.5,3.65,3.49,12.46
Kochi,2026-08-06,40.46,17.76,24.01,,4.11,2.8,10.86
Kochi,2026-08-07,44.05,15.82,21.43,0.17,2.55,4.08,11.9
Kochi,2026-08-08,44.64,15.4,19.2,,3.81,4.84,12.11
Kochi,2026-08-09,46.47,15.55,18.55,0.35,3.0,4.06,12.01
Kochi,2026-08-10,45.09,17.09,22.55,,3.09,2.73,9.45
Kochi,2026-08-11,41.59,14.9,22.18,0.35,6.93,3.47,10.57
Kochi,2026-08-12,44.32,16.76,16.2,,4.1,6.89,11.73
Kochi,2026-08-13,41.64,20.18,20.73,,4.18,2.73,10.55
Kochi,2026-08-14,45.96,17.72,18.95,,2.63,4.91,9.82
Kochi,2026-08-15,45.26,15.51,19.71,0.55,3.28,3.83,11.86
Kochi,2026-08-16,47.59,18.54,15.86,,4.63,3.39,9.98
Kochi,2026-08-17,45.77,16.06,17.96,0.35,4.84,3.28,11.74
Kochi,2026-08-18,44.19,18.66,18.13,,4.75,4.23,10.04
Kochi,2026-08-19,47.41,15.93,17.47,,4.22,5.76,9.21
Kochi,2026-08-20,41.98,16.87,18.72,,3.91,5.14,13.37
Kochi,2026-08-21,43.42,18.58,17.54,,3.97,5.22,11.27
Kochi,2026-08-22,47.03,12.47,20.25,0.2,4.09,4.7,11.25
Kochi,2026-08-23,52.31,15.49,16.9,0.2,3.02,3.82,8.25
Kochi,2026-08-24,45.2,16.76,20.15,0.19,3.39,3.95,10.36
Kochi,2026-08-25,44.87,15.6,19.87,0.21,3.63,5.34,10.47
Kochi,2026-08-26,50.41,14.02,17.48,,3.86,3.86,10.37
Kochi,2026-08-27,44.17,17.67,21.38,0.35,3.36,3.18,9.89
Kochi,2026-08-28,43.07,18.11,19.96,0.18,4.07,4.07,10.54
Kochi,2026-08-29,41.17,18.55,19.26,1.41,4.06,4.42,11.13
Kochi,2026-08-30,46.22,13.4,23.02,0.17,3.26,4.47,9.45
Kochi,2026-08-31,43.87,16.93,20.38,0.17,3.11,6.04,9.5
Kolkata,2025-01-01,37.46,29.75,11.09,0.2,1.52,1.47,18.51
Kolkata,2025-01-02,34.59,32.24,12.07,0.32,2.07,1.61,17.09
Kolkata,2025-01-03,35.21,31.19,12.23,0.58,2.14,1.7,16.96
Kolkata,2025-01-04,33.68,29.13,11.3,0.39,2.12,2.38,21.0
Kolkata,2025-01-05,35.56,30.99,11.73,0.27,2.6,1.57,17.29
Kolkata,2025-01-06,37.06,27.01,12.31,0.21,3.56,1.68,18.17
Kolkata,2025-01-07,36.42,30.71,12.43,0.35,1.86,1.43,16.8
Kolkata,2025-01-08,35.5,30.37,13.41,0.48,2.1,1.14,17.0
Kolkata,2025-01-09,33.6,31.89,13.82,0.35,1.67,1.18,17.5
Kolkata,2025-01-10,37.31,28.93,13.11,0.81,1.76,1.22,16.85
Kolkata,2025-01-11,35.0,30.08,13.0,0.4,2.64,1.45,17.44
Kolkata,2025-01-12,36.05,31.73,11.19,0.09,2.07,1.9,16.97
Kolkata,2025-01-13,35.89,31.32,13.09,0.33,2.14,1.29,15.94
Kolkata,2025-01-14,37.35,30.18,12.72,0.23,1.89,1.22,16.42
Kolkata,2025-01-15,37.04,30.38,12.12,0.41,2.07,2.07,15.92
Kolkata,2025-01-16,34.54,29.53,12.77,0.45,2.55,1.75,18.41
Kolkata,2025-01-17,37.44,30.78,11.85,0.51,2.45,1.43,15.56
Kolkata,2025-01-18,36.84,31.06,11.5,0.3,2.71,1.51,16.07
Kolkata,2025-01-19,37.85,30.9,11.98,0.26,2.65,1.22,15.15
Kolkata,2025-01-20,34.72,30.48,13.72,0.13,1.71,1.37,17.87
Kolkata,2025-01-21,34.25,30.19,14.18,0.26,2.23,1.22,17.67
Kolkata,2025-01-22,36.69,30.81,11.53,0.47,2.08,1.23,17.2
Kolkata,2025-01-23,37.23,30.05,12.2,0.21,1.95,1.66,16.7
Kolkata,2025-01-24,35.51,30.85,13.22,0.25,2.33,1.78,16.06
Kolkata,2025-01-25,39.82,28.53,12.23,0.23,2.08,0.86,16.25
Kolkata,2025-01-26,40.01,28.11,11.6,0.25,1.95,1.4,16.68
Kolkata,2025-01-27,35.21,30.42,12.35,0.93,1.91,1.27,17.9
Kolkata,2025-01-28,35.85,28.98,13.35,0.26,2.42,1.25,17.88
Kolkata,2025-01-29,36.56,28.41,13.44,0.47,2.18,1.15,17.79
Kolkata,2025-01-30,38.22,29.43,11.21,0.55,2.07,1.56,16.96
Kolkata,2025-01-31,35.05,30.35,13.83,0.55,2.05,1.23,16.93
Kolkata,2025-02-01,37.42,28.46,13.21,0.39,2.37,1.84,16.31
Kolkata,2025-02-02,36.53,30.22,11.85,0.39,2.4,1.13,17.48
Kolkata,2025-02-03,36.55,30.36,11.86,0.32,1.32,1.41,18.18
Kolkata,2025-02-04,36.99,29.65,12.95,0.32,1.63,1.27,17.2
Kolkata,2025-02-05,34.76,30.26,13.17,0.35,1.23,1.81,18.41
Kolkata,2025-02-06,33.74,29.27,14.98,0.05,1.95,1.07,18.94
Kolkata,2025-02-07,34.61,30.26,13.35,0.37,2.34,1.12,17.94
Kolkata,2025-02-08,36.86,28.86,12.29,0.39,2.19,1.4,18.01
Kolkata,2025-02-09,34.95,29.93,12.84,0.18,2.44,0.9,18.76
Kolkata,2025-02-10,35.56,29.32,12.18,0.3,2.01,1.79,18.85
Kolkata,2025-02-11,37.18,29.77,12.95,0.71,1.69,1.38,16.33
Kolkata,2025-02-12,34.3,32.78,13.1,0.25,1.91,1.03,16.63
Kolkata,2025-02-13,36.85,29.55,12.22,0.33,1.77,1.15,18.14
Kolkata,2025-02-14,34.78,30.76,13.56,0.23,1.46,1.28,17.94
Kolkata,2025-02-15,35.91,28.28,11.69,0.31,2.36,1.87,19.58
Kolkata,2025-02-16,37.18,28.43,12.67,0.29,1.83,1.58,18.01
Kolkata,2025-02-17,35.68,29.39,13.25,0.62,1.9,1.74,17.43
Kolkata,2025-02-18,35.64,28.22,13.68,0.37,2.72,1.94,17.43
Kolkata,2025-02-19,35.31,31.43,13.31,0.36,2.23,0.98,16.38
Kolkata,2025-02-20,38.4,28.18,13.25,0.28,2.38,1.12,16.38
Kolkata,2025-02-21,36.78,29.64,12.98,0.17,1.77,1.3,17.35
Kolkata,2025-02-22,38.49,29.61,11.31,0.43,1.78,1.43,16.95
Kolkata,2025-02-23,36.74,30.58,12.27,0.31,1.45,1.85,16.81
Kolkata,2025-02-24,36.4,27.4,15.06,0.29,2.47,1.97,16.41
Kolkata,2025-02-25,37.71,28.55,11.9,0.31,1.44,1.66,18.44
Kolkata,2025-02-26,36.7,27.21,13.49,0.66,1.97,1.22,18.75
Kolkata,2025-02-27,36.62,29.8,13.49,0.31,1.89,1.01,16.88
Kolkata,2025-02-28,36.38,30.18,12.98,0.35,1.41,1.63,17.07
Kolkata,2025-03-01,37.51,27.24,13.18,0.14,2.41,1.94,17.58
Kolkata,2025-03-02,35.17,29.35,13.42,0.22,1.57,1.25,19.02
Kolkata,2025-03-03,33.97,29.57,13.37,0.26,2.18,1.39,19.25
Kolkata,2025-03-04,35.49,27.54,12.83,0.39,1.73,2.37,19.64
Kolkata,2025-03-05,35.49,27.55,13.8,0.67,1.71,2.43,18.36
Kolkata,2025-03-06,37.32,27.84,13.5,0.18,2.08,1.86,17.22
Kolkata,2025-03-07,34.68,28.64,13.15,0.18,1.48,1.48,20.4
Kolkata,2025-03-08,36.89,25.44,13.2,0.26,2.32,0.88,21.01
Kolkata,2025-03-09,37.31,28.64,12.79,0.2,2.04,1.17,17.84
Kolkata,2025-03-10,33.72,29.91,13.24,0.41,2.52,2.24,17.96
Kolkata,2025-03-11,33.49,27.23,13.83,0.25,2.16,2.11,20.93
Kolkata,2025-03-12,34.1,28.72,14.47,0.26,1.76,2.25,18.44
Kolkata,2025-03-13,35.99,29.13,12.42,0.14,1.64,2.03,18.65
Kolkata,2025-03-14,38.44,29.6,11.26,0.25,1.76,1.36,17.34
Kolkata,2025-03-15,35.2,29.52,12.16,0.21,2.71,1.2,18.99
Kolkata,2025-03-16,36.09,28.37,13.88,0.35,1.94,1.36,18.02
Kolkata,2025-03-17,34.67,28.46,14.68,0.59,3.34,1.53,16.73
Kolkata,2025-03-18,36.09,30.1,12.79,0.33,2.08,1.47,17.15
Kolkata,2025-03-19,39.08,28.17,13.32,0.42,1.75,1.21,16.06
Kolkata,2025-03-20,37.26,28.32,12.29,0.64,2.33,1.65,17.51
Kolkata,2025-03-21,34.88,29.44,14.46,0.49,1.9,1.68,17.15
Kolkata,2025-03-22,36.88,29.15,10.91,0.27,2.64,0.94,19.22
Kolkata,2025-03-23,35.41,29.8,13.73,0.13,1.63,1.72,17.58
Kolkata,2025-03-24,34.3,29.15,14.14,0.17,2.03,1.86,18.34
Kolkata,2025-03-25,34.57,32.23,13.15,0.34,2.13,1.23,16.35
Kolkata,2025-03-26,36.14,29.54,13.88,0.09,1.65,1.34,17.35
Kolkata,2025-03-27,36.12,27.28,14.1,0.52,1.91,1.65,18.41
Kolkata,2025-03-28,35.69,27.15,13.4,0.36,2.14,2.37,18.89
Kolkata,2025-03-29,36.71,26.95,14.17,0.23,2.21,1.33,18.4
Kolkata,2025-03-30,36.73,29.9,12.07,0.33,2.11,1.31,17.55
Kolkata,2025-03-31,34.46,29.91,13.34,0.39,1.53,1.36,19.02
Kolkata,2025-04-01,33.6,29.54,14.75,0.81,1.67,1.4,18.22
Kolkata,2025-04-02,35.92,28.61,14.12,0.18,2.03,1.58,17.55
Kolkata,2025-04-03,37.1,28.82,13.44,0.33,2.19,1.44,16.69
Kolkata,2025-04-04,37.81,27.7,13.49,0.43,1.54,1.69,17.34
Kolkata,2025-04-05,34.02,29.56,13.75,0.28,2.44,1.36,18.58
Kolkata,2025-04-06,37.92,27.94,13.26,0.32,2.05,1.69,16.82
Kolkata,2025-04-07,35.31,27.29,14.8,0.7,2.55,1.9,17.45
Kolkata,2025-04-08,35.53,27.36,14.5,0.35,2.18,1.73,18.36
Kolkata,2025-04-09,34.92,30.45,14.39,0.67,3.28,1.14,15.15
Kolkata,2025-04-10,34.65,29.96,14.21,0.27,2.14,1.28,17.49
Kolkata,2025-04-11,37.27,28.58,13.35,0.69,1.42,1.55,17.15
Kolkata,2025-04-12,35.77,27.0,13.75,1.78,2.56,1.1,18.04
Kolkata,2025-04-13,38.37,27.71,12.28,1.53,1.98,1.39,16.73
Kolkata,2025-04-14,36.91,30.34,12.93,0.85,1.39,0.81,16.78
Kolkata,2025-04-15,38.19,29.27,9.97,0.35,1.49,1.59,19.15
Kolkata,2025-04-16,35.95,29.59,13.15,0.43,1.67,1.2,18.02
Kolkata,2025-04-17,39.61,30.08,11.85,0.54,1.52,1.83,14.57
Kolkata,2025-04-18,39.26,28.26,11.75,0.79,2.03,1.12,16.8
Kolkata,2025-04-19,39.03,28.2,11.95,0.48,1.81,1.36,17.17
Kolkata,2025-04-20,36.81,30.31,9.98,0.52,1.88,1.12,19.37
Kolkata,2025-04-21,36.22,28.43,13.13,0.39,1.7,0.65,19.48
Kolkata,2025-04-22,33.9,29.49,14.59,0.31,1.4,1.7,18.61
Kolkata,2025-04-23,35.38,29.68,12.09,0.3,1.64,1.04,19.87
Kolkata,2025-04-24,34.43,27.86,13.12,0.61,1.77,1.36,20.85
Kolkata,2025-04-25,36.79,27.03,12.71,0.78,1.7,1.06,19.94
Kolkata,2025-04-26,32.92,27.05,13.99,0.57,1.99,0.75,22.73
Kolkata,2025-04-27,32.47,27.66,12.61,0.41,2.36,1.26,23.23
Kolkata,2025-04-28,34.0,28.45,14.61,0.32,2.46,1.46,18.71
Kolkata,2025-04-29,33.97,28.59,13.5,0.45,1.72,2.12,19.65
Kolkata,2025-04-30,35.17,28.6,12.71,0.53,1.98,1.59,19.42
Kolkata,2025-05-01,35.06,27.75,14.69,0.38,1.45,1.11,19.56
Kolkata,2025-05-02,31.8,28.09,14.92,0.36,1.24,1.52,22.07
Kolkata,2025-05-03,33.64,27.97,12.89,0.56,2.08,1.08,21.79
Kolkata,2025-05-04,34.22,25.54,13.93,0.34,2.35,1.24,22.38
Kolkata,2025-05-05,33.51,28.27,14.2,0.45,1.47,0.98,21.11
Kolkata,2025-05-06,36.27,28.37,14.71,0.27,1.42,0.96,18.0
Kolkata,2025-05-07,34.21,27.99,13.79,0.3,1.87,1.16,20.67
Kolkata,2025-05-08,34.02,26.44,14.61,0.5,1.73,1.34,21.36
Kolkata,2025-05-09,35.76,26.09,15.18,0.31,1.51,1.4,19.75
Kolkata,2025-05-10,33.07,29.29,14.9,0.32,1.98,1.2,19.23
Kolkata,2025-05-11,32.81,28.65,14.43,0.34,2.06,1.39,20.32
Kolkata,2025-05-12,34.68,28.78,14.08,0.17,2.56,1.78,17.96
Kolkata,2025-05-13,32.82,29.62,14.81,0.29,2.17,1.51,18.78
Kolkata,2025-05-14,33.09,27.99,16.31,0.31,2.06,1.79,18.45
Kolkata,2025-05-15,34.13,26.96,14.8,0.38,1.6,1.6,20.52
Kolkata,2025-05-16,36.78,27.9,13.95,0.34,1.98,1.56,17.49
Kolkata,2025-05-17,37.33,27.98,13.71,0.29,2.05,1.17,17.46
Kolkata,2025-05-18,34.74,25.22,14.73,0.27,1.84,1.17,22.04
Kolkata,2025-05-19,31.49,28.54,16.4,0.45,1.66,1.36,20.1
Kolkata,2025-05-20,33.66,27.71,16.14,0.62,1.75,1.39,18.73
Kolkata,2025-05-21,35.57,26.61,14.64,0.35,1.85,1.39,19.58
Kolkata,2025-05-22,36.33,28.51,13.8,0.66,2.4,1.25,17.04
Kolkata,2025-05-23,35.78,27.45,13.65,0.36,0.91,0.91,20.93
Kolkata,2025-05-24,35.21,28.54,13.31,0.39,1.99,1.03,19.52
Kolkata,2025-05-25,34.89,28.19,13.65,0.46,1.67,0.96,20.17
Kolkata,2025-05-26,34.56,28.81,14.27,0.53,1.35,0.99,19.48
Kolkata,2025-05-27,34.08,29.07,14.16,0.33,1.7,1.18,19.48
Kolkata,2025-05-28,34.02,27.92,14.49,0.5,1.45,0.95,20.67
Kolkata,2025-05-29,32.41,27.94,14.03,0.49,1.78,1.48,21.87
Kolkata,2025-05-30,32.7,25.65,12.94,0.31,1.67,1.7,25.03
Kolkata,2025-05-31,34.93,25.69,13.07,0.57,1.79,1.83,22.11
Kolkata,2025-06-01,33.44,28.11,13.01,0.15,1.39,1.51,22.39
Kolkata,2025-06-02,35.5,26.28,14.97,0.51,1.59,1.79,19.36
Kolkata,2025-06-03,30.97,25.75,13.14,0.34,1.41,1.45,26.93
Kolkata,2025-06-04,34.64,28.03,14.31,0.71,1.82,1.58,18.9
Kolkata,2025-06-05,33.16,27.78,15.86,0.42,1.97,1.51,19.3
Kolkata,2025-06-06,33.23,28.59,15.64,0.49,1.83,1.06,19.17
Kolkata,2025-06-07,33.08,28.89,15.16,0.41,2.54,1.2,18.71
Kolkata,2025-06-08,34.52,28.03,13.48,0.31,2.34,1.08,20.24
Kolkata,2025-06-09,33.62,26.17,14.9,0.34,2.27,1.48,21.22
Kolkata,2025-06-10,34.63,27.31,14.6,0.65,2.08,1.46,19.26
Kolkata,2025-06-11,33.92,29.03,15.1,0.37,2.21,0.92,18.45
Kolkata,2025-06-12,34.41,28.17,13.0,0.52,2.49,1.33,20.08
Kolkata,2025-06-13,34.77,26.95,15.09,0.32,1.82,1.46,19.6
Kolkata,2025-06-14,35.52,28.25,12.45,0.2,2.77,1.42,19.4
Kolkata,2025-06-15,34.56,27.39,13.88,0.59,2.93,1.08,19.56
Kolkata,2025-06-16,34.36,26.46,15.3,0.29,1.74,1.23,20.62
Kolkata,2025-06-17,33.14,27.37,14.98,0.51,2.34,0.95,20.72
Kolkata,2025-06-18,35.94,28.15,13.88,0.52,2.43,0.99,18.09
Kolkata,2025-06-19,35.82,28.55,13.31,0.26,1.97,1.19,18.91
Kolkata,2025-06-20,35.66,27.87,14.16,0.37,1.84,1.35,18.77
Kolkata,2025-06-21,36.2,28.35,12.92,0.41,2.48,1.11,18.54
Kolkata,2025-06-22,38.84,26.55,12.62,0.56,2.33,0.89,18.22
Kolkata,2025-06-23,33.76,27.85,14.37,0.39,2.32,1.82,19.51
Kolkata,2025-06-24,35.29,28.36,13.63,0.37,2.31,1.42,18.62
Kolkata,2025-06-25,35.06,28.51,14.26,0.32,2.13,1.04,18.67
Kolkata,2025-06-26,33.7,26.87,14.31,0.35,1.95,0.98,21.84
Kolkata,2025-06-27,37.34,25.93,12.93,0.47,1.82,1.36,20.15
Kolkata,2025-06-28,34.98,29.52,12.97,0.19,1.82,1.19,19.33
Kolkata,2025-06-29,35.09,27.47,13.96,0.3,2.09,0.97,20.12
Kolkata,2025-06-30,35.73,27.35,13.25,0.61,1.76,1.39,19.91
Kolkata,2025-07-01,34.83,28.53,14.18,0.36,1.82,1.74,18.55
Kolkata,2025-07-02,36.61,27.12,15.05,0.3,1.68,1.22,18.02
Kolkata,2025-07-03,33.6,28.54,14.8,0.32,2.23,1.62,18.89
Kolkata,2025-07-04,35.23,28.85,13.41,0.54,1.5,1.42,19.05
Kolkata,2025-07-05,35.11,27.64,13.74,0.35,2.25,1.16,19.74
Kolkata,2025-07-06,35.05,27.76,14.12,0.25,2.42,1.77,18.63
Kolkata,2025-07-07,36.97,27.65,14.2,0.36,2.01,1.29,17.51
Kolkata,2025-07-08,35.86,31.03,13.33,0.11,1.93,1.51,16.23
Kolkata,2025-07-09,36.89,26.79,13.72,0.38,2.05,1.14,19.03
Kolkata,2025-07-10,34.65,29.93,13.03,0.54,1.51,1.7,18.64
Kolkata,2025-07-11,37.03,27.38,13.57,0.27,1.73,1.26,18.75
Kolkata,2025-07-12,36.72,27.01,13.21,0.52,2.39,1.12,19.03
Kolkata,2025-07-13,36.62,28.48,12.58,0.43,2.01,0.72,19.17
Kolkata,2025-07-14,34.77,27.12,14.71,0.31,1.91,1.29,19.89
Kolkata,2025-07-15,37.47,27.49,13.38,0.42,1.84,1.18,18.23
Kolkata,2025-07-16,35.84,28.53,12.74,0.26,2.07,1.33,19.23
Kolkata,2025-07-17,35.46,29.09,14.1,0.28,1.28,1.4,18.39
Kolkata,2025-07-18,33.25,29.99,15.4,0.26,2.49,1.1,17.52
Kolkata,2025-07-19,34.67,30.33,13.01,0.36,1.8,1.19,18.65
Kolkata,2025-07-20,34.98,28.63,12.84,0.32,2.52,1.12,19.58
Kolkata,2025-07-21,35.43,27.19,15.0,0.53,2.24,1.03,18.57
Kolkata,2025-07-22,36.22,27.55,13.46,0.2,1.62,1.15,19.79
Kolkata,2025-07-23,36.87,27.28,12.76,0.35,2.23,1.06,19.45
Kolkata,2025-07-24,37.2,28.6,13.24,0.45,1.59,1.08,17.84
Kolkata,2025-07-25,34.36,31.25,12.82,0.22,1.99,1.03,18.32
Kolkata,2025-07-26,36.87,28.67,12.29,0.29,1.69,0.75,19.44
Kolkata,2025-07-27,36.01,28.55,14.06,0.25,2.09,1.3,17.74
Kolkata,2025-07-28,38.56,28.98,12.62,0.27,1.78,0.96,16.83
Kolkata,2025-07-29,39.45,28.22,13.11,0.53,1.55,0.9,16.25
Kolkata,2025-07-30,36.7,28.77,13.65,0.25,1.63,1.43,17.57
Kolkata,2025-07-31,35.08,29.75,12.58,0.13,1.56,1.3,19.6
Kolkata,2025-08-01,34.54,27.43,13.54,0.22,2.03,1.64,20.61
Kolkata,2025-08-02,37.03,27.96,12.82,0.12,1.89,1.06,19.12
Kolkata,2025-08-03,37.44,28.95,12.74,0.21,1.65,1.11,17.9
Kolkata,2025-08-04,35.8,29.39,12.98,0.3,2.02,0.99,18.52
Kolkata,2025-08-05,39.42,28.43,12.37,0.25,1.84,0.79,16.89
Kolkata,2025-08-06,38.06,28.83,11.99,0.26,1.22,1.44,18.2
Kolkata,2025-08-07,36.84,29.53,13.09,0.04,1.71,1.16,17.63
Kolkata,2025-08-08,36.71,28.35,14.79,0.12,1.15,1.32,17.55
Kolkata,2025-08-09,37.49,29.45,13.38,0.24,1.5,1.46,16.47
Kolkata,2025-08-10,33.83,29.11,14.16,0.19,1.82,1.0,19.89
Kolkata,2025-08-11,36.19,29.02,13.9,0.15,1.49,1.23,18.02
Kolkata,2025-08-12,37.26,29.83,13.81,0.12,1.17,0.57,17.24
Kolkata,2025-08-13,39.08,28.03,13.31,0.41,1.94,1.07,16.16
Kolkata,2025-08-14,36.51,30.98,12.3,0.21,2.17,1.11,16.72
Kolkata,2025-08-15,37.42,29.87,11.58,0.24,2.44,0.52,17.93
Kolkata,2025-08-16,37.52,28.96,11.87,0.19,2.22,1.28,17.94
Kolkata,2025-08-17,37.11,29.23,12.03,0.35,2.06,1.09,18.13
Kolkata,2025-08-18,35.57,30.87,13.83,0.4,1.86,0.99,16.48
Kolkata,2025-08-19,36.59,30.51,11.86,0.23,2.16,1.0,17.64
Kolkata,2025-08-20,36.29,28.81,12.88,0.3,2.38,1.19,18.15
Kolkata,2025-08-21,34.89,28.8,13.41,0.31,2.4,1.26,18.92
Kolkata,2025-08-22,36.39,28.08,14.51,0.17,2.4,1.2,17.25
Kolkata,2025-08-23,35.06,31.16,13.28,0.27,2.05,0.97,17.22
Kolkata,2025-08-24,38.6,28.1,13.41,0.07,1.53,1.2,17.08
Kolkata,2025-08-25,35.78,27.9,13.44,0.19,2.28,0.99,19.41
Kolkata,2025-08-26,35.11,30.84,13.54,0.53,1.48,1.27,17.23
Kolkata,2025-08-27,36.75,29.41,12.56,0.34,2.06,0.42,18.46
Kolkata,2025-08-28,39.99,28.12,12.75,0.25,1.63,0.67,16.59
Kolkata,2025-08-29,36.46,29.58,14.22,0.21,1.14,0.89,17.51
Kolkata,2025-08-30,34.32,29.16,14.07,0.12,1.67,1.3,19.36
Kolkata,2025-08-31,34.29,29.65,14.61,0.39,1.22,0.98,18.86
Kolkata,2025-09-01,35.09,29.91,14.32,0.42,1.47,1.26,17.52
Kolkata,2025-09-02,34.33,30.18,13.46,0.17,1.67,1.11,19.07
Kolkata,2025-09-03,40.3,30.43,10.83,0.6,1.57,1.1,15.17
Kolkata,2025-09-04,44.97,31.39,8.66,0.44,0.75,0.62,13.17
Kolkata,2025-09-05,38.88,31.91,11.65,0.38,1.63,0.94,14.6
Kolkata,2025-09-06,36.92,32.97,10.74,0.26,1.38,0.89,16.83
Kolkata,2025-09-07,38.06,32.13,10.72,0.27,1.17,1.07,16.58
Kolkata,2025-09-08,37.08,32.64,11.0,0.38,1.39,0.97,16.55
Kolkata,2025-09-09,37.29,31.41,13.35,0.15,1.2,0.62,15.98
Kolkata,2025-09-10,34.53,32.99,11.67,0.26,1.61,1.06,17.87
Kolkata,2025-09-11,36.07,30.29,13.43,0.15,0.89,1.08,18.09
Kolkata,2025-09-12,36.73,32.46,12.68,0.36,1.74,0.75,15.28
Kolkata,2025-09-13,36.1,30.22,12.07,0.04,1.91,1.19,18.47
Kolkata,2025-09-14,35.45,29.03,11.17,0.14,1.07,0.93,22.21
Kolkata,2025-09-15,35.21,31.29,11.52,0.15,1.75,1.18,18.9
Kolkata,2025-09-16,37.91,29.13,13.1,0.59,2.33,1.11,15.83
Kolkata,2025-09-17,37.61,32.15,11.6,0.24,1.55,0.73,16.12
Kolkata,2025-09-18,35.51,32.31,12.07,0.41,1.89,1.23,16.58
Kolkata,2025-09-19,38.44,28.58,11.8,0.53,2.38,1.05,17.22
Kolkata,2025-09-20,39.62,29.46,11.92,0.38,1.34,0.42,16.86
Kolkata,2025-09-21,37.31,29.48,9.43,0.1,1.09,0.8,21.8
Kolkata,2025-09-22,41.06,32.72,9.93,0.21,1.11,0.49,14.48
Kolkata,2025-09-23,42.11,32.6,8.67,0.3,1.29,0.8,14.24
Kolkata,2025-09-24,37.4,32.71,10.89,0.43,1.59,0.62,16.36
Kolkata,2025-09-25,39.32,29.48,10.09,0.63,1.64,0.8,18.04
Kolkata,2025-09-26,38.39,31.86,11.28,0.29,1.28,0.62,16.28
Kolkata,2025-09-27,39.1,32.99,11.27,0.22,1.6,1.08,13.74
Kolkata,2025-09-28,35.64,28.71,9.57,0.04,1.86,0.99,23.18
Kolkata,2025-09-29,37.52,32.75,10.32,0.2,2.18,0.94,16.08
Kolkata,2025-09-30,40.16,31.8,11.18,0.19,1.55,0.61,14.51
Kolkata,2025-10-01,40.75,32.05,10.72,0.19,1.59,0.91,13.79
Kolkata,2025-10-02,39.91,30.89,11.66,0.33,1.78,0.91,14.52
Kolkata,2025-10-03,38.24,30.46,12.33,0.24,1.84,0.73,16.15
Kolkata,2025-10-04,37.02,31.33,12.01,0.13,2.25,0.83,16.44
Kolkata,2025-10-05,36.6,30.37,12.69,0.14,1.9,1.46,16.84
Kolkata,2025-10-06,39.52,29.53,11.78,0.17,1.52,1.15,16.33
Kolkata,2025-10-07,40.14,30.99,10.39,0.2,1.31,0.85,16.13
Kolkata,2025-10-08,38.95,29.8,12.37,0.1,2.0,0.84,15.95
Kolkata,2025-10-09,38.61,31.26,12.14,0.21,1.57,0.92,15.29
Kolkata,2025-10-10,38.07,31.59,11.85,0.07,1.48,0.91,16.05
Kolkata,2025-10-11,39.5,28.16,12.35,0.1,1.73,0.69,17.47
Kolkata,2025-10-12,39.63,29.0,12.72,0.07,1.56,0.91,16.11
Kolkata,2025-10-13,37.11,32.06,12.61,0.18,1.42,0.95,15.67
Kolkata,2025-10-14,40.06,27.9,12.84,0.29,1.61,0.89,16.41
Kolkata,2025-10-15,36.25,31.54,11.15,0.94,1.66,0.79,17.67
Kolkata,2025-10-16,36.83,31.0,12.92,1.02,1.82,0.45,15.95
Kolkata,2025-10-17,38.04,29.13,12.86,0.2,1.34,1.42,17.01
Kolkata,2025-10-18,39.91,29.26,11.98,0.4,1.77,1.05,15.64
Kolkata,2025-10-19,39.62,29.7,11.95,0.24,1.3,0.77,16.42
Kolkata,2025-10-20,38.93,31.77,10.76,0.36,1.44,0.62,16.12
Kolkata,2025-10-21,38.2,29.59,13.06,0.26,1.76,0.9,16.23
Kolkata,2025-10-22,39.25,30.22,11.38,0.35,1.33,1.09,16.38
Kolkata,2025-10-23,40.33,29.78,11.83,0.23,1.73,0.39,15.72
Kolkata,2025-10-24,39.5,30.08,11.03,0.33,2.16,0.88,16.01
Kolkata,2025-10-25,37.58,30.17,12.02,0.28,2.09,0.46,17.41
Kolkata,2025-10-26,38.97,28.02,11.96,0.21,2.06,0.7,18.09
Kolkata,2025-10-27,39.02,29.51,11.9,0.36,1.89,0.71,16.61
Kolkata,2025-10-28,37.14,31.56,12.33,0.19,1.52,0.87,16.39
Kolkata,2025-10-29,37.62,32.31,11.96,0.12,2.32,0.75,14.92
Kolkata,2025-10-30,35.11,29.66,14.16,0.54,1.84,1.01,17.68
Kolkata,2025-10-31,38.11,29.56,13.43,0.21,1.89,0.8,16.0
Kolkata,2025-11-01,38.87,29.94,12.27,0.24,1.73,1.33,15.61
Kolkata,2025-11-02,38.04,30.21,12.08,0.15,1.27,1.04,17.21
Kolkata,2025-11-03,36.55,32.23,11.58,0.13,1.64,1.13,16.74
Kolkata,2025-11-04,40.99,31.61,10.81,0.11,1.32,0.89,14.27
Kolkata,2025-11-05,40.8,31.61,11.4,0.32,1.58,0.56,13.73
Kolkata,2025-11-06,40.5,31.82,11.09,0.35,1.36,0.66,14.22
Kolkata,2025-11-07,38.68,31.83,11.94,0.3,1.92,0.68,14.65
Kolkata,2025-11-08,37.71,31.44,12.9,0.39,1.46,0.99,15.11
Kolkata,2025-11-09,39.74,28.5,12.48,,1.0,0.44,17.82
Kolkata,2025-11-10,38.38,32.06,12.31,0.16,1.09,0.69,15.3
Kolkata,2025-11-11,41.86,29.85,11.36,0.44,1.12,0.8,14.57
Kolkata,2025-11-12,38.01,30.74,13.53,0.13,1.38,0.71,15.5
Kolkata,2025-11-13,37.91,32.52,12.4,0.09,0.96,0.88,15.25
Kolkata,2025-11-14,38.07,30.68,12.42,0.19,1.36,0.8,16.47
Kolkata,2025-11-15,39.22,30.58,12.42,0.5,1.47,0.55,15.27
Kolkata,2025-11-16,38.43,31.67,12.5,0.16,1.62,0.85,14.77
Kolkata,2025-11-17,36.18,31.14,14.32,0.31,1.45,1.14,15.46
Kolkata,2025-11-18,34.54,32.32,14.44,0.31,1.61,0.74,16.05
Kolkata,2025-11-19,34.82,30.27,13.97,0.26,1.97,1.14,17.56
Kolkata,2025-11-20,35.72,31.48,15.31,0.27,1.41,0.87,14.94
Kolkata,2025-11-21,35.46,30.0,14.74,0.49,2.26,1.51,15.53
Kolkata,2025-11-22,38.4,30.23,12.18,0.34,1.32,0.94,16.6
Kolkata,2025-11-23,38.81,28.98,12.84,0.29,2.19,1.11,15.77
Kolkata,2025-11-24,39.2,27.31,14.16,0.36,1.54,1.09,16.33
Kolkata,2025-11-25,46.9,33.38,8.2,0.17,1.14,0.43,9.79
Kolkata,2025-11-26,43.3,33.24,10.34,0.07,1.17,0.52,11.37
Kolkata,2025-11-27,39.31,33.21,10.75,0.08,1.3,0.69,14.68
Kolkata,2025-11-28,37.86,31.01,13.7,0.16,1.16,1.32,14.78
Kolkata,2025-11-29,39.03,30.55,14.04,0.2,1.3,1.05,13.83
Kolkata,2025-11-30,38.07,27.91,14.78,0.17,1.53,0.95,16.6
Kolkata,2025-12-01,36.99,29.11,14.82,0.24,1.47,0.65,16.7
Kolkata,2025-12-02,38.51,31.08,14.1,0.28,1.37,0.68,13.98
Kolkata,2025-12-03,37.98,28.77,15.77,0.12,1.29,1.17,14.91
Kolkata,2025-12-04,40.43,28.79,14.43,0.04,1.34,0.79,14.18
Kolkata,2025-12-05,35.39,31.42,15.26,0.13,1.23,0.89,15.69
Kolkata,2025-12-06,37.18,29.68,13.79,0.04,1.93,0.86,16.51
Kolkata,2025-12-07,36.41,30.13,13.83,0.16,1.68,0.66,17.12
Kolkata,2025-12-08,37.18,30.22,13.71,0.13,1.46,1.13,16.17
Kolkata,2025-12-09,37.81,29.32,15.2,0.17,1.57,0.75,15.2
Kolkata,2025-12-10,36.31,31.35,14.96,0.16,1.48,0.86,14.88
Kolkata,2025-12-11,38.81,27.36,15.35,0.36,1.03,1.19,15.9
Kolkata,2025-12-12,37.56,28.59,15.84,0.04,2.1,0.58,15.3
Kolkata,2025-12-13,36.44,32.31,13.63,0.53,1.1,0.53,15.47
Kolkata,2025-12-14,36.7,30.43,14.12,0.08,1.59,1.22,15.87
Kolkata,2025-12-15,40.31,29.54,13.68,0.04,1.38,1.23,13.83
Kolkata,2025-12-16,37.05,29.25,14.21,0.23,1.15,0.96,17.15
Kolkata,2025-12-17,36.3,31.74,13.35,0.13,1.62,0.61,16.24
Kolkata,2025-12-18,39.3,29.17,13.29,0.08,1.5,0.85,15.8
Kolkata,2025-12-19,35.24,31.21,14.16,0.17,1.57,1.06,16.58
Kolkata,2025-12-20,36.0,28.81,15.06,0.43,1.74,0.98,16.98
Kolkata,2025-12-21,37.37,30.12,13.24,0.17,1.3,1.05,16.76
Kolkata,2025-12-22,35.46,31.4,14.36,0.25,1.57,0.74,16.22
Kolkata,2025-12-23,38.89,29.24,14.51,0.22,1.12,0.82,15.2
Kolkata,2025-12-24,36.31,30.8,14.5,0.19,1.9,1.57,14.73
Kolkata,2025-12-25,36.42,28.0,16.04,0.47,1.31,1.22,16.55
Kolkata,2025-12-26,35.19,28.52,15.71,0.39,2.06,0.97,17.16
Kolkata,2025-12-27,34.12,28.95,15.83,0.43,1.51,1.04,18.12
Kolkata,2025-12-28,37.38,26.8,14.93,0.09,1.6,0.82,18.39
Kolkata,2025-12-29,36.35,29.43,16.4,0.21,1.84,0.77,14.99
Kolkata,2025-12-30,35.29,26.36,17.04,0.35,1.87,1.35,17.73
Kolkata,2025-12-31,34.88,27.11,16.69,0.17,1.16,1.54,18.46
Kolkata,2026-01-01,35.49,30.27,14.65,0.22,1.59,0.84,16.95
Kolkata,2026-01-02,36.3,28.64,15.73,0.33,1.41,1.08,16.51
Kolkata,2026-01-03,39.17,28.56,15.01,0.15,1.27,0.85,14.97
Kolkata,2026-01-04,38.28,29.41,14.19,0.12,1.43,1.07,15.5
Kolkata,2026-01-05,38.58,29.71,16.46,0.23,1.17,1.13,12.72
Kolkata,2026-01-06,40.3,29.44,14.37,0.11,1.04,1.04,13.7
Kolkata,2026-01-07,38.99,29.73,14.68,0.08,0.72,0.96,14.84
Kolkata,2026-01-08,39.64,28.5,14.61,0.25,1.31,1.14,14.53
Kolkata,2026-01-09,36.4,30.84,14.99,0.37,0.9,0.61,15.89
Kolkata,2026-01-10,39.45,29.26,14.61,0.23,1.29,0.78,14.38
Kolkata,2026-01-11,37.7,30.21,14.96,0.33,1.14,0.92,14.73
Kolkata,2026-01-12,38.12,30.76,13.96,0.33,1.56,1.2,14.07
Kolkata,2026-01-13,42.83,32.42,11.1,0.19,1.35,1.03,11.07
Kolkata,2026-01-14,40.46,30.09,14.12,0.07,1.52,0.89,12.86
Kolkata,2026-01-15,39.29,31.85,13.67,0.19,1.21,0.97,12.81
Kolkata,2026-01-16,40.06,29.77,12.85,0.39,1.05,0.97,14.91
Kolkata,2026-01-17,39.21,29.28,14.43,0.23,1.5,0.92,14.43
Kolkata,2026-01-18,36.75,31.34,14.08,0.08,2.11,0.6,15.04
Kolkata,2026-01-19,39.65,29.42,13.02,0.04,1.93,1.16,14.78
Kolkata,2026-01-20,39.58,29.21,14.16,0.08,1.35,0.89,14.74
Kolkata,2026-01-21,38.86,30.63,13.55,0.08,1.17,0.84,14.86
Kolkata,2026-01-22,38.01,31.47,12.69,0.18,1.17,0.63,15.85
Kolkata,2026-01-23,39.04,28.61,13.38,0.32,1.75,0.69,16.2
Kolkata,2026-01-24,39.21,28.87,13.43,0.13,1.72,0.82,15.83
Kolkata,2026-01-25,35.88,30.76,14.46,0.13,1.55,0.75,16.47
Kolkata,2026-01-26,42.5,28.57,12.94,0.17,1.06,0.76,14.0
Kolkata,2026-01-27,41.28,30.15,12.15,0.25,1.3,0.56,14.3
Kolkata,2026-01-28,40.17,28.23,15.06,,0.91,0.91,14.73
Kolkata,2026-01-29,38.03,27.56,14.35,0.08,1.52,1.45,17.02
Kolkata,2026-01-30,39.03,29.08,14.68,0.12,1.21,0.98,14.91
Kolkata,2026-01-31,38.02,27.78,13.95,0.28,1.26,0.83,17.89
Kolkata,2026-02-01,38.12,28.56,13.8,0.12,1.69,1.09,16.62
Kolkata,2026-02-02,37.69,29.99,14.13,0.18,1.01,1.76,15.24
Kolkata,2026-02-03,38.83,27.08,14.36,0.17,1.1,1.1,17.36
Kolkata,2026-02-04,36.83,27.93,15.43,0.39,2.15,1.33,15.94
Kolkata,2026-02-05,38.25,29.12,14.56,0.13,1.4,1.1,15.44
Kolkata,2026-02-06,38.25,28.15,14.74,0.16,1.17,1.41,16.11
Kolkata,2026-02-07,38.33,28.36,15.23,0.36,1.49,0.96,15.27
Kolkata,2026-02-08,39.92,28.52,14.73,0.16,1.37,0.74,14.57
Kolkata,2026-02-09,38.53,27.48,15.75,0.19,1.77,1.35,14.92
Kolkata,2026-02-10,36.48,31.22,14.51,0.32,1.2,0.84,15.43
Kolkata,2026-02-11,38.83,28.33,14.68,0.15,1.57,1.19,15.25
Kolkata,2026-02-12,36.99,27.73,15.9,0.15,1.81,0.94,16.47
Kolkata,2026-02-13,36.88,29.78,15.77,,1.44,0.92,15.21
Kolkata,2026-02-14,38.15,31.06,13.32,0.08,1.25,1.21,14.92
Kolkata,2026-02-15,32.13,25.43,13.08,0.42,1.39,0.97,26.58
Kolkata,2026-02-16,35.48,30.77,14.13,0.21,1.2,1.03,17.18
Kolkata,2026-02-17,38.41,30.35,13.48,0.19,1.53,0.86,15.19
Kolkata,2026-02-18,37.48,28.37,15.81,0.04,1.43,0.54,16.32
Kolkata,2026-02-19,36.21,30.65,15.96,0.25,1.51,0.61,14.81
Kolkata,2026-02-20,36.41,31.74,14.68,0.19,1.83,0.78,14.37
Kolkata,2026-02-21,36.46,29.21,15.5,0.2,1.7,0.91,16.01
Kolkata,2026-02-22,33.74,27.87,18.25,0.4,1.69,1.11,16.94
Kolkata,2026-02-23,37.64,27.99,15.0,,1.86,1.06,16.45
Kolkata,2026-02-24,36.35,27.81,16.38,0.35,1.81,0.59,16.7
Kolkata,2026-02-25,36.69,30.81,15.76,0.21,1.57,0.51,14.45
Kolkata,2026-02-26,33.37,27.42,15.06,0.29,1.22,0.78,21.87
Kolkata,2026-02-27,34.83,27.44,17.9,0.26,1.1,1.23,17.24
Kolkata,2026-02-28,34.09,26.66,19.55,0.24,1.42,0.95,17.09
Kolkata,2026-03-01,33.53,25.21,18.58,0.09,1.06,3.54,17.99
Kolkata,2026-03-02,35.99,29.49,17.44,0.2,1.06,0.81,15.02
Kolkata,2026-03-03,36.74,29.15,18.4,0.21,1.74,0.9,12.86
Kolkata,2026-03-04,35.88,27.51,18.35,0.09,1.11,0.65,16.41
Kolkata,2026-03-05,33.15,24.93,18.33,0.17,1.04,0.67,21.71
Kolkata,2026-03-06,34.19,27.15,19.1,0.09,1.11,0.64,17.73
Kolkata,2026-03-07,34.75,27.91,18.41,0.16,1.62,0.85,16.3
Kolkata,2026-03-08,30.92,24.49,21.76,0.22,0.77,0.66,21.18
Kolkata,2026-03-09,35.9,28.03,18.07,0.12,1.39,1.1,15.38
Kolkata,2026-03-10,34.68,29.61,16.3,0.29,1.6,1.15,16.38
Kolkata,2026-03-11,37.69,29.96,15.07,0.04,0.66,0.84,15.73
Kolkata,2026-03-12,35.99,30.48,14.43,0.08,1.36,1.1,16.55
Kolkata,2026-03-13,35.87,28.16,15.38,0.13,1.75,1.21,17.49
Kolkata,2026-03-14,35.96,28.76,16.42,0.16,1.54,1.46,15.7
Kolkata,2026-03-15,37.56,29.45,15.57,,1.42,1.04,14.96
Kolkata,2026-03-16,36.64,27.18,15.89,0.38,1.73,1.23,16.95
Kolkata,2026-03-17,39.71,28.03,14.83,0.11,1.18,0.95,15.18
Kolkata,2026-03-18,37.84,27.43,15.92,0.2,1.1,1.02,16.49
Kolkata,2026-03-19,37.57,27.87,16.69,0.25,1.55,0.88,15.19
Kolkata,2026-03-20,37.89,29.26,14.99,0.2,1.6,1.16,14.91
Kolkata,2026-03-21,38.53,26.97,16.75,0.22,1.74,0.89,14.89
Kolkata,2026-03-22,37.76,27.52,14.42,0.07,2.14,0.8,17.28
Kolkata,2026-03-23,35.45,27.88,16.6,0.2,1.48,1.37,17.02
Kolkata,2026-03-24,38.0,26.59,15.92,0.15,1.35,0.85,17.15
Kolkata,2026-03-25,36.81,28.12,15.72,0.04,2.02,0.65,16.65
Kolkata,2026-03-26,38.98,27.89,15.33,0.16,1.42,0.93,15.28
Kolkata,2026-03-27,36.66,27.63,16.3,0.26,1.21,0.86,17.08
Kolkata,2026-03-28,38.33,29.1,16.16,0.25,1.77,1.07,13.31
Kolkata,2026-03-29,39.41,27.34,14.86,0.08,1.52,0.9,15.89
Kolkata,2026-03-30,41.46,26.66,15.46,0.08,1.04,0.91,14.39
Kolkata,2026-03-31,36.58,30.19,15.22,0.26,0.94,0.99,15.82
Kolkata,2026-04-01,37.89,28.21,17.02,0.23,0.83,1.1,14.72
Kolkata,2026-04-02,35.91,28.09,16.12,0.26,1.22,0.96,17.43
Kolkata,2026-04-03,38.02,28.95,14.31,0.08,1.12,1.0,16.51
Kolkata,2026-04-04,36.11,27.9,17.14,0.34,1.36,0.81,16.33
Kolkata,2026-04-05,36.97,28.13,16.67,0.2,1.53,1.13,15.38
Kolkata,2026-04-06,37.01,28.55,15.85,0.28,1.11,0.87,16.32
Kolkata,2026-04-07,37.77,29.45,14.3,0.24,1.41,0.6,16.23
Kolkata,2026-04-08,36.21,29.09,17.15,0.28,1.38,0.61,15.29
Kolkata,2026-04-09,37.42,27.29,17.31,0.32,1.62,0.71,15.34
Kolkata,2026-04-10,37.25,27.46,16.22,0.2,1.45,0.96,16.46
Kolkata,2026-04-11,38.52,25.76,16.32,0.23,1.13,1.17,16.86
Kolkata,2026-04-12,35.28,27.86,15.81,0.2,1.43,1.39,18.03
Kolkata,2026-04-13,35.96,28.76,17.27,0.15,1.49,0.77,15.59
Kolkata,2026-04-14,37.18,27.52,17.28,0.08,1.65,1.1,15.19
Kolkata,2026-04-15,38.32,27.27,16.18,0.04,1.17,0.97,16.05
Kolkata,2026-04-16,38.47,27.85,15.87,0.19,0.93,1.0,15.68
Kolkata,2026-04-17,37.25,28.03,16.17,0.12,1.3,0.73,16.41
Kolkata,2026-04-18,37.5,27.78,15.74,0.28,1.59,0.67,16.45
Kolkata,2026-04-19,38.51,27.1,13.83,0.2,1.49,1.29,17.58
Kolkata,2026-04-20,37.55,29.17,15.38,0.35,1.17,0.95,15.43
Kolkata,2026-04-21,33.45,32.0,15.78,0.13,1.54,0.84,16.26
Kolkata,2026-04-22,35.04,29.59,15.53,0.08,1.67,0.8,17.29
Kolkata,2026-04-23,37.19,27.11,16.36,0.09,1.89,0.88,16.49
Kolkata,2026-04-24,37.96,25.68,15.97,0.13,1.74,1.21,17.31
Kolkata,2026-04-25,36.52,28.72,16.0,0.28,1.2,0.64,16.64
Kolkata,2026-04-26,36.8,29.28,14.18,0.28,1.52,0.96,16.98
Kolkata,2026-04-27,38.28,27.35,14.59,0.17,1.79,1.21,16.63
Kolkata,2026-04-28,39.23,30.77,13.71,0.09,1.13,0.36,14.71
Kolkata,2026-04-29,39.96,27.14,15.95,0.19,0.91,1.15,14.7
Kolkata,2026-04-30,35.75,29.22,17.06,0.05,1.04,0.91,15.97
Kolkata,2026-05-01,35.85,26.02,16.24,0.28,1.6,1.04,18.97
Kolkata,2026-05-02,34.27,30.14,17.04,0.22,1.33,0.55,16.45
Kolkata,2026-05-03,35.79,28.73,16.0,0.16,1.41,0.59,17.33
Kolkata,2026-05-04,37.5,28.05,15.63,0.15,1.12,0.82,16.74
Kolkata,2026-05-05,34.14,29.38,17.16,0.12,1.3,0.43,17.47
Kolkata,2026-05-06,32.65,29.19,18.01,0.17,1.1,0.94,17.95
Kolkata,2026-05-07,33.87,27.05,19.64,0.05,1.05,1.0,17.33
Kolkata,2026-05-08,36.08,27.33,16.96,0.1,1.11,1.06,17.36
Kolkata,2026-05-09,35.57,27.63,17.53,0.05,1.13,0.94,17.15
Kolkata,2026-05-10,36.61,28.55,16.25,0.09,1.37,0.9,16.25
Kolkata,2026-05-11,35.92,29.38,17.11,0.04,0.76,0.76,16.03
Kolkata,2026-05-12,36.5,28.91,16.23,0.17,1.13,0.56,16.49
Kolkata,2026-05-13,35.02,27.72,17.61,0.12,1.2,1.37,16.95
Kolkata,2026-05-14,35.37,28.93,16.61,0.04,1.18,1.14,16.74
Kolkata,2026-05-15,36.38,29.84,16.32,0.08,0.84,1.34,15.19
Kolkata,2026-05-16,39.97,27.29,15.46,0.04,1.39,1.01,14.84
Kolkata,2026-05-17,36.01,27.82,16.9,0.08,1.5,0.67,17.02
Kolkata,2026-05-18,35.74,27.19,17.35,0.16,1.16,0.76,17.63
Kolkata,2026-05-19,35.65,27.36,17.36,0.04,1.66,1.22,16.71
Kolkata,2026-05-20,36.93,28.0,15.95,0.04,1.99,1.34,15.73
Kolkata,2026-05-21,35.74,31.19,15.43,0.13,1.21,0.92,15.38
Kolkata,2026-05-22,37.4,29.48,15.39,0.15,1.38,0.89,15.32
Kolkata,2026-05-23,38.32,27.01,15.67,0.07,1.19,0.87,16.87
Kolkata,2026-05-24,34.94,27.21,17.41,0.18,1.22,1.04,18.0
Kolkata,2026-05-25,35.56,28.84,16.18,0.08,0.83,0.99,17.52
Kolkata,2026-05-26,35.14,27.04,17.17,0.11,1.43,0.73,18.38
Kolkata,2026-05-27,35.83,29.06,15.58,0.32,1.95,0.96,16.3
Kolkata,2026-05-28,39.29,29.88,15.17,0.06,1.51,0.52,13.57
Kolkata,2026-05-29,36.63,28.81,16.45,0.14,0.91,0.66,16.41
Kolkata,2026-05-30,36.28,29.04,16.84,0.22,0.91,0.62,16.11
Kolkata,2026-05-31,38.3,27.59,16.49,0.11,0.88,0.6,16.03
Kolkata,2026-06-01,33.7,29.69,18.54,0.35,1.13,0.97,15.62
Kolkata,2026-06-02,35.29,29.31,16.76,0.19,0.84,1.0,16.61
Kolkata,2026-06-03,35.13,28.9,16.79,0.34,0.84,1.01,17.0
Kolkata,2026-06-04,37.18,28.78,15.85,0.04,1.27,0.85,16.02
Kolkata,2026-06-05,36.25,29.07,16.25,0.21,1.4,1.07,15.75
Kolkata,2026-06-06,36.74,26.92,15.48,0.08,2.71,1.16,16.91
Kolkata,2026-06-07,36.74,27.87,15.7,0.08,2.4,0.81,16.4
Kolkata,2026-06-08,33.37,31.2,15.14,0.16,1.81,1.12,17.19
Kolkata,2026-06-09,35.67,27.71,16.87,0.21,1.33,0.69,17.52
Kolkata,2026-06-10,37.84,25.98,16.99,0.21,1.96,1.08,15.95
Kolkata,2026-06-11,35.21,27.49,17.26,0.21,1.24,1.11,17.48
Kolkata,2026-06-12,35.89,25.97,16.67,0.04,2.25,1.11,18.07
Kolkata,2026-06-13,35.01,26.34,17.64,0.08,1.93,1.39,17.6
Kolkata,2026-06-14,34.5,27.03,17.98,0.04,1.54,0.77,18.14
Kolkata,2026-06-15,32.53,28.89,18.51,0.24,1.78,1.05,17.01
Kolkata,2026-06-16,34.43,27.1,19.86,0.12,1.4,0.72,16.37
Kolkata,2026-06-17,35.53,29.12,16.97,0.36,0.86,0.82,16.33
Kolkata,2026-06-18,34.15,26.61,18.21,0.27,1.13,0.78,18.84
Kolkata,2026-06-19,36.89,26.83,17.07,0.11,1.45,0.8,16.84
Kolkata,2026-06-20,35.49,27.44,17.72,0.15,1.7,0.93,16.56
Kolkata,2026-06-21,36.53,29.01,15.94,,1.81,0.42,16.28
Kolkata,2026-06-22,34.6,28.72,18.73,0.08,1.36,0.57,15.94
Kolkata,2026-06-23,34.19,27.13,18.77,0.28,1.34,0.95,17.35
Kolkata,2026-06-24,36.64,26.36,18.0,0.16,1.29,0.72,16.83
Kolkata,2026-06-25,33.79,30.51,17.71,0.16,1.13,1.01,15.68
Kolkata,2026-06-26,33.86,27.57,16.57,0.28,1.41,0.6,19.71
Kolkata,2026-06-27,35.59,26.57,16.28,0.15,1.19,0.42,19.8
Kolkata,2026-06-28,34.43,27.65,16.84,0.08,1.77,0.72,18.53
Kolkata,2026-06-29,33.8,26.74,18.41,0.12,1.23,0.48,19.24
Kolkata,2026-06-30,37.43,25.55,17.72,0.07,0.99,1.14,17.1
Kolkata,2026-07-01,34.69,27.49,15.93,0.21,1.74,0.64,19.31
Kolkata,2026-07-02,31.77,29.78,18.53,0.17,1.1,0.68,17.98
Kolkata,2026-07-03,33.73,27.78,17.73,0.08,1.31,1.01,18.36
Kolkata,2026-07-04,36.85,27.69,15.71,0.25,2.17,0.78,16.56
Kolkata,2026-07-05,35.92,25.35,17.62,0.27,1.25,0.72,18.87
Kolkata,2026-07-06,36.33,25.73,16.97,0.12,1.27,1.23,18.36
Kolkata,2026-07-07,36.41,27.05,17.06,0.54,1.84,0.63,16.48
Kolkata,2026-07-08,38.64,27.69,15.08,0.04,1.24,0.87,16.45
Kolkata,2026-07-09,35.06,33.35,14.08,0.22,1.17,0.88,15.25
Kolkata,2026-07-10,34.02,30.86,16.86,0.08,0.91,1.1,16.17
Kolkata,2026-07-11,37.81,27.56,15.94,0.14,1.52,0.69,16.33
Kolkata,2026-07-12,34.29,30.0,16.14,0.07,1.44,1.02,17.02
Kolkata,2026-07-13,35.19,29.08,16.24,0.18,1.72,0.75,16.85
Kolkata,2026-07-14,35.32,27.79,17.54,0.28,1.4,0.88,16.78
Kolkata,2026-07-15,35.64,25.8,18.33,0.12,1.34,1.1,17.68
Kolkata,2026-07-16,36.33,25.2,19.01,0.42,1.43,0.84,16.77
Kolkata,2026-07-17,35.42,28.72,16.72,0.32,1.51,0.95,16.36
Kolkata,2026-07-18,37.13,25.98,17.91,0.16,1.14,1.1,16.57
Kolkata,2026-07-19,37.18,27.06,17.81,0.18,1.13,0.59,16.05
Kolkata,2026-07-20,36.4,25.94,18.4,0.2,1.3,0.83,16.94
Kolkata,2026-07-21,36.0,26.57,18.0,0.24,1.42,0.47,17.29
Kolkata,2026-07-22,36.12,25.08,16.61,0.08,1.62,0.91,19.58
Kolkata,2026-07-23,35.6,26.53,17.45,0.12,1.47,0.93,17.92
Kolkata,2026-07-24,40.48,28.47,15.05,0.03,1.05,0.49,14.43
Kolkata,2026-07-25,37.39,25.77,17.36,0.24,1.16,0.55,17.53
Kolkata,2026-07-26,38.31,24.2,16.17,0.2,1.45,0.81,18.87
Kolkata,2026-07-27,37.53,26.33,17.01,0.17,1.59,0.96,16.42
Kolkata,2026-07-28,39.0,24.48,16.19,0.14,1.75,0.7,17.73
Kolkata,2026-07-29,38.38,26.78,15.96,0.14,1.2,1.16,16.38
Kolkata,2026-07-30,36.08,26.5,16.88,0.25,1.63,0.76,17.9
Kolkata,2026-07-31,36.38,25.11,17.91,0.23,1.56,0.53,18.29
Kolkata,2026-08-01,38.17,24.21,17.78,0.11,1.59,0.79,17.35
Kolkata,2026-08-02,36.53,24.7,18.04,0.67,1.38,0.96,17.72
Kolkata,2026-08-03,39.19,23.83,17.23,0.22,1.16,0.63,17.75
Kolkata,2026-08-04,37.83,25.38,17.63,0.54,0.93,0.61,17.09
Kolkata,2026-08-05,37.67,26.7,15.85,0.15,1.09,0.84,17.7
Kolkata,2026-08-06,39.07,26.19,14.69,0.41,1.27,1.17,17.2
Kolkata,2026-08-07,37.16,26.73,15.74,0.11,1.06,0.95,18.24
Kolkata,2026-08-08,37.6,24.61,17.61,0.18,1.34,0.51,18.15
Kolkata,2026-08-09,37.69,26.65,16.75,0.1,1.51,0.86,16.44
Kolkata,2026-08-10,37.44,28.06,16.18,0.14,1.36,0.5,16.32
Kolkata,2026-08-11,35.69,27.74,17.85,0.04,1.24,0.62,16.82
Kolkata,2026-08-12,38.35,27.52,16.02,0.07,1.87,0.73,15.43
Kolkata,2026-08-13,36.61,27.62,17.15,0.11,1.84,0.77,15.9
Kolkata,2026-08-14,40.33,27.16,14.75,0.04,0.93,0.6,16.2
Kolkata,2026-08-15,38.67,27.3,14.6,0.28,1.2,0.81,17.14
Kolkata,2026-08-16,33.38,27.62,16.47,0.3,1.77,0.67,19.79
Kolkata,2026-08-17,36.36,28.36,15.57,0.22,1.88,0.69,16.91
Kolkata,2026-08-18,36.75,28.49,16.68,0.23,1.58,0.98,15.28
Kolkata,2026-08-19,36.71,26.28,17.4,0.22,1.55,0.63,17.21
Kolkata,2026-08-20,35.51,27.38,17.42,0.11,1.42,0.56,17.6
Kolkata,2026-08-21,35.46,28.42,16.14,0.37,1.73,0.7,17.18
Kolkata,2026-08-22,36.01,26.43,17.89,0.18,1.37,0.59,17.52
Kolkata,2026-08-23,35.87,27.42,16.53,0.45,0.9,1.22,17.61
Kolkata,2026-08-24,36.76,26.59,16.6,0.39,1.27,0.63,17.76
Kolkata,2026-08-25,36.07,24.65,18.22,0.15,1.87,0.52,18.52
Kolkata,2026-08-26,36.37,27.88,16.47,0.22,1.71,0.87,16.47
Kolkata,2026-08-27,37.15,27.41,15.28,0.27,1.86,0.78,17.25
Kolkata,2026-08-28,38.78,27.3,14.04,0.23,1.71,0.35,17.58
Kolkata,2026-08-29,36.26,25.86,15.3,0.18,1.99,1.07,19.35
Kolkata,2026-08-30,37.13,25.54,16.6,0.1,1.55,1.13,17.94
Kolkata,2026-08-31,36.44,25.67,16.88,0.11,1.55,1.2,18.15
Lucknow,2025-01-01,34.32,32.89,12.16,0.22,0.78,1.75,17.89
Lucknow,2025-01-02,32.14,35.75,12.35,0.06,0.48,1.82,17.39
Lucknow,2025-01-03,32.92,35.72,11.02,0.15,0.76,1.74,17.69
Lucknow,2025-01-04,31.58,35.34,11.15,0.14,1.27,2.4,18.11
Lucknow,2025-01-05,33.27,35.51,11.1,0.06,0.87,1.68,17.52
Lucknow,2025-01-06,32.17,35.07,12.74,0.06,0.98,2.32,16.65
Lucknow,2025-01-07,31.72,35.77,10.96,0.12,0.9,1.97,18.57
Lucknow,2025-01-08,31.96,35.54,10.96,0.06,0.67,1.94,18.88
Lucknow,2025-01-09,32.13,35.68,11.76,0.12,0.97,2.12,17.22
Lucknow,2025-01-10,32.11,35.12,11.55,0.15,0.87,2.16,18.04
Lucknow,2025-01-11,31.29,33.99,11.4,0.14,1.23,2.35,19.58
Lucknow,2025-01-12,30.54,34.61,12.97,0.17,0.78,2.59,18.35
Lucknow,2025-01-13,29.22,36.09,12.15,0.25,0.81,1.55,19.93
Lucknow,2025-01-14,30.89,33.71,13.77,0.06,0.98,2.04,18.54
Lucknow,2025-01-15,32.95,34.92,12.04,0.2,0.64,2.06,17.2
Lucknow,2025-01-16,33.22,35.32,10.96,0.06,1.09,2.39,16.97
Lucknow,2025-01-17,33.3,37.63,10.61,0.16,0.71,1.37,16.22
Lucknow,2025-01-18,32.33,36.53,11.24,0.14,1.02,1.67,17.08
Lucknow,2025-01-19,34.68,36.27,9.94,0.11,1.05,1.42,16.53
Lucknow,2025-01-20,33.52,34.4,11.58,0.09,1.45,2.2,16.76
Lucknow,2025-01-21,34.33,36.6,10.3,0.09,0.72,1.7,16.26
Lucknow,2025-01-22,31.87,36.68,10.8,0.09,0.6,2.04,17.91
Lucknow,2025-01-23,31.8,39.15,9.66,0.15,0.74,1.57,16.92
Lucknow,2025-01-24,31.57,38.5,10.07,0.12,0.92,2.01,16.81
Lucknow,2025-01-25,31.91,38.94,9.79,0.11,0.65,1.59,16.99
Lucknow,2025-01-26,31.66,37.12,10.1,0.14,0.87,1.77,18.34
Lucknow,2025-01-27,30.91,36.66,12.51,0.08,0.76,2.33,16.75
Lucknow,2025-01-28,33.13,37.3,10.9,0.14,0.67,1.88,15.97
Lucknow,2025-01-29,32.69,37.55,10.74,0.21,0.78,1.84,16.19
Lucknow,2025-01-30,32.97,35.32,10.48,0.22,0.64,2.19,18.17
Lucknow,2025-01-31,30.32,35.57,12.46,0.21,0.68,1.68,19.07
Lucknow,2025-02-01,32.98,37.22,10.44,0.13,0.56,2.07,16.61
Lucknow,2025-02-02,31.88,35.15,11.34,0.07,0.72,2.35,18.49
Lucknow,2025-02-03,31.74,36.7,11.21,0.14,0.56,2.28,17.36
Lucknow,2025-02-04,31.37,35.32,11.27,0.14,0.71,1.73,19.46
Lucknow,2025-02-05,28.91,36.33,12.75,0.36,0.91,2.21,18.54
Lucknow,2025-02-06,31.51,37.32,11.52,0.23,0.75,1.96,16.72
Lucknow,2025-02-07,28.6,36.86,11.18,0.03,0.86,2.95,19.51
Lucknow,2025-02-08,30.21,36.19,12.13,0.09,0.59,1.94,18.85
Lucknow,2025-02-09,28.93,36.73,12.2,0.06,1.04,1.46,19.58
Lucknow,2025-02-10,29.52,34.7,11.85,0.15,1.07,1.56,21.15
Lucknow,2025-02-11,30.32,33.94,12.12,0.11,0.67,1.9,20.94
Lucknow,2025-02-12,28.04,36.54,11.46,0.15,0.67,1.5,21.64
Lucknow,2025-02-13,31.56,34.17,12.26,0.19,0.68,2.04,19.11
Lucknow,2025-02-14,30.95,34.91,11.29,0.28,0.85,1.38,20.35
Lucknow,2025-02-15,31.84,35.3,12.13,0.08,0.53,2.02,18.11
Lucknow,2025-02-16,31.73,33.39,11.46,0.14,0.53,2.12,20.63
Lucknow,2025-02-17,28.8,35.47,12.7,0.45,0.82,1.31,20.45
Lucknow,2025-02-18,30.36,35.15,12.93,0.16,0.53,1.8,19.07
Lucknow,2025-02-19,32.0,32.04,13.15,0.08,0.74,1.9,20.08
Lucknow,2025-02-20,30.39,32.83,13.34,,1.11,1.42,20.91
Lucknow,2025-02-21,31.51,32.7,12.87,0.31,0.93,1.54,20.14
Lucknow,2025-02-22,32.65,33.35,11.39,0.04,1.17,1.13,20.29
Lucknow,2025-02-23,31.32,35.77,10.37,0.22,0.91,1.47,19.96
Lucknow,2025-02-24,29.84,34.87,12.17,0.08,0.97,1.18,20.88
Lucknow,2025-02-25,31.07,34.18,11.87,0.29,0.53,2.01,20.06
Lucknow,2025-02-26,31.64,32.34,14.15,0.04,0.57,1.84,19.42
Lucknow,2025-02-27,28.84,36.18,11.63,0.17,0.62,1.9,20.67
Lucknow,2025-02-28,28.04,35.33,12.72,0.18,0.72,1.71,21.3
Lucknow,2025-03-01,31.18,33.56,13.16,0.12,0.71,1.46,19.82
Lucknow,2025-03-02,31.46,34.84,13.04,0.09,0.87,1.34,18.37
Lucknow,2025-03-03,29.98,35.12,12.7,0.19,0.83,1.88,19.31
Lucknow,2025-03-04,33.37,34.31,12.28,0.19,0.43,1.4,18.01
Lucknow,2025-03-05,29.44,34.33,14.05,0.25,1.11,2.19,18.62
Lucknow,2025-03-06,32.44,35.01,11.62,0.11,0.6,1.69,18.53
Lucknow,2025-03-07,29.23,35.47,12.02,0.31,0.75,1.8,20.43
Lucknow,2025-03-08,32.13,34.22,12.28,0.41,0.82,2.12,18.01
Lucknow,2025-03-09,32.37,33.2,12.73,0.24,0.63,1.7,19.13
Lucknow,2025-03-10,32.07,35.63,12.02,0.2,0.9,1.5,17.68
Lucknow,2025-03-11,32.16,34.5,13.14,0.17,0.57,1.64,17.82
Lucknow,2025-03-12,32.27,35.74,11.7,0.25,0.46,2.3,17.27
Lucknow,2025-03-13,35.2,34.87,10.83,0.38,0.63,1.92,16.18
Lucknow,2025-03-14,30.89,36.63,10.97,0.16,0.91,1.5,18.93
Lucknow,2025-03-15,32.81,36.04,10.59,0.38,0.73,2.44,17.02
Lucknow,2025-03-16,31.32,36.16,12.09,0.15,0.47,1.91,17.9
Lucknow,2025-03-17,29.59,36.01,13.93,0.21,0.67,1.58,18.01
Lucknow,2025-03-18,30.42,34.45,13.53,0.27,0.86,2.02,18.46
Lucknow,2025-03-19,30.07,36.76,12.99,0.1,0.82,1.74,17.52
Lucknow,2025-03-20,32.49,36.81,11.54,0.33,0.46,2.08,16.29
Lucknow,2025-03-21,31.67,33.72,12.81,0.12,0.84,1.77,19.08
Lucknow,2025-03-22,31.46,36.06,11.71,0.13,0.77,2.09,17.79
Lucknow,2025-03-23,30.69,35.39,12.26,0.23,0.59,2.67,18.17
Lucknow,2025-03-24,29.53,34.73,13.33,0.26,1.18,2.24,18.73
Lucknow,2025-03-25,31.94,34.66,13.54,0.07,0.79,2.12,16.88
Lucknow,2025-03-26,30.04,35.12,12.53,0.14,1.26,2.18,18.73
Lucknow,2025-03-27,31.32,35.33,14.23,0.2,0.99,1.77,16.17
Lucknow,2025-03-28,31.64,32.85,13.81,0.18,0.64,2.17,18.72
Lucknow,2025-03-29,30.47,35.12,14.5,0.04,1.13,1.58,17.17
Lucknow,2025-03-30,31.6,34.66,12.87,0.21,0.73,1.59,18.33
Lucknow,2025-03-31,33.04,32.68,13.69,0.16,0.53,1.87,18.03
Lucknow,2025-04-01,30.13,33.91,13.68,0.17,0.66,1.85,19.6
Lucknow,2025-04-02,30.77,32.86,14.17,0.17,0.71,1.62,19.7
Lucknow,2025-04-03,30.6,32.81,14.08,0.13,0.73,2.34,19.32
Lucknow,2025-04-04,32.01,34.23,12.99,0.11,0.56,1.76,18.35
Lucknow,2025-04-05,31.79,33.25,12.84,0.19,0.84,1.55,19.53
Lucknow,2025-04-06,30.44,33.21,13.96,0.1,1.02,1.71,19.56
Lucknow,2025-04-07,31.81,32.88,13.64,0.21,0.78,1.71,18.95
Lucknow,2025-04-08,32.15,33.3,13.12,0.21,0.59,1.61,19.02
Lucknow,2025-04-09,31.67,33.01,13.61,0.23,1.04,2.04,18.4
Lucknow,2025-04-10,30.39,35.06,13.7,0.38,0.75,2.04,17.69
Lucknow,2025-04-11,32.51,34.77,12.93,0.07,0.91,1.85,16.97
Lucknow,2025-04-12,29.62,35.35,13.4,0.2,0.62,1.9,18.91
Lucknow,2025-04-13,31.13,37.01,12.5,0.26,0.58,1.83,16.7
Lucknow,2025-04-14,30.5,35.18,13.96,0.31,0.77,1.63,17.65
Lucknow,2025-04-15,31.08,34.1,14.1,0.14,0.51,1.66,18.41
Lucknow,2025-04-16,31.48,33.05,14.83,0.07,0.97,1.64,17.95
Lucknow,2025-04-17,30.85,35.75,12.23,0.5,0.7,1.54,18.43
Lucknow,2025-04-18,29.77,36.26,12.85,0.24,0.87,1.85,18.16
Lucknow,2025-04-19,30.19,34.71,13.0,0.07,0.82,2.21,19.0
Lucknow,2025-04-20,33.04,32.68,12.66,0.1,0.62,1.61,19.3
Lucknow,2025-04-21,29.69,32.94,12.84,0.1,0.7,1.75,21.98
Lucknow,2025-04-22,28.54,34.75,12.76,0.07,0.91,2.0,20.97
Lucknow,2025-04-23,30.63,31.94,12.7,0.3,0.98,1.84,21.61
Lucknow,2025-04-24,27.78,33.15,15.2,0.12,1.19,1.34,21.22
Lucknow,2025-04-25,29.75,29.03,13.89,0.34,0.83,1.97,24.19
Lucknow,2025-04-26,29.72,31.89,13.02,0.27,0.9,1.77,22.44
Lucknow,2025-04-27,28.55,32.22,12.19,0.16,0.64,1.8,24.44
Lucknow,2025-04-28,30.15,31.01,14.61,0.17,1.09,1.75,21.22
Lucknow,2025-04-29,30.45,31.88,14.11,0.1,0.47,1.9,21.1
Lucknow,2025-04-30,29.18,33.87,13.09,0.1,0.93,1.59,21.24
Lucknow,2025-05-01,30.26,32.27,12.55,0.23,0.86,1.94,21.9
Lucknow,2025-05-02,29.33,32.5,13.94,0.2,0.56,1.93,21.54
Lucknow,2025-05-03,29.73,33.16,12.72,0.28,0.91,1.57,21.63
Lucknow,2025-05-04,28.79,32.96,12.26,0.38,0.67,2.04,22.9
Lucknow,2025-05-05,29.16,34.0,13.11,0.29,0.85,2.06,20.53
Lucknow,2025-05-06,29.59,33.06,13.58,0.26,0.82,2.54,20.15
Lucknow,2025-05-07,28.58,34.45,13.31,0.2,1.04,2.24,20.18
Lucknow,2025-05-08,31.17,30.65,15.63,0.12,0.84,2.64,18.95
Lucknow,2025-05-09,30.25,36.25,13.64,0.34,0.56,1.45,17.51
Lucknow,2025-05-10,29.14,32.07,14.36,0.31,0.68,1.88,21.56
Lucknow,2025-05-11,29.16,36.66,12.38,0.22,1.03,1.84,18.72
Lucknow,2025-05-12,29.77,33.01,13.49,0.18,0.94,1.88,20.73
Lucknow,2025-05-13,29.74,32.4,13.24,0.06,0.9,2.08,21.57
Lucknow,2025-05-14,31.59,32.01,13.81,0.29,0.96,2.6,18.74
Lucknow,2025-05-15,30.82,35.29,13.75,0.22,0.87,1.71,17.35
Lucknow,2025-05-16,28.14,36.06,13.48,0.14,0.97,1.65,19.56
Lucknow,2025-05-17,28.87,35.65,12.98,0.17,0.96,1.67,19.7
Lucknow,2025-05-18,30.42,34.39,12.31,0.08,0.96,2.19,19.64
Lucknow,2025-05-19,30.33,34.33,12.63,0.15,1.03,1.74,19.79
Lucknow,2025-05-20,30.8,33.94,12.93,0.14,0.88,1.88,19.41
Lucknow,2025-05-21,29.28,33.89,13.81,0.12,1.34,2.01,19.55
Lucknow,2025-05-22,32.36,35.4,12.35,0.03,0.86,1.66,17.35
Lucknow,2025-05-23,31.81,36.78,10.52,0.11,0.71,1.85,18.23
Lucknow,2025-05-24,29.9,34.84,12.47,0.1,0.75,1.53,20.41
Lucknow,2025-05-25,30.89,33.27,13.01,0.05,0.67,1.95,20.15
Lucknow,2025-05-26,29.78,35.29,13.74,0.11,1.05,1.19,18.83
Lucknow,2025-05-27,30.39,35.07,13.08,0.23,0.93,1.75,18.54
Lucknow,2025-05-28,31.96,32.97,12.11,0.06,1.0,1.6,20.3
Lucknow,2025-05-29,30.52,32.37,12.25,0.06,0.61,1.97,22.23
Lucknow,2025-05-30,29.2,31.8,12.4,0.12,0.71,1.77,24.0
Lucknow,2025-05-31,31.52,32.39,12.78,0.26,0.55,1.52,20.99
Lucknow,2025-06-01,30.25,31.05,13.24,0.09,0.6,1.53,23.25
Lucknow,2025-06-02,30.53,33.83,13.64,0.19,0.72,1.18,19.91
Lucknow,2025-06-03,31.25,31.37,11.26,0.14,0.58,1.91,23.5
Lucknow,2025-06-04,30.72,33.24,13.07,0.12,0.84,1.71,20.29
Lucknow,2025-06-05,31.65,35.23,11.92,0.06,0.76,1.83,18.55
Lucknow,2025-06-06,30.06,34.49,12.88,0.03,0.97,1.65,19.91
Lucknow,2025-06-07,28.55,36.86,13.23,0.11,0.64,1.14,19.46
Lucknow,2025-06-08,31.2,32.81,13.25,0.19,0.68,1.75,20.13
Lucknow,2025-06-09,29.12,33.05,13.46,0.18,0.6,2.05,21.55
Lucknow,2025-06-10,28.22,34.73,13.29,0.27,0.54,1.73,21.22
Lucknow,2025-06-11,29.78,34.82,13.44,0.06,0.67,1.53,19.7
Lucknow,2025-06-12,29.32,32.98,13.0,0.07,0.82,2.0,21.81
Lucknow,2025-06-13,29.51,34.5,13.05,0.26,0.97,2.0,19.72
Lucknow,2025-06-14,30.23,33.17,13.64,0.15,0.71,1.4,20.7
Lucknow,2025-06-15,29.89,35.59,13.02,0.18,0.64,1.84,18.84
Lucknow,2025-06-16,28.96,33.47,14.71,0.12,0.82,1.39,20.53
Lucknow,2025-06-17,30.94,34.5,13.02,0.25,0.82,1.67,18.8
Lucknow,2025-06-18,31.22,32.0,13.19,0.22,0.78,2.03,20.56
Lucknow,2025-06-19,27.84,32.23,15.36,0.13,1.26,1.7,21.49
Lucknow,2025-06-20,29.48,32.08,14.36,0.19,1.27,2.09,20.54
Lucknow,2025-06-21,30.37,33.63,13.38,0.18,0.91,2.04,19.49
Lucknow,2025-06-22,31.78,31.38,12.39,0.15,1.1,1.92,21.28
Lucknow,2025-06-23,29.75,32.62,14.61,0.03,0.64,1.93,20.42
Lucknow,2025-06-24,28.99,34.95,13.37,0.06,0.68,1.87,20.07
Lucknow,2025-06-25,27.85,32.62,14.86,0.29,0.69,1.64,22.05
Lucknow,2025-06-26,27.87,32.45,13.95,0.16,1.03,1.71,22.83
Lucknow,2025-06-27,30.14,33.02,13.34,0.3,0.91,1.76,20.53
Lucknow,2025-06-28,30.68,32.17,12.86,0.15,1.07,2.14,20.92
Lucknow,2025-06-29,29.07,32.66,14.3,0.09,0.68,1.77,21.45
Lucknow,2025-06-30,28.03,31.77,14.8,0.13,0.85,1.88,22.55
Lucknow,2025-07-01,29.34,31.63,14.44,0.15,0.43,2.38,21.61
Lucknow,2025-07-02,29.12,29.68,16.38,0.39,0.74,2.14,21.55
Lucknow,2025-07-03,26.11,31.71,16.24,0.22,0.86,2.1,22.76
Lucknow,2025-07-04,27.64,32.51,15.04,0.19,0.74,2.51,21.37
Lucknow,2025-07-05,26.42,32.59,14.8,0.18,0.65,2.26,23.11
Lucknow,2025-07-06,28.89,30.89,15.92,0.21,0.87,2.06,21.15
Lucknow,2025-07-07,29.43,32.19,13.67,0.06,0.66,1.72,22.27
Lucknow,2025-07-08,29.43,31.79,13.33,0.15,0.73,1.97,22.59
Lucknow,2025-07-09,29.75,30.2,14.02,0.03,1.1,1.74,23.16
Lucknow,2025-07-10,27.18,32.94,13.7,0.06,0.68,2.46,22.97
Lucknow,2025-07-11,29.7,32.78,12.66,0.06,0.45,1.35,22.99
Lucknow,2025-07-12,30.0,33.08,13.21,0.12,1.0,1.79,20.8
Lucknow,2025-07-13,30.06,30.35,13.99,0.23,0.55,1.57,23.24
Lucknow,2025-07-14,28.24,31.02,14.33,0.19,1.17,1.3,23.76
Lucknow,2025-07-15,27.57,33.14,12.94,0.09,0.97,1.42,23.87
Lucknow,2025-07-16,28.79,33.84,13.02,0.12,0.82,1.73,21.67
Lucknow,2025-07-17,28.93,33.29,13.22,0.16,0.47,1.31,22.63
Lucknow,2025-07-18,29.41,33.2,13.99,0.06,0.88,1.85,20.61
Lucknow,2025-07-19,27.7,33.61,12.88,0.06,0.91,2.05,22.78
Lucknow,2025-07-20,29.05,32.7,13.19,0.15,0.76,1.34,22.81
Lucknow,2025-07-21,27.79,33.5,14.37,0.16,0.71,1.09,22.38
Lucknow,2025-07-22,29.29,34.29,12.65,0.1,0.73,1.18,21.77
Lucknow,2025-07-23,27.22,35.3,12.52,0.1,0.58,1.92,22.36
Lucknow,2025-07-24,30.43,35.21,11.49,0.03,0.73,1.78,20.33
Lucknow,2025-07-25,29.04,32.24,12.9,0.1,0.86,1.57,23.28
Lucknow,2025-07-26,28.6,33.41,13.67,0.09,0.66,1.39,22.18
Lucknow,2025-07-27,28.43,32.38,14.37,0.09,0.55,1.71,22.47
Lucknow,2025-07-28,29.63,33.73,13.41,0.09,0.44,1.29,21.39
Lucknow,2025-07-29,28.83,33.43,12.83,0.13,0.78,1.59,22.42
Lucknow,2025-07-30,30.39,33.94,13.06,0.27,0.5,1.33,20.52
Lucknow,2025-07-31,28.28,31.71,15.43,0.07,0.54,1.5,22.47
Lucknow,2025-08-01,30.15,31.25,14.17,0.1,0.9,1.8,21.62
Lucknow,2025-08-02,28.73,32.84,14.0,0.09,0.73,1.33,22.28
Lucknow,2025-08-03,28.77,33.22,14.67,0.2,0.57,2.0,20.58
Lucknow,2025-08-04,29.99,32.48,13.57,0.24,0.67,1.4,21.65
Lucknow,2025-08-05,28.61,34.19,13.14,0.25,0.69,1.82,21.3
Lucknow,2025-08-06,29.87,35.12,12.66,0.17,0.76,1.76,19.67
Lucknow,2025-08-07,28.42,34.96,11.77,0.14,0.89,1.45,22.37
Lucknow,2025-08-08,31.48,32.8,11.95,0.24,0.81,1.77,20.95
Lucknow,2025-08-09,30.86,33.99,12.04,0.09,1.22,1.61,20.19
Lucknow,2025-08-10,32.12,33.99,12.77,0.14,0.88,1.32,18.77
Lucknow,2025-08-11,30.68,34.38,13.59,0.12,0.79,1.84,18.61
Lucknow,2025-08-12,28.67,33.56,15.14,0.12,0.69,1.45,20.36
Lucknow,2025-08-13,29.76,33.97,14.43,0.09,0.66,1.39,19.69
Lucknow,2025-08-14,29.78,33.68,13.6,0.12,0.74,1.23,20.86
Lucknow,2025-08-15,31.49,35.9,12.33,0.03,0.55,1.36,18.34
Lucknow,2025-08-16,30.01,34.25,13.94,0.1,1.11,1.5,19.09
Lucknow,2025-08-17,30.62,33.33,12.95,0.15,0.99,1.66,20.3
Lucknow,2025-08-18,28.23,35.63,14.6,0.27,1.03,1.23,19.01
Lucknow,2025-08-19,28.46,33.32,15.7,0.13,0.91,1.34,20.14
Lucknow,2025-08-20,29.16,34.59,13.92,0.17,0.6,1.49,20.08
Lucknow,2025-08-21,26.88,33.77,16.47,,0.68,1.8,20.4
Lucknow,2025-08-22,28.81,33.85,14.29,0.19,0.64,1.57,20.64
Lucknow,2025-08-23,29.53,33.88,14.16,0.03,0.72,1.73,19.95
Lucknow,2025-08-24,28.15,34.02,14.81,0.14,0.95,1.77,20.16
Lucknow,2025-08-25,28.36,34.01,15.86,0.15,0.34,1.67,19.6
Lucknow,2025-08-26,31.59,31.65,14.54,0.06,0.66,1.15,20.35
Lucknow,2025-08-27,29.97,33.78,13.68,0.1,0.71,1.62,20.14
Lucknow,2025-08-28,28.04,33.86,14.06,0.21,1.13,1.68,21.03
Lucknow,2025-08-29,29.25,34.67,14.19,0.06,0.58,1.81,19.45
Lucknow,2025-08-30,28.14,35.98,13.46,0.22,0.78,1.77,19.65
Lucknow,2025-08-31,29.35,34.42,14.38,0.06,0.7,1.74,19.34
Lucknow,2025-09-01,31.25,33.34,13.66,0.1,0.77,1.57,19.32
Lucknow,2025-09-02,27.54,34.66,14.45,0.03,0.49,1.35,21.47
Lucknow,2025-09-03,36.08,37.39,10.03,0.05,0.52,1.07,14.87
Lucknow,2025-09-04,44.45,34.42,8.06,0.06,0.39,1.47,11.14
Lucknow,2025-09-05,32.73,39.05,10.61,0.15,1.39,1.17,14.91
Lucknow,2025-09-06,36.97,37.21,10.44,0.11,0.53,1.12,13.63
Lucknow,2025-09-07,33.79,40.21,9.98,0.02,0.51,0.86,14.61
Lucknow,2025-09-08,33.48,40.01,10.22,0.08,0.71,1.19,14.31
Lucknow,2025-09-09,31.59,39.96,11.51,0.11,0.59,1.3,14.94
Lucknow,2025-09-10,33.93,36.67,11.38,0.06,0.57,1.19,16.21
Lucknow,2025-09-11,32.31,37.73,12.75,0.03,0.54,1.2,15.44
Lucknow,2025-09-12,31.48,38.09,13.61,0.11,0.71,1.16,14.83
Lucknow,2025-09-13,30.13,37.53,13.6,0.05,0.52,1.45,16.72
Lucknow,2025-09-14,29.34,37.97,10.92,0.2,0.45,0.87,20.25
Lucknow,2025-09-15,31.83,37.89,11.82,,0.41,1.22,16.83
Lucknow,2025-09-16,32.02,39.08,11.56,0.08,0.5,1.33,15.43
Lucknow,2025-09-17,32.04,38.95,12.1,0.05,0.49,1.51,14.86
Lucknow,2025-09-18,32.16,36.2,13.41,0.11,0.62,1.06,16.45
Lucknow,2025-09-19,31.47,37.22,12.53,0.11,0.61,1.03,17.03
Lucknow,2025-09-20,32.31,38.4,11.81,0.1,0.44,0.94,16.0
Lucknow,2025-09-21,34.59,39.8,9.67,0.02,0.42,0.94,14.55
Lucknow,2025-09-22,35.47,41.82,9.52,0.02,0.49,0.74,11.95
Lucknow,2025-09-23,34.9,40.33,10.16,0.04,0.97,1.03,12.56
Lucknow,2025-09-24,34.78,38.66,11.2,0.07,0.74,1.39,13.16
Lucknow,2025-09-25,31.5,38.4,12.6,0.12,0.64,1.05,15.69
Lucknow,2025-09-26,32.95,38.63,11.56,0.14,0.62,0.96,15.13
Lucknow,2025-09-27,32.21,38.92,11.92,0.07,0.39,1.04,15.46
Lucknow,2025-09-28,30.96,36.21,10.77,0.09,1.01,1.03,19.95
Lucknow,2025-09-29,31.91,37.68,11.95,0.02,0.97,1.09,16.39
Lucknow,2025-09-30,32.96,37.6,11.97,0.07,0.76,0.83,15.81
Lucknow,2025-10-01,33.32,37.88,13.07,0.03,0.64,1.18,13.89
Lucknow,2025-10-02,31.84,38.73,13.21,0.05,0.84,0.89,14.44
Lucknow,2025-10-03,33.13,38.59,12.52,0.02,0.71,1.06,13.96
Lucknow,2025-10-04,33.02,37.85,12.54,0.07,0.67,1.13,14.72
Lucknow,2025-10-05,32.67,38.17,12.71,0.07,0.4,0.93,15.05
Lucknow,2025-10-06,34.89,38.62,11.31,0.02,0.81,0.97,13.38
Lucknow,2025-10-07,33.85,38.63,11.78,0.02,0.5,0.84,14.38
Lucknow,2025-10-08,31.49,39.2,12.73,0.08,0.4,1.11,14.99
Lucknow,2025-10-09,33.17,39.3,11.82,0.09,0.6,1.06,13.95
Lucknow,2025-10-10,33.48,37.45,12.44,0.18,0.62,1.03,14.8
Lucknow,2025-10-11,30.54,38.84,13.8,0.08,0.48,1.12,15.14
Lucknow,2025-10-12,32.81,36.72,11.73,0.03,0.74,1.27,16.71
Lucknow,2025-10-13,31.23,36.92,13.91,,0.47,0.97,16.5
Lucknow,2025-10-14,31.86,38.81,12.65,0.15,0.87,0.99,14.68
Lucknow,2025-10-15,33.36,36.71,12.53,0.09,0.84,1.17,15.31
Lucknow,2025-10-16,32.81,38.49,11.34,0.12,0.46,0.79,15.98
Lucknow,2025-10-17,33.17,36.98,11.39,0.06,0.5,0.73,17.17
Lucknow,2025-10-18,34.71,36.27,11.82,0.03,0.47,1.0,15.7
Lucknow,2025-10-19,32.58,38.36,11.83,,0.66,1.22,15.35
Lucknow,2025-10-20,34.53,39.47,10.59,0.12,0.78,1.28,13.23
Lucknow,2025-10-21,32.59,38.23,12.25,,0.59,0.68,15.66
Lucknow,2025-10-22,33.18,36.39,12.94,0.03,0.44,1.01,16.02
Lucknow,2025-10-23,31.35,38.39,13.63,0.08,0.83,1.07,14.65
Lucknow,2025-10-24,32.6,37.76,12.63,0.03,0.84,0.94,15.2
Lucknow,2025-10-25,30.18,38.07,12.92,0.2,0.66,1.12,16.83
Lucknow,2025-10-26,30.81,39.7,12.22,0.18,0.68,0.88,15.54
Lucknow,2025-10-27,30.25,37.32,13.75,0.05,0.6,0.71,17.32
Lucknow,2025-10-28,29.51,37.12,13.97,0.14,0.6,0.98,17.68
Lucknow,2025-10-29,31.4,35.06,15.13,0.06,0.85,0.73,16.77
Lucknow,2025-10-30,31.06,35.54,14.46,0.08,0.89,0.97,17.01
Lucknow,2025-10-31,32.05,34.32,14.0,,0.8,1.15,17.69
Lucknow,2025-11-01,31.04,35.82,14.27,0.06,0.78,1.01,17.03
Lucknow,2025-11-02,31.0,35.54,15.6,,0.88,0.94,16.04
Lucknow,2025-11-03,32.04,35.41,13.63,0.03,0.5,0.97,17.41
Lucknow,2025-11-04,34.13,40.67,11.51,0.02,0.33,0.84,12.5
Lucknow,2025-11-05,34.23,36.65,11.99,0.05,0.63,0.95,15.5
Lucknow,2025-11-06,30.08,38.9,13.44,0.06,0.5,1.03,16.0
Lucknow,2025-11-07,32.67,36.48,12.58,0.06,0.29,0.92,17.0
Lucknow,2025-11-08,31.57,36.57,12.66,0.18,0.65,1.21,17.16
Lucknow,2025-11-09,29.46,37.54,13.79,,0.76,1.24,17.21
Lucknow,2025-11-10,31.14,37.13,13.72,0.06,0.5,1.25,16.21
Lucknow,2025-11-11,32.6,35.04,14.67,0.13,0.66,0.97,15.93
Lucknow,2025-11-12,31.2,38.72,12.34,0.1,0.44,1.05,16.15
Lucknow,2025-11-13,32.55,36.49,13.71,0.2,0.88,0.95,15.21
Lucknow,2025-11-14,29.34,34.88,16.37,0.22,0.58,1.45,17.17
Lucknow,2025-11-15,33.82,38.09,11.69,0.03,0.53,0.5,15.35
Lucknow,2025-11-16,33.01,35.57,14.11,0.06,0.75,1.03,15.47
Lucknow,2025-11-17,31.22,36.38,13.6,0.16,0.61,0.89,17.14
Lucknow,2025-11-18,30.36,35.62,13.57,0.13,0.61,0.83,18.89
Lucknow,2025-11-19,29.63,36.01,15.24,0.14,0.79,1.34,16.86
Lucknow,2025-11-20,30.86,35.4,14.85,0.13,0.73,0.86,17.17
Lucknow,2025-11-21,29.69,34.25,17.04,0.13,0.67,1.1,17.11
Lucknow,2025-11-22,31.21,33.84,15.51,0.07,0.62,1.05,17.71
Lucknow,2025-11-23,30.63,34.11,15.02,0.28,0.43,0.89,18.63
Lucknow,2025-11-24,32.63,32.06,15.81,0.16,0.63,1.02,17.68
Lucknow,2025-11-25,36.31,43.32,8.85,0.02,0.43,0.99,10.08
Lucknow,2025-11-26,34.64,39.83,11.38,0.09,0.3,0.76,13.01
Lucknow,2025-11-27,33.59,38.71,12.24,0.05,0.3,0.76,14.36
Lucknow,2025-11-28,32.28,37.6,14.12,0.05,0.6,1.12,14.23
Lucknow,2025-11-29,32.56,37.82,12.84,0.06,0.48,1.06,15.19
Lucknow,2025-11-30,29.98,36.46,15.82,0.03,0.64,1.1,15.96
Lucknow,2025-12-01,31.59,35.86,14.91,0.48,0.75,0.93,15.48
Lucknow,2025-12-02,30.58,35.8,17.06,0.09,0.54,0.94,14.99
Lucknow,2025-12-03,32.81,34.24,15.17,0.06,0.66,1.12,15.95
Lucknow,2025-12-04,30.73,36.83,13.8,0.06,0.58,1.31,16.69
Lucknow,2025-12-05,31.56,35.6,16.39,0.2,0.41,0.93,14.91
Lucknow,2025-12-06,30.83,37.31,13.9,0.16,0.7,0.7,16.39
Lucknow,2025-12-07,29.68,36.95,14.04,0.05,0.54,0.87,17.87
Lucknow,2025-12-08,30.13,34.91,16.86,0.06,0.84,0.56,16.64
Lucknow,2025-12-09,31.11,35.83,14.35,0.03,0.62,0.93,17.13
Lucknow,2025-12-10,31.04,36.03,15.48,0.03,0.7,0.67,16.05
Lucknow,2025-12-11,32.07,35.63,14.96,0.17,0.34,0.82,16.01
Lucknow,2025-12-12,28.59,36.3,16.14,0.08,0.74,1.06,17.09
Lucknow,2025-12-13,29.07,35.98,15.49,0.21,0.83,1.29,17.12
Lucknow,2025-12-14,29.16,35.34,15.03,0.21,0.51,0.9,18.84
Lucknow,2025-12-15,33.07,35.74,15.1,0.15,0.48,0.71,14.75
Lucknow,2025-12-16,30.41,34.95,15.26,0.06,0.74,1.0,17.58
Lucknow,2025-12-17,28.44,36.21,16.35,0.09,0.71,1.57,16.64
Lucknow,2025-12-18,28.55,35.75,16.07,0.14,0.55,0.81,18.12
Lucknow,2025-12-19,27.78,36.86,15.77,0.36,0.51,1.44,17.27
Lucknow,2025-12-20,29.53,36.07,15.8,0.08,0.45,0.98,17.09
Lucknow,2025-12-21,27.53,35.57,15.86,0.08,0.68,1.3,18.98
Lucknow,2025-12-22,29.92,36.12,16.46,0.14,0.57,1.03,15.76
Lucknow,2025-12-23,28.89,35.76,16.92,0.03,0.59,0.86,16.95
Lucknow,2025-12-24,28.24,36.59,15.86,0.05,0.51,1.04,17.71
Lucknow,2025-12-25,27.47,36.85,14.99,0.11,0.55,1.47,18.56
Lucknow,2025-12-26,27.16,35.55,16.22,0.27,0.69,0.77,19.33
Lucknow,2025-12-27,30.2,34.22,16.46,0.05,0.45,1.62,16.99
Lucknow,2025-12-28,28.19,34.28,18.34,0.08,0.86,0.98,17.28
Lucknow,2025-12-29,28.49,34.28,17.05,0.1,0.49,1.21,18.38
Lucknow,2025-12-30,27.96,34.7,18.03,0.05,0.48,1.2,17.58
Lucknow,2025-12-31,29.49,33.28,16.9,0.13,0.49,1.34,18.37
Lucknow,2026-01-01,30.58,36.9,14.83,0.2,0.46,1.37,15.66
Lucknow,2026-01-02,28.71,36.65,17.48,0.05,0.66,1.19,15.28
Lucknow,2026-01-03,28.88,35.89,18.17,0.26,0.71,1.31,14.77
Lucknow,2026-01-04,27.84,37.48,16.21,0.17,0.87,1.24,16.18
Lucknow,2026-01-05,29.08,35.3,20.57,0.17,0.44,0.96,13.48
Lucknow,2026-01-06,28.95,36.65,18.46,0.09,0.31,0.85,14.7
Lucknow,2026-01-07,28.13,37.79,16.83,0.13,0.85,1.05,15.22
Lucknow,2026-01-08,28.84,36.54,16.09,0.03,0.45,1.42,16.62
Lucknow,2026-01-09,28.05,35.8,16.85,0.11,0.55,1.84,16.8
Lucknow,2026-01-10,28.74,35.4,16.97,0.15,0.52,1.4,16.82
Lucknow,2026-01-11,28.95,35.71,17.44,0.05,0.51,1.18,16.16
Lucknow,2026-01-12,31.26,32.33,17.21,0.05,0.56,1.53,17.05
Lucknow,2026-01-13,31.36,40.69,13.49,0.1,0.51,0.86,13.0
Lucknow,2026-01-14,30.84,37.56,14.81,0.16,0.5,1.1,15.02
Lucknow,2026-01-15,27.79,38.65,15.35,0.14,0.66,1.09,16.32
Lucknow,2026-01-16,28.98,37.31,14.77,0.21,0.72,0.77,17.23
Lucknow,2026-01-17,31.18,36.79,13.42,0.1,0.64,1.49,16.36
Lucknow,2026-01-18,29.67,35.78,15.8,0.23,0.66,0.68,17.17
Lucknow,2026-01-19,31.66,35.08,14.77,0.08,0.54,1.31,16.56
Lucknow,2026-01-20,31.38,37.92,14.0,0.1,0.61,1.11,14.88
Lucknow,2026-01-21,29.49,38.51,14.92,0.14,0.48,1.32,15.14
Lucknow,2026-01-22,31.25,35.99,15.79,0.09,0.62,1.53,14.73
Lucknow,2026-01-23,30.6,35.54,15.92,0.2,0.54,1.27,15.92
Lucknow,2026-01-24,28.6,37.29,16.06,,0.92,1.22,15.91
Lucknow,2026-01-25,29.77,36.49,14.83,0.11,0.57,1.54,16.69
Lucknow,2026-01-26,30.95,38.4,13.43,0.1,0.62,1.28,15.21
Lucknow,2026-01-27,30.17,38.47,14.16,0.08,0.52,1.47,15.14
Lucknow,2026-01-28,28.5,36.99,16.32,0.06,0.37,1.58,16.18
Lucknow,2026-01-29,27.53,35.5,17.51,0.24,0.79,1.44,16.99
Lucknow,2026-01-30,28.47,36.11,16.87,0.09,0.52,1.55,16.38
Lucknow,2026-01-31,29.15,34.94,17.11,0.09,0.47,1.57,16.67
Lucknow,2026-02-01,28.8,34.97,16.94,0.06,0.69,1.38,17.17
Lucknow,2026-02-02,30.06,33.16,16.52,0.11,0.71,1.42,18.01
Lucknow,2026-02-03,28.51,35.49,16.73,0.18,0.66,1.59,16.85
Lucknow,2026-02-04,28.01,35.65,17.54,0.03,0.66,1.44,16.67
Lucknow,2026-02-05,29.47,34.4,18.65,0.13,0.94,1.19,15.22
Lucknow,2026-02-06,27.14,35.29,18.65,0.18,0.57,1.66,16.51
Lucknow,2026-02-07,30.56,35.11,15.4,0.03,0.51,1.66,16.73
Lucknow,2026-02-08,29.12,35.95,16.92,0.14,0.3,1.98,15.59
Lucknow,2026-02-09,26.04,36.62,16.15,0.09,0.47,1.63,18.99
Lucknow,2026-02-10,28.27,35.26,16.44,0.12,0.55,1.61,17.75
Lucknow,2026-02-11,27.64,34.79,18.35,0.19,0.62,1.59,16.82
Lucknow,2026-02-12,29.44,38.04,15.23,0.08,0.71,1.53,14.97
Lucknow,2026-02-13,29.1,35.96,16.64,0.12,0.62,1.47,16.08
Lucknow,2026-02-14,29.3,36.35,16.64,0.08,0.67,1.43,15.52
Lucknow,2026-02-15,28.59,33.64,15.06,0.14,0.71,1.3,20.56
Lucknow,2026-02-16,26.54,36.71,17.47,0.06,0.41,1.8,17.0
Lucknow,2026-02-17,30.64,35.34,15.15,0.03,0.78,1.05,17.01
Lucknow,2026-02-18,30.48,35.36,16.0,0.11,0.77,1.12,16.15
Lucknow,2026-02-19,31.96,36.59,15.6,0.12,0.39,0.84,14.49
Lucknow,2026-02-20,30.55,39.57,14.9,0.17,0.39,0.97,13.46
Lucknow,2026-02-21,28.9,37.2,15.96,0.19,0.83,0.88,16.04
Lucknow,2026-02-22,27.99,34.01,18.88,0.05,0.48,1.03,17.56
Lucknow,2026-02-23,26.36,37.12,17.4,0.09,0.74,1.11,17.2
Lucknow,2026-02-24,28.31,35.79,17.88,0.15,0.72,1.37,15.79
Lucknow,2026-02-25,30.43,36.22,16.34,0.07,0.4,1.44,15.1
Lucknow,2026-02-26,29.29,33.9,16.75,,0.52,1.19,18.34
Lucknow,2026-02-27,28.69,35.59,17.17,0.03,0.49,1.24,16.78
Lucknow,2026-02-28,29.51,33.18,18.15,0.07,0.83,1.39,16.87
Lucknow,2026-03-01,27.96,33.98,18.93,0.03,0.67,0.71,17.72
Lucknow,2026-03-02,29.08,34.94,17.11,0.04,0.54,0.98,17.32
Lucknow,2026-03-03,32.18,35.88,15.06,,0.48,0.95,15.45
Lucknow,2026-03-04,29.86,34.93,15.27,0.24,0.64,1.12,17.94
Lucknow,2026-03-05,27.66,33.56,15.87,0.22,0.61,0.99,21.09
Lucknow,2026-03-06,29.49,34.36,16.82,0.21,0.83,1.03,17.27
Lucknow,2026-03-07,27.47,34.92,16.58,0.06,0.61,1.12,19.24
Lucknow,2026-03-08,25.45,31.33,19.28,0.3,0.46,1.41,21.77
Lucknow,2026-03-09,26.94,34.85,19.7,0.1,0.6,1.3,16.51
Lucknow,2026-03-10,28.5,34.93,17.38,0.17,0.45,1.19,17.38
Lucknow,2026-03-11,28.77,35.89,16.91,0.07,0.95,1.19,16.21
Lucknow,2026-03-12,29.16,34.34,18.15,0.18,0.54,1.52,16.12
Lucknow,2026-03-13,29.31,33.66,17.5,0.07,0.37,1.72,17.37
Lucknow,2026-03-14,27.65,35.96,16.45,0.1,0.46,2.0,17.37
Lucknow,2026-03-15,27.29,33.41,18.32,0.03,0.56,1.79,18.59
Lucknow,2026-03-16,27.04,32.87,18.73,0.21,0.69,1.97,18.49
Lucknow,2026-03-17,30.06,35.95,16.72,0.1,0.35,1.0,15.82
Lucknow,2026-03-18,30.66,32.53,17.25,0.07,0.57,0.9,18.02
Lucknow,2026-03-19,28.48,35.41,17.25,0.07,0.79,1.12,16.89
Lucknow,2026-03-20,29.17,33.69,18.4,0.26,0.54,1.06,16.89
Lucknow,2026-03-21,28.76,35.93,15.81,0.12,0.69,0.98,17.71
Lucknow,2026-03-22,28.61,35.25,17.51,0.09,0.5,1.19,16.85
Lucknow,2026-03-23,30.19,31.99,19.87,0.03,0.63,1.3,15.98
Lucknow,2026-03-24,29.87,34.07,17.26,0.29,0.49,0.98,17.04
Lucknow,2026-03-25,27.68,34.36,18.63,0.17,0.6,1.54,17.03
Lucknow,2026-03-26,29.85,35.7,16.37,0.07,0.41,1.16,16.44
Lucknow,2026-03-27,29.14,36.01,16.63,0.07,0.4,1.1,16.66
Lucknow,2026-03-28,28.59,33.44,19.42,0.1,0.69,1.05,16.7
Lucknow,2026-03-29,30.53,33.5,17.86,0.06,0.7,0.83,16.51
Lucknow,2026-03-30,28.09,35.2,19.02,0.03,0.51,1.16,15.98
Lucknow,2026-03-31,28.96,32.7,18.86,0.15,0.65,1.56,17.11
Lucknow,2026-04-01,27.07,34.43,20.26,0.33,0.73,1.25,15.93
Lucknow,2026-04-02,27.47,33.61,20.44,0.14,0.46,1.24,16.64
Lucknow,2026-04-03,27.76,32.83,20.1,0.07,0.52,1.08,17.62
Lucknow,2026-04-04,29.05,32.79,19.38,0.17,0.54,1.35,16.72
Lucknow,2026-04-05,25.93,33.76,21.67,0.1,0.47,1.24,16.83
Lucknow,2026-04-06,27.62,32.24,19.27,0.65,0.55,0.92,18.75
Lucknow,2026-04-07,29.67,31.11,18.77,0.11,0.84,1.27,18.24
Lucknow,2026-04-08,27.62,32.82,19.44,0.14,0.24,1.03,18.72
Lucknow,2026-04-09,27.89,32.17,19.52,0.18,0.56,1.16,18.54
Lucknow,2026-04-10,28.51,33.14,18.64,0.07,0.62,1.25,17.76
Lucknow,2026-04-11,28.67,31.66,18.87,0.03,0.55,1.2,19.0
Lucknow,2026-04-12,28.63,33.07,17.85,,0.49,1.07,18.89
Lucknow,2026-04-13,28.12,30.6,19.27,0.17,0.6,0.97,20.27
Lucknow,2026-04-14,26.83,33.88,18.57,0.12,0.39,0.88,19.33
Lucknow,2026-04-15,28.45,32.27,17.97,0.14,0.61,0.76,19.81
Lucknow,2026-04-16,28.22,32.35,19.1,0.04,0.61,0.89,18.81
Lucknow,2026-04-17,28.21,31.43,20.66,0.14,0.34,0.93,18.29
Lucknow,2026-04-18,27.08,32.98,19.07,0.17,0.74,0.98,18.97
Lucknow,2026-04-19,27.0,32.96,19.03,0.03,0.46,1.06,19.46
Lucknow,2026-04-20,28.68,33.5,19.25,0.04,0.4,1.49,16.64
Lucknow,2026-04-21,28.47,31.97,19.13,0.1,0.63,0.97,18.73
Lucknow,2026-04-22,26.32,32.78,19.66,0.19,0.41,1.68,18.96
Lucknow,2026-04-23,24.96,31.67,20.66,0.2,0.4,1.39,20.73
Lucknow,2026-04-24,27.92,31.67,19.07,0.07,0.77,1.61,18.9
Lucknow,2026-04-25,28.79,33.2,16.69,0.1,0.38,0.86,19.98
Lucknow,2026-04-26,27.03,32.27,18.91,0.19,0.87,1.56,19.16
Lucknow,2026-04-27,28.38,33.35,18.97,0.06,0.55,1.1,17.58
Lucknow,2026-04-28,25.88,32.94,18.54,0.19,0.6,0.89,20.95
Lucknow,2026-04-29,26.47,31.98,19.41,0.1,0.73,1.16,20.17
Lucknow,2026-04-30,27.22,32.34,18.7,0.15,0.6,1.36,19.63
Lucknow,2026-05-01,24.97,30.71,22.73,0.14,0.86,1.15,19.43
Lucknow,2026-05-02,26.3,32.07,19.67,0.2,0.49,1.51,19.76
Lucknow,2026-05-03,26.32,33.06,19.63,0.03,1.05,1.11,18.81
Lucknow,2026-05-04,26.04,30.92,21.25,0.06,0.74,1.03,19.96
Lucknow,2026-05-05,25.87,31.67,20.24,0.12,0.86,1.01,20.24
Lucknow,2026-05-06,25.86,32.77,20.29,,0.66,1.19,19.23
Lucknow,2026-05-07,25.94,33.08,19.78,0.27,0.67,0.91,19.35
Lucknow,2026-05-08,26.09,31.65,21.32,0.06,0.59,1.2,19.09
Lucknow,2026-05-09,25.98,32.32,19.58,0.06,1.05,1.27,19.75
Lucknow,2026-05-10,26.37,32.04,20.51,0.14,0.44,1.22,19.28
Lucknow,2026-05-11,27.29,33.91,19.06,0.12,0.43,1.14,18.05
Lucknow,2026-05-12,26.2,31.17,19.48,0.06,0.4,1.67,21.02
Lucknow,2026-05-13,24.82,36.09,18.97,0.1,0.56,1.05,18.41
Lucknow,2026-05-14,26.12,32.79,20.77,0.09,0.52,0.64,19.06
Lucknow,2026-05-15,28.01,32.23,18.16,0.06,0.5,1.25,19.79
Lucknow,2026-05-16,26.39,33.59,18.31,0.03,0.31,1.43,19.94
Lucknow,2026-05-17,27.62,33.84,18.56,0.11,0.81,1.71,17.35
Lucknow,2026-05-18,26.77,35.11,18.0,0.18,0.65,1.15,18.14
Lucknow,2026-05-19,25.57,35.11,19.38,0.07,0.46,1.48,17.93
Lucknow,2026-05-20,27.25,34.11,19.52,0.25,0.66,1.13,17.08
Lucknow,2026-05-21,26.59,32.14,20.78,0.09,0.37,0.97,19.06
Lucknow,2026-05-22,27.5,32.44,20.15,0.05,0.57,1.09,18.2
Lucknow,2026-05-23,24.96,33.95,20.7,0.08,0.48,0.95,18.88
Lucknow,2026-05-24,25.31,34.14,20.56,0.03,0.54,1.17,18.25
Lucknow,2026-05-25,26.8,34.21,20.88,,0.54,0.92,16.66
Lucknow,2026-05-26,24.92,34.6,20.06,0.24,0.35,0.91,18.92
Lucknow,2026-05-27,28.63,32.65,19.64,0.03,0.4,1.19,17.46
Lucknow,2026-05-28,30.77,38.22,15.32,0.04,0.41,0.74,14.5
Lucknow,2026-05-29,29.54,34.75,19.3,0.1,0.43,0.78,15.1
Lucknow,2026-05-30,28.08,33.28,19.65,0.08,0.55,0.73,17.65
Lucknow,2026-05-31,28.13,33.9,18.79,0.13,0.76,1.31,16.98
Lucknow,2026-06-01,28.42,32.47,19.57,0.15,0.77,1.0,17.62
Lucknow,2026-06-02,27.83,34.18,20.35,0.06,0.55,0.87,16.16
Lucknow,2026-06-03,26.62,36.17,20.57,0.03,0.58,0.7,15.33
Lucknow,2026-06-04,27.55,34.04,19.65,0.09,0.88,0.86,16.93
Lucknow,2026-06-05,27.91,34.87,18.76,0.12,0.42,0.78,17.15
Lucknow,2026-06-06,28.26,32.77,19.77,0.12,0.91,1.16,17.01
Lucknow,2026-06-07,27.01,33.25,19.28,0.12,0.9,1.25,18.2
Lucknow,2026-06-08,27.39,31.77,19.45,0.06,1.01,0.81,19.51
Lucknow,2026-06-09,26.46,33.59,20.73,0.37,0.81,1.31,16.72
Lucknow,2026-06-10,26.81,32.78,19.11,0.16,0.88,1.25,19.02
Lucknow,2026-06-11,27.76,33.42,19.1,0.09,0.47,0.99,18.17
Lucknow,2026-06-12,29.49,33.15,18.62,0.17,0.63,0.61,17.32
Lucknow,2026-06-13,27.61,33.66,19.65,0.06,0.52,1.23,17.27
Lucknow,2026-06-14,27.71,32.8,18.4,0.31,0.74,1.33,18.71
Lucknow,2026-06-15,26.15,33.82,20.33,0.12,0.71,1.18,17.69
Lucknow,2026-06-16,27.85,33.42,20.54,0.09,0.64,1.01,16.45
Lucknow,2026-06-17,27.03,32.61,20.41,0.12,0.6,1.52,17.72
Lucknow,2026-06-18,26.73,32.32,20.74,0.03,0.49,0.75,18.94
Lucknow,2026-06-19,26.11,33.91,20.14,0.03,0.71,0.92,18.18
Lucknow,2026-06-20,25.84,34.16,20.3,0.06,0.66,1.42,17.56
Lucknow,2026-06-21,26.37,33.33,19.83,0.06,0.57,1.19,18.64
Lucknow,2026-06-22,27.71,32.45,20.73,,0.44,0.72,17.96
Lucknow,2026-06-23,25.44,34.57,19.99,0.16,0.62,1.01,18.2
Lucknow,2026-06-24,27.45,32.2,20.74,0.06,0.77,0.9,17.88
Lucknow,2026-06-25,25.97,33.0,20.43,0.18,0.72,0.96,18.75
Lucknow,2026-06-26,28.08,31.27,19.36,0.03,1.03,1.12,19.1
Lucknow,2026-06-27,27.72,31.18,19.57,0.09,0.65,1.17,19.62
Lucknow,2026-06-28,25.39,31.72,21.49,0.17,0.72,1.13,19.39
Lucknow,2026-06-29,27.2,29.8,22.58,0.22,0.5,0.65,19.05
Lucknow,2026-06-30,29.62,32.29,19.79,0.09,0.57,1.12,16.52
Lucknow,2026-07-01,28.58,32.61,18.86,0.19,1.11,1.21,17.43
Lucknow,2026-07-02,28.74,32.83,20.12,,0.51,1.15,16.64
Lucknow,2026-07-03,28.0,32.48,19.65,0.16,0.65,1.04,18.03
Lucknow,2026-07-04,28.22,32.88,19.54,0.18,0.54,0.96,17.67
Lucknow,2026-07-05,29.24,32.56,18.26,0.09,0.47,1.03,18.35
Lucknow,2026-07-06,27.89,32.72,18.82,0.1,0.89,1.08,18.5
Lucknow,2026-07-07,28.91,33.52,18.67,0.23,0.37,1.04,17.26
Lucknow,2026-07-08,25.22,35.02,20.47,0.18,0.81,0.72,17.58
Lucknow,2026-07-09,28.18,36.9,17.45,0.16,0.32,0.76,16.24
Lucknow,2026-07-10,29.75,33.79,18.55,0.08,0.56,0.99,16.28
Lucknow,2026-07-11,28.31,34.69,19.19,0.11,0.42,0.84,16.43
Lucknow,2026-07-12,28.15,34.8,18.65,0.08,0.54,0.84,16.94
Lucknow,2026-07-13,26.32,35.88,18.74,0.15,0.48,0.69,17.75
Lucknow,2026-07-14,27.19,35.65,17.81,0.06,0.45,1.42,17.42
Lucknow,2026-07-15,26.9,34.96,20.72,0.13,0.38,0.91,16.0
Lucknow,2026-07-16,28.33,30.9,21.87,0.22,0.5,0.9,17.28
Lucknow,2026-07-17,28.49,34.53,17.87,0.03,0.54,0.99,17.55
Lucknow,2026-07-18,28.18,31.82,20.58,0.11,0.59,0.76,17.96
Lucknow,2026-07-19,28.6,30.95,21.24,0.08,0.59,1.02,17.5
Lucknow,2026-07-20,27.71,30.8,21.03,0.07,0.76,0.79,18.85
Lucknow,2026-07-21,27.19,31.8,20.93,0.1,0.66,1.05,18.28
Lucknow,2026-07-22,26.5,32.07,21.84,0.07,0.35,1.16,18.0
Lucknow,2026-07-23,29.65,31.1,19.01,0.09,0.51,1.14,18.5
Lucknow,2026-07-24,32.85,36.0,14.82,,0.53,0.88,14.92
Lucknow,2026-07-25,31.91,33.21,16.14,0.03,0.4,0.82,17.5
Lucknow,2026-07-26,29.91,32.74,18.42,0.2,0.49,0.87,17.37
Lucknow,2026-07-27,27.48,35.2,17.93,0.14,0.58,1.35,17.32
Lucknow,2026-07-28,31.7,32.69,16.23,0.03,0.5,0.88,17.97
Lucknow,2026-07-29,30.5,31.1,17.84,0.03,0.37,1.2,18.95
Lucknow,2026-07-30,29.47,32.73,18.77,,0.72,0.89,17.42
Lucknow,2026-07-31,27.89,32.06,19.07,0.03,0.54,1.13,19.28
Lucknow,2026-08-01,30.59,29.43,20.12,0.06,0.52,1.33,17.96
Lucknow,2026-08-02,29.25,31.65,17.3,0.06,0.92,1.12,19.7
Lucknow,2026-08-03,28.67,29.5,20.35,0.14,0.55,1.47,19.31
Lucknow,2026-08-04,28.33,31.67,19.0,0.06,0.44,1.24,19.27
Lucknow,2026-08-05,30.03,33.14,17.8,0.06,0.78,1.15,17.05
Lucknow,2026-08-06,30.89,31.65,17.75,0.05,0.71,1.42,17.53
Lucknow,2026-08-07,29.48,31.58,20.65,0.17,0.58,0.86,16.68
Lucknow,2026-08-08,30.55,29.91,18.62,0.03,0.75,1.27,18.87
Lucknow,2026-08-09,28.73,30.42,19.98,0.03,0.7,1.24,18.9
Lucknow,2026-08-10,29.23,31.12,19.24,0.12,0.8,1.03,18.47
Lucknow,2026-08-11,28.21,30.53,19.79,0.09,0.9,0.78,19.7
Lucknow,2026-08-12,28.56,30.88,19.16,0.14,0.62,0.65,19.98
Lucknow,2026-08-13,28.87,33.7,18.1,0.06,0.6,1.01,17.66
Lucknow,2026-08-14,32.09,32.32,15.93,0.19,0.67,0.96,17.83
Lucknow,2026-08-15,30.47,30.85,17.87,0.05,0.65,1.06,19.04
Lucknow,2026-08-16,29.93,32.55,17.22,0.21,0.63,0.89,18.56
Lucknow,2026-08-17,29.64,32.21,18.86,,0.67,0.99,17.63
Lucknow,2026-08-18,28.98,31.98,18.53,0.14,0.54,0.8,19.02
Lucknow,2026-08-19,27.37,31.74,18.7,0.03,0.69,1.23,20.25
Lucknow,2026-08-20,29.05,30.2,18.07,0.13,0.82,0.95,20.78
Lucknow,2026-08-21,29.84,31.0,18.18,0.06,0.38,1.38,19.16
Lucknow,2026-08-22,29.84,31.85,19.17,0.11,0.69,0.89,17.45
Lucknow,2026-08-23,25.66,32.96,19.42,0.11,0.84,1.48,19.53
Lucknow,2026-08-24,28.24,31.6,19.17,0.27,0.71,0.98,19.02
Lucknow,2026-08-25,28.82,30.28,19.26,0.12,0.91,1.03,19.59
Lucknow,2026-08-26,31.24,32.71,17.44,0.14,0.89,0.67,16.91
Lucknow,2026-08-27,29.07,32.33,18.58,0.16,0.54,1.12,18.2
Lucknow,2026-08-28,31.36,31.93,17.93,0.06,0.79,1.49,16.44
Lucknow,2026-08-29,28.63,33.63,19.08,,0.74,0.82,17.1
Lucknow,2026-08-30,28.87,31.79,18.79,,0.64,0.99,18.92
Lucknow,2026-08-31,28.13,32.35,18.75,0.06,0.62,1.18,18.92
Ludhiana,2025-01-01,31.0,37.7,16.5,,1.6,4.7,8.5
Ludhiana,2025-01-02,31.77,41.64,12.97,0.19,1.69,5.08,6.67
Ludhiana,2025-01-03,31.05,44.98,10.04,0.1,1.13,5.12,7.58
Ludhiana,2025-01-04,29.75,44.53,11.8,0.29,2.21,3.36,8.06
Ludhiana,2025-01-05,32.48,40.78,10.58,0.27,1.46,5.02,9.4
Ludhiana,2025-01-06,31.95,39.27,13.57,0.19,0.77,5.58,8.66
Ludhiana,2025-01-07,33.43,39.02,12.43,0.39,1.35,4.43,8.96
Ludhiana,2025-01-08,31.52,40.51,11.92,,1.31,4.55,10.2
Ludhiana,2025-01-09,30.98,40.83,10.81,0.39,1.25,5.12,10.62
Ludhiana,2025-01-10,30.37,42.31,10.45,0.1,1.08,6.11,9.57
Ludhiana,2025-01-11,29.58,43.03,10.26,0.3,1.1,5.68,10.06
Ludhiana,2025-01-12,28.62,40.51,11.97,0.47,1.87,5.8,10.76
Ludhiana,2025-01-13,36.44,36.44,10.75,,1.18,4.06,11.14
Ludhiana,2025-01-14,32.48,38.09,15.06,0.3,0.98,4.63,8.46
Ludhiana,2025-01-15,32.59,37.33,14.31,0.29,1.06,6.77,7.64
Ludhiana,2025-01-16,30.62,40.49,11.79,0.18,1.37,5.3,10.24
Ludhiana,2025-01-17,32.81,42.5,11.26,0.7,0.87,4.01,7.85
Ludhiana,2025-01-18,33.79,40.76,9.2,0.52,1.38,6.53,7.82
Ludhiana,2025-01-19,30.28,41.99,11.8,0.55,1.01,6.04,8.33
Ludhiana,2025-01-20,32.87,40.06,12.15,0.18,0.46,5.16,9.12
Ludhiana,2025-01-21,28.47,43.76,12.48,0.62,1.23,5.71,7.73
Ludhiana,2025-01-22,31.26,44.75,11.21,0.26,1.14,5.08,6.3
Ludhiana,2025-01-23,30.5,43.21,13.29,0.57,1.15,4.68,6.6
Ludhiana,2025-01-24,27.08,46.66,12.0,0.18,1.99,5.69,6.41
Ludhiana,2025-01-25,32.17,43.7,10.9,0.09,1.43,3.75,7.95
Ludhiana,2025-01-26,30.03,43.23,14.58,,0.69,4.92,6.56
Ludhiana,2025-01-27,29.66,41.95,15.65,0.09,0.73,4.28,7.64
Ludhiana,2025-01-28,25.79,46.99,12.76,0.18,0.81,5.66,7.82
Ludhiana,2025-01-29,31.45,40.97,12.42,0.62,0.97,4.58,8.99
Ludhiana,2025-01-30,34.45,41.0,11.55,0.09,1.0,5.18,6.73
Ludhiana,2025-01-31,33.86,38.58,13.3,,0.87,6.12,7.26
Ludhiana,2025-02-01,35.7,38.39,11.33,0.33,1.3,6.19,6.76
Ludhiana,2025-02-02,29.72,41.02,15.59,0.27,0.91,5.01,7.47
Ludhiana,2025-02-03,33.36,39.63,12.9,0.28,0.65,4.15,9.03
Ludhiana,2025-02-04,32.06,37.61,14.83,0.48,0.86,6.41,7.75
Ludhiana,2025-02-05,31.74,40.23,13.92,0.29,1.24,4.48,8.1
Ludhiana,2025-02-06,28.97,42.99,14.44,0.52,0.73,6.17,6.17
Ludhiana,2025-02-07,31.39,40.56,14.49,0.42,1.15,5.94,6.05
Ludhiana,2025-02-08,30.74,40.62,13.87,0.2,1.0,6.19,7.39
Ludhiana,2025-02-09,29.37,38.92,14.32,0.18,1.08,6.94,9.19
Ludhiana,2025-02-10,31.56,41.16,13.97,0.1,1.9,3.9,7.41
Ludhiana,2025-02-11,32.33,39.29,12.12,0.38,1.6,4.98,9.3
Ludhiana,2025-02-12,30.87,41.37,12.05,0.46,2.1,4.84,8.31
Ludhiana,2025-02-13,31.4,40.25,13.7,0.1,1.71,4.85,7.99
Ludhiana,2025-02-14,31.72,40.91,10.35,0.48,1.06,5.42,10.06
Ludhiana,2025-02-15,28.39,39.64,11.85,0.34,1.45,4.69,13.64
Ludhiana,2025-02-16,30.93,39.63,13.44,0.44,1.23,6.33,8.0
Ludhiana,2025-02-17,31.14,42.28,12.46,0.26,1.32,4.65,7.89
Ludhiana,2025-02-18,29.66,41.32,15.82,0.36,0.81,4.34,7.69
Ludhiana,2025-02-19,32.49,42.58,12.7,0.56,0.84,3.64,7.19
Ludhiana,2025-02-20,34.54,38.44,12.15,0.45,1.0,4.9,8.52
Ludhiana,2025-02-21,33.36,36.56,13.25,0.09,1.5,7.14,8.08
Ludhiana,2025-02-22,29.7,43.63,12.19,0.37,1.28,4.58,8.25
Ludhiana,2025-02-23,35.1,37.88,13.08,0.1,0.67,4.71,8.46
Ludhiana,2025-02-24,31.91,43.35,12.56,0.09,0.93,3.72,7.44
Ludhiana,2025-02-25,34.08,39.03,11.11,0.19,0.93,5.51,9.15
Ludhiana,2025-02-26,32.97,42.48,10.2,0.1,0.59,5.05,8.61
Ludhiana,2025-02-27,30.89,40.15,13.89,0.17,0.76,5.39,8.75
Ludhiana,2025-02-28,29.91,41.76,11.76,0.56,2.13,6.3,7.59
Ludhiana,2025-03-01,33.07,39.96,11.74,0.19,0.68,6.98,7.37
Ludhiana,2025-03-02,32.49,40.24,14.19,0.37,0.93,5.51,6.26
Ludhiana,2025-03-03,29.7,44.51,11.27,0.29,0.76,5.35,8.12
Ludhiana,2025-03-04,29.46,44.18,13.23,,0.85,6.08,6.19
Ludhiana,2025-03-05,31.31,42.3,12.15,,0.94,5.65,7.64
Ludhiana,2025-03-06,30.98,42.01,14.2,0.2,1.09,4.67,6.85
Ludhiana,2025-03-07,30.39,39.67,13.38,,0.36,4.91,11.28
Ludhiana,2025-03-08,30.36,43.93,13.16,0.1,0.61,3.74,8.1
Ludhiana,2025-03-09,33.54,41.96,11.76,0.12,1.36,3.09,8.17
Ludhiana,2025-03-10,31.8,39.44,12.24,0.42,1.26,4.71,10.15
Ludhiana,2025-03-11,32.4,42.67,12.56,0.2,0.6,3.89,7.68
Ludhiana,2025-03-12,33.27,40.7,10.75,0.4,0.9,3.62,10.35
Ludhiana,2025-03-13,32.94,41.06,12.46,0.22,0.98,5.09,7.26
Ludhiana,2025-03-14,29.86,44.85,11.83,0.23,0.94,4.22,8.08
Ludhiana,2025-03-15,29.45,42.54,12.7,0.1,1.44,5.1,8.66
Ludhiana,2025-03-16,33.07,42.58,13.48,0.19,0.78,4.17,5.72
Ludhiana,2025-03-17,31.45,41.71,12.46,0.19,1.25,5.47,7.48
Ludhiana,2025-03-18,34.5,41.59,11.44,0.09,0.95,3.59,7.84
Ludhiana,2025-03-19,35.91,38.52,14.51,0.21,0.84,3.34,6.68
Ludhiana,2025-03-20,33.76,40.21,13.12,0.11,1.38,3.6,7.83
Ludhiana,2025-03-21,32.96,40.83,12.5,0.3,0.91,3.63,8.87
Ludhiana,2025-03-22,29.58,41.24,13.88,0.2,1.22,4.86,9.02
Ludhiana,2025-03-23,33.51,39.87,13.88,0.1,0.73,5.53,6.37
Ludhiana,2025-03-24,29.87,45.45,11.58,,0.97,6.06,6.06
Ludhiana,2025-03-25,31.48,39.87,15.11,0.21,1.36,5.25,6.72
Ludhiana,2025-03-26,31.18,41.1,12.84,0.54,0.97,4.85,8.52
Ludhiana,2025-03-27,29.07,39.71,16.99,0.61,1.13,4.61,7.88
Ludhiana,2025-03-28,29.32,40.35,16.24,0.61,1.02,3.17,9.3
Ludhiana,2025-03-29,31.5,39.3,15.15,0.11,1.43,4.83,7.68
Ludhiana,2025-03-30,33.36,39.22,13.52,0.09,1.7,4.06,8.03
Ludhiana,2025-03-31,33.06,36.44,13.82,0.2,1.13,5.53,9.83
Ludhiana,2025-04-01,32.87,39.81,14.09,0.11,1.81,3.09,8.22
Ludhiana,2025-04-02,36.61,35.96,14.79,0.32,1.62,2.59,8.1
Ludhiana,2025-04-03,30.16,40.86,16.68,0.21,0.75,3.32,8.02
Ludhiana,2025-04-04,33.41,39.03,14.59,,1.51,4.86,6.59
Ludhiana,2025-04-05,34.47,40.07,13.58,0.34,0.68,3.65,7.19
Ludhiana,2025-04-06,31.79,39.12,14.76,0.22,1.4,4.31,8.41
Ludhiana,2025-04-07,32.04,37.92,16.6,0.11,0.95,3.99,8.4
Ludhiana,2025-04-08,32.14,39.96,14.51,,1.0,4.02,8.37
Ludhiana,2025-04-09,31.75,37.24,14.53,0.22,0.54,6.89,8.83
Ludhiana,2025-04-10,30.52,39.52,14.05,0.11,1.54,5.16,9.11
Ludhiana,2025-04-11,33.6,39.48,14.71,0.45,1.02,2.49,8.26
Ludhiana,2025-04-12,33.42,39.69,14.72,0.38,1.41,2.82,7.55
Ludhiana,2025-04-13,32.2,42.27,14.06,,1.1,2.59,7.78
Ludhiana,2025-04-14,31.71,41.56,13.42,0.32,1.19,3.9,7.9
Ludhiana,2025-04-15,32.82,42.45,13.56,,0.83,4.04,6.3
Ludhiana,2025-04-16,29.41,43.58,15.97,0.72,0.36,2.64,7.32
Ludhiana,2025-04-17,34.88,40.7,14.53,0.47,0.7,3.6,5.12
Ludhiana,2025-04-18,32.59,37.63,15.9,0.34,1.01,5.04,7.5
Ludhiana,2025-04-19,31.41,38.47,14.82,0.47,1.29,4.71,8.82
Ludhiana,2025-04-20,28.92,41.73,12.17,0.11,0.43,6.08,10.57
Ludhiana,2025-04-21,30.58,39.81,14.08,0.12,0.85,2.91,11.65
Ludhiana,2025-04-22,32.32,40.02,12.72,0.58,0.93,2.33,11.09
Ludhiana,2025-04-23,32.3,38.22,14.67,0.13,0.77,4.25,9.65
Ludhiana,2025-04-24,31.99,36.02,15.99,0.25,1.39,5.16,9.19
Ludhiana,2025-04-25,28.46,38.24,16.37,,1.32,3.19,12.42
Ludhiana,2025-04-26,32.79,35.92,13.81,0.22,1.19,4.1,11.97
Ludhiana,2025-04-27,27.37,40.58,13.01,,0.83,3.23,14.98
Ludhiana,2025-04-28,31.84,36.88,15.02,0.45,1.23,3.59,10.99
Ludhiana,2025-04-29,29.39,39.7,14.52,0.35,0.94,3.63,11.48
Ludhiana,2025-04-30,27.59,36.87,18.07,0.12,1.22,4.88,11.23
Ludhiana,2025-05-01,30.0,37.11,13.56,0.44,0.22,5.56,13.11
Ludhiana,2025-05-02,30.91,36.87,13.36,,1.32,3.75,13.8
Ludhiana,2025-05-03,33.62,35.1,12.16,0.21,1.16,4.23,13.53
Ludhiana,2025-05-04,30.46,34.61,13.1,,1.7,3.94,16.19
Ludhiana,2025-05-05,29.2,40.11,15.29,0.23,1.26,3.91,10.0
Ludhiana,2025-05-06,30.54,34.94,18.84,,0.69,3.44,11.55
Ludhiana,2025-05-07,27.29,38.64,15.78,,1.33,2.06,14.9
Ludhiana,2025-05-08,30.31,34.2,16.37,0.16,0.97,2.76,15.24
Ludhiana,2025-05-09,26.46,40.92,15.87,0.53,1.94,3.17,11.11
Ludhiana,2025-05-10,27.0,39.47,15.88,0.15,1.19,2.82,13.5
Ludhiana,2025-05-11,27.92,40.75,11.12,0.11,2.04,4.31,13.73
Ludhiana,2025-05-12,28.91,42.29,12.7,,1.13,4.42,10.54
Ludhiana,2025-05-13,31.38,36.39,16.54,0.21,1.71,2.67,11.1
Ludhiana,2025-05-14,26.78,41.75,15.08,,1.09,2.84,12.46
Ludhiana,2025-05-15,29.79,39.71,14.43,,1.23,4.71,10.13
Ludhiana,2025-05-16,27.75,41.67,14.38,0.18,1.19,5.04,9.8
Ludhiana,2025-05-17,30.42,42.59,12.17,0.2,1.47,4.81,8.34
Ludhiana,2025-05-18,28.43,39.86,11.63,0.1,1.29,5.67,13.02
Ludhiana,2025-05-19,28.83,40.36,14.68,0.21,1.68,2.94,11.32
Ludhiana,2025-05-20,29.19,42.59,15.14,0.11,1.31,3.59,8.06
Ludhiana,2025-05-21,30.88,43.37,13.27,0.11,1.0,3.57,7.8
Ludhiana,2025-05-22,30.92,40.88,13.84,,1.15,3.67,9.54
Ludhiana,2025-05-23,31.89,41.68,12.11,0.2,1.01,2.83,10.29
Ludhiana,2025-05-24,28.6,41.51,14.9,0.1,1.29,4.17,9.43
Ludhiana,2025-05-25,32.71,39.94,11.89,0.3,1.29,3.47,10.41
Ludhiana,2025-05-26,29.96,40.29,13.84,0.41,1.24,4.55,9.71
Ludhiana,2025-05-27,29.6,39.23,13.91,,0.73,3.45,13.08
Ludhiana,2025-05-28,27.44,42.89,13.44,0.56,1.33,3.44,10.89
Ludhiana,2025-05-29,29.19,39.87,11.78,0.11,1.54,3.85,13.66
Ludhiana,2025-05-30,28.76,37.94,11.86,0.31,1.03,3.92,16.19
Ludhiana,2025-05-31,29.69,39.02,15.27,0.21,1.48,3.61,10.71
Ludhiana,2025-06-01,27.23,38.3,12.22,0.31,0.83,3.62,17.49
Ludhiana,2025-06-02,31.95,41.44,13.41,0.11,0.87,3.05,9.16
Ludhiana,2025-06-03,27.97,37.26,11.3,0.57,0.96,3.07,18.87
Ludhiana,2025-06-04,31.64,35.86,14.63,0.33,1.3,5.09,11.16
Ludhiana,2025-06-05,33.05,38.51,12.07,0.52,0.63,5.35,9.86
Ludhiana,2025-06-06,31.87,39.62,13.47,0.34,1.35,4.26,9.09
Ludhiana,2025-06-07,35.4,36.84,12.39,,1.0,4.65,9.73
Ludhiana,2025-06-08,32.92,39.88,12.05,0.52,2.28,3.32,9.03
Ludhiana,2025-06-09,33.4,38.67,13.17,0.21,1.16,4.11,9.27
Ludhiana,2025-06-10,33.44,41.51,11.59,0.21,1.14,3.93,8.18
Ludhiana,2025-06-11,28.97,40.29,14.54,0.33,1.0,5.88,8.99
Ludhiana,2025-06-12,30.23,38.23,15.29,0.36,1.43,5.62,8.84
Ludhiana,2025-06-13,30.28,39.76,16.16,,1.08,3.77,8.94
Ludhiana,2025-06-14,29.33,42.53,13.3,0.44,0.87,4.91,8.62
Ludhiana,2025-06-15,27.85,41.55,15.3,0.23,1.26,5.25,8.56
Ludhiana,2025-06-16,28.98,40.71,15.27,0.44,0.88,4.65,9.07
Ludhiana,2025-06-17,28.22,41.3,15.14,,0.86,4.76,9.73
Ludhiana,2025-06-18,32.09,35.49,14.35,1.06,0.96,4.78,11.26
Ludhiana,2025-06-19,33.47,41.22,11.94,0.41,1.22,4.18,7.55
Ludhiana,2025-06-20,32.44,38.74,13.02,0.1,1.65,4.65,9.4
Ludhiana,2025-06-21,29.68,37.32,13.58,0.2,2.11,5.13,11.97
Ludhiana,2025-06-22,32.77,38.72,13.22,0.38,0.94,3.87,10.1
Ludhiana,2025-06-23,34.45,37.27,13.78,0.21,1.98,3.55,8.77
Ludhiana,2025-06-24,31.94,39.78,13.0,0.3,0.99,2.98,11.01
Ludhiana,2025-06-25,31.6,39.4,13.41,0.31,1.04,3.64,10.6
Ludhiana,2025-06-26,30.09,38.46,13.69,0.23,1.02,6.33,10.18
Ludhiana,2025-06-27,29.98,38.05,14.15,0.1,1.57,4.51,11.64
Ludhiana,2025-06-28,32.03,35.64,15.92,0.39,1.56,4.98,9.47
Ludhiana,2025-06-29,31.4,38.52,13.72,0.81,1.52,4.78,9.25
Ludhiana,2025-06-30,30.59,40.98,14.51,,1.96,2.65,9.31
Ludhiana,2025-07-01,28.04,39.12,17.06,0.49,1.47,3.73,10.1
Ludhiana,2025-07-02,26.63,39.73,20.43,,1.24,3.92,8.05
Ludhiana,2025-07-03,30.87,36.53,14.86,0.29,1.15,3.93,12.37
Ludhiana,2025-07-04,30.71,39.58,14.26,0.3,1.2,4.59,9.37
Ludhiana,2025-07-05,29.86,40.07,13.25,0.11,1.3,4.99,10.42
Ludhiana,2025-07-06,27.48,40.98,16.71,0.19,1.42,5.1,8.12
Ludhiana,2025-07-07,28.88,42.34,13.85,0.78,1.07,4.49,8.59
Ludhiana,2025-07-08,28.11,41.16,14.36,0.3,1.2,5.72,9.14
Ludhiana,2025-07-09,30.36,42.86,13.66,,0.53,5.88,6.72
Ludhiana,2025-07-10,26.43,44.5,15.71,0.09,0.94,4.61,7.71
Ludhiana,2025-07-11,27.37,47.91,13.43,0.1,0.81,3.97,6.41
Ludhiana,2025-07-12,27.15,44.86,14.85,0.21,2.01,4.67,6.26
Ludhiana,2025-07-13,29.55,42.09,14.23,,0.9,4.58,8.66
Ludhiana,2025-07-14,32.49,39.54,14.41,0.63,0.95,3.58,8.41
Ludhiana,2025-07-15,32.03,42.06,12.68,0.55,0.46,4.11,8.12
Ludhiana,2025-07-16,32.02,42.09,11.76,0.49,0.89,3.66,9.09
Ludhiana,2025-07-17,29.7,41.1,16.58,0.2,0.81,3.87,7.73
Ludhiana,2025-07-18,31.98,37.61,16.68,0.1,1.78,3.95,7.9
Ludhiana,2025-07-19,33.14,40.94,11.46,,1.25,3.66,9.54
Ludhiana,2025-07-20,26.49,44.28,15.42,0.28,1.7,3.88,7.95
Ludhiana,2025-07-21,28.53,42.2,14.04,0.18,1.29,6.0,7.76
Ludhiana,2025-07-22,25.78,43.56,15.38,0.31,1.25,4.16,9.56
Ludhiana,2025-07-23,30.87,40.54,14.86,0.62,1.66,4.16,7.28
Ludhiana,2025-07-24,28.95,43.16,13.35,0.21,1.18,5.13,8.01
Ludhiana,2025-07-25,32.81,41.04,13.33,0.42,0.63,4.27,7.5
Ludhiana,2025-07-26,29.43,40.75,14.43,0.19,1.32,5.0,8.87
Ludhiana,2025-07-27,31.92,43.18,11.56,0.49,0.99,4.64,7.21
Ludhiana,2025-07-28,30.25,42.19,12.94,0.2,1.0,5.27,8.16
Ludhiana,2025-07-29,29.34,40.33,15.38,0.33,0.99,4.62,9.01
Ludhiana,2025-07-30,31.11,41.62,13.42,0.73,1.14,4.27,7.7
Ludhiana,2025-07-31,33.8,41.79,12.31,0.22,1.3,3.78,6.8
Ludhiana,2025-08-01,30.34,43.15,13.91,0.44,1.97,3.4,6.79
Ludhiana,2025-08-02,29.41,42.73,12.1,0.11,1.44,5.11,9.1
Ludhiana,2025-08-03,32.67,42.99,12.12,0.11,0.53,3.48,8.11
Ludhiana,2025-08-04,32.74,40.04,13.72,,0.77,3.76,8.96
Ludhiana,2025-08-05,32.02,41.5,12.72,0.23,1.16,3.93,8.44
Ludhiana,2025-08-06,31.47,40.94,13.45,,1.25,3.76,9.12
Ludhiana,2025-08-07,33.63,37.21,12.96,0.67,1.34,4.69,9.5
Ludhiana,2025-08-08,31.8,39.98,12.44,0.35,1.61,4.61,9.22
Ludhiana,2025-08-09,30.04,43.35,11.39,0.1,0.5,7.06,7.56
Ludhiana,2025-08-10,30.76,41.16,13.72,0.18,1.2,3.22,9.76
Ludhiana,2025-08-11,31.38,40.73,13.03,0.46,0.83,4.13,9.45
Ludhiana,2025-08-12,31.19,42.03,14.49,0.29,0.67,3.93,7.39
Ludhiana,2025-08-13,32.63,40.02,12.09,0.19,1.63,4.41,9.02
Ludhiana,2025-08-14,27.43,43.0,12.97,0.28,1.76,5.47,9.08
Ludhiana,2025-08-15,35.73,37.11,13.41,,1.3,5.02,7.44
Ludhiana,2025-08-16,31.33,41.09,12.44,,1.34,5.55,8.24
Ludhiana,2025-08-17,33.46,39.69,11.92,0.09,1.28,4.22,9.35
Ludhiana,2025-08-18,29.85,41.67,15.67,0.2,1.97,4.33,6.31
Ludhiana,2025-08-19,30.37,43.49,13.02,0.11,0.63,4.76,7.62
Ludhiana,2025-08-20,29.39,39.96,16.32,0.21,1.36,3.87,8.89
Ludhiana,2025-08-21,29.3,43.21,15.39,0.11,1.06,3.5,7.43
Ludhiana,2025-08-22,29.4,43.99,14.16,0.11,1.18,3.54,7.62
Ludhiana,2025-08-23,29.47,43.09,12.41,0.61,1.01,5.35,8.07
Ludhiana,2025-08-24,28.7,43.13,14.44,0.09,1.06,4.23,8.36
Ludhiana,2025-08-25,29.52,39.81,14.9,,1.54,6.54,7.69
Ludhiana,2025-08-26,31.91,37.6,13.62,0.3,1.22,5.59,9.76
Ludhiana,2025-08-27,31.6,40.66,14.03,0.44,0.77,4.64,7.85
Ludhiana,2025-08-28,33.59,40.4,14.62,,0.89,2.79,7.7
Ludhiana,2025-08-29,34.76,40.3,13.16,,1.04,2.54,8.2
Ludhiana,2025-08-30,32.81,41.61,13.84,0.21,0.63,4.51,6.39
Ludhiana,2025-08-31,31.61,41.07,12.68,0.1,0.59,4.59,9.37
Ludhiana,2025-09-01,27.46,41.42,14.08,0.36,0.95,5.8,9.94
Ludhiana,2025-09-02,28.43,41.84,13.41,,1.3,5.08,9.95
Ludhiana,2025-09-03,38.22,42.56,9.5,0.07,0.82,2.77,6.06
Ludhiana,2025-09-04,39.5,43.27,7.98,0.13,0.64,2.81,5.68
Ludhiana,2025-09-05,33.45,46.21,11.01,0.15,0.51,2.26,6.41
Ludhiana,2025-09-06,36.86,45.55,7.22,0.07,0.56,3.08,6.66
Ludhiana,2025-09-07,33.78,47.95,9.04,0.13,0.38,2.95,5.77
Ludhiana,2025-09-08,35.35,43.68,11.29,0.2,0.81,2.89,5.78
Ludhiana,2025-09-09,35.83,45.38,9.09,0.08,1.29,2.88,5.45
Ludhiana,2025-09-10,34.45,45.47,11.27,0.08,0.82,2.69,5.22
Ludhiana,2025-09-11,29.55,44.64,12.91,0.32,0.73,3.33,8.52
Ludhiana,2025-09-12,29.39,45.81,14.41,0.32,0.24,2.9,6.92
Ludhiana,2025-09-13,33.31,46.4,8.58,0.23,0.77,3.22,7.5
Ludhiana,2025-09-14,30.01,42.59,9.74,0.51,0.65,2.54,13.95
Ludhiana,2025-09-15,33.44,43.71,11.39,0.08,0.16,3.03,8.2
Ludhiana,2025-09-16,33.18,42.98,14.27,,0.76,2.81,6.0
Ludhiana,2025-09-17,33.75,44.58,10.75,,0.92,2.08,7.92
Ludhiana,2025-09-18,33.63,42.76,12.01,0.08,0.66,2.96,7.89
Ludhiana,2025-09-19,34.37,43.99,10.58,,0.56,2.55,7.96
Ludhiana,2025-09-20,31.8,47.3,12.06,,0.51,1.68,6.65
Ludhiana,2025-09-21,36.08,44.06,7.19,0.17,0.56,2.06,9.87
Ludhiana,2025-09-22,36.35,48.17,7.79,0.1,0.52,1.57,5.49
Ludhiana,2025-09-23,31.76,50.44,9.23,0.06,1.18,1.83,5.5
Ludhiana,2025-09-24,30.8,47.63,11.18,0.18,0.61,2.19,7.41
Ludhiana,2025-09-25,32.12,48.42,9.43,0.2,0.99,2.9,5.94
Ludhiana,2025-09-26,30.53,45.36,11.44,0.07,0.95,2.84,8.8
Ludhiana,2025-09-27,31.33,46.85,10.59,,0.73,4.06,6.45
Ludhiana,2025-09-28,29.37,43.5,8.34,,0.99,1.51,16.29
Ludhiana,2025-09-29,33.15,44.63,10.18,0.07,1.23,2.32,8.41
Ludhiana,2025-09-30,32.68,46.42,10.12,0.29,1.01,1.59,7.88
Ludhiana,2025-10-01,30.7,48.07,9.87,0.08,1.26,2.68,7.34
Ludhiana,2025-10-02,30.33,47.73,10.47,0.15,1.0,3.08,7.24
Ludhiana,2025-10-03,32.68,48.6,10.3,0.23,0.55,2.89,4.76
Ludhiana,2025-10-04,33.24,43.96,12.29,0.07,0.57,3.29,6.58
Ludhiana,2025-10-05,33.38,45.12,10.56,0.07,1.1,3.52,6.24
Ludhiana,2025-10-06,34.14,45.45,10.24,0.14,0.93,3.01,6.08
Ludhiana,2025-10-07,34.49,45.91,8.94,0.3,0.9,2.85,6.61
Ludhiana,2025-10-08,34.74,44.36,10.08,0.18,1.56,2.75,6.32
Ludhiana,2025-10-09,33.58,44.8,12.23,,0.36,2.65,6.39
Ludhiana,2025-10-10,35.67,42.4,12.56,0.36,0.91,1.91,6.19
Ludhiana,2025-10-11,32.39,47.61,11.19,0.09,0.92,2.02,5.78
Ludhiana,2025-10-12,33.21,45.59,10.95,0.27,1.07,2.58,6.32
Ludhiana,2025-10-13,32.66,46.44,10.01,0.09,0.88,2.55,7.37
Ludhiana,2025-10-14,29.95,45.42,14.48,0.3,0.99,1.97,6.9
Ludhiana,2025-10-15,30.74,47.55,10.11,0.32,1.06,2.77,7.45
Ludhiana,2025-10-16,29.88,44.62,12.55,0.2,0.9,2.49,9.36
Ludhiana,2025-10-17,31.68,43.99,10.53,0.2,0.89,1.89,10.82
Ludhiana,2025-10-18,33.58,46.9,8.39,,0.63,1.99,8.5
Ludhiana,2025-10-19,32.24,45.81,9.76,0.11,0.95,3.5,7.64
Ludhiana,2025-10-20,33.46,42.71,10.27,0.51,0.76,3.42,8.87
Ludhiana,2025-10-21,35.0,44.88,10.98,0.12,0.85,1.34,6.83
Ludhiana,2025-10-22,30.85,43.97,11.26,0.09,0.62,2.93,10.28
Ludhiana,2025-10-23,33.42,43.97,10.19,0.09,1.07,4.11,7.15
Ludhiana,2025-10-24,32.89,42.88,12.91,0.17,0.67,3.25,7.24
Ludhiana,2025-10-25,33.78,41.49,12.19,0.18,0.45,4.39,7.53
Ludhiana,2025-10-26,28.68,45.88,14.62,,1.37,2.75,6.7
Ludhiana,2025-10-27,28.83,47.03,14.59,0.27,0.45,2.43,6.4
Ludhiana,2025-10-28,29.27,46.61,12.75,,0.92,2.11,8.35
Ludhiana,2025-10-29,26.48,46.21,14.43,0.18,1.28,3.11,8.31
Ludhiana,2025-10-30,32.02,44.45,13.33,0.09,0.81,1.88,7.42
Ludhiana,2025-10-31,32.0,42.61,13.23,,0.97,2.24,8.95
Ludhiana,2025-11-01,33.24,41.24,13.52,,0.86,2.38,8.76
Ludhiana,2025-11-02,33.22,41.98,12.45,0.26,1.14,2.89,8.06
Ludhiana,2025-11-03,29.94,44.59,12.87,,1.4,2.24,8.96
Ludhiana,2025-11-04,33.18,47.85,9.35,,0.67,2.62,6.33
Ludhiana,2025-11-05,31.81,47.51,9.98,0.41,1.06,2.21,7.03
Ludhiana,2025-11-06,30.6,46.27,10.82,0.28,0.28,3.73,8.02
Ludhiana,2025-11-07,29.64,43.57,12.14,0.27,1.34,3.48,9.55
Ludhiana,2025-11-08,32.43,42.12,12.5,0.18,1.0,3.89,7.88
Ludhiana,2025-11-09,34.26,41.91,12.71,0.1,0.7,3.28,7.05
Ludhiana,2025-11-10,31.3,43.0,13.3,0.1,0.6,3.2,8.5
Ludhiana,2025-11-11,30.48,43.86,12.37,0.2,1.41,2.62,9.05
Ludhiana,2025-11-12,30.54,42.74,15.64,,1.02,2.42,7.64
Ludhiana,2025-11-13,31.99,41.95,13.03,0.38,0.57,4.41,7.66
Ludhiana,2025-11-14,32.28,40.46,13.63,0.33,0.87,3.38,9.05
Ludhiana,2025-11-15,34.62,43.86,10.53,,0.82,3.21,6.96
Ludhiana,2025-11-16,34.45,44.17,11.84,,1.06,2.3,6.18
Ludhiana,2025-11-17,30.71,41.7,17.51,,1.01,2.11,6.97
Ludhiana,2025-11-18,32.44,39.33,14.35,0.1,0.57,3.44,9.76
Ludhiana,2025-11-19,31.48,42.13,14.96,,1.27,2.93,7.23
Ludhiana,2025-11-20,31.84,43.85,14.11,0.1,0.76,2.1,7.24
Ludhiana,2025-11-21,31.39,43.37,13.47,0.21,1.38,2.76,7.42
Ludhiana,2025-11-22,33.05,40.87,13.62,0.32,0.84,4.12,7.18
Ludhiana,2025-11-23,31.27,42.99,15.73,,0.76,3.24,6.01
Ludhiana,2025-11-24,30.33,44.3,12.78,,0.5,4.96,7.14
Ludhiana,2025-11-25,35.23,49.62,9.2,0.2,0.41,1.42,3.91
Ludhiana,2025-11-26,33.78,47.38,10.69,0.14,0.85,1.98,5.17
Ludhiana,2025-11-27,35.17,43.11,10.69,0.08,0.5,3.09,7.35
Ludhiana,2025-11-28,34.95,43.8,13.44,0.43,0.61,3.04,3.73
Ludhiana,2025-11-29,30.06,45.84,13.58,,0.53,3.77,6.22
Ludhiana,2025-11-30,35.34,41.55,12.51,0.1,0.57,3.25,6.69
Ludhiana,2025-12-01,33.58,45.34,12.51,,0.28,2.16,6.11
Ludhiana,2025-12-02,29.69,45.96,13.33,0.09,0.46,2.57,7.9
Ludhiana,2025-12-03,29.58,42.49,15.51,0.29,0.77,2.79,8.57
Ludhiana,2025-12-04,30.69,43.42,15.75,0.36,0.27,2.85,6.67
Ludhiana,2025-12-05,32.16,43.18,14.81,0.09,0.81,2.71,6.23
Ludhiana,2025-12-06,30.78,39.98,13.6,0.08,0.9,3.26,11.4
Ludhiana,2025-12-07,31.33,44.36,13.75,,0.56,2.96,7.03
Ludhiana,2025-12-08,29.3,44.62,13.99,0.08,0.99,3.31,7.7
Ludhiana,2025-12-09,30.38,46.5,13.02,,1.42,2.83,5.85
Ludhiana,2025-12-10,34.17,43.57,12.3,0.08,0.78,2.51,6.58
Ludhiana,2025-12-11,32.35,43.37,13.96,0.26,0.52,2.43,7.11
Ludhiana,2025-12-12,30.75,43.21,16.38,0.09,0.52,2.44,6.62
Ludhiana,2025-12-13,32.22,44.22,12.08,0.17,0.86,3.34,7.11
Ludhiana,2025-12-14,32.03,44.04,11.77,0.16,1.04,4.56,6.41
Ludhiana,2025-12-15,31.43,43.62,14.34,0.08,0.66,2.57,7.3
Ludhiana,2025-12-16,28.47,46.44,13.19,0.09,1.22,4.51,6.08
Ludhiana,2025-12-17,28.05,45.99,14.12,,0.57,2.67,8.59
Ludhiana,2025-12-18,32.08,39.89,14.38,0.09,0.45,4.13,8.98
Ludhiana,2025-12-19,33.22,43.24,12.47,,0.52,2.62,7.93
Ludhiana,2025-12-20,32.61,42.54,13.29,0.09,0.95,3.11,7.42
Ludhiana,2025-12-21,30.7,46.84,12.73,0.17,0.42,2.66,6.49
Ludhiana,2025-12-22,30.34,41.09,14.71,0.17,1.26,4.29,8.15
Ludhiana,2025-12-23,35.04,39.64,13.38,,0.94,3.32,7.67
Ludhiana,2025-12-24,31.25,39.4,16.49,0.27,0.91,3.26,8.42
Ludhiana,2025-12-25,31.77,43.4,11.55,0.35,0.78,3.21,8.94
Ludhiana,2025-12-26,32.0,39.56,15.03,0.17,1.19,3.99,8.06
Ludhiana,2025-12-27,30.47,42.67,15.1,0.26,0.35,3.25,7.9
Ludhiana,2025-12-28,32.23,39.53,16.28,0.17,0.51,3.14,8.14
Ludhiana,2025-12-29,28.15,43.55,16.85,0.4,1.37,2.5,7.18
Ludhiana,2025-12-30,29.39,42.18,15.82,0.43,0.52,3.89,7.78
Ludhiana,2025-12-31,31.2,41.6,14.3,,0.7,3.8,8.4
Ludhiana,2026-01-01,36.39,40.43,13.56,0.52,0.6,3.0,5.49
Ludhiana,2026-01-02,31.66,40.87,16.16,0.16,1.53,2.83,6.79
Ludhiana,2026-01-03,30.49,40.63,17.54,,0.64,3.62,7.08
Ludhiana,2026-01-04,31.7,41.52,15.97,0.25,0.16,3.44,6.96
Ludhiana,2026-01-05,33.31,42.77,15.59,,0.76,1.97,5.6
Ludhiana,2026-01-06,33.18,43.53,15.25,,0.74,2.9,4.39
Ludhiana,2026-01-07,33.44,42.29,14.72,,1.1,3.52,4.93
Ludhiana,2026-01-08,34.5,41.67,13.47,,1.25,3.19,5.92
Ludhiana,2026-01-09,34.11,41.54,14.41,,0.98,2.6,6.36
Ludhiana,2026-01-10,33.5,43.1,13.96,0.08,0.99,2.63,5.75
Ludhiana,2026-01-11,36.46,39.77,12.51,,0.63,4.2,6.43
Ludhiana,2026-01-12,32.26,42.72,16.48,0.09,0.52,2.44,5.49
Ludhiana,2026-01-13,30.43,45.91,11.28,0.23,0.62,2.18,9.34
Ludhiana,2026-01-14,32.92,41.63,13.26,0.15,0.54,3.62,7.86
Ludhiana,2026-01-15,29.86,42.7,16.68,0.42,0.92,2.84,6.59
Ludhiana,2026-01-16,31.09,43.46,13.64,0.16,0.56,2.93,8.17
Ludhiana,2026-01-17,31.9,45.73,12.43,0.08,0.99,1.82,7.04
Ludhiana,2026-01-18,32.34,43.83,12.26,0.23,0.61,3.45,7.28
Ludhiana,2026-01-19,30.31,45.38,14.99,0.08,0.75,2.41,6.08
Ludhiana,2026-01-20,35.59,41.06,13.71,0.39,0.92,2.62,5.7
Ludhiana,2026-01-21,28.89,44.36,14.9,0.16,0.41,4.36,6.91
Ludhiana,2026-01-22,29.83,41.57,16.68,0.53,0.71,4.68,6.0
Ludhiana,2026-01-23,30.9,42.07,16.11,0.08,1.07,2.71,7.07
Ludhiana,2026-01-24,32.35,42.76,13.89,0.42,1.1,2.88,6.6
Ludhiana,2026-01-25,30.68,42.01,15.98,,0.59,2.87,7.86
Ludhiana,2026-01-26,30.96,45.41,13.9,,1.1,1.85,6.78
Ludhiana,2026-01-27,34.6,42.88,12.35,0.07,0.61,3.6,5.9
Ludhiana,2026-01-28,30.64,44.17,14.62,0.08,1.01,3.27,6.22
Ludhiana,2026-01-29,33.3,39.13,17.04,0.6,0.6,2.14,7.19
Ludhiana,2026-01-30,28.75,43.76,15.45,0.18,1.08,3.05,7.73
Ludhiana,2026-01-31,28.57,44.82,15.1,0.08,0.82,3.1,7.51
Ludhiana,2026-02-01,31.43,41.22,15.83,0.16,1.02,3.21,7.13
Ludhiana,2026-02-02,29.06,44.35,16.48,,1.19,2.63,6.29
Ludhiana,2026-02-03,28.77,45.45,14.47,0.26,0.71,1.94,8.38
Ludhiana,2026-02-04,30.74,40.66,16.53,,0.66,2.64,8.76
Ludhiana,2026-02-05,28.23,48.09,13.45,,1.07,3.74,5.43
Ludhiana,2026-02-06,29.67,41.47,17.06,0.09,0.82,3.18,7.71
Ludhiana,2026-02-07,30.97,43.16,14.25,,1.24,2.39,7.99
Ludhiana,2026-02-08,32.69,42.99,12.47,0.08,0.77,3.02,7.98
Ludhiana,2026-02-09,31.29,44.13,14.93,0.08,1.59,2.68,5.29
Ludhiana,2026-02-10,28.02,43.33,15.5,0.18,0.99,4.32,7.66
Ludhiana,2026-02-11,32.7,41.82,16.35,0.27,0.81,2.35,5.69
Ludhiana,2026-02-12,31.84,43.4,14.86,0.31,0.55,1.97,7.08
Ludhiana,2026-02-13,30.02,43.59,16.13,,0.58,2.4,7.28
Ludhiana,2026-02-14,31.73,40.65,16.61,0.09,0.44,3.23,7.26
Ludhiana,2026-02-15,26.8,37.62,17.71,,0.78,2.98,14.11
Ludhiana,2026-02-16,32.0,38.38,18.05,0.18,0.64,2.37,8.39
Ludhiana,2026-02-17,30.02,40.3,17.16,,2.07,2.99,7.46
Ludhiana,2026-02-18,30.99,38.88,16.74,0.26,0.69,3.95,8.5
Ludhiana,2026-02-19,29.9,43.12,15.0,0.18,1.15,2.57,8.07
Ludhiana,2026-02-20,32.25,45.47,12.72,0.17,1.08,2.49,5.82
Ludhiana,2026-02-21,33.9,38.01,13.88,,0.97,3.31,9.93
Ludhiana,2026-02-22,29.06,37.25,18.73,0.21,0.93,2.64,11.18
Ludhiana,2026-02-23,32.08,40.98,16.57,0.08,0.41,3.02,6.86
Ludhiana,2026-02-24,32.87,42.25,14.03,0.09,0.69,2.15,7.92
Ludhiana,2026-02-25,31.48,41.26,17.29,,0.38,1.6,7.99
Ludhiana,2026-02-26,29.02,37.02,17.02,0.09,0.68,3.32,12.85
Ludhiana,2026-02-27,31.43,37.72,17.29,0.2,0.49,3.54,9.33
Ludhiana,2026-02-28,28.88,43.62,14.44,,0.69,3.17,9.2
Ludhiana,2026-03-01,29.46,37.11,17.05,0.19,0.87,3.68,11.63
Ludhiana,2026-03-02,28.33,39.09,16.78,0.3,0.69,3.36,11.45
Ludhiana,2026-03-03,31.76,40.29,15.72,,0.92,2.57,8.74
Ludhiana,2026-03-04,32.83,38.62,15.57,0.5,0.7,2.59,9.18
Ludhiana,2026-03-05,27.92,39.78,13.54,,0.75,2.89,15.13
Ludhiana,2026-03-06,32.99,39.1,15.78,0.1,0.81,2.55,8.66
Ludhiana,2026-03-07,31.3,41.57,15.83,0.19,0.46,2.59,8.06
Ludhiana,2026-03-08,30.24,35.71,14.56,0.19,0.74,3.34,15.21
Ludhiana,2026-03-09,30.28,43.98,14.93,0.1,0.62,3.19,6.9
Ludhiana,2026-03-10,27.38,44.47,16.6,,0.97,2.72,7.86
Ludhiana,2026-03-11,30.14,41.85,16.72,0.11,0.43,2.66,8.09
Ludhiana,2026-03-12,33.02,40.99,15.95,0.09,1.03,2.53,6.38
Ludhiana,2026-03-13,32.67,37.75,17.23,,0.6,2.19,9.56
Ludhiana,2026-03-14,33.63,38.76,16.46,0.09,0.63,2.61,7.82
Ludhiana,2026-03-15,33.01,39.81,15.0,,0.79,2.65,8.74
Ludhiana,2026-03-16,28.52,42.96,16.28,,0.92,2.67,8.65
Ludhiana,2026-03-17,34.96,37.07,16.51,0.08,0.42,3.54,7.41
Ludhiana,2026-03-18,32.46,41.37,16.6,,0.47,1.97,7.13
Ludhiana,2026-03-19,32.4,39.02,16.33,,0.73,3.36,8.17
Ludhiana,2026-03-20,31.44,42.1,16.59,0.09,0.61,2.18,6.99
Ludhiana,2026-03-21,33.39,43.07,13.7,0.09,1.03,1.71,7.02
Ludhiana,2026-03-22,32.62,40.64,14.08,0.53,0.89,2.58,8.65
Ludhiana,2026-03-23,29.96,40.35,18.37,0.09,0.56,2.13,8.53
Ludhiana,2026-03-24,33.01,39.25,16.86,0.09,0.45,2.59,7.76
Ludhiana,2026-03-25,31.92,38.96,16.39,0.29,0.48,3.28,8.68
Ludhiana,2026-03-26,33.64,39.17,14.8,0.2,0.6,2.92,8.66
Ludhiana,2026-03-27,31.89,39.54,17.4,,0.91,2.52,7.75
Ludhiana,2026-03-28,31.95,41.0,15.11,0.1,0.58,1.73,9.53
Ludhiana,2026-03-29,32.65,40.09,15.43,0.09,0.54,3.5,7.71
Ludhiana,2026-03-30,32.13,37.56,18.78,,0.67,2.38,8.48
Ludhiana,2026-03-31,29.33,41.55,16.5,0.1,0.61,3.26,8.66
Ludhiana,2026-04-01,30.46,37.09,19.29,,0.49,3.26,9.4
Ludhiana,2026-04-02,28.53,37.91,19.83,,0.97,2.8,9.96
Ludhiana,2026-04-03,28.71,41.44,16.73,0.1,1.05,4.37,7.6
Ludhiana,2026-04-04,27.08,41.01,18.68,0.1,0.59,2.77,9.78
Ludhiana,2026-04-05,33.1,38.45,17.84,,0.89,3.47,6.24
Ludhiana,2026-04-06,31.06,38.7,18.02,0.2,0.92,2.85,8.25
Ludhiana,2026-04-07,31.98,38.08,17.1,0.09,1.29,3.23,8.23
Ludhiana,2026-04-08,29.57,40.39,17.97,0.58,0.87,1.64,8.99
Ludhiana,2026-04-09,30.96,39.23,16.25,0.19,0.87,2.31,10.19
Ludhiana,2026-04-10,30.79,40.19,19.0,0.1,0.94,2.3,6.68
Ludhiana,2026-04-11,32.18,39.19,17.67,,1.09,2.96,6.91
Ludhiana,2026-04-12,29.01,39.87,17.52,,1.19,2.65,9.76
Ludhiana,2026-04-13,29.79,39.59,16.9,0.28,1.03,2.52,9.9
Ludhiana,2026-04-14,31.24,40.91,16.73,0.1,0.97,2.8,7.25
Ludhiana,2026-04-15,30.82,41.06,17.89,,0.45,1.57,8.21
Ludhiana,2026-04-16,28.62,40.94,18.01,0.11,0.21,2.25,9.86
Ludhiana,2026-04-17,27.31,36.65,20.23,0.51,0.62,3.59,11.09
Ludhiana,2026-04-18,28.21,38.78,18.48,0.11,0.64,3.42,10.36
Ludhiana,2026-04-19,31.48,42.39,14.55,,0.67,2.87,8.04
Ludhiana,2026-04-20,26.67,42.58,21.29,0.32,0.75,1.29,7.1
Ludhiana,2026-04-21,31.13,37.06,19.27,0.11,0.46,3.42,8.55
Ludhiana,2026-04-22,29.28,40.7,16.49,0.11,0.85,2.22,10.36
Ludhiana,2026-04-23,30.88,37.92,19.07,0.22,0.54,1.95,9.43
Ludhiana,2026-04-24,28.84,39.93,17.41,0.22,1.31,3.16,9.14
Ludhiana,2026-04-25,30.33,39.56,18.57,0.12,1.04,2.08,8.3
Ludhiana,2026-04-26,31.89,40.02,15.4,0.11,0.98,2.06,9.54
Ludhiana,2026-04-27,25.53,44.04,17.32,0.4,0.8,2.0,9.91
Ludhiana,2026-04-28,28.11,38.66,18.81,,1.57,2.61,10.24
Ludhiana,2026-04-29,28.45,40.84,17.2,0.1,0.72,2.46,10.24
Ludhiana,2026-04-30,30.32,36.62,22.58,0.1,0.61,1.32,8.44
Ludhiana,2026-05-01,27.66,42.63,18.19,,0.97,2.37,8.18
Ludhiana,2026-05-02,28.65,40.23,18.88,0.09,0.95,2.47,8.73
Ludhiana,2026-05-03,28.19,41.87,19.19,,0.28,3.03,7.44
Ludhiana,2026-05-04,25.14,40.37,21.76,0.11,0.76,1.96,9.9
Ludhiana,2026-05-05,27.81,41.66,19.31,,0.84,3.04,7.35
Ludhiana,2026-05-06,28.23,43.0,15.97,0.11,0.55,2.08,10.07
Ludhiana,2026-05-07,27.37,45.26,16.59,0.11,0.65,1.62,8.41
Ludhiana,2026-05-08,33.77,36.16,17.16,0.11,1.3,1.85,9.66
Ludhiana,2026-05-09,29.14,41.82,18.43,,0.69,1.88,8.03
Ludhiana,2026-05-10,29.65,39.08,18.68,,0.91,1.72,9.97
Ludhiana,2026-05-11,29.66,41.28,16.82,,1.53,2.45,8.26
Ludhiana,2026-05-12,33.13,37.18,16.72,,0.61,2.23,10.13
Ludhiana,2026-05-13,29.3,43.17,16.79,,0.21,2.61,7.92
Ludhiana,2026-05-14,29.68,38.4,18.19,,0.85,2.34,10.53
Ludhiana,2026-05-15,27.85,39.27,20.94,0.21,0.84,1.68,9.21
Ludhiana,2026-05-16,27.21,41.11,19.63,0.19,0.58,2.04,9.23
Ludhiana,2026-05-17,29.57,40.26,17.31,0.4,0.49,3.26,8.7
Ludhiana,2026-05-18,26.57,38.41,21.73,,1.34,2.68,9.27
Ludhiana,2026-05-19,29.96,37.66,19.51,,0.32,3.27,9.28
Ludhiana,2026-05-20,28.71,39.45,19.82,0.1,0.59,2.15,9.18
Ludhiana,2026-05-21,30.88,37.46,19.55,0.19,0.97,2.42,8.52
Ludhiana,2026-05-22,29.59,39.8,17.9,,0.93,2.23,9.55
Ludhiana,2026-05-23,30.11,39.61,17.43,,1.32,2.99,8.54
Ludhiana,2026-05-24,28.21,41.23,19.15,,0.75,1.89,8.77
Ludhiana,2026-05-25,26.78,41.29,18.82,,0.66,2.62,9.83
Ludhiana,2026-05-26,25.5,41.92,19.78,0.27,0.45,2.09,9.98
Ludhiana,2026-05-27,29.12,38.89,18.46,0.3,1.48,2.07,9.67
Ludhiana,2026-05-28,29.77,46.72,14.63,,0.66,1.75,6.48
Ludhiana,2026-05-29,30.71,41.3,16.5,,0.99,1.81,8.7
Ludhiana,2026-05-30,31.25,41.43,16.7,0.09,0.54,2.14,7.86
Ludhiana,2026-05-31,27.13,43.7,17.25,0.29,0.68,1.65,9.3
Ludhiana,2026-06-01,29.03,39.77,20.08,0.19,0.66,3.02,7.26
Ludhiana,2026-06-02,29.09,40.46,18.11,,0.87,2.41,9.06
Ludhiana,2026-06-03,28.41,40.88,17.75,0.1,0.7,2.59,9.57
Ludhiana,2026-06-04,30.74,40.13,18.69,,0.19,1.99,8.25
Ludhiana,2026-06-05,30.64,39.01,19.21,,0.79,2.17,8.18
Ludhiana,2026-06-06,33.63,36.95,18.69,,1.22,1.33,8.19
Ludhiana,2026-06-07,29.63,40.56,17.28,0.18,1.68,2.65,8.02
Ludhiana,2026-06-08,32.14,38.37,18.88,,0.41,2.35,7.86
Ludhiana,2026-06-09,29.49,37.11,20.36,0.2,0.9,2.41,9.53
Ludhiana,2026-06-10,33.13,37.13,17.95,0.1,0.72,2.36,8.62
Ludhiana,2026-06-11,27.62,38.94,18.48,0.21,1.14,2.91,10.7
Ludhiana,2026-06-12,27.76,41.05,20.69,0.11,0.86,1.71,7.82
Ludhiana,2026-06-13,27.27,39.23,20.16,,1.19,2.37,9.78
Ludhiana,2026-06-14,30.89,41.16,16.16,,1.02,2.34,8.43
Ludhiana,2026-06-15,27.99,40.71,19.66,,0.43,2.03,9.19
Ludhiana,2026-06-16,28.72,36.32,20.6,0.21,1.04,2.39,10.72
Ludhiana,2026-06-17,29.76,39.33,18.72,0.11,0.42,2.52,9.15
Ludhiana,2026-06-18,29.7,40.91,20.25,,0.62,1.66,6.85
Ludhiana,2026-06-19,28.6,40.06,20.08,,0.71,1.62,8.92
Ludhiana,2026-06-20,32.69,37.85,17.31,,1.08,1.61,9.46
Ludhiana,2026-06-21,29.19,42.47,17.07,0.11,0.63,2.32,8.22
Ludhiana,2026-06-22,24.35,41.69,19.96,0.1,0.63,2.61,10.66
Ludhiana,2026-06-23,26.22,37.08,22.31,0.1,0.67,2.38,11.25
Ludhiana,2026-06-24,28.44,39.89,19.89,0.22,0.56,2.0,9.0
Ludhiana,2026-06-25,29.81,34.27,22.88,0.31,0.52,2.38,9.83
Ludhiana,2026-06-26,26.16,39.71,19.75,0.11,0.63,2.42,11.24
Ludhiana,2026-06-27,31.44,36.9,19.04,0.21,0.64,1.82,9.95
Ludhiana,2026-06-28,28.81,40.9,15.35,0.21,1.16,2.73,10.83
Ludhiana,2026-06-29,32.69,35.04,20.23,0.11,1.17,1.81,8.95
Ludhiana,2026-06-30,27.42,40.44,21.64,0.21,0.84,2.1,7.35
Ludhiana,2026-07-01,30.81,38.6,18.02,0.12,0.81,1.86,9.77
Ludhiana,2026-07-02,30.9,36.88,19.05,0.22,1.0,2.33,9.63
Ludhiana,2026-07-03,26.53,39.8,18.37,0.34,0.68,1.47,12.81
Ludhiana,2026-07-04,28.48,39.79,18.22,0.1,0.94,3.35,9.11
Ludhiana,2026-07-05,28.06,40.6,18.49,0.11,0.74,2.13,9.88
Ludhiana,2026-07-06,23.87,39.6,22.55,,0.55,2.42,11.0
Ludhiana,2026-07-07,24.27,41.05,20.81,0.22,0.45,1.9,11.3
Ludhiana,2026-07-08,27.95,41.38,18.99,0.1,0.29,2.34,8.96
Ludhiana,2026-07-09,28.49,43.41,18.0,,0.38,2.5,7.22
Ludhiana,2026-07-10,28.76,42.49,17.88,0.18,0.09,1.01,9.59
Ludhiana,2026-07-11,28.78,44.56,16.55,,0.77,2.21,7.12
Ludhiana,2026-07-12,25.57,44.22,19.18,0.09,0.7,3.33,6.92
Ludhiana,2026-07-13,31.84,39.37,18.11,0.19,0.29,1.24,8.96
Ludhiana,2026-07-14,27.97,45.5,16.76,0.29,0.57,1.92,6.99
Ludhiana,2026-07-15,30.43,37.73,22.18,,1.14,1.42,7.11
Ludhiana,2026-07-16,28.88,39.22,20.69,0.11,0.86,2.8,7.44
Ludhiana,2026-07-17,27.65,38.17,20.84,0.29,0.58,2.82,9.64
Ludhiana,2026-07-18,30.24,37.78,20.19,0.1,0.58,2.9,8.21
Ludhiana,2026-07-19,30.26,36.08,17.56,0.1,1.07,3.1,11.83
Ludhiana,2026-07-20,28.33,37.5,19.96,0.3,1.01,3.33,9.58
Ludhiana,2026-07-21,31.0,36.59,16.77,0.2,0.81,2.85,11.79
Ludhiana,2026-07-22,31.88,38.86,16.92,0.11,0.87,2.07,9.28
Ludhiana,2026-07-23,33.46,36.15,17.83,0.19,0.58,2.59,9.2
Ludhiana,2026-07-24,35.29,41.07,14.56,0.08,0.3,1.73,6.98
Ludhiana,2026-07-25,32.66,37.81,17.13,,0.8,2.1,9.51
Ludhiana,2026-07-26,29.78,39.89,16.43,0.08,0.39,3.32,10.11
Ludhiana,2026-07-27,30.46,39.75,17.07,,0.17,2.51,10.04
Ludhiana,2026-07-28,31.42,36.91,17.82,,0.95,2.94,9.94
Ludhiana,2026-07-29,31.69,38.02,17.15,,0.93,2.98,9.23
Ludhiana,2026-07-30,29.31,39.05,18.19,,1.03,3.62,8.79
Ludhiana,2026-07-31,29.64,36.85,20.23,0.09,0.35,2.64,10.2
Ludhiana,2026-08-01,28.12,40.6,19.39,0.29,0.29,2.3,9.02
Ludhiana,2026-08-02,28.0,41.18,17.82,0.09,0.27,2.82,9.82
Ludhiana,2026-08-03,27.02,40.76,18.93,0.18,0.73,2.18,10.19
Ludhiana,2026-08-04,27.15,38.11,19.85,0.09,1.03,3.28,10.49
Ludhiana,2026-08-05,31.47,37.73,19.25,0.1,0.29,2.12,9.05
Ludhiana,2026-08-06,31.8,36.93,16.87,0.35,0.71,2.3,11.04
Ludhiana,2026-08-07,29.75,39.25,17.11,0.09,0.54,1.7,11.56
Ludhiana,2026-08-08,28.69,37.53,17.1,0.17,0.75,3.0,12.76
Ludhiana,2026-08-09,30.22,36.36,19.56,0.09,0.27,2.4,11.11
Ludhiana,2026-08-10,26.24,36.93,20.75,0.18,1.17,2.25,12.49
Ludhiana,2026-08-11,30.72,35.17,18.55,,0.48,3.0,12.08
Ludhiana,2026-08-12,29.3,37.62,16.44,0.19,0.58,2.61,13.25
Ludhiana,2026-08-13,30.99,36.67,19.73,0.29,0.67,2.41,9.24
Ludhiana,2026-08-14,31.54,35.93,17.65,0.18,0.63,2.15,11.92
Ludhiana,2026-08-15,32.24,40.21,16.74,0.18,0.89,2.13,7.62
Ludhiana,2026-08-16,33.16,36.87,18.6,0.08,0.67,2.19,8.42
Ludhiana,2026-08-17,29.77,37.77,20.37,,0.84,2.51,8.74
Ludhiana,2026-08-18,31.0,35.03,19.35,0.35,1.05,2.1,11.12
Ludhiana,2026-08-19,28.8,36.27,20.19,0.1,1.24,2.01,11.39
Ludhiana,2026-08-20,29.16,37.34,18.77,,0.96,1.92,11.84
Ludhiana,2026-08-21,28.25,34.04,21.23,0.09,1.58,2.81,12.02
Ludhiana,2026-08-22,29.1,37.19,19.49,0.28,0.38,2.45,11.11
Ludhiana,2026-08-23,30.67,35.38,19.41,,0.5,3.53,10.5
Ludhiana,2026-08-24,29.73,32.05,20.63,0.09,1.43,3.13,12.95
Ludhiana,2026-08-25,29.19,31.79,21.58,,0.67,2.7,14.07
Ludhiana,2026-08-26,35.08,34.73,16.81,0.17,0.17,1.54,11.49
Ludhiana,2026-08-27,32.74,34.52,15.63,0.21,1.05,2.52,13.33
Ludhiana,2026-08-28,34.85,36.7,17.42,0.09,1.02,1.39,8.53
Ludhiana,2026-08-29,32.58,37.21,16.06,,1.45,2.09,10.62
Ludhiana,2026-08-30,32.26,32.42,18.58,0.08,1.37,2.98,12.31
Ludhiana,2026-08-31,28.99,33.75,21.96,,0.86,2.0,12.45
Mumbai,2025-01-01,39.75,21.56,18.96,0.49,1.16,1.35,16.73
Mumbai,2025-01-02,40.17,19.69,18.3,0.41,1.26,1.88,18.28
Mumbai,2025-01-03,39.59,19.95,17.74,0.65,1.42,1.43,19.22
Mumbai,2025-01-04,41.36,19.68,18.09,0.38,1.45,1.71,17.32
Mumbai,2025-01-05,38.88,21.86,18.37,0.59,1.42,1.67,17.21
Mumbai,2025-01-06,38.81,20.9,18.97,0.42,1.26,1.62,18.01
Mumbai,2025-01-07,40.62,20.24,19.02,0.53,1.26,1.34,17.0
Mumbai,2025-01-08,39.45,20.64,18.74,0.39,1.24,1.5,18.04
Mumbai,2025-01-09,40.74,20.39,18.65,0.42,1.23,1.74,16.83
Mumbai,2025-01-10,39.37,21.76,19.09,0.31,1.22,1.73,16.53
Mumbai,2025-01-11,39.58,21.19,17.75,0.33,1.62,1.41,18.11
Mumbai,2025-01-12,39.79,21.32,18.05,0.42,1.2,1.42,17.8
Mumbai,2025-01-13,39.49,20.03,18.66,0.75,1.19,1.61,18.28
Mumbai,2025-01-14,39.45,20.43,19.33,0.5,1.12,1.33,17.84
Mumbai,2025-01-15,40.47,22.74,17.3,0.36,0.9,1.29,16.94
Mumbai,2025-01-16,40.38,20.91,17.26,0.47,0.98,1.65,18.36
Mumbai,2025-01-17,44.4,20.32,16.61,0.51,1.2,1.68,15.27
Mumbai,2025-01-18,41.7,20.56,17.05,0.36,1.44,1.73,17.16
Mumbai,2025-01-19,40.18,22.46,17.56,0.5,1.29,1.53,16.49
Mumbai,2025-01-20,39.9,21.4,17.92,0.37,1.37,1.35,17.68
Mumbai,2025-01-21,41.11,21.4,17.5,0.45,0.89,1.25,17.4
Mumbai,2025-01-22,41.97,21.09,17.97,0.59,1.03,1.18,16.17
Mumbai,2025-01-23,39.62,20.37,19.48,0.68,1.57,1.44,16.83
Mumbai,2025-01-24,39.02,21.93,18.28,0.68,1.13,1.62,17.34
Mumbai,2025-01-25,40.94,20.7,17.34,0.42,1.52,1.43,17.65
Mumbai,2025-01-26,41.98,20.69,16.6,0.42,1.21,1.83,17.27
Mumbai,2025-01-27,39.72,20.64,18.21,0.5,1.14,1.54,18.25
Mumbai,2025-01-28,40.61,20.51,18.79,0.38,1.18,1.44,17.1
Mumbai,2025-01-29,39.89,20.92,17.38,0.52,0.94,1.29,19.06
Mumbai,2025-01-30,41.49,20.8,17.35,0.59,1.14,1.4,17.23
Mumbai,2025-01-31,41.11,20.88,17.14,0.56,0.94,1.47,17.9
Mumbai,2025-02-01,42.15,21.36,16.05,0.44,1.27,1.4,17.33
Mumbai,2025-02-02,41.42,21.36,17.09,0.73,0.96,1.53,16.91
Mumbai,2025-02-03,41.2,20.59,18.02,0.54,1.16,1.53,16.95
Mumbai,2025-02-04,40.55,21.13,17.98,0.51,1.06,1.37,17.42
Mumbai,2025-02-05,38.48,20.88,19.66,0.58,1.1,1.75,17.54
Mumbai,2025-02-06,39.53,20.42,18.22,0.56,1.27,1.66,18.34
Mumbai,2025-02-07,42.3,20.82,17.3,0.57,1.06,1.81,16.13
Mumbai,2025-02-08,41.21,20.82,16.61,0.43,1.32,1.69,17.91
Mumbai,2025-02-09,41.63,21.71,16.72,0.45,1.11,1.56,16.82
Mumbai,2025-02-10,39.65,21.0,18.94,0.42,1.32,1.45,17.21
Mumbai,2025-02-11,40.7,20.86,18.17,0.46,0.95,1.54,17.32
Mumbai,2025-02-12,41.01,20.7,18.2,0.31,0.94,1.32,17.52
Mumbai,2025-02-13,41.38,20.37,18.38,0.5,1.24,1.11,17.02
Mumbai,2025-02-14,41.29,20.6,17.92,0.41,1.31,1.4,17.07
Mumbai,2025-02-15,39.79,20.6,17.81,0.31,1.34,1.43,18.72
Mumbai,2025-02-16,39.03,20.99,18.76,0.37,1.26,1.42,18.17
Mumbai,2025-02-17,39.2,20.63,18.78,0.76,1.24,1.52,17.87
Mumbai,2025-02-18,38.46,22.43,18.31,0.78,1.39,1.25,17.38
Mumbai,2025-02-19,38.67,21.69,18.7,0.64,1.32,1.3,17.67
Mumbai,2025-02-20,40.54,19.76,19.6,0.59,1.35,1.3,16.86
Mumbai,2025-02-21,39.35,21.17,18.9,0.78,1.38,1.36,17.07
Mumbai,2025-02-22,40.71,18.87,18.61,0.6,1.54,1.35,18.34
Mumbai,2025-02-23,41.5,20.17,16.97,0.55,1.09,1.56,18.16
Mumbai,2025-02-24,38.45,20.62,18.69,0.79,1.21,1.56,18.68
Mumbai,2025-02-25,40.23,21.12,17.89,0.32,0.93,1.35,18.16
Mumbai,2025-02-26,38.94,20.5,19.82,0.51,1.29,1.46,17.48
Mumbai,2025-02-27,37.85,19.5,21.16,0.63,1.05,1.48,18.34
Mumbai,2025-02-28,38.37,19.12,21.54,0.43,1.03,1.22,18.29
Mumbai,2025-03-01,38.53,19.64,21.87,0.74,0.86,1.28,17.07
Mumbai,2025-03-02,38.86,20.51,19.85,0.4,1.22,1.75,17.42
Mumbai,2025-03-03,37.66,20.69,20.28,0.6,1.23,1.35,18.19
Mumbai,2025-03-04,39.07,20.37,20.45,0.53,1.22,1.32,17.04
Mumbai,2025-03-05,38.69,20.24,19.99,0.52,1.12,1.29,18.15
Mumbai,2025-03-06,39.61,20.96,19.25,0.44,1.05,1.36,17.33
Mumbai,2025-03-07,40.32,19.97,19.67,0.39,1.3,1.43,16.92
Mumbai,2025-03-08,40.08,19.72,18.25,0.38,1.5,1.37,18.69
Mumbai,2025-03-09,41.78,19.15,19.32,0.44,1.05,1.24,17.0
Mumbai,2025-03-10,39.39,19.88,19.5,0.7,1.15,1.06,18.33
Mumbai,2025-03-11,37.94,20.67,19.67,0.53,1.24,1.52,18.42
Mumbai,2025-03-12,39.94,19.8,19.21,0.56,1.03,1.65,17.81
Mumbai,2025-03-13,39.24,19.62,19.84,0.35,1.22,1.6,18.13
Mumbai,2025-03-14,39.36,20.59,18.8,0.55,1.1,1.19,18.42
Mumbai,2025-03-15,37.97,21.22,19.39,0.4,1.44,1.35,18.22
Mumbai,2025-03-16,37.91,20.54,19.87,0.33,1.66,1.07,18.62
Mumbai,2025-03-17,38.02,19.16,21.19,0.6,1.13,1.62,18.28
Mumbai,2025-03-18,38.53,20.26,20.56,0.74,1.12,1.52,17.26
Mumbai,2025-03-19,39.4,19.74,19.48,0.82,1.48,1.19,17.9
Mumbai,2025-03-20,38.55,20.29,19.81,0.42,1.46,1.25,18.22
Mumbai,2025-03-21,38.7,19.9,19.33,0.38,1.38,1.41,18.9
Mumbai,2025-03-22,39.32,20.73,18.77,0.4,1.44,1.1,18.25
Mumbai,2025-03-23,38.31,20.64,18.43,0.28,1.55,1.38,19.41
Mumbai,2025-03-24,39.5,20.0,19.28,0.41,1.32,1.14,18.36
Mumbai,2025-03-25,38.5,21.27,19.24,0.47,1.14,1.36,18.01
Mumbai,2025-03-26,38.92,20.77,19.44,0.52,1.1,1.48,17.78
Mumbai,2025-03-27,39.35,20.77,18.94,0.43,1.77,1.45,17.29
Mumbai,2025-03-28,38.53,21.34,18.62,0.51,1.31,1.58,18.12
Mumbai,2025-03-29,41.85,19.7,17.8,0.54,1.48,1.22,17.42
Mumbai,2025-03-30,41.47,20.77,17.71,0.23,1.44,1.3,17.09
Mumbai,2025-03-31,38.74,20.95,19.01,0.38,1.56,1.05,18.32
Mumbai,2025-04-01,39.19,21.37,18.38,0.59,1.26,1.14,18.06
Mumbai,2025-04-02,39.52,20.25,18.46,0.75,1.44,1.28,18.31
Mumbai,2025-04-03,39.9,18.86,18.85,1.22,1.14,1.65,18.38
Mumbai,2025-04-04,39.52,18.94,18.48,0.9,1.53,1.44,19.2
Mumbai,2025-04-05,38.57,20.17,19.14,0.43,1.27,1.57,18.85
Mumbai,2025-04-06,39.98,21.53,18.09,0.51,1.34,1.23,17.32
Mumbai,2025-04-07,38.43,20.96,19.34,0.43,1.05,1.35,18.44
Mumbai,2025-04-08,39.64,18.65,21.0,0.54,1.46,1.34,17.37
Mumbai,2025-04-09,37.17,20.5,19.45,0.52,1.28,1.38,19.71
Mumbai,2025-04-10,39.31,20.82,18.09,0.58,1.46,1.27,18.47
Mumbai,2025-04-11,39.65,20.61,18.3,0.42,1.13,1.53,18.36
Mumbai,2025-04-12,39.11,20.23,19.43,0.43,1.43,1.6,17.78
Mumbai,2025-04-13,39.96,20.89,17.82,0.56,1.55,1.27,17.96
Mumbai,2025-04-14,40.29,20.1,17.49,0.47,1.41,1.5,18.73
Mumbai,2025-04-15,39.91,20.76,18.49,0.38,1.03,1.71,17.71
Mumbai,2025-04-16,40.85,19.91,18.99,0.45,1.05,1.45,17.3
Mumbai,2025-04-17,40.66,19.68,18.42,0.71,1.31,1.44,17.79
Mumbai,2025-04-18,40.38,20.46,17.21,0.36,1.36,1.39,18.83
Mumbai,2025-04-19,40.13,21.05,17.67,0.37,1.35,1.38,18.06
Mumbai,2025-04-20,38.5,19.53,16.11,0.37,1.39,1.34,22.76
Mumbai,2025-04-21,36.75,19.52,18.27,0.63,1.41,1.34,22.08
Mumbai,2025-04-22,38.22,19.92,17.41,0.41,1.14,1.18,21.73
Mumbai,2025-04-23,35.67,18.38,19.82,0.27,1.24,1.13,23.49
Mumbai,2025-04-24,36.35,18.16,18.54,0.44,1.09,1.25,24.16
Mumbai,2025-04-25,37.34,17.89,17.79,0.66,1.43,1.54,23.34
Mumbai,2025-04-26,37.2,18.69,18.17,0.36,1.3,1.32,22.95
Mumbai,2025-04-27,34.72,17.06,16.29,0.42,1.75,1.3,28.47
Mumbai,2025-04-28,36.61,19.01,20.32,0.34,1.37,1.04,21.31
Mumbai,2025-04-29,37.55,18.92,17.99,0.27,1.62,1.47,22.18
Mumbai,2025-04-30,38.9,18.68,18.19,0.46,1.28,1.6,20.88
Mumbai,2025-05-01,37.24,18.08,16.97,0.49,1.36,1.64,24.22
Mumbai,2025-05-02,37.53,17.54,17.91,0.3,1.33,1.4,23.97
Mumbai,2025-05-03,35.55,18.33,17.45,0.45,1.13,1.48,25.61
Mumbai,2025-05-04,36.32,18.5,17.01,0.33,1.37,1.26,25.21
Mumbai,2025-05-05,38.59,17.73,17.96,0.58,1.34,1.12,22.68
Mumbai,2025-05-06,39.29,18.97,17.46,0.36,0.78,1.38,21.75
Mumbai,2025-05-07,38.51,19.34,18.4,0.67,1.16,0.98,20.95
Mumbai,2025-05-08,39.74,19.93,17.38,0.49,1.28,1.15,20.03
Mumbai,2025-05-09,37.85,19.36,18.78,0.45,1.2,1.49,20.87
Mumbai,2025-05-10,40.16,19.14,17.96,0.32,1.29,1.31,19.83
Mumbai,2025-05-11,38.41,19.33,17.87,0.43,1.37,1.39,21.2
Mumbai,2025-05-12,38.46,19.2,18.01,0.48,1.38,1.09,21.37
Mumbai,2025-05-13,38.08,19.66,18.77,0.48,1.3,1.32,20.39
Mumbai,2025-05-14,38.51,18.82,19.02,0.57,1.4,1.55,20.13
Mumbai,2025-05-15,37.59,19.41,20.22,0.45,0.96,1.36,20.01
Mumbai,2025-05-16,39.57,20.35,18.0,0.42,1.33,1.31,19.01
Mumbai,2025-05-17,38.26,20.19,18.72,0.16,1.46,1.5,19.72
Mumbai,2025-05-18,36.53,19.9,16.93,0.42,1.57,1.42,23.23
Mumbai,2025-05-19,37.23,19.08,19.57,0.4,1.48,1.44,20.8
Mumbai,2025-05-20,38.12,18.82,18.51,0.67,1.14,1.53,21.21
Mumbai,2025-05-21,39.79,19.49,18.6,0.54,1.37,1.23,18.98
Mumbai,2025-05-22,42.39,19.85,16.99,0.52,1.2,1.35,17.69
Mumbai,2025-05-23,40.26,18.99,16.11,0.38,1.11,1.35,21.8
Mumbai,2025-05-24,38.07,20.44,16.83,0.43,1.3,1.48,21.45
Mumbai,2025-05-25,38.99,19.55,16.2,0.53,1.47,1.66,21.62
Mumbai,2025-05-26,37.39,19.71,18.02,0.3,1.2,1.37,22.01
Mumbai,2025-05-27,36.5,19.68,18.1,0.38,1.47,1.56,22.31
Mumbai,2025-05-28,38.61,19.52,17.18,0.37,1.02,1.39,21.92
Mumbai,2025-05-29,36.93,18.05,18.49,0.45,1.01,1.42,23.64
Mumbai,2025-05-30,33.72,17.74,16.35,0.33,1.13,1.25,29.49
Mumbai,2025-05-31,37.67,19.45,17.69,0.44,1.17,1.49,22.09
Mumbai,2025-06-01,33.79,18.17,15.76,0.24,0.94,1.47,29.65
Mumbai,2025-06-02,38.88,19.62,17.86,0.62,1.11,1.27,20.64
Mumbai,2025-06-03,34.82,16.77,15.78,0.37,1.15,1.04,30.07
Mumbai,2025-06-04,39.4,19.14,16.62,0.42,0.9,1.22,22.29
Mumbai,2025-06-05,40.98,19.69,16.72,0.6,1.04,1.28,19.69
Mumbai,2025-06-06,39.86,19.81,17.77,0.49,1.58,1.21,19.29
Mumbai,2025-06-07,39.64,20.2,16.5,0.39,1.09,1.38,20.79
Mumbai,2025-06-08,38.63,20.09,17.03,0.42,1.15,1.4,21.29
Mumbai,2025-06-09,38.79,19.29,18.6,0.47,1.07,1.13,20.66
Mumbai,2025-06-10,39.08,19.79,17.13,0.52,1.53,1.29,20.65
Mumbai,2025-06-11,40.52,19.13,17.11,0.37,1.21,1.31,20.35
Mumbai,2025-06-12,39.55,19.16,18.48,0.46,1.44,1.36,19.54
Mumbai,2025-06-13,38.6,18.87,17.83,0.35,1.12,1.47,21.75
Mumbai,2025-06-14,39.34,20.12,17.65,0.21,1.6,1.46,19.63
Mumbai,2025-06-15,37.67,20.02,17.15,0.3,1.39,1.47,22.01
Mumbai,2025-06-16,39.58,19.75,17.61,0.37,1.2,1.42,20.07
Mumbai,2025-06-17,37.78,18.74,18.15,0.54,1.48,1.31,22.01
Mumbai,2025-06-18,39.02,20.11,16.81,0.38,1.39,1.32,20.96
Mumbai,2025-06-19,38.06,20.6,17.66,0.39,1.46,1.47,20.36
Mumbai,2025-06-20,40.71,19.41,17.67,0.35,1.45,1.29,19.13
Mumbai,2025-06-21,39.69,18.9,18.12,0.3,1.34,0.89,20.76
Mumbai,2025-06-22,39.67,18.83,17.83,0.32,1.3,1.37,20.68
Mumbai,2025-06-23,38.97,19.13,18.28,0.4,1.47,1.4,20.35
Mumbai,2025-06-24,38.94,19.29,18.02,0.46,1.38,1.4,20.51
Mumbai,2025-06-25,38.85,18.84,18.4,0.41,1.29,1.37,20.84
Mumbai,2025-06-26,39.41,18.93,18.28,0.5,1.09,1.91,19.89
Mumbai,2025-06-27,39.49,19.81,17.62,0.4,1.3,1.38,19.99
Mumbai,2025-06-28,38.51,20.79,17.8,0.28,1.11,1.18,20.33
Mumbai,2025-06-29,38.3,20.75,18.14,0.4,1.17,1.3,19.93
Mumbai,2025-06-30,38.88,19.63,18.64,0.5,0.99,1.35,20.0
Mumbai,2025-07-01,39.32,18.34,19.26,0.51,1.09,1.35,20.14
Mumbai,2025-07-02,37.43,19.47,19.44,0.44,1.03,1.18,21.01
Mumbai,2025-07-03,39.72,20.3,18.18,0.54,0.86,1.29,19.11
Mumbai,2025-07-04,40.62,18.88,18.12,0.34,1.08,1.41,19.55
Mumbai,2025-07-05,41.49,20.3,16.94,0.32,1.02,1.4,18.53
Mumbai,2025-07-06,40.47,19.9,17.17,0.35,1.23,1.43,19.44
Mumbai,2025-07-07,38.74,21.21,17.54,0.5,1.16,1.58,19.26
Mumbai,2025-07-08,40.26,20.63,17.55,0.44,1.04,1.72,18.34
Mumbai,2025-07-09,39.32,20.25,17.94,0.69,0.96,1.03,19.81
Mumbai,2025-07-10,41.14,20.45,17.29,0.35,0.98,1.23,18.55
Mumbai,2025-07-11,40.83,20.59,16.45,0.46,1.01,1.38,19.27
Mumbai,2025-07-12,39.9,20.35,16.69,0.44,1.06,1.49,20.08
Mumbai,2025-07-13,40.51,19.05,17.36,0.5,1.25,1.42,19.9
Mumbai,2025-07-14,41.72,19.38,17.32,0.81,1.24,1.47,18.08
Mumbai,2025-07-15,43.86,20.34,16.39,0.47,0.76,1.12,17.07
Mumbai,2025-07-16,42.05,19.7,16.85,0.69,1.23,1.05,18.43
Mumbai,2025-07-17,42.63,20.02,16.36,0.47,1.04,1.07,18.41
Mumbai,2025-07-18,41.44,20.19,16.49,0.37,1.23,1.11,19.16
Mumbai,2025-07-19,40.6,20.84,17.29,0.36,1.32,1.17,18.43
Mumbai,2025-07-20,40.98,21.12,16.2,0.34,1.3,1.2,18.85
Mumbai,2025-07-21,40.14,20.33,17.11,0.33,1.47,1.27,19.35
Mumbai,2025-07-22,40.99,19.85,17.1,0.31,1.13,1.22,19.4
Mumbai,2025-07-23,42.32,20.65,17.29,0.28,1.04,0.99,17.44
Mumbai,2025-07-24,41.66,20.62,16.36,0.5,1.06,1.26,18.54
Mumbai,2025-07-25,41.76,21.1,16.12,0.43,1.07,1.25,18.27
Mumbai,2025-07-26,40.01,19.85,17.63,0.38,1.41,1.39,19.34
Mumbai,2025-07-27,39.46,20.96,17.21,0.45,1.4,1.25,19.26
Mumbai,2025-07-28,40.28,20.44,17.75,0.56,1.5,1.25,18.22
Mumbai,2025-07-29,41.11,19.91,18.69,0.43,1.29,1.22,17.34
Mumbai,2025-07-30,40.02,19.92,18.84,0.4,1.19,1.25,18.39
Mumbai,2025-07-31,41.8,19.21,17.61,0.27,1.24,1.65,18.22
Mumbai,2025-08-01,39.85,19.1,18.91,0.36,0.99,1.44,19.35
Mumbai,2025-08-02,42.11,19.65,17.48,0.29,1.15,1.15,18.17
Mumbai,2025-08-03,41.03,21.25,17.18,0.15,1.02,1.12,18.24
Mumbai,2025-08-04,42.33,19.73,17.43,0.45,0.79,1.37,17.9
Mumbai,2025-08-05,41.56,21.07,17.26,0.4,1.07,1.51,17.13
Mumbai,2025-08-06,41.94,20.71,17.11,0.47,1.15,1.25,17.37
Mumbai,2025-08-07,41.54,21.07,16.31,0.5,1.4,1.25,17.93
Mumbai,2025-08-08,43.09,19.83,17.6,0.32,1.28,1.33,16.56
Mumbai,2025-08-09,41.87,21.26,16.66,0.26,1.46,1.46,17.03
Mumbai,2025-08-10,41.77,20.71,16.36,0.27,1.32,1.79,17.77
Mumbai,2025-08-11,42.16,19.32,17.46,0.42,1.39,1.21,18.05
Mumbai,2025-08-12,40.49,20.78,18.56,0.44,1.02,1.54,17.16
Mumbai,2025-08-13,41.97,20.58,17.44,0.53,1.25,1.35,16.88
Mumbai,2025-08-14,43.04,19.87,17.04,0.33,0.97,1.41,17.32
Mumbai,2025-08-15,42.4,20.77,17.01,0.38,1.04,1.46,16.93
Mumbai,2025-08-16,43.18,20.84,16.67,0.34,1.19,1.23,16.55
Mumbai,2025-08-17,42.16,21.13,16.57,0.42,1.21,1.52,16.99
Mumbai,2025-08-18,41.59,20.74,17.69,0.3,1.19,1.39,17.1
Mumbai,2025-08-19,42.15,21.47,16.19,0.34,1.05,1.44,17.35
Mumbai,2025-08-20,41.68,21.53,16.98,0.32,0.99,1.46,17.04
Mumbai,2025-08-21,42.01,20.16,18.26,0.36,1.36,1.3,16.55
Mumbai,2025-08-22,40.38,20.73,17.49,0.25,0.99,1.57,18.6
Mumbai,2025-08-23,40.53,20.65,17.23,0.39,1.1,1.2,18.9
Mumbai,2025-08-24,40.97,21.52,17.22,0.32,1.13,1.53,17.31
Mumbai,2025-08-25,41.85,20.6,17.87,0.32,1.15,1.29,16.91
Mumbai,2025-08-26,42.79,21.47,16.25,0.37,0.89,1.26,16.96
Mumbai,2025-08-27,41.19,22.98,16.63,0.27,1.31,1.45,16.17
Mumbai,2025-08-28,41.37,20.18,17.26,0.34,1.2,1.43,18.22
Mumbai,2025-08-29,41.96,21.62,17.06,0.41,0.82,1.14,16.99
Mumbai,2025-08-30,40.88,21.47,17.51,0.31,1.13,1.08,17.62
Mumbai,2025-08-31,40.19,21.72,17.41,0.24,1.22,1.17,18.04
Mumbai,2025-09-01,40.66,20.29,17.94,0.32,1.03,1.24,18.5
Mumbai,2025-09-02,40.4,21.42,16.84,0.19,1.03,1.46,18.66
Mumbai,2025-09-03,47.58,24.34,13.34,0.25,0.69,0.87,12.92
Mumbai,2025-09-04,48.17,24.85,12.35,0.16,0.75,1.02,12.69
Mumbai,2025-09-05,46.14,24.22,13.98,0.38,0.75,0.89,13.64
Mumbai,2025-09-06,47.04,24.48,13.01,0.23,0.77,0.92,13.54
Mumbai,2025-09-07,45.52,23.88,13.73,0.23,0.94,1.34,14.35
Mumbai,2025-09-08,46.43,23.3,14.75,0.25,0.94,1.02,13.31
Mumbai,2025-09-09,44.98,23.61,14.99,0.31,1.04,1.07,14.0
Mumbai,2025-09-10,44.17,23.18,14.93,0.27,0.69,1.11,15.64
Mumbai,2025-09-11,42.43,22.63,17.02,0.2,0.78,1.12,15.81
Mumbai,2025-09-12,43.19,22.68,15.8,0.19,0.92,1.34,15.88
Mumbai,2025-09-13,41.59,23.04,17.2,0.2,0.81,1.24,15.92
Mumbai,2025-09-14,40.06,22.13,14.55,0.29,0.86,0.92,21.18
Mumbai,2025-09-15,44.01,22.56,15.64,0.15,0.8,1.27,15.57
Mumbai,2025-09-16,43.25,22.22,15.96,0.26,1.09,1.07,16.14
Mumbai,2025-09-17,43.11,23.13,16.56,0.18,0.99,1.05,14.99
Mumbai,2025-09-18,43.77,21.72,15.76,0.29,0.94,1.2,16.32
Mumbai,2025-09-19,41.03,21.98,16.74,0.14,1.02,1.18,17.91
Mumbai,2025-09-20,43.01,21.65,16.22,0.19,1.3,1.17,16.45
Mumbai,2025-09-21,43.62,20.96,12.48,0.19,0.67,1.06,21.02
Mumbai,2025-09-22,46.85,23.41,13.16,0.18,0.9,0.88,14.61
Mumbai,2025-09-23,44.44,23.86,14.82,0.21,0.96,0.93,14.8
Mumbai,2025-09-24,43.48,22.82,14.62,0.22,0.78,0.87,17.19
Mumbai,2025-09-25,44.08,22.01,16.23,0.28,1.04,1.04,15.31
Mumbai,2025-09-26,43.76,21.05,15.26,0.17,0.86,1.14,17.75
Mumbai,2025-09-27,41.76,22.91,16.32,0.24,1.11,1.05,16.62
Mumbai,2025-09-28,38.38,20.8,13.95,0.18,1.12,0.84,24.73
Mumbai,2025-09-29,39.61,21.35,17.54,0.13,1.25,0.97,19.15
Mumbai,2025-09-30,42.37,22.11,15.81,0.46,1.04,1.06,17.15
Mumbai,2025-10-01,42.97,23.01,16.75,0.16,0.64,0.92,15.54
Mumbai,2025-10-02,43.37,23.11,15.37,0.32,1.16,1.09,15.59
Mumbai,2025-10-03,43.42,22.52,15.69,0.24,1.18,0.89,16.06
Mumbai,2025-10-04,42.77,21.9,17.81,0.1,0.77,1.11,15.53
Mumbai,2025-10-05,42.03,21.45,16.54,0.26,1.29,0.99,17.44
Mumbai,2025-10-06,44.43,21.36,15.55,0.23,0.97,1.08,16.38
Mumbai,2025-10-07,44.6,21.82,15.29,0.27,1.26,1.32,15.45
Mumbai,2025-10-08,41.81,21.65,17.65,0.24,0.92,1.21,16.52
Mumbai,2025-10-09,43.03,21.17,17.26,0.41,1.34,1.26,15.54
Mumbai,2025-10-10,43.36,20.74,17.31,0.19,1.09,0.98,16.33
Mumbai,2025-10-11,42.46,21.43,16.32,0.21,1.0,1.25,17.34
Mumbai,2025-10-12,42.65,22.21,16.48,0.21,1.04,0.88,16.53
Mumbai,2025-10-13,43.07,21.32,17.15,0.38,1.0,1.08,16.0
Mumbai,2025-10-14,42.13,21.65,17.2,0.15,1.07,1.15,16.64
Mumbai,2025-10-15,43.14,20.1,18.25,0.19,1.01,0.98,16.33
Mumbai,2025-10-16,42.04,20.84,18.59,0.22,1.0,1.04,16.27
Mumbai,2025-10-17,43.29,21.35,16.55,0.2,1.0,1.14,16.47
Mumbai,2025-10-18,43.32,20.95,17.02,0.36,0.74,1.07,16.54
Mumbai,2025-10-19,41.33,22.62,16.48,0.19,0.9,1.21,17.26
Mumbai,2025-10-20,44.14,22.18,15.96,0.3,0.83,1.23,15.37
Mumbai,2025-10-21,43.82,22.7,15.28,0.32,1.55,0.84,15.5
Mumbai,2025-10-22,42.85,22.55,16.46,0.25,1.07,0.88,15.93
Mumbai,2025-10-23,41.01,22.56,17.76,0.24,1.13,1.1,16.2
Mumbai,2025-10-24,43.06,21.12,17.54,0.18,0.69,0.86,16.56
Mumbai,2025-10-25,41.92,21.54,16.32,0.13,1.38,1.0,17.71
Mumbai,2025-10-26,42.43,21.99,16.75,0.17,1.13,1.23,16.31
Mumbai,2025-10-27,41.44,22.35,17.87,0.23,1.01,0.96,16.15
Mumbai,2025-10-28,40.93,21.45,18.1,0.23,0.89,1.1,17.3
Mumbai,2025-10-29,43.49,20.59,17.26,0.31,1.08,1.1,16.17
Mumbai,2025-10-30,42.37,20.53,17.7,0.32,1.12,1.16,16.79
Mumbai,2025-10-31,39.49,20.57,19.04,0.31,1.02,1.06,18.52
Mumbai,2025-11-01,40.57,20.69,19.52,0.33,1.15,1.11,16.62
Mumbai,2025-11-02,39.67,22.43,18.94,0.29,1.16,1.01,16.49
Mumbai,2025-11-03,41.79,21.72,17.3,0.23,1.28,1.14,16.55
Mumbai,2025-11-04,47.14,23.74,14.75,0.2,0.53,0.82,12.83
Mumbai,2025-11-05,44.33,24.06,15.71,0.11,0.87,1.09,13.83
Mumbai,2025-11-06,44.16,22.6,16.19,0.25,0.98,0.95,14.87
Mumbai,2025-11-07,41.7,22.24,17.26,0.28,0.98,1.19,16.36
Mumbai,2025-11-08,44.39,21.56,15.53,0.24,1.26,1.08,15.94
Mumbai,2025-11-09,42.92,21.45,17.07,0.38,0.88,1.2,16.09
Mumbai,2025-11-10,41.08,24.47,16.75,0.27,1.19,0.9,15.35
Mumbai,2025-11-11,42.26,23.62,16.94,0.25,0.95,0.86,15.13
Mumbai,2025-11-12,42.49,22.95,16.96,0.3,0.92,1.09,15.29
Mumbai,2025-11-13,42.67,21.91,17.44,0.51,0.68,0.95,15.85
Mumbai,2025-11-14,42.18,21.17,17.93,0.26,0.84,0.89,16.73
Mumbai,2025-11-15,44.25,22.92,15.87,0.15,0.95,1.12,14.74
Mumbai,2025-11-16,44.28,23.23,15.33,0.33,1.05,1.08,14.69
Mumbai,2025-11-17,41.88,21.41,17.69,0.38,1.23,1.22,16.19
Mumbai,2025-11-18,40.34,20.71,19.09,0.36,0.98,1.05,17.47
Mumbai,2025-11-19,40.58,21.36,19.37,0.4,1.04,1.17,16.08
Mumbai,2025-11-20,40.69,21.93,18.67,0.27,1.2,1.24,16.0
Mumbai,2025-11-21,40.79,23.23,18.11,0.35,0.81,1.45,15.26
Mumbai,2025-11-22,41.23,22.03,18.18,0.31,1.48,1.26,15.51
Mumbai,2025-11-23,41.08,22.89,17.51,0.25,1.1,0.96,16.21
Mumbai,2025-11-24,41.32,22.07,19.28,0.31,0.95,1.18,14.89
Mumbai,2025-11-25,51.62,25.14,12.18,0.17,0.59,0.61,9.69
Mumbai,2025-11-26,46.95,23.92,15.26,0.3,0.75,0.93,11.9
Mumbai,2025-11-27,44.55,23.2,16.84,0.3,0.91,0.89,13.3
Mumbai,2025-11-28,42.69,22.28,17.7,0.23,0.87,0.95,15.28
Mumbai,2025-11-29,42.68,21.82,18.46,0.31,1.12,1.12,14.48
Mumbai,2025-11-30,42.52,21.25,18.07,0.27,0.65,0.78,16.46
Mumbai,2025-12-01,40.99,20.94,19.33,0.64,0.95,1.27,15.89
Mumbai,2025-12-02,41.94,21.12,18.86,0.23,0.79,1.32,15.74
Mumbai,2025-12-03,42.27,21.88,18.51,0.28,0.89,0.98,15.17
Mumbai,2025-12-04,42.31,20.97,18.65,0.34,0.85,1.1,15.77
Mumbai,2025-12-05,42.41,20.94,19.19,0.17,0.97,0.88,15.45
Mumbai,2025-12-06,43.48,21.96,17.25,0.28,0.86,0.91,15.26
Mumbai,2025-12-07,41.67,21.22,18.42,0.2,1.19,1.28,16.02
Mumbai,2025-12-08,41.25,21.43,18.4,0.55,0.77,0.99,16.6
Mumbai,2025-12-09,41.74,21.56,18.25,0.37,0.78,1.07,16.23
Mumbai,2025-12-10,43.87,22.16,17.79,0.19,0.86,1.11,14.02
Mumbai,2025-12-11,40.97,21.06,18.44,0.34,1.11,1.32,16.76
Mumbai,2025-12-12,41.92,21.52,18.34,0.3,0.91,1.1,15.91
Mumbai,2025-12-13,39.78,20.94,19.21,0.27,1.11,1.1,17.6
Mumbai,2025-12-14,39.31,22.07,18.78,0.28,0.91,1.26,17.39
Mumbai,2025-12-15,43.82,20.85,17.72,0.39,1.07,0.85,15.31
Mumbai,2025-12-16,41.7,21.69,18.84,0.33,0.95,0.96,15.52
Mumbai,2025-12-17,40.72,22.43,18.27,0.23,1.5,1.04,15.81
Mumbai,2025-12-18,41.66,20.74,19.3,0.27,0.94,1.23,15.85
Mumbai,2025-12-19,40.75,21.29,18.44,0.3,1.18,1.33,16.71
Mumbai,2025-12-20,40.9,19.94,19.39,0.13,1.06,1.11,17.47
Mumbai,2025-12-21,40.1,21.59,19.1,0.29,1.33,1.18,16.41
Mumbai,2025-12-22,40.67,20.68,20.18,0.27,1.03,1.0,16.17
Mumbai,2025-12-23,40.35,21.97,18.99,0.19,1.11,1.07,16.33
Mumbai,2025-12-24,38.57,22.56,19.06,0.21,1.37,1.09,17.13
Mumbai,2025-12-25,37.99,21.82,20.51,0.33,0.96,0.93,17.46
Mumbai,2025-12-26,39.12,21.1,20.94,0.42,0.86,1.29,16.27
Mumbai,2025-12-27,38.92,21.03,20.31,0.28,1.16,1.28,17.02
Mumbai,2025-12-28,39.09,21.53,19.36,0.42,1.2,0.88,17.51
Mumbai,2025-12-29,38.58,21.35,20.42,0.28,1.06,0.95,17.37
Mumbai,2025-12-30,37.8,20.81,20.9,0.3,1.04,1.13,18.01
Mumbai,2025-12-31,38.75,21.84,19.65,0.27,0.92,0.94,17.64
Mumbai,2026-01-01,39.45,21.63,20.37,0.18,0.93,1.33,16.11
Mumbai,2026-01-02,39.61,21.57,19.89,0.23,1.08,1.15,16.48
Mumbai,2026-01-03,37.44,21.14,21.41,0.25,0.94,1.09,17.72
Mumbai,2026-01-04,41.04,21.15,19.28,0.24,1.03,1.1,16.17
Mumbai,2026-01-05,42.35,22.85,18.49,0.35,0.72,0.77,14.47
Mumbai,2026-01-06,43.28,20.79,19.25,0.21,0.71,1.01,14.76
Mumbai,2026-01-07,42.74,21.04,19.19,0.22,0.97,1.07,14.78
Mumbai,2026-01-08,41.76,22.13,18.75,0.24,0.7,0.97,15.45
Mumbai,2026-01-09,41.36,22.19,18.25,0.18,0.64,1.12,16.26
Mumbai,2026-01-10,41.38,23.2,17.82,0.27,0.91,0.94,15.48
Mumbai,2026-01-11,42.38,21.94,17.66,0.17,1.02,1.05,15.77
Mumbai,2026-01-12,42.12,21.44,18.14,0.23,1.07,1.12,15.88
Mumbai,2026-01-13,46.26,24.94,14.3,0.1,0.75,0.69,12.96
Mumbai,2026-01-14,44.08,24.34,15.69,0.22,0.81,0.66,14.21
Mumbai,2026-01-15,42.67,22.88,16.92,0.28,0.65,0.99,15.61
Mumbai,2026-01-16,41.81,22.05,18.49,0.15,1.16,1.03,15.32
Mumbai,2026-01-17,39.94,22.63,18.43,0.19,0.88,1.02,16.9
Mumbai,2026-01-18,40.0,22.5,18.39,0.24,0.89,1.2,16.78
Mumbai,2026-01-19,41.13,22.01,19.23,0.24,0.65,0.82,15.92
Mumbai,2026-01-20,43.15,22.79,17.38,0.27,0.74,0.88,14.79
Mumbai,2026-01-21,41.29,21.49,17.4,0.35,0.71,0.91,17.85
Mumbai,2026-01-22,41.85,19.83,18.56,0.18,0.69,1.0,17.9
Mumbai,2026-01-23,43.18,20.35,18.71,0.31,0.78,1.0,15.68
Mumbai,2026-01-24,40.43,20.71,19.77,0.19,0.79,1.05,17.05
Mumbai,2026-01-25,41.01,21.93,18.51,0.28,1.18,1.42,15.67
Mumbai,2026-01-26,43.12,22.87,17.03,0.25,0.88,1.04,14.81
Mumbai,2026-01-27,42.93,22.81,17.74,0.22,0.89,0.98,14.42
Mumbai,2026-01-28,42.54,22.29,18.4,0.22,0.81,1.05,14.69
Mumbai,2026-01-29,42.32,21.79,18.44,0.34,0.88,1.02,15.21
Mumbai,2026-01-30,41.22,19.83,20.1,0.34,0.73,1.13,16.65
Mumbai,2026-01-31,39.21,20.73,17.77,0.21,0.81,1.15,20.13
Mumbai,2026-02-01,40.21,20.65,18.18,0.09,1.04,1.57,18.26
Mumbai,2026-02-02,40.83,21.5,19.86,0.28,0.93,1.07,15.54
Mumbai,2026-02-03,40.57,21.4,18.63,0.21,0.79,1.03,17.38
Mumbai,2026-02-04,39.45,21.92,19.46,0.26,1.0,0.97,16.95
Mumbai,2026-02-05,42.26,20.75,18.42,0.26,0.84,1.05,16.42
Mumbai,2026-02-06,41.51,22.0,18.77,0.1,0.68,0.75,16.2
Mumbai,2026-02-07,42.89,21.65,18.2,0.15,0.94,0.75,15.42
Mumbai,2026-02-08,41.69,21.0,18.58,0.15,0.88,0.99,16.72
Mumbai,2026-02-09,39.78,20.08,20.83,0.25,0.85,0.98,17.23
Mumbai,2026-02-10,39.92,20.97,20.43,0.2,0.78,1.04,16.67
Mumbai,2026-02-11,39.54,20.49,19.74,0.31,1.18,0.97,17.77
Mumbai,2026-02-12,41.38,20.59,20.09,0.19,0.74,1.04,15.96
Mumbai,2026-02-13,40.6,20.95,19.32,0.28,1.09,1.06,16.7
Mumbai,2026-02-14,41.17,20.55,18.38,0.19,0.9,0.95,17.85
Mumbai,2026-02-15,36.92,19.86,16.91,0.3,0.78,0.75,24.49
Mumbai,2026-02-16,39.35,20.15,19.44,0.29,0.91,1.16,18.69
Mumbai,2026-02-17,42.42,21.87,17.58,0.3,0.7,0.73,16.4
Mumbai,2026-02-18,41.23,22.28,17.56,0.26,0.86,0.78,17.03
Mumbai,2026-02-19,41.14,23.04,17.49,0.17,0.95,0.84,16.38
Mumbai,2026-02-20,42.29,21.95,18.03,0.18,1.04,0.75,15.77
Mumbai,2026-02-21,40.36,21.63,18.66,0.19,1.1,1.1,16.97
Mumbai,2026-02-22,36.86,19.09,21.97,0.14,0.72,0.84,20.4
Mumbai,2026-02-23,38.27,20.25,21.53,0.31,0.93,0.93,17.77
Mumbai,2026-02-24,39.27,20.19,19.93,0.31,0.96,1.03,18.32
Mumbai,2026-02-25,40.67,20.34,20.11,0.28,0.87,0.83,16.9
Mumbai,2026-02-26,37.18,18.89,19.38,0.34,0.79,1.05,22.37
Mumbai,2026-02-27,38.04,21.06,20.7,0.28,0.83,0.93,18.16
Mumbai,2026-02-28,38.05,18.52,22.75,0.23,0.59,1.35,18.52
Mumbai,2026-03-01,36.89,18.49,21.78,0.17,0.73,1.01,20.93
Mumbai,2026-03-02,39.2,19.11,21.88,0.28,0.96,0.94,17.63
Mumbai,2026-03-03,39.53,18.41,22.46,0.19,0.93,1.04,17.44
Mumbai,2026-03-04,39.1,18.15,21.53,0.35,0.94,1.25,18.68
Mumbai,2026-03-05,35.8,18.65,20.74,0.29,0.73,0.77,23.01
Mumbai,2026-03-06,38.06,20.08,21.29,0.47,0.82,1.05,18.22
Mumbai,2026-03-07,38.17,20.18,20.74,0.16,0.71,1.25,18.79
Mumbai,2026-03-08,33.32,17.18,23.65,0.23,0.74,0.86,24.03
Mumbai,2026-03-09,37.06,18.69,23.36,0.19,0.9,1.05,18.75
Mumbai,2026-03-10,38.08,19.86,22.41,0.27,0.85,0.84,17.7
Mumbai,2026-03-11,37.64,21.08,20.48,0.28,0.81,0.94,18.77
Mumbai,2026-03-12,38.44,19.71,22.01,0.28,0.86,1.04,17.67
Mumbai,2026-03-13,39.89,20.64,20.12,0.3,0.93,0.76,17.36
Mumbai,2026-03-14,39.24,19.86,21.61,0.27,0.8,1.01,17.2
Mumbai,2026-03-15,39.52,20.9,19.74,0.13,1.2,1.34,17.17
Mumbai,2026-03-16,39.45,19.72,20.68,0.34,0.92,0.85,18.05
Mumbai,2026-03-17,41.44,20.54,19.02,0.21,0.98,0.86,16.95
Mumbai,2026-03-18,39.62,19.87,21.24,0.31,1.11,0.91,16.94
Mumbai,2026-03-19,41.7,20.12,19.69,0.14,0.99,1.03,16.32
Mumbai,2026-03-20,40.45,19.31,20.49,0.29,0.84,1.05,17.57
Mumbai,2026-03-21,40.37,20.4,20.42,0.26,0.87,1.08,16.6
Mumbai,2026-03-22,40.96,20.22,20.01,0.23,0.59,1.11,16.87
Mumbai,2026-03-23,39.51,20.24,21.74,0.4,0.81,1.18,16.11
Mumbai,2026-03-24,41.47,18.59,20.68,0.31,0.73,1.05,17.17
Mumbai,2026-03-25,40.25,20.29,19.37,0.34,1.01,0.83,17.92
Mumbai,2026-03-26,41.02,19.6,20.26,0.15,0.69,0.91,17.37
Mumbai,2026-03-27,39.2,19.81,20.9,0.2,0.8,1.25,17.84
Mumbai,2026-03-28,39.68,20.97,20.66,0.19,1.1,1.13,16.28
Mumbai,2026-03-29,40.12,19.78,20.11,0.28,1.05,1.32,17.34
Mumbai,2026-03-30,40.48,20.13,19.75,0.18,0.84,0.97,17.66
Mumbai,2026-03-31,40.53,19.9,19.76,0.2,0.85,0.92,17.85
Mumbai,2026-04-01,41.51,19.97,19.81,0.61,0.97,0.86,16.26
Mumbai,2026-04-02,40.46,19.75,20.74,0.18,0.89,0.96,17.03
Mumbai,2026-04-03,39.43,19.0,21.49,0.19,0.9,0.9,18.09
Mumbai,2026-04-04,39.6,19.41,20.73,0.21,0.93,1.03,18.09
Mumbai,2026-04-05,38.36,20.27,20.69,0.4,1.21,1.02,18.06
Mumbai,2026-04-06,37.57,20.63,21.12,0.26,0.99,0.92,18.5
Mumbai,2026-04-07,38.67,19.87,20.02,0.3,0.81,1.3,19.03
Mumbai,2026-04-08,39.77,19.63,20.25,0.19,0.81,1.27,18.08
Mumbai,2026-04-09,39.91,19.93,20.24,0.25,1.0,1.16,17.5
Mumbai,2026-04-10,39.05,20.32,20.37,0.14,0.89,1.13,18.1
Mumbai,2026-04-11,39.64,20.02,20.66,0.11,1.07,1.08,17.43
Mumbai,2026-04-12,37.97,20.22,20.39,0.27,1.05,1.12,18.98
Mumbai,2026-04-13,37.62,20.56,20.47,0.2,0.85,1.37,18.91
Mumbai,2026-04-14,38.87,19.65,20.84,0.18,1.17,1.39,17.91
Mumbai,2026-04-15,39.18,19.16,21.17,0.23,1.18,1.21,17.87
Mumbai,2026-04-16,38.69,19.53,21.47,0.17,0.69,0.93,18.53
Mumbai,2026-04-17,38.69,20.46,20.13,0.21,1.2,1.14,18.16
Mumbai,2026-04-18,37.78,20.97,20.25,0.24,1.09,0.95,18.71
Mumbai,2026-04-19,39.34,20.25,20.15,0.23,0.69,1.03,18.31
Mumbai,2026-04-20,38.18,19.61,22.76,0.12,0.8,0.96,17.57
Mumbai,2026-04-21,36.97,18.99,23.1,0.29,0.9,1.12,18.62
Mumbai,2026-04-22,38.85,19.64,20.96,0.27,0.8,1.15,18.32
Mumbai,2026-04-23,38.67,19.87,21.26,0.25,0.74,1.25,17.95
Mumbai,2026-04-24,38.16,18.96,22.43,0.24,1.12,1.33,17.75
Mumbai,2026-04-25,38.54,19.42,21.88,0.13,0.72,1.28,18.02
Mumbai,2026-04-26,37.37,19.82,22.63,0.19,1.26,1.32,17.41
Mumbai,2026-04-27,36.49,19.61,23.2,0.38,1.24,1.13,17.95
Mumbai,2026-04-28,37.42,20.08,22.48,0.24,0.89,0.96,17.94
Mumbai,2026-04-29,37.18,19.19,23.67,0.31,0.78,0.81,18.07
Mumbai,2026-04-30,35.7,19.11,23.31,0.36,0.98,1.37,19.16
Mumbai,2026-05-01,36.4,18.8,23.51,0.23,1.06,1.33,18.66
Mumbai,2026-05-02,37.06,18.92,22.43,0.12,1.04,1.26,19.17
Mumbai,2026-05-03,37.7,19.4,22.82,0.13,1.06,1.09,17.82
Mumbai,2026-05-04,36.4,18.97,22.64,0.21,0.94,0.93,19.92
Mumbai,2026-05-05,36.18,19.56,24.2,0.22,0.93,1.1,17.81
Mumbai,2026-05-06,35.76,19.93,23.35,0.22,0.9,1.08,18.75
Mumbai,2026-05-07,36.51,20.09,22.4,0.29,0.87,0.95,18.89
Mumbai,2026-05-08,37.49,19.78,23.11,0.19,1.04,1.04,17.35
Mumbai,2026-05-09,37.16,20.54,21.38,0.1,1.14,0.94,18.73
Mumbai,2026-05-10,36.73,19.89,21.76,0.24,1.16,1.0,19.21
Mumbai,2026-05-11,36.23,19.37,23.58,0.2,0.88,1.07,18.66
Mumbai,2026-05-12,36.71,19.85,22.71,0.24,0.94,0.95,18.6
Mumbai,2026-05-13,37.19,19.75,22.05,0.24,0.79,1.08,18.89
Mumbai,2026-05-14,38.5,20.13,21.02,0.37,0.92,0.91,18.15
Mumbai,2026-05-15,37.46,20.58,22.37,0.22,1.15,1.18,17.04
Mumbai,2026-05-16,37.11,19.42,22.97,0.26,0.97,1.4,17.86
Mumbai,2026-05-17,36.67,19.83,22.36,0.27,1.14,1.2,18.54
Mumbai,2026-05-18,36.33,18.47,24.4,0.09,0.94,1.06,18.7
Mumbai,2026-05-19,37.62,19.59,22.16,0.16,1.08,1.09,18.28
Mumbai,2026-05-20,37.17,20.12,22.11,0.31,1.1,1.01,18.18
Mumbai,2026-05-21,38.77,19.32,21.86,0.22,1.23,0.98,17.61
Mumbai,2026-05-22,40.67,19.51,20.79,0.19,0.84,0.82,17.18
Mumbai,2026-05-23,38.36,19.38,21.39,0.17,0.94,1.17,18.59
Mumbai,2026-05-24,36.66,20.54,22.04,0.28,1.11,1.29,18.08
Mumbai,2026-05-25,35.23,20.4,22.95,0.36,0.93,1.04,19.09
Mumbai,2026-05-26,36.48,20.87,21.99,0.25,0.82,1.27,18.33
Mumbai,2026-05-27,36.49,20.4,23.02,0.22,0.79,1.12,17.97
Mumbai,2026-05-28,41.43,22.67,18.93,0.16,0.84,0.82,15.16
Mumbai,2026-05-29,40.09,20.53,20.17,0.31,0.92,1.06,16.92
Mumbai,2026-05-30,37.28,20.73,21.35,0.24,0.92,1.08,18.39
Mumbai,2026-05-31,36.53,20.91,23.16,0.27,0.79,0.93,17.41
Mumbai,2026-06-01,34.74,20.76,24.05,0.15,0.79,1.04,18.46
Mumbai,2026-06-02,35.63,20.63,22.96,0.21,1.0,0.92,18.65
Mumbai,2026-06-03,37.07,19.93,22.51,0.23,0.76,1.04,18.46
Mumbai,2026-06-04,39.52,19.48,22.03,0.22,0.74,0.93,17.07
Mumbai,2026-06-05,37.55,20.78,21.89,0.32,1.35,0.78,17.33
Mumbai,2026-06-06,36.71,19.55,22.51,0.24,1.37,1.01,18.61
Mumbai,2026-06-07,37.58,19.32,21.47,0.26,1.53,1.23,18.61
Mumbai,2026-06-08,36.39,20.33,22.95,0.39,0.98,1.06,17.9
Mumbai,2026-06-09,37.94,20.79,21.93,0.24,0.97,1.17,16.97
Mumbai,2026-06-10,37.31,20.32,22.43,0.21,0.88,1.06,17.78
Mumbai,2026-06-11,38.26,19.21,22.88,0.16,0.8,1.02,17.67
Mumbai,2026-06-12,37.48,19.94,22.41,0.22,0.96,1.02,17.96
Mumbai,2026-06-13,36.47,19.5,23.62,0.23,0.91,0.84,18.44
Mumbai,2026-06-14,37.05,19.78,22.5,0.21,1.08,0.98,18.4
Mumbai,2026-06-15,36.24,19.61,23.93,0.22,1.12,0.96,17.92
Mumbai,2026-06-16,36.88,20.0,23.21,0.19,1.02,1.1,17.61
Mumbai,2026-06-17,37.37,19.13,23.74,0.26,1.2,1.05,17.25
Mumbai,2026-06-18,35.41,19.76,24.61,0.28,1.06,1.17,17.71
Mumbai,2026-06-19,37.06,20.35,23.41,0.14,0.88,1.01,17.15
Mumbai,2026-06-20,36.27,20.96,21.86,0.16,1.09,1.23,18.42
Mumbai,2026-06-21,37.66,19.23,22.92,0.16,0.76,0.93,18.34
Mumbai,2026-06-22,35.75,20.2,23.4,0.4,1.12,1.19,17.93
Mumbai,2026-06-23,36.86,18.88,23.38,0.25,1.1,1.09,18.45
Mumbai,2026-06-24,37.03,18.57,23.98,0.17,0.92,0.97,18.36
Mumbai,2026-06-25,37.53,18.76,23.61,0.17,1.13,0.96,17.84
Mumbai,2026-06-26,37.06,16.68,24.08,0.21,1.1,0.85,20.02
Mumbai,2026-06-27,36.83,19.11,23.3,0.24,1.16,0.8,18.55
Mumbai,2026-06-28,35.74,18.81,23.01,0.21,1.21,1.01,20.02
Mumbai,2026-06-29,36.47,18.69,23.61,0.25,0.94,1.0,19.05
Mumbai,2026-06-30,40.0,19.42,20.7,0.11,1.03,0.95,17.79
Mumbai,2026-07-01,38.66,18.62,21.76,0.25,0.71,1.59,18.42
Mumbai,2026-07-02,37.62,19.7,21.94,0.36,1.16,0.99,18.24
Mumbai,2026-07-03,37.24,18.65,22.78,0.11,0.84,1.15,19.23
Mumbai,2026-07-04,38.66,19.34,21.43,0.09,0.91,0.87,18.7
Mumbai,2026-07-05,38.98,18.76,23.2,0.21,0.67,1.1,17.09
Mumbai,2026-07-06,38.46,19.84,23.04,0.26,0.85,1.08,16.47
Mumbai,2026-07-07,36.47,20.53,22.74,0.26,0.8,0.79,18.4
Mumbai,2026-07-08,35.96,22.68,21.44,0.38,0.9,1.15,17.49
Mumbai,2026-07-09,38.81,22.22,20.29,0.18,0.7,0.95,16.85
Mumbai,2026-07-10,38.58,20.84,21.9,0.43,0.89,1.04,16.31
Mumbai,2026-07-11,37.54,20.8,22.55,0.37,0.87,1.0,16.88
Mumbai,2026-07-12,37.09,21.67,21.28,0.32,0.89,1.04,17.71
Mumbai,2026-07-13,37.74,20.55,21.2,0.2,0.82,1.22,18.27
Mumbai,2026-07-14,36.44,21.76,21.19,0.3,1.05,0.99,18.28
Mumbai,2026-07-15,38.31,20.49,21.26,0.39,0.91,1.04,17.6
Mumbai,2026-07-16,38.89,19.61,21.78,0.36,0.94,1.26,17.16
Mumbai,2026-07-17,38.44,19.25,23.39,0.23,0.66,0.87,17.17
Mumbai,2026-07-18,37.81,19.7,22.19,0.09,0.85,1.05,18.3
Mumbai,2026-07-19,38.64,19.08,22.4,0.26,0.84,0.84,17.93
Mumbai,2026-07-20,36.65,19.51,23.0,0.27,1.06,0.96,18.55
Mumbai,2026-07-21,39.05,18.39,22.86,0.11,1.0,0.83,17.77
Mumbai,2026-07-22,37.28,19.76,23.18,0.28,0.83,0.97,17.69
Mumbai,2026-07-23,39.31,18.7,20.74,0.32,0.83,0.74,19.37
Mumbai,2026-07-24,43.56,19.4,19.06,0.21,0.7,1.0,16.08
Mumbai,2026-07-25,39.91,20.75,19.95,0.1,0.67,0.77,17.85
Mumbai,2026-07-26,39.38,20.04,20.28,0.23,0.91,0.88,18.28
Mumbai,2026-07-27,40.46,19.08,20.43,0.21,0.84,0.65,18.33
Mumbai,2026-07-28,39.72,18.76,21.07,0.27,0.77,0.7,18.71
Mumbai,2026-07-29,40.1,20.09,19.61,0.26,0.94,0.81,18.2
Mumbai,2026-07-30,38.63,20.41,20.47,0.27,0.99,0.98,18.26
Mumbai,2026-07-31,39.52,19.08,21.47,0.37,1.01,0.7,17.85
Mumbai,2026-08-01,39.6,18.89,20.75,0.13,0.98,0.94,18.71
Mumbai,2026-08-02,39.6,19.9,21.17,0.12,1.02,0.79,17.4
Mumbai,2026-08-03,38.32,19.46,21.91,0.25,0.68,0.76,18.62
Mumbai,2026-08-04,38.98,18.78,21.06,0.21,1.07,1.0,18.91
Mumbai,2026-08-05,38.57,20.04,22.17,0.19,0.94,0.86,17.23
Mumbai,2026-08-06,40.71,18.95,21.26,0.28,0.87,1.02,16.91
Mumbai,2026-08-07,37.68,19.81,21.97,0.24,1.19,0.7,18.4
Mumbai,2026-08-08,37.79,19.26,21.97,0.27,0.98,0.95,18.79
Mumbai,2026-08-09,38.14,20.04,22.06,0.27,0.79,0.74,17.96
Mumbai,2026-08-10,38.78,18.29,21.75,0.26,1.06,1.09,18.78
Mumbai,2026-08-11,39.06,19.21,21.74,0.27,1.07,0.69,17.95
Mumbai,2026-08-12,38.75,19.51,21.6,0.3,0.93,0.68,18.22
Mumbai,2026-08-13,39.28,19.56,20.24,0.58,0.7,1.1,18.53
Mumbai,2026-08-14,40.92,19.35,20.68,0.13,0.87,0.86,17.18
Mumbai,2026-08-15,38.99,18.9,19.85,0.12,1.23,1.05,19.85
Mumbai,2026-08-16,39.5,19.31,21.02,0.39,1.21,0.89,17.68
Mumbai,2026-08-17,38.4,19.35,21.67,0.4,0.86,0.89,18.43
Mumbai,2026-08-18,38.63,19.84,20.95,0.15,0.87,0.79,18.77
Mumbai,2026-08-19,39.59,19.23,20.78,0.31,1.08,0.68,18.32
Mumbai,2026-08-20,39.1,20.35,20.43,0.22,0.96,0.99,17.94
Mumbai,2026-08-21,38.57,19.18,20.84,0.29,0.69,1.07,19.36
Mumbai,2026-08-22,38.85,18.31,21.45,0.27,1.06,1.09,18.97
Mumbai,2026-08-23,37.13,19.07,22.58,0.24,1.08,1.01,18.88
Mumbai,2026-08-24,38.63,18.86,20.9,0.27,0.88,0.93,19.53
Mumbai,2026-08-25,37.83,19.12,21.91,0.24,1.26,0.92,18.73
Mumbai,2026-08-26,41.45,19.65,20.21,0.22,0.74,0.83,16.9
Mumbai,2026-08-27,38.27,19.29,21.8,0.28,0.78,0.83,18.76
Mumbai,2026-08-28,39.52,17.86,22.17,0.15,0.94,1.03,18.33
Mumbai,2026-08-29,38.77,18.54,21.12,0.3,0.95,1.01,19.32
Mumbai,2026-08-30,37.34,19.57,22.04,0.25,1.14,0.81,18.84
Mumbai,2026-08-31,37.56,20.12,21.03,0.37,0.78,0.72,19.43
Patna,2025-01-01,41.02,38.6,14.46,0.35,0.59,1.83,3.16
Patna,2025-01-02,41.36,38.87,13.71,0.53,0.85,1.96,2.72
Patna,2025-01-03,41.36,39.67,13.26,0.73,0.73,1.6,2.66
Patna,2025-01-04,39.27,41.23,14.02,0.4,0.98,1.34,2.76
Patna,2025-01-05,39.27,41.57,13.59,0.66,0.62,1.73,2.57
Patna,2025-01-06,40.79,39.52,14.45,0.46,0.85,1.69,2.24
Patna,2025-01-07,40.07,39.77,14.19,0.55,0.76,1.99,2.67
Patna,2025-01-08,42.2,38.79,12.61,0.59,1.23,1.77,2.81
Patna,2025-01-09,38.56,39.35,16.19,0.46,0.93,1.95,2.55
Patna,2025-01-10,39.96,40.0,14.42,0.22,0.58,2.01,2.81
Patna,2025-01-11,39.89,39.17,15.97,0.47,0.89,1.66,1.95
Patna,2025-01-12,39.29,39.38,16.08,0.21,0.71,1.89,2.43
Patna,2025-01-13,39.78,38.65,16.62,0.82,0.73,1.14,2.27
Patna,2025-01-14,40.31,38.94,15.19,0.49,1.02,1.81,2.25
Patna,2025-01-15,40.91,40.08,14.39,0.29,0.58,1.7,2.04
Patna,2025-01-16,40.51,38.0,15.84,0.59,0.68,1.7,2.68
Patna,2025-01-17,40.37,40.73,13.18,0.52,1.0,1.92,2.28
Patna,2025-01-18,39.87,39.36,15.25,0.23,0.66,1.44,3.19
Patna,2025-01-19,38.53,41.38,14.85,0.66,1.03,1.53,2.02
Patna,2025-01-20,40.8,41.17,12.88,0.66,0.91,1.58,1.99
Patna,2025-01-21,38.77,42.57,14.13,0.34,0.81,1.11,2.26
Patna,2025-01-22,41.17,40.42,12.54,0.76,0.48,2.16,2.48
Patna,2025-01-23,39.56,41.03,14.45,0.55,0.88,1.3,2.23
Patna,2025-01-24,39.55,42.34,13.07,0.71,0.83,1.29,2.21
Patna,2025-01-25,40.86,40.31,14.12,0.38,0.76,1.05,2.52
Patna,2025-01-26,39.43,41.14,13.85,0.36,0.92,1.84,2.47
Patna,2025-01-27,39.99,42.45,13.26,0.36,0.44,1.31,2.18
Patna,2025-01-28,39.54,42.07,14.29,0.4,0.44,1.81,1.45
Patna,2025-01-29,41.92,39.21,14.55,0.51,0.55,1.4,1.86
Patna,2025-01-30,39.15,41.77,14.18,0.55,0.42,1.69,2.24
Patna,2025-01-31,40.37,39.02,15.11,0.47,1.27,1.99,1.78
Patna,2025-02-01,40.77,41.68,12.88,0.28,0.76,1.16,2.47
Patna,2025-02-02,40.55,41.38,14.03,0.32,0.51,1.3,1.9
Patna,2025-02-03,40.21,41.2,13.91,0.74,0.7,1.64,1.6
Patna,2025-02-04,41.8,40.04,13.89,0.49,0.36,1.08,2.34
Patna,2025-02-05,38.6,40.93,15.94,0.36,0.76,0.99,2.42
Patna,2025-02-06,41.2,38.99,14.63,0.62,0.66,1.81,2.08
Patna,2025-02-07,42.95,36.85,14.6,0.32,0.5,2.09,2.68
Patna,2025-02-08,40.33,38.04,16.12,0.4,1.19,1.1,2.82
Patna,2025-02-09,39.45,40.49,14.26,0.76,0.72,1.89,2.43
Patna,2025-02-10,38.94,42.52,12.74,0.26,0.6,1.58,3.37
Patna,2025-02-11,41.25,42.21,11.88,0.4,0.6,1.51,2.15
Patna,2025-02-12,40.28,40.54,13.27,0.26,0.77,1.76,3.13
Patna,2025-02-13,41.02,40.11,14.32,0.39,0.61,1.4,2.15
Patna,2025-02-14,41.4,41.36,12.12,0.64,0.64,0.86,2.97
Patna,2025-02-15,40.37,41.32,13.44,0.36,0.55,1.3,2.65
Patna,2025-02-16,41.32,41.58,12.34,0.59,0.42,1.52,2.23
Patna,2025-02-17,39.32,40.62,14.57,0.63,0.88,1.38,2.6
Patna,2025-02-18,43.85,38.6,12.94,0.64,0.37,1.52,2.07
Patna,2025-02-19,40.99,40.63,13.13,1.18,0.68,1.18,2.22
Patna,2025-02-20,41.06,40.25,14.02,0.45,0.81,1.48,1.93
Patna,2025-02-21,40.31,41.07,13.57,0.59,0.41,1.53,2.52
Patna,2025-02-22,38.68,43.57,13.06,1.0,0.54,1.49,1.66
Patna,2025-02-23,41.79,40.57,12.69,0.7,0.57,1.23,2.45
Patna,2025-02-24,39.27,40.73,13.98,0.4,0.75,1.64,3.23
Patna,2025-02-25,40.11,41.76,13.4,0.35,0.74,1.21,2.43
Patna,2025-02-26,41.0,40.4,13.62,0.43,0.47,1.59,2.49
Patna,2025-02-27,41.55,41.11,12.7,0.44,0.88,1.59,1.73
Patna,2025-02-28,42.74,39.17,14.17,0.22,0.92,1.06,1.72
Patna,2025-03-01,41.21,39.13,14.37,0.7,0.93,1.39,2.27
Patna,2025-03-02,41.49,38.57,14.91,0.61,0.94,1.74,1.74
Patna,2025-03-03,37.58,40.08,16.2,0.86,0.81,2.21,2.25
Patna,2025-03-04,39.89,38.67,16.65,0.27,0.59,1.33,2.61
Patna,2025-03-05,38.3,40.63,16.48,0.28,0.99,1.28,2.04
Patna,2025-03-06,40.16,41.17,14.54,0.23,0.64,1.33,1.93
Patna,2025-03-07,40.29,40.51,13.82,0.56,0.82,1.68,2.32
Patna,2025-03-08,39.61,41.98,13.07,0.6,1.01,1.49,2.25
Patna,2025-03-09,43.62,38.78,13.38,0.42,0.63,1.37,1.79
Patna,2025-03-10,42.19,40.63,12.08,0.63,0.67,1.43,2.37
Patna,2025-03-11,38.69,41.63,14.17,0.42,1.01,1.77,2.31
Patna,2025-03-12,38.8,41.64,14.02,0.57,0.85,1.61,2.51
Patna,2025-03-13,40.16,43.02,12.34,0.24,0.76,1.86,1.62
Patna,2025-03-14,42.62,41.38,11.8,0.44,0.05,1.09,2.62
Patna,2025-03-15,43.99,40.13,10.67,0.23,0.64,1.36,3.0
Patna,2025-03-16,42.35,38.05,15.14,0.23,0.61,1.5,2.11
Patna,2025-03-17,42.24,39.92,13.61,0.44,1.04,1.16,1.6
Patna,2025-03-18,42.21,38.47,14.93,0.48,0.8,1.43,1.67
Patna,2025-03-19,40.89,39.17,13.97,0.73,0.64,1.93,2.67
Patna,2025-03-20,39.75,41.53,13.78,0.43,1.04,1.34,2.12
Patna,2025-03-21,38.03,41.75,14.43,0.33,0.7,1.9,2.85
Patna,2025-03-22,41.76,39.41,13.78,0.29,1.09,1.6,2.06
Patna,2025-03-23,41.08,39.57,14.36,0.62,0.58,1.65,2.13
Patna,2025-03-24,39.34,41.62,15.0,0.14,0.74,1.63,1.53
Patna,2025-03-25,39.08,37.91,18.07,0.51,1.03,1.45,1.96
Patna,2025-03-26,38.96,39.33,16.37,0.74,0.97,1.58,2.04
Patna,2025-03-27,38.96,41.98,14.77,0.44,0.49,1.02,2.34
Patna,2025-03-28,40.21,40.25,15.14,0.54,0.59,1.42,1.86
Patna,2025-03-29,42.03,40.26,13.32,0.4,1.06,1.36,1.56
Patna,2025-03-30,41.06,38.58,15.49,0.19,1.05,2.06,1.58
Patna,2025-03-31,40.93,38.8,15.25,0.45,0.84,1.49,2.24
Patna,2025-04-01,39.13,39.9,16.15,0.58,0.53,1.59,2.12
Patna,2025-04-02,39.89,38.91,16.33,0.49,0.79,1.28,2.31
Patna,2025-04-03,40.62,38.78,16.19,0.44,0.39,1.5,2.08
Patna,2025-04-04,41.52,38.44,14.82,0.7,0.6,2.04,1.89
Patna,2025-04-05,39.23,40.92,15.34,0.42,0.7,1.55,1.83
Patna,2025-04-06,40.18,38.88,15.15,0.3,1.05,2.24,2.19
Patna,2025-04-07,39.67,40.32,14.67,0.35,0.65,1.85,2.5
Patna,2025-04-08,40.72,38.6,16.14,0.15,0.79,1.78,1.83
Patna,2025-04-09,39.18,40.74,15.66,0.73,0.32,1.75,1.61
Patna,2025-04-10,43.12,37.29,15.36,0.53,0.44,1.28,1.99
Patna,2025-04-11,40.6,40.32,14.8,0.47,0.38,1.32,2.11
Patna,2025-04-12,37.85,40.58,16.77,0.49,0.67,1.75,1.88
Patna,2025-04-13,37.41,41.2,15.79,0.81,0.77,1.81,2.21
Patna,2025-04-14,39.75,41.18,13.14,0.56,1.11,1.8,2.45
Patna,2025-04-15,38.68,41.67,15.8,0.28,0.52,1.61,1.42
Patna,2025-04-16,38.14,42.67,14.61,0.38,0.43,1.91,1.86
Patna,2025-04-17,38.33,40.91,15.6,0.6,0.73,1.63,2.19
Patna,2025-04-18,39.91,40.9,13.94,0.47,1.12,1.42,2.24
Patna,2025-04-19,37.01,42.83,15.27,0.3,0.72,1.36,2.51
Patna,2025-04-20,39.73,39.69,14.94,0.56,0.95,1.08,3.06
Patna,2025-04-21,39.08,39.17,15.51,0.59,0.77,1.36,3.53
Patna,2025-04-22,38.44,40.86,14.14,0.58,0.72,1.75,3.5
Patna,2025-04-23,36.88,40.16,15.73,0.39,1.22,1.27,4.35
Patna,2025-04-24,37.91,39.3,16.26,0.6,0.75,1.45,3.74
Patna,2025-04-25,38.79,41.24,13.86,0.24,0.82,1.15,3.9
Patna,2025-04-26,37.96,40.04,15.26,0.22,0.78,1.96,3.78
Patna,2025-04-27,37.92,39.14,14.12,0.43,0.67,1.97,5.74
Patna,2025-04-28,36.62,42.05,15.9,0.34,0.73,1.2,3.16
Patna,2025-04-29,37.23,42.82,14.32,0.59,0.68,1.57,2.8
Patna,2025-04-30,41.09,38.8,14.76,0.35,0.73,1.68,2.59
Patna,2025-05-01,40.17,37.84,15.17,0.48,0.87,1.55,3.92
Patna,2025-05-02,38.98,38.82,15.07,0.44,0.71,1.7,4.28
Patna,2025-05-03,36.33,41.29,14.7,0.56,1.09,1.13,4.89
Patna,2025-05-04,38.56,38.67,15.49,0.3,1.02,1.06,4.9
Patna,2025-05-05,38.98,41.76,14.38,0.21,0.64,1.75,2.27
Patna,2025-05-06,40.05,38.43,15.73,0.18,0.5,1.94,3.16
Patna,2025-05-07,41.42,37.25,16.66,0.35,0.55,1.54,2.24
Patna,2025-05-08,39.24,39.71,16.96,0.24,0.43,1.33,2.09
Patna,2025-05-09,39.19,39.46,16.08,0.28,0.79,2.22,1.99
Patna,2025-05-10,39.98,39.89,15.17,0.41,0.54,1.82,2.19
Patna,2025-05-11,39.39,40.91,13.95,0.63,0.63,2.08,2.41
Patna,2025-05-12,38.73,39.94,15.71,0.68,0.83,1.58,2.52
Patna,2025-05-13,35.84,42.28,16.22,0.51,0.7,1.6,2.85
Patna,2025-05-14,40.37,38.56,15.46,0.23,0.96,2.0,2.42
Patna,2025-05-15,39.06,42.17,14.81,0.41,0.56,1.07,1.93
Patna,2025-05-16,39.87,41.46,14.21,0.39,0.7,0.91,2.46
Patna,2025-05-17,40.61,40.61,14.01,0.44,0.65,1.43,2.25
Patna,2025-05-18,39.6,38.53,15.16,0.87,0.54,1.21,4.09
Patna,2025-05-19,40.35,39.63,14.51,0.65,1.12,1.88,1.85
Patna,2025-05-20,38.05,40.73,15.56,0.73,0.73,2.14,2.07
Patna,2025-05-21,39.96,40.38,13.83,0.71,0.86,1.65,2.59
Patna,2025-05-22,41.9,41.62,11.68,0.41,0.75,1.68,1.95
Patna,2025-05-23,39.0,41.75,13.32,0.42,0.59,1.12,3.8
Patna,2025-05-24,38.82,40.23,15.51,0.4,0.67,1.28,3.09
Patna,2025-05-25,38.03,40.04,15.37,0.4,0.96,1.78,3.43
Patna,2025-05-26,40.53,39.05,14.11,0.94,0.58,1.48,3.32
Patna,2025-05-27,39.12,39.88,14.58,0.33,0.77,1.24,4.08
Patna,2025-05-28,38.88,38.46,15.99,0.46,1.03,2.17,3.01
Patna,2025-05-29,37.81,38.56,15.72,0.75,0.45,1.76,4.95
Patna,2025-05-30,37.14,37.58,16.17,0.33,0.52,1.44,6.83
Patna,2025-05-31,38.29,39.82,16.97,0.65,0.69,1.49,2.1
Patna,2025-06-01,38.66,38.4,14.56,0.63,0.41,2.12,5.24
Patna,2025-06-02,39.38,40.24,14.33,0.59,0.67,1.92,2.87
Patna,2025-06-03,37.08,34.49,13.66,0.82,0.43,1.56,11.96
Patna,2025-06-04,39.76,39.8,14.62,0.63,0.9,1.6,2.69
Patna,2025-06-05,41.04,40.3,13.59,0.35,1.02,1.26,2.44
Patna,2025-06-06,38.24,42.34,14.42,0.27,1.02,1.37,2.35
Patna,2025-06-07,37.97,42.71,14.51,0.34,1.05,1.39,2.03
Patna,2025-06-08,39.46,41.57,13.83,0.39,0.92,1.65,2.18
Patna,2025-06-09,39.12,42.48,12.93,0.57,0.64,1.61,2.64
Patna,2025-06-10,38.14,41.14,15.22,0.51,0.81,2.09,2.09
Patna,2025-06-11,40.27,39.37,15.43,0.65,0.68,1.33,2.27
Patna,2025-06-12,38.93,39.96,15.63,0.62,1.11,1.69,2.06
Patna,2025-06-13,38.13,40.85,15.74,0.43,0.82,1.63,2.41
Patna,2025-06-14,40.04,40.41,14.9,0.52,0.67,1.53,1.94
Patna,2025-06-15,38.25,41.42,15.71,0.34,0.63,1.79,1.87
Patna,2025-06-16,40.77,38.6,15.21,0.5,0.78,1.78,2.37
Patna,2025-06-17,38.66,39.26,16.22,0.44,0.63,1.94,2.85
Patna,2025-06-18,40.21,38.74,16.23,0.63,0.44,1.43,2.32
Patna,2025-06-19,39.15,39.76,15.83,0.5,0.65,1.69,2.42
Patna,2025-06-20,38.82,39.36,15.97,0.58,1.1,1.64,2.52
Patna,2025-06-21,42.17,38.62,14.29,0.45,0.98,1.22,2.27
Patna,2025-06-22,37.47,42.87,14.51,0.41,1.0,1.67,2.07
Patna,2025-06-23,39.23,40.53,15.57,0.45,1.06,1.46,1.71
Patna,2025-06-24,39.76,39.45,15.52,0.83,0.75,1.62,2.06
Patna,2025-06-25,41.07,37.92,15.45,0.59,0.79,1.62,2.56
Patna,2025-06-26,40.49,38.69,16.78,0.36,0.64,1.04,2.0
Patna,2025-06-27,40.25,41.57,15.09,0.32,0.52,1.24,1.0
Patna,2025-06-28,38.9,39.94,15.9,0.68,0.94,1.37,2.27
Patna,2025-06-29,37.33,42.31,14.22,0.46,0.74,2.22,2.72
Patna,2025-06-30,39.8,38.51,16.61,0.63,0.74,1.45,2.27
Patna,2025-07-01,38.76,37.77,17.57,0.46,0.53,1.9,3.0
Patna,2025-07-02,38.82,39.99,16.26,0.63,0.67,1.49,2.15
Patna,2025-07-03,37.77,38.04,18.47,0.59,0.71,1.58,2.84
Patna,2025-07-04,38.51,38.91,17.62,0.6,0.44,1.6,2.32
Patna,2025-07-05,37.84,40.57,16.6,0.3,0.68,2.04,1.97
Patna,2025-07-06,40.35,39.34,15.07,0.26,0.75,1.87,2.36
Patna,2025-07-07,39.78,38.96,16.7,0.53,0.62,1.69,1.73
Patna,2025-07-08,41.69,39.54,14.1,0.84,0.52,1.08,2.24
Patna,2025-07-09,41.26,39.15,14.9,0.53,0.77,1.3,2.11
Patna,2025-07-10,40.14,39.98,14.59,0.49,1.05,1.54,2.22
Patna,2025-07-11,39.71,41.44,14.44,0.21,0.78,1.11,2.3
Patna,2025-07-12,42.69,39.36,13.53,0.28,0.6,1.41,2.13
Patna,2025-07-13,38.12,42.54,15.09,0.36,0.68,1.36,1.85
Patna,2025-07-14,40.42,41.39,14.33,0.59,0.67,1.47,1.13
Patna,2025-07-15,40.24,40.35,15.06,0.34,0.57,1.45,1.98
Patna,2025-07-16,39.89,41.56,13.76,0.46,0.72,1.29,2.32
Patna,2025-07-17,39.72,40.67,14.54,0.7,0.82,1.36,2.18
Patna,2025-07-18,38.89,38.28,17.81,0.39,1.09,1.39,2.13
Patna,2025-07-19,37.17,40.68,18.26,0.19,0.39,1.19,2.12
Patna,2025-07-20,39.98,39.82,15.51,0.34,0.72,1.03,2.59
Patna,2025-07-21,39.83,39.35,17.18,0.17,0.61,0.83,2.01
Patna,2025-07-22,36.92,40.69,17.61,0.56,0.56,1.65,2.0
Patna,2025-07-23,39.68,39.76,15.85,0.53,0.65,1.78,1.74
Patna,2025-07-24,40.02,38.38,16.65,0.57,1.06,0.98,2.33
Patna,2025-07-25,37.25,42.43,15.31,0.33,0.54,1.21,2.92
Patna,2025-07-26,39.71,40.32,15.54,0.42,0.54,1.08,2.39
Patna,2025-07-27,39.86,40.39,14.54,0.3,0.49,1.98,2.44
Patna,2025-07-28,39.78,42.07,13.64,0.57,0.57,1.26,2.1
Patna,2025-07-29,42.31,38.81,14.24,0.5,1.04,1.29,1.8
Patna,2025-07-30,39.23,40.21,16.49,0.17,0.69,1.16,2.06
Patna,2025-07-31,37.45,42.35,15.99,0.32,0.82,1.36,1.72
Patna,2025-08-01,38.96,40.72,16.05,0.47,0.73,1.25,1.81
Patna,2025-08-02,40.41,38.65,16.29,0.29,0.88,1.59,1.88
Patna,2025-08-03,38.19,42.34,14.64,0.36,0.99,1.66,1.82
Patna,2025-08-04,38.86,41.33,16.31,0.26,0.38,1.24,1.62
Patna,2025-08-05,38.48,40.08,17.08,0.21,0.55,1.48,2.11
Patna,2025-08-06,40.04,40.82,14.57,0.37,0.49,1.43,2.29
Patna,2025-08-07,40.05,40.27,15.41,0.17,0.73,1.04,2.33
Patna,2025-08-08,39.21,41.64,15.04,0.12,0.49,1.27,2.22
Patna,2025-08-09,38.63,42.22,14.67,0.15,0.73,0.96,2.62
Patna,2025-08-10,38.54,41.69,15.01,0.3,0.79,1.39,2.29
Patna,2025-08-11,37.84,42.48,14.33,0.3,0.85,1.49,2.71
Patna,2025-08-12,39.44,39.75,14.72,0.46,0.93,1.78,2.91
Patna,2025-08-13,40.26,39.45,15.75,0.23,0.85,1.46,2.0
Patna,2025-08-14,39.72,38.69,17.25,0.38,0.54,1.34,2.07
Patna,2025-08-15,42.18,39.63,14.39,0.14,0.64,0.97,2.04
Patna,2025-08-16,40.92,40.05,14.17,0.37,0.67,1.27,2.55
Patna,2025-08-17,38.68,42.29,13.65,0.36,0.79,1.44,2.78
Patna,2025-08-18,36.44,42.2,16.67,0.42,0.58,1.5,2.19
Patna,2025-08-19,38.9,39.35,17.18,0.37,0.71,1.6,1.9
Patna,2025-08-20,38.15,37.72,19.15,0.35,0.82,1.75,2.06
Patna,2025-08-21,41.64,38.07,16.03,0.53,0.49,1.22,2.01
Patna,2025-08-22,40.43,38.99,16.31,0.31,0.5,1.67,1.79
Patna,2025-08-23,37.84,41.04,16.18,0.44,0.63,1.25,2.61
Patna,2025-08-24,40.21,39.55,15.18,0.49,0.63,1.5,2.44
Patna,2025-08-25,39.22,40.0,16.67,0.07,0.81,1.37,1.85
Patna,2025-08-26,39.74,40.96,16.05,0.38,0.42,0.96,1.49
Patna,2025-08-27,38.58,41.23,15.34,0.36,0.4,1.88,2.2
Patna,2025-08-28,40.53,39.05,16.28,0.27,0.39,1.68,1.8
Patna,2025-08-29,41.15,40.0,14.6,0.16,0.37,1.61,2.1
Patna,2025-08-30,39.13,38.53,18.19,0.23,0.3,1.58,2.04
Patna,2025-08-31,39.34,40.76,15.7,0.04,0.2,1.67,2.28
Patna,2025-09-01,37.31,40.91,17.38,0.22,0.4,1.54,2.24
Patna,2025-09-02,36.55,42.44,17.37,0.38,0.21,0.93,2.12
Patna,2025-09-03,44.06,41.77,11.06,0.23,0.52,1.02,1.34
Patna,2025-09-04,51.57,36.35,9.45,0.27,0.32,0.88,1.17
Patna,2025-09-05,40.35,43.81,11.96,0.35,0.71,1.23,1.59
Patna,2025-09-06,44.99,40.22,11.79,0.08,0.37,1.08,1.48
Patna,2025-09-07,42.86,42.38,11.86,0.33,0.5,1.0,1.06
Patna,2025-09-08,44.59,40.95,11.43,0.18,0.24,1.13,1.47
Patna,2025-09-09,43.41,40.49,12.98,0.41,0.37,0.95,1.39
Patna,2025-09-10,41.05,41.7,13.44,0.18,0.58,1.22,1.83
Patna,2025-09-11,39.17,42.08,15.01,0.31,0.21,1.39,1.84
Patna,2025-09-12,42.68,40.2,14.02,0.15,0.55,1.09,1.31
Patna,2025-09-13,40.22,41.64,14.51,0.31,0.55,1.28,1.49
Patna,2025-09-14,37.15,40.05,11.79,0.12,0.42,1.24,9.22
Patna,2025-09-15,39.35,42.93,13.77,0.27,0.65,0.55,2.47
Patna,2025-09-16,39.27,42.9,13.64,0.13,0.57,1.11,2.38
Patna,2025-09-17,40.95,40.7,13.4,0.13,0.6,1.8,2.43
Patna,2025-09-18,41.88,40.65,13.57,0.16,0.53,1.04,2.17
Patna,2025-09-19,38.99,42.64,12.5,0.23,0.84,1.61,3.2
Patna,2025-09-20,42.04,42.0,11.69,0.38,0.28,1.1,2.51
Patna,2025-09-21,42.31,40.32,9.49,0.05,0.38,0.91,6.54
Patna,2025-09-22,42.27,44.48,9.97,0.2,0.68,0.88,1.52
Patna,2025-09-23,41.53,45.4,9.93,0.15,0.43,1.22,1.32
Patna,2025-09-24,41.65,42.53,10.88,0.2,0.54,1.33,2.88
Patna,2025-09-25,41.06,42.46,12.4,0.06,0.86,1.37,1.78
Patna,2025-09-26,40.52,39.93,13.89,0.25,0.62,1.0,3.78
Patna,2025-09-27,41.38,40.71,13.44,0.2,0.67,1.55,2.04
Patna,2025-09-28,37.2,38.86,10.93,0.34,0.59,1.27,10.81
Patna,2025-09-29,42.51,41.75,11.23,0.07,0.95,0.92,2.57
Patna,2025-09-30,42.15,42.47,11.12,0.26,0.71,1.19,2.12
Patna,2025-10-01,41.46,43.01,11.79,0.23,0.73,0.83,1.95
Patna,2025-10-02,44.13,41.77,10.43,0.31,0.37,1.01,1.99
Patna,2025-10-03,41.06,42.76,12.41,0.14,0.63,1.09,1.91
Patna,2025-10-04,40.54,42.73,13.15,0.18,0.47,1.24,1.68
Patna,2025-10-05,41.34,42.41,12.82,0.23,0.51,0.99,1.72
Patna,2025-10-06,41.21,42.58,12.67,0.15,0.38,1.6,1.42
Patna,2025-10-07,40.04,43.4,13.23,0.2,0.52,1.18,1.44
Patna,2025-10-08,39.94,42.34,14.18,0.25,0.54,1.27,1.49
Patna,2025-10-09,40.96,42.42,13.38,0.17,0.53,1.03,1.53
Patna,2025-10-10,39.72,43.54,13.05,0.34,0.51,1.25,1.59
Patna,2025-10-11,38.9,42.82,15.02,0.36,0.29,0.74,1.88
Patna,2025-10-12,40.65,43.01,13.76,0.22,0.35,0.94,1.07
Patna,2025-10-13,38.29,42.04,15.64,0.28,0.76,1.24,1.75
Patna,2025-10-14,38.03,42.68,16.07,0.23,0.53,0.79,1.69
Patna,2025-10-15,40.23,40.15,16.07,0.19,0.34,0.79,2.23
Patna,2025-10-16,39.18,40.57,16.26,0.26,0.69,0.88,2.16
Patna,2025-10-17,41.54,39.89,14.15,0.31,0.67,1.25,2.19
Patna,2025-10-18,42.29,39.89,13.99,0.3,0.6,0.57,2.36
Patna,2025-10-19,42.2,41.74,11.89,0.25,0.81,0.92,2.19
Patna,2025-10-20,40.62,42.32,13.23,0.13,0.96,0.91,1.83
Patna,2025-10-21,39.01,42.66,13.97,0.46,0.71,0.74,2.46
Patna,2025-10-22,38.52,42.49,14.67,0.28,0.71,0.84,2.48
Patna,2025-10-23,38.43,41.72,15.25,0.19,0.68,1.0,2.74
Patna,2025-10-24,41.27,40.17,14.15,0.23,0.49,0.98,2.69
Patna,2025-10-25,41.43,40.84,13.89,0.35,0.71,0.5,2.27
Patna,2025-10-26,40.74,42.6,12.43,0.31,0.4,0.96,2.54
Patna,2025-10-27,43.89,40.7,11.59,0.4,0.37,0.55,2.49
Patna,2025-10-28,40.17,42.4,12.92,0.07,0.54,0.71,3.2
Patna,2025-10-29,40.51,39.75,15.14,0.27,0.69,0.66,2.98
Patna,2025-10-30,37.76,43.95,14.76,0.12,0.64,0.82,1.95
Patna,2025-10-31,39.88,42.17,14.35,0.12,0.54,0.63,2.32
Patna,2025-11-01,39.24,41.44,15.54,0.15,0.56,0.71,2.35
Patna,2025-11-02,39.76,40.81,15.76,0.17,0.66,0.83,2.02
Patna,2025-11-03,42.14,40.05,13.76,0.24,0.86,0.89,2.06
Patna,2025-11-04,41.86,43.28,11.61,0.08,0.39,1.04,1.73
Patna,2025-11-05,42.43,43.66,11.54,0.25,0.43,0.65,1.05
Patna,2025-11-06,41.73,41.94,12.59,0.21,0.42,0.87,2.25
Patna,2025-11-07,42.63,41.15,13.36,0.11,0.18,0.65,1.92
Patna,2025-11-08,41.89,40.79,14.06,0.17,0.4,0.57,2.13
Patna,2025-11-09,41.32,42.31,12.74,0.28,0.67,1.03,1.63
Patna,2025-11-10,41.73,40.36,14.0,0.3,0.66,1.11,1.85
Patna,2025-11-11,44.22,38.99,13.75,0.19,0.67,0.93,1.26
Patna,2025-11-12,43.68,39.74,13.21,0.15,0.45,0.91,1.85
Patna,2025-11-13,42.55,41.33,13.56,0.24,0.29,0.57,1.47
Patna,2025-11-14,40.74,40.48,15.21,0.21,0.37,0.85,2.13
Patna,2025-11-15,41.36,41.14,14.41,0.07,0.58,1.05,1.38
Patna,2025-11-16,40.59,41.85,14.33,0.14,0.56,0.63,1.9
Patna,2025-11-17,40.34,40.69,14.95,0.31,0.58,0.78,2.34
Patna,2025-11-18,39.47,40.07,16.14,0.3,0.41,1.23,2.39
Patna,2025-11-19,40.88,40.57,15.49,0.12,0.71,0.98,1.26
Patna,2025-11-20,39.08,42.3,15.88,0.12,0.31,0.78,1.53
Patna,2025-11-21,40.88,41.48,14.97,0.11,0.34,0.9,1.32
Patna,2025-11-22,40.62,40.39,15.98,0.19,0.34,0.79,1.69
Patna,2025-11-23,40.69,41.74,13.35,0.3,0.41,1.12,2.39
Patna,2025-11-24,40.27,39.73,16.27,0.14,0.76,0.98,1.84
Patna,2025-11-25,44.51,45.21,8.24,0.17,0.27,0.51,1.08
Patna,2025-11-26,42.86,43.66,10.98,0.2,0.33,0.66,1.3
Patna,2025-11-27,42.98,42.61,11.64,0.2,0.38,0.69,1.5
Patna,2025-11-28,39.97,41.8,15.33,0.12,0.49,0.7,1.59
Patna,2025-11-29,42.54,41.42,12.39,0.16,0.44,0.93,2.12
Patna,2025-11-30,41.16,40.77,14.41,0.24,0.56,1.22,1.64
Patna,2025-12-01,41.43,40.6,14.5,0.34,0.48,0.72,1.93
Patna,2025-12-02,39.53,42.13,15.4,0.07,0.42,0.53,1.93
Patna,2025-12-03,39.55,42.4,14.59,0.27,0.54,1.17,1.48
Patna,2025-12-04,40.93,42.15,13.63,0.3,0.44,0.91,1.62
Patna,2025-12-05,41.2,40.63,15.17,0.3,0.37,0.63,1.7
Patna,2025-12-06,41.18,41.21,13.92,0.22,0.47,1.01,1.99
Patna,2025-12-07,40.62,42.15,14.02,0.23,0.37,0.86,1.76
Patna,2025-12-08,38.73,42.77,14.72,0.24,0.48,1.09,1.97
Patna,2025-12-09,39.74,42.19,14.4,0.07,0.58,1.08,1.94
Patna,2025-12-10,38.42,43.95,14.64,0.17,0.63,0.73,1.46
Patna,2025-12-11,37.81,43.23,15.38,0.31,0.48,0.93,1.85
Patna,2025-12-12,39.59,40.7,16.67,0.24,0.41,0.79,1.59
Patna,2025-12-13,37.88,43.37,14.71,0.28,0.52,0.76,2.49
Patna,2025-12-14,40.27,41.2,14.17,0.21,0.55,1.23,2.37
Patna,2025-12-15,42.82,39.63,14.05,0.18,0.56,1.12,1.65
Patna,2025-12-16,39.49,41.4,16.25,0.3,0.38,0.9,1.28
Patna,2025-12-17,39.15,40.18,16.91,0.11,0.48,0.66,2.5
Patna,2025-12-18,38.89,41.01,16.33,0.39,0.65,1.4,1.33
Patna,2025-12-19,38.94,41.45,15.57,0.36,0.76,1.27,1.64
Patna,2025-12-20,37.7,42.02,14.8,0.18,1.2,1.59,2.51
Patna,2025-12-21,37.47,41.62,16.56,0.37,0.4,1.11,2.46
Patna,2025-12-22,40.33,39.31,16.55,0.14,0.71,1.45,1.52
Patna,2025-12-23,36.69,43.22,15.81,0.21,0.35,1.79,1.93
Patna,2025-12-24,39.07,40.7,16.58,0.2,0.47,1.12,1.86
Patna,2025-12-25,36.26,40.57,18.62,0.16,0.76,1.75,1.88
Patna,2025-12-26,36.57,41.88,17.16,0.72,0.82,1.16,1.7
Patna,2025-12-27,38.5,38.37,18.47,0.59,0.68,1.24,2.15
Patna,2025-12-28,39.7,40.35,16.11,0.46,0.65,1.24,1.49
Patna,2025-12-29,36.9,40.67,18.98,0.1,0.61,1.06,1.68
Patna,2025-12-30,37.67,40.32,18.06,0.38,0.79,1.2,1.58
Patna,2025-12-31,38.58,42.4,15.17,0.13,0.5,1.42,1.8
Patna,2026-01-01,39.25,40.17,16.17,0.3,0.23,1.41,2.47
Patna,2026-01-02,38.71,42.11,15.24,0.28,0.73,1.2,1.74
Patna,2026-01-03,38.65,40.38,17.72,0.33,0.46,1.24,1.21
Patna,2026-01-04,38.93,41.26,16.06,0.28,0.34,1.58,1.55
Patna,2026-01-05,38.15,38.46,20.45,0.17,0.45,1.15,1.17
Patna,2026-01-06,38.52,40.32,17.53,0.11,0.68,1.21,1.63
Patna,2026-01-07,38.69,42.26,15.76,0.39,0.64,0.85,1.42
Patna,2026-01-08,36.12,42.29,17.68,0.15,0.49,1.47,1.8
Patna,2026-01-09,40.32,40.12,16.15,0.1,0.39,1.02,1.9
Patna,2026-01-10,38.61,40.98,16.06,0.09,0.68,0.9,2.67
Patna,2026-01-11,38.36,41.17,16.88,0.29,0.72,0.72,1.86
Patna,2026-01-12,39.61,41.99,14.85,0.42,0.61,0.84,1.68
Patna,2026-01-13,42.35,44.05,11.53,0.12,0.3,0.77,0.89
Patna,2026-01-14,41.21,43.51,12.85,0.13,0.35,0.7,1.24
Patna,2026-01-15,40.68,41.78,13.92,0.35,0.35,1.23,1.7
Patna,2026-01-16,43.05,40.92,12.89,0.12,0.43,1.14,1.45
Patna,2026-01-17,39.57,40.6,16.32,0.21,0.58,1.12,1.6
Patna,2026-01-18,40.03,41.24,15.62,0.33,0.5,1.04,1.24
Patna,2026-01-19,39.16,42.18,15.06,0.23,0.52,1.17,1.69
Patna,2026-01-20,41.69,41.82,13.31,0.03,0.6,1.07,1.48
Patna,2026-01-21,39.7,42.25,15.03,0.22,0.43,0.86,1.51
Patna,2026-01-22,39.35,42.05,15.37,0.38,0.23,0.79,1.84
Patna,2026-01-23,38.79,41.82,16.22,0.07,0.53,1.14,1.43
Patna,2026-01-24,40.32,39.31,16.65,0.16,0.46,1.31,1.8
Patna,2026-01-25,40.2,42.69,14.34,0.31,0.38,0.86,1.21
Patna,2026-01-26,40.15,42.43,13.57,0.15,0.64,1.15,1.91
Patna,2026-01-27,42.4,39.45,15.02,0.18,0.6,0.98,1.37
Patna,2026-01-28,41.37,40.17,14.97,0.16,0.54,1.43,1.37
Patna,2026-01-29,41.82,39.29,15.44,0.26,0.52,0.97,1.69
Patna,2026-01-30,40.24,40.62,15.76,0.1,0.34,1.25,1.69
Patna,2026-01-31,39.59,40.47,16.57,0.37,0.24,0.74,2.03
Patna,2026-02-01,38.91,41.48,16.27,0.28,0.52,1.36,1.18
Patna,2026-02-02,39.54,39.36,16.58,0.36,0.43,1.65,2.08
Patna,2026-02-03,39.91,38.0,18.63,0.14,0.39,0.96,1.98
Patna,2026-02-04,38.61,40.5,16.7,0.6,0.49,1.4,1.7
Patna,2026-02-05,38.29,39.13,18.82,0.15,0.83,1.14,1.63
Patna,2026-02-06,37.47,42.78,16.45,0.22,0.45,1.34,1.3
Patna,2026-02-07,38.86,40.42,16.97,0.15,0.69,0.84,2.08
Patna,2026-02-08,40.55,40.87,14.89,0.29,0.75,0.75,1.9
Patna,2026-02-09,39.59,39.56,17.49,0.3,0.81,0.81,1.44
Patna,2026-02-10,38.25,40.77,17.35,0.25,0.54,0.93,1.9
Patna,2026-02-11,38.19,38.47,19.61,0.28,0.39,1.35,1.71
Patna,2026-02-12,39.42,39.61,17.54,0.29,0.4,1.06,1.68
Patna,2026-02-13,38.81,42.29,15.65,0.22,0.51,1.17,1.36
Patna,2026-02-14,38.21,40.69,17.87,0.17,0.31,1.12,1.63
Patna,2026-02-15,37.17,37.59,14.45,0.24,0.35,0.73,9.47
Patna,2026-02-16,35.31,42.22,18.24,0.19,0.58,1.05,2.41
Patna,2026-02-17,40.55,41.06,14.24,0.43,0.6,1.04,2.07
Patna,2026-02-18,40.49,40.77,14.56,0.36,0.32,0.79,2.72
Patna,2026-02-19,38.22,42.4,16.91,0.11,0.25,0.83,1.27
Patna,2026-02-20,38.34,43.5,14.76,0.22,0.32,1.25,1.6
Patna,2026-02-21,39.25,41.12,16.77,0.14,0.31,0.98,1.43
Patna,2026-02-22,36.65,39.85,16.73,0.35,0.57,0.92,4.93
Patna,2026-02-23,39.27,41.79,15.23,0.22,0.32,1.04,2.12
Patna,2026-02-24,38.17,41.58,16.15,0.26,0.51,1.06,2.28
Patna,2026-02-25,39.29,38.19,17.49,0.24,0.75,1.14,2.91
Patna,2026-02-26,37.26,37.55,16.62,0.22,0.47,0.83,7.06
Patna,2026-02-27,40.73,38.31,16.23,0.24,0.16,1.19,3.14
Patna,2026-02-28,40.25,40.77,15.47,0.16,0.24,1.15,1.95
Patna,2026-03-01,39.19,38.53,15.54,0.04,0.37,1.27,5.06
Patna,2026-03-02,40.43,39.29,15.83,0.29,0.42,1.01,2.73
Patna,2026-03-03,38.49,42.54,15.89,,0.46,1.05,1.56
Patna,2026-03-04,37.48,41.21,15.44,0.1,0.29,0.92,4.56
Patna,2026-03-05,33.59,37.01,16.29,0.23,0.58,0.97,11.33
Patna,2026-03-06,35.69,40.62,18.92,0.2,0.73,1.25,2.59
Patna,2026-03-07,38.12,39.99,17.03,0.19,0.84,1.3,2.53
Patna,2026-03-08,35.89,36.18,15.79,0.08,0.37,0.81,10.88
Patna,2026-03-09,36.91,40.29,18.3,0.2,0.36,1.39,2.55
Patna,2026-03-10,38.84,42.18,14.91,0.42,0.38,1.04,2.23
Patna,2026-03-11,39.04,40.01,16.54,0.17,0.67,1.39,2.18
Patna,2026-03-12,38.54,40.42,16.3,0.33,0.37,1.16,2.87
Patna,2026-03-13,39.27,38.94,17.89,0.25,0.33,1.2,2.12
Patna,2026-03-14,37.4,40.5,17.67,0.11,0.61,0.88,2.83
Patna,2026-03-15,41.55,39.49,15.11,0.15,0.55,1.21,1.94
Patna,2026-03-16,39.95,40.45,15.91,0.17,0.37,1.2,1.95
Patna,2026-03-17,40.11,37.66,17.39,0.34,0.68,1.69,2.14
Patna,2026-03-18,38.47,41.77,16.11,0.27,0.39,1.05,1.94
Patna,2026-03-19,39.38,39.17,17.27,0.28,0.53,1.62,1.74
Patna,2026-03-20,40.03,39.05,16.93,0.38,0.64,1.17,1.81
Patna,2026-03-21,39.89,39.61,16.57,0.21,0.77,1.22,1.74
Patna,2026-03-22,37.66,41.2,16.58,0.04,0.66,1.83,2.05
Patna,2026-03-23,36.92,41.23,17.95,0.22,0.26,1.43,2.01
Patna,2026-03-24,37.71,40.79,17.69,0.15,0.34,0.91,2.4
Patna,2026-03-25,36.93,40.68,18.71,0.15,0.11,1.21,2.2
Patna,2026-03-26,38.05,40.21,17.95,0.32,0.52,1.08,1.88
Patna,2026-03-27,39.95,38.45,17.36,0.12,0.47,1.18,2.47
Patna,2026-03-28,39.01,39.42,17.15,0.26,0.56,1.56,2.04
Patna,2026-03-29,38.42,38.65,17.78,0.23,0.53,2.37,2.02
Patna,2026-03-30,37.8,41.27,16.6,0.28,0.59,1.57,1.89
Patna,2026-03-31,37.9,40.88,17.11,0.31,0.46,1.24,2.09
Patna,2026-04-01,37.35,40.7,17.47,0.21,0.51,1.99,1.78
Patna,2026-04-02,38.83,37.52,18.99,0.2,0.78,1.47,2.21
Patna,2026-04-03,36.82,40.87,17.93,0.25,0.66,1.74,1.74
Patna,2026-04-04,40.57,38.84,17.06,0.12,0.53,1.03,1.85
Patna,2026-04-05,40.63,37.66,17.05,0.24,0.53,1.75,2.15
Patna,2026-04-06,38.06,39.27,18.99,0.04,0.42,1.26,1.97
Patna,2026-04-07,38.11,40.46,17.73,0.25,0.34,1.26,1.85
Patna,2026-04-08,37.09,39.43,18.76,0.3,0.48,1.34,2.59
Patna,2026-04-09,39.86,40.37,16.46,0.38,0.21,1.02,1.7
Patna,2026-04-10,38.07,40.4,18.69,0.13,0.38,0.81,1.53
Patna,2026-04-11,37.65,39.62,18.26,0.17,0.79,1.04,2.47
Patna,2026-04-12,38.0,39.04,18.92,0.04,0.44,1.4,2.16
Patna,2026-04-13,35.55,39.4,20.24,0.12,0.5,1.41,2.78
Patna,2026-04-14,38.57,37.71,18.98,0.24,0.45,1.31,2.73
Patna,2026-04-15,40.21,37.56,17.84,0.05,0.5,1.42,2.42
Patna,2026-04-16,36.34,38.63,20.57,0.13,0.51,1.4,2.42
Patna,2026-04-17,37.37,40.55,17.86,0.3,0.56,0.9,2.45
Patna,2026-04-18,38.62,40.4,17.44,0.12,0.41,0.91,2.1
Patna,2026-04-19,41.94,38.05,15.7,0.26,0.51,1.37,2.18
Patna,2026-04-20,38.66,40.18,16.93,0.37,0.45,1.15,2.26
Patna,2026-04-21,37.1,40.14,18.45,0.34,0.55,1.6,1.82
Patna,2026-04-22,37.52,40.02,18.09,0.12,0.57,1.41,2.26
Patna,2026-04-23,36.68,41.87,16.89,0.23,0.31,1.91,2.11
Patna,2026-04-24,36.53,42.06,17.72,0.16,0.51,1.29,1.75
Patna,2026-04-25,39.5,38.93,17.48,0.04,0.27,1.76,2.02
Patna,2026-04-26,40.49,38.75,16.89,0.04,0.57,1.56,1.71
Patna,2026-04-27,38.77,39.12,17.47,0.35,0.46,1.51,2.32
Patna,2026-04-28,40.3,37.51,18.18,0.16,0.62,0.7,2.54
Patna,2026-04-29,35.09,40.95,19.2,0.28,0.79,1.34,2.36
Patna,2026-04-30,36.75,40.57,18.67,0.04,0.52,0.99,2.47
Patna,2026-05-01,38.06,38.34,19.15,0.07,0.39,1.62,2.36
Patna,2026-05-02,37.39,37.85,20.27,0.23,0.52,0.91,2.83
Patna,2026-05-03,35.74,40.51,18.56,0.32,0.56,1.16,3.14
Patna,2026-05-04,36.11,38.08,20.88,0.16,0.44,1.2,3.13
Patna,2026-05-05,35.56,39.96,19.36,0.19,0.75,1.43,2.75
Patna,2026-05-06,37.0,40.48,18.59,0.26,0.49,0.97,2.21
Patna,2026-05-07,37.13,39.24,19.29,0.16,0.59,0.74,2.85
Patna,2026-05-08,37.12,40.0,18.71,0.11,0.53,1.02,2.5
Patna,2026-05-09,35.88,39.97,20.8,0.28,0.5,0.71,1.85
Patna,2026-05-10,36.31,37.63,21.54,0.18,0.68,1.58,2.08
Patna,2026-05-11,35.67,38.82,20.43,0.28,0.59,1.69,2.52
Patna,2026-05-12,34.9,40.49,19.95,0.08,0.58,1.46,2.54
Patna,2026-05-13,33.77,42.22,19.32,0.27,0.5,1.31,2.61
Patna,2026-05-14,39.09,38.1,17.85,0.14,0.86,1.25,2.71
Patna,2026-05-15,40.06,39.13,17.51,0.11,0.45,0.74,2.0
Patna,2026-05-16,36.88,40.47,18.84,0.22,0.29,1.33,1.98
Patna,2026-05-17,38.25,38.61,19.14,0.11,0.51,1.28,2.09
Patna,2026-05-18,36.62,38.12,20.53,0.34,0.53,1.47,2.41
Patna,2026-05-19,35.68,40.31,18.95,0.2,0.91,1.15,2.81
Patna,2026-05-20,34.83,40.53,19.82,0.28,0.6,1.08,2.85
Patna,2026-05-21,37.96,38.82,18.55,0.23,0.51,1.28,2.64
Patna,2026-05-22,40.79,36.69,18.81,0.21,0.24,1.14,2.14
Patna,2026-05-23,37.63,38.5,19.79,0.21,0.66,1.08,2.13
Patna,2026-05-24,37.84,39.55,18.87,0.15,0.4,0.98,2.21
Patna,2026-05-25,37.72,38.14,19.7,0.42,0.53,1.06,2.43
Patna,2026-05-26,37.16,39.58,19.92,0.26,0.33,0.74,2.01
Patna,2026-05-27,38.96,37.24,19.7,0.29,0.44,1.03,2.34
Patna,2026-05-28,44.47,38.99,13.41,0.23,0.44,0.7,1.76
Patna,2026-05-29,39.54,39.11,18.35,0.09,0.43,0.68,1.79
Patna,2026-05-30,39.49,36.6,20.21,0.29,0.55,1.14,1.72
Patna,2026-05-31,38.54,38.08,19.29,0.32,0.71,0.53,2.52
Patna,2026-06-01,39.75,36.29,19.93,0.25,0.36,1.62,1.8
Patna,2026-06-02,38.56,37.78,20.33,0.26,0.56,0.78,1.74
Patna,2026-06-03,37.05,39.28,19.81,0.22,0.41,1.04,2.19
Patna,2026-06-04,39.71,38.15,18.24,0.44,0.32,1.35,1.79
Patna,2026-06-05,39.91,36.83,19.76,0.12,0.69,0.92,1.77
Patna,2026-06-06,37.94,37.18,20.22,0.07,0.29,1.45,2.86
Patna,2026-06-07,38.92,36.48,19.18,0.24,0.72,1.65,2.81
Patna,2026-06-08,37.5,39.48,19.68,0.11,0.34,1.1,1.79
Patna,2026-06-09,37.65,38.03,20.45,0.27,0.31,1.39,1.9
Patna,2026-06-10,36.89,38.31,20.53,0.23,0.3,0.94,2.81
Patna,2026-06-11,37.95,38.5,19.92,0.62,0.33,0.94,1.74
Patna,2026-06-12,37.34,38.39,20.0,0.15,0.52,1.09,2.51
Patna,2026-06-13,39.52,38.06,18.46,0.26,0.62,0.95,2.12
Patna,2026-06-14,39.15,38.46,18.44,,0.46,1.04,2.46
Patna,2026-06-15,37.37,37.99,20.32,0.04,0.39,1.48,2.41
Patna,2026-06-16,39.09,38.26,18.34,0.33,0.58,1.28,2.11
Patna,2026-06-17,36.77,39.67,18.8,0.24,0.48,1.9,2.14
Patna,2026-06-18,36.58,38.19,20.58,0.2,0.95,1.46,2.05
Patna,2026-06-19,37.9,38.28,20.0,0.15,0.5,0.84,2.33
Patna,2026-06-20,39.4,36.69,19.47,0.04,0.73,1.53,2.14
Patna,2026-06-21,37.95,39.14,19.39,0.12,0.36,0.99,2.05
Patna,2026-06-22,37.46,39.05,19.44,0.08,0.57,1.43,1.96
Patna,2026-06-23,37.73,36.62,21.88,0.2,0.2,1.51,1.86
Patna,2026-06-24,35.69,39.28,21.05,0.08,0.4,1.11,2.39
Patna,2026-06-25,38.66,35.55,21.32,0.25,0.65,1.19,2.38
Patna,2026-06-26,37.56,37.32,19.53,0.14,0.52,1.12,3.81
Patna,2026-06-27,38.11,36.25,21.12,0.46,0.53,1.0,2.53
Patna,2026-06-28,37.25,34.25,22.12,0.1,0.64,1.37,4.28
Patna,2026-06-29,37.69,36.7,21.0,0.17,0.27,0.99,3.18
Patna,2026-06-30,40.13,37.34,18.96,0.17,0.27,0.75,2.38
Patna,2026-07-01,39.97,37.5,19.03,0.15,0.38,0.91,2.05
Patna,2026-07-02,35.9,38.28,21.71,0.33,0.4,0.84,2.53
Patna,2026-07-03,37.27,37.95,20.73,0.3,0.49,0.98,2.27
Patna,2026-07-04,38.31,35.06,22.6,0.33,0.22,0.92,2.55
Patna,2026-07-05,38.99,35.52,20.72,0.14,0.47,1.01,3.15
Patna,2026-07-06,38.81,36.73,20.45,0.19,0.42,1.14,2.27
Patna,2026-07-07,37.36,37.36,20.83,0.5,0.31,1.04,2.61
Patna,2026-07-08,35.43,40.55,19.42,0.28,0.57,0.98,2.76
Patna,2026-07-09,37.11,40.85,17.79,0.31,0.61,0.88,2.45
Patna,2026-07-10,36.86,40.78,18.08,0.17,0.78,0.78,2.56
Patna,2026-07-11,37.46,40.88,17.81,0.23,0.5,0.97,2.14
Patna,2026-07-12,38.24,37.31,19.81,0.07,0.62,0.9,3.07
Patna,2026-07-13,36.76,39.54,19.25,0.22,0.58,0.9,2.75
Patna,2026-07-14,34.95,40.87,19.42,0.38,0.69,1.15,2.54
Patna,2026-07-15,35.68,40.45,19.57,0.32,0.36,0.95,2.67
Patna,2026-07-16,35.36,38.82,21.1,0.12,0.4,1.05,3.14
Patna,2026-07-17,40.51,36.74,18.77,0.08,0.58,0.54,2.78
Patna,2026-07-18,38.67,36.48,20.47,0.2,0.51,1.06,2.62
Patna,2026-07-19,37.11,37.5,21.18,0.24,0.48,1.19,2.3
Patna,2026-07-20,35.99,39.68,20.02,0.09,0.4,1.01,2.82
Patna,2026-07-21,37.59,36.53,21.36,0.09,0.31,1.19,2.92
Patna,2026-07-22,39.72,37.0,19.9,0.09,0.53,0.85,1.91
Patna,2026-07-23,38.4,36.61,20.93,0.17,0.39,1.09,2.4
Patna,2026-07-24,44.38,37.81,14.92,0.2,0.52,0.68,1.5
Patna,2026-07-25,40.83,37.27,17.99,0.07,0.29,0.76,2.81
Patna,2026-07-26,40.94,36.29,17.69,0.28,0.63,1.08,3.08
Patna,2026-07-27,39.43,38.41,17.81,0.08,0.23,1.55,2.5
Patna,2026-07-28,38.29,37.79,20.34,0.4,0.07,0.69,2.42
Patna,2026-07-29,39.65,36.74,19.86,0.15,0.45,1.14,2.01
Patna,2026-07-30,38.23,37.2,20.2,0.11,0.46,1.1,2.7
Patna,2026-07-31,39.52,36.7,19.64,0.2,0.52,0.72,2.7
Patna,2026-08-01,40.1,37.54,18.61,0.04,0.71,0.94,2.05
Patna,2026-08-02,39.33,36.6,20.04,0.07,0.63,0.85,2.48
Patna,2026-08-03,38.94,35.18,20.79,0.37,0.33,1.2,3.18
Patna,2026-08-04,36.98,39.46,19.23,0.2,0.72,1.0,2.4
Patna,2026-08-05,40.68,34.72,20.22,0.29,0.22,1.04,2.84
Patna,2026-08-06,39.93,37.22,18.98,0.35,0.42,0.88,2.22
Patna,2026-08-07,39.04,39.08,17.43,0.04,0.55,1.33,2.54
Patna,2026-08-08,38.74,35.55,21.78,0.26,0.41,0.96,2.3
Patna,2026-08-09,37.84,36.55,21.18,0.18,0.3,1.07,2.88
Patna,2026-08-10,36.61,36.99,21.62,0.41,0.33,1.07,2.97
Patna,2026-08-11,40.73,34.93,19.98,0.28,0.36,1.33,2.38
Patna,2026-08-12,40.87,33.59,20.53,0.42,0.23,0.92,3.45
Patna,2026-08-13,40.27,34.57,20.95,0.16,0.43,1.13,2.5
Patna,2026-08-14,41.08,36.84,18.32,0.16,0.56,0.71,2.34
Patna,2026-08-15,40.41,37.27,19.0,0.18,0.33,0.61,2.2
Patna,2026-08-16,40.26,36.56,18.81,0.08,0.3,0.94,3.05
Patna,2026-08-17,38.54,38.31,18.73,0.15,0.41,1.26,2.6
Patna,2026-08-18,37.99,39.92,18.43,0.12,0.55,0.83,2.17
Patna,2026-08-19,40.46,37.4,18.76,0.2,0.65,0.73,1.79
Patna,2026-08-20,39.83,36.31,19.49,0.08,0.85,0.77,2.67
Patna,2026-08-21,40.01,36.29,20.27,0.12,0.33,0.54,2.44
Patna,2026-08-22,40.04,35.92,19.2,0.07,0.58,1.28,2.91
Patna,2026-08-23,41.61,35.55,18.26,0.11,0.52,1.3,2.64
Patna,2026-08-24,38.28,37.89,19.46,0.17,0.65,0.91,2.64
Patna,2026-08-25,39.67,35.99,20.21,0.17,0.7,0.99,2.27
Patna,2026-08-26,40.16,35.34,20.15,0.33,0.33,1.24,2.45
Patna,2026-08-27,38.63,36.52,20.09,0.26,0.52,0.99,3.0
Patna,2026-08-28,40.99,37.76,16.3,0.21,0.38,0.84,3.53
Patna,2026-08-29,39.87,36.19,19.57,0.33,0.51,0.84,2.7
Patna,2026-08-30,39.73,35.72,20.97,0.11,0.61,0.43,2.43
Patna,2026-08-31,37.28,38.03,19.71,0.12,0.63,1.11,3.13
Pune,2025-01-01,33.72,19.65,18.61,0.34,0.82,1.46,25.39
Pune,2025-01-02,33.98,20.37,18.71,0.1,0.9,1.43,24.51
Pune,2025-01-03,34.7,20.02,18.23,0.35,1.02,1.19,24.49
Pune,2025-01-04,33.63,19.6,18.91,0.28,0.82,1.47,25.29
Pune,2025-01-05,34.05,19.11,18.34,0.31,0.89,1.25,26.06
Pune,2025-01-06,31.48,19.78,19.64,0.33,0.88,1.49,26.4
Pune,2025-01-07,34.19,20.22,18.72,0.34,1.0,1.4,24.12
Pune,2025-01-08,34.96,20.44,17.38,0.4,1.13,1.22,24.47
Pune,2025-01-09,33.51,20.52,18.34,0.28,0.94,1.61,24.78
Pune,2025-01-10,34.42,18.77,18.95,0.16,0.76,1.88,25.06
Pune,2025-01-11,33.09,20.35,18.21,0.42,0.89,1.75,25.29
Pune,2025-01-12,32.74,20.72,18.31,0.31,0.81,1.57,25.55
Pune,2025-01-13,32.89,19.71,19.01,0.3,0.96,1.59,25.54
Pune,2025-01-14,33.18,19.08,19.14,0.31,0.85,1.48,25.96
Pune,2025-01-15,33.25,20.66,18.81,0.24,1.1,1.4,24.54
Pune,2025-01-16,36.11,20.65,17.48,0.36,0.69,1.2,23.51
Pune,2025-01-17,37.6,20.39,16.56,0.46,0.82,1.1,23.07
Pune,2025-01-18,35.8,20.37,16.7,0.2,0.89,1.2,24.84
Pune,2025-01-19,34.55,21.16,16.64,0.31,0.72,0.74,25.88
Pune,2025-01-20,34.84,20.85,18.06,0.21,0.93,1.03,24.08
Pune,2025-01-21,35.31,22.11,17.53,0.28,0.71,1.25,22.81
Pune,2025-01-22,35.77,21.69,17.5,0.47,0.67,1.32,22.58
Pune,2025-01-23,35.12,20.66,17.65,0.26,0.54,1.17,24.6
Pune,2025-01-24,34.2,20.81,18.21,0.42,0.82,1.45,24.08
Pune,2025-01-25,35.11,19.27,18.35,0.23,0.83,1.43,24.77
Pune,2025-01-26,34.58,20.66,16.42,0.41,0.68,1.14,26.11
Pune,2025-01-27,34.0,21.66,17.49,0.3,0.81,1.32,24.42
Pune,2025-01-28,35.5,21.29,17.57,0.2,0.88,1.36,23.2
Pune,2025-01-29,34.24,21.07,17.96,0.42,1.15,1.5,23.66
Pune,2025-01-30,34.38,21.49,17.15,0.31,0.8,1.28,24.6
Pune,2025-01-31,34.5,21.14,16.4,0.32,0.81,1.65,25.19
Pune,2025-02-01,36.24,21.16,15.67,0.36,0.71,1.2,24.65
Pune,2025-02-02,34.37,20.92,18.05,0.31,0.63,1.39,24.33
Pune,2025-02-03,35.03,20.51,17.54,0.35,0.82,1.24,24.51
Pune,2025-02-04,34.9,20.15,17.94,0.27,0.9,1.59,24.25
Pune,2025-02-05,32.89,20.92,19.0,0.34,0.6,1.3,24.95
Pune,2025-02-06,34.97,21.1,17.41,0.39,0.73,1.18,24.22
Pune,2025-02-07,35.32,19.69,18.03,0.33,0.85,1.1,24.68
Pune,2025-02-08,34.79,20.11,17.14,0.29,0.92,1.31,25.46
Pune,2025-02-09,35.49,20.02,16.31,0.17,0.85,1.3,25.86
Pune,2025-02-10,35.21,19.13,17.55,0.47,0.94,1.28,25.41
Pune,2025-02-11,35.24,19.96,18.13,0.19,0.76,1.33,24.39
Pune,2025-02-12,34.65,20.35,18.36,0.26,0.68,0.84,24.85
Pune,2025-02-13,34.11,20.32,19.36,0.16,0.69,1.28,24.07
Pune,2025-02-14,34.47,19.46,17.97,0.4,0.66,1.09,25.96
Pune,2025-02-15,32.91,18.08,18.19,0.43,1.11,1.37,27.9
Pune,2025-02-16,32.41,20.01,18.63,0.26,0.85,1.33,26.52
Pune,2025-02-17,33.14,20.12,18.31,0.28,0.78,1.18,26.19
Pune,2025-02-18,34.25,19.25,18.37,0.14,0.88,1.21,25.9
Pune,2025-02-19,34.2,20.23,18.69,0.25,0.77,0.92,24.94
Pune,2025-02-20,35.55,19.5,18.12,0.36,0.75,1.09,24.63
Pune,2025-02-21,33.95,19.11,18.19,0.4,0.81,1.4,26.15
Pune,2025-02-22,34.25,19.14,16.98,0.4,0.9,1.39,26.95
Pune,2025-02-23,33.78,19.97,17.3,0.42,0.77,1.25,26.5
Pune,2025-02-24,32.7,19.11,19.11,0.4,0.68,1.08,26.92
Pune,2025-02-25,32.78,19.03,17.86,0.33,1.03,1.17,27.81
Pune,2025-02-26,33.55,19.3,17.79,0.23,0.83,1.39,26.91
Pune,2025-02-27,33.63,20.61,17.05,0.36,0.74,1.74,25.87
Pune,2025-02-28,34.42,18.3,16.85,0.21,0.86,1.27,28.09
Pune,2025-03-01,33.37,16.89,18.61,0.26,0.88,1.12,28.87
Pune,2025-03-02,33.23,19.6,18.62,0.43,0.71,1.04,26.38
Pune,2025-03-03,32.99,20.46,17.49,0.32,0.51,1.12,27.11
Pune,2025-03-04,33.13,18.94,19.08,0.25,0.98,1.1,26.52
Pune,2025-03-05,32.13,18.83,18.74,0.19,1.09,1.24,27.78
Pune,2025-03-06,33.43,19.81,17.63,0.27,0.78,1.19,26.9
Pune,2025-03-07,33.14,18.77,17.93,0.38,0.88,1.21,27.7
Pune,2025-03-08,31.89,18.98,18.84,0.44,0.72,1.33,27.81
Pune,2025-03-09,34.06,18.77,17.94,0.27,0.61,1.03,27.32
Pune,2025-03-10,33.05,18.99,18.07,0.28,1.16,1.37,27.08
Pune,2025-03-11,33.68,19.01,18.37,0.25,0.76,1.28,26.65
Pune,2025-03-12,32.54,18.63,19.96,0.21,0.57,1.38,26.71
Pune,2025-03-13,34.42,19.54,17.47,0.4,0.54,0.9,26.73
Pune,2025-03-14,34.71,18.65,16.74,0.38,0.96,1.63,26.93
Pune,2025-03-15,32.53,19.04,18.18,0.27,0.91,1.12,27.95
Pune,2025-03-16,31.91,19.44,18.12,0.21,0.76,1.47,28.09
Pune,2025-03-17,32.68,18.97,19.46,0.39,0.72,1.36,26.42
Pune,2025-03-18,33.54,20.26,17.4,0.5,0.9,1.41,26.0
Pune,2025-03-19,33.63,18.3,18.68,0.41,1.05,1.37,26.54
Pune,2025-03-20,32.94,19.92,18.97,0.44,0.83,1.06,25.83
Pune,2025-03-21,32.53,18.87,18.22,0.43,0.92,1.17,27.86
Pune,2025-03-22,31.29,18.69,18.86,0.33,0.83,1.38,28.62
Pune,2025-03-23,31.98,19.47,18.25,0.47,0.78,1.13,27.92
Pune,2025-03-24,32.08,18.36,17.78,0.26,1.04,1.06,29.43
Pune,2025-03-25,31.55,20.65,19.21,0.26,0.91,1.34,26.07
Pune,2025-03-26,33.48,19.33,17.13,0.39,0.81,1.23,27.64
Pune,2025-03-27,33.76,18.07,16.89,0.22,1.25,1.62,28.18
Pune,2025-03-28,34.64,19.46,16.31,0.27,0.74,1.52,27.06
Pune,2025-03-29,31.94,19.54,17.83,0.22,0.77,1.09,28.61
Pune,2025-03-30,37.72,20.11,15.13,0.25,0.6,1.1,25.09
Pune,2025-03-31,35.35,20.33,15.7,0.22,0.97,0.95,26.48
Pune,2025-04-01,33.79,18.9,17.79,0.27,0.71,1.2,27.34
Pune,2025-04-02,34.81,18.12,17.47,0.31,1.08,1.08,27.12
Pune,2025-04-03,32.66,19.18,18.45,0.31,1.0,1.2,27.2
Pune,2025-04-04,32.88,19.15,18.55,0.24,0.62,1.24,27.31
Pune,2025-04-05,31.34,19.86,17.95,0.16,1.09,1.13,28.48
Pune,2025-04-06,35.04,17.99,16.73,0.22,0.67,1.21,28.14
Pune,2025-04-07,35.4,18.69,17.51,0.17,0.77,1.31,26.14
Pune,2025-04-08,34.91,19.07,17.7,0.29,0.98,1.08,25.96
Pune,2025-04-09,33.6,19.47,17.03,0.26,0.73,1.16,27.76
Pune,2025-04-10,35.21,18.98,16.92,0.22,0.56,1.0,27.11
Pune,2025-04-11,35.13,19.91,17.3,0.2,0.64,1.16,25.66
Pune,2025-04-12,34.3,17.39,18.87,0.24,0.84,1.09,27.27
Pune,2025-04-13,33.12,19.36,17.3,0.46,1.09,1.36,27.31
Pune,2025-04-14,33.64,19.23,18.48,0.58,0.87,1.15,26.04
Pune,2025-04-15,32.87,19.43,17.51,0.31,0.92,1.29,27.67
Pune,2025-04-16,33.62,19.4,16.84,0.22,0.91,1.13,27.89
Pune,2025-04-17,32.58,18.8,18.21,0.43,0.5,1.33,28.15
Pune,2025-04-18,32.51,19.48,17.57,0.21,0.84,1.34,28.06
Pune,2025-04-19,33.63,18.46,18.07,0.34,0.99,1.33,27.18
Pune,2025-04-20,32.58,19.68,17.78,0.29,0.86,1.6,27.21
Pune,2025-04-21,33.04,18.64,17.38,0.48,0.71,1.14,28.62
Pune,2025-04-22,32.14,19.51,18.34,0.26,0.69,1.37,27.68
Pune,2025-04-23,31.49,19.01,19.11,0.29,0.59,1.14,28.36
Pune,2025-04-24,33.22,17.56,17.06,0.28,0.72,1.19,29.98
Pune,2025-04-25,32.45,18.81,17.36,0.45,0.51,1.45,28.97
Pune,2025-04-26,31.71,17.77,18.16,0.28,0.6,1.15,30.34
Pune,2025-04-27,30.55,17.53,17.38,0.32,0.74,1.18,32.29
Pune,2025-04-28,31.58,18.36,18.38,0.29,0.83,1.29,29.28
Pune,2025-04-29,32.69,18.98,18.62,0.28,0.64,1.28,27.51
Pune,2025-04-30,33.78,19.99,16.88,0.35,0.8,1.35,26.85
Pune,2025-05-01,32.79,17.92,16.99,0.23,0.78,1.39,29.9
Pune,2025-05-02,31.55,19.04,17.15,0.42,0.56,1.26,30.03
Pune,2025-05-03,31.32,18.08,18.71,0.3,1.15,1.45,28.99
Pune,2025-05-04,31.1,18.77,18.04,0.41,0.83,1.07,29.79
Pune,2025-05-05,33.03,18.27,18.17,0.29,0.9,1.24,28.1
Pune,2025-05-06,33.33,18.22,17.84,0.38,0.81,1.52,27.91
Pune,2025-05-07,32.37,19.38,17.9,0.28,0.95,1.24,27.87
Pune,2025-05-08,34.24,17.88,19.38,0.3,0.78,1.42,26.01
Pune,2025-05-09,32.56,17.3,18.77,0.19,0.77,1.43,28.98
Pune,2025-05-10,31.69,18.31,17.78,0.31,0.85,1.29,29.77
Pune,2025-05-11,33.18,18.5,17.61,0.25,0.66,1.08,28.72
Pune,2025-05-12,32.6,18.8,18.17,0.25,1.01,1.32,27.85
Pune,2025-05-13,31.94,17.83,18.25,0.38,0.81,1.34,29.46
Pune,2025-05-14,31.85,19.33,18.06,0.41,0.93,1.31,28.11
Pune,2025-05-15,34.67,18.27,17.31,0.35,0.82,1.3,27.28
Pune,2025-05-16,33.9,19.36,16.25,0.35,0.57,1.46,28.12
Pune,2025-05-17,34.03,17.7,18.13,0.3,0.92,1.35,27.57
Pune,2025-05-18,31.38,18.39,17.66,0.25,0.78,1.17,30.37
Pune,2025-05-19,31.57,18.75,18.34,0.3,0.99,1.5,28.56
Pune,2025-05-20,32.55,18.46,18.16,0.27,0.68,1.74,28.14
Pune,2025-05-21,32.77,18.72,17.85,0.31,0.95,1.26,28.15
Pune,2025-05-22,34.24,18.89,17.23,0.24,0.85,1.3,27.25
Pune,2025-05-23,33.12,18.76,16.81,0.29,0.9,1.26,28.86
Pune,2025-05-24,32.79,18.01,17.82,0.31,1.06,1.15,28.85
Pune,2025-05-25,32.23,19.07,17.33,0.24,0.85,1.33,28.95
Pune,2025-05-26,33.15,18.29,16.71,0.21,0.66,1.21,29.77
Pune,2025-05-27,31.12,19.15,17.78,0.25,1.05,1.4,29.25
Pune,2025-05-28,33.03,18.81,17.06,0.18,0.76,1.32,28.85
Pune,2025-05-29,32.3,18.06,17.27,0.35,0.86,1.43,29.74
Pune,2025-05-30,29.85,17.85,15.87,0.37,0.94,1.26,33.86
Pune,2025-05-31,31.13,18.72,17.13,0.33,0.74,1.46,30.5
Pune,2025-06-01,30.95,16.55,17.5,0.25,0.85,1.14,32.76
Pune,2025-06-02,32.28,19.05,17.69,0.4,0.99,1.38,28.2
Pune,2025-06-03,31.87,18.72,15.63,0.27,0.69,1.29,31.52
Pune,2025-06-04,34.38,19.86,16.73,0.22,0.67,1.27,26.88
Pune,2025-06-05,32.71,19.3,17.41,0.15,0.72,1.11,28.6
Pune,2025-06-06,34.69,19.34,16.79,0.15,0.6,1.16,27.26
Pune,2025-06-07,33.53,18.25,16.69,0.26,0.86,1.49,28.91
Pune,2025-06-08,33.61,19.01,16.37,0.2,0.78,1.55,28.49
Pune,2025-06-09,32.56,20.91,17.64,0.18,0.94,1.33,26.44
Pune,2025-06-10,34.38,19.02,17.1,0.25,0.75,1.49,27.02
Pune,2025-06-11,34.99,19.05,17.2,0.2,0.74,1.39,26.44
Pune,2025-06-12,34.23,18.55,17.14,0.14,0.58,1.27,28.09
Pune,2025-06-13,33.55,18.16,17.76,0.2,0.9,1.23,28.19
Pune,2025-06-14,33.2,18.49,17.49,0.29,1.03,1.16,28.35
Pune,2025-06-15,32.7,18.83,16.78,0.37,0.79,0.89,29.64
Pune,2025-06-16,33.98,17.78,17.66,0.31,0.82,1.27,28.18
Pune,2025-06-17,32.35,18.57,16.64,0.21,0.96,1.14,30.14
Pune,2025-06-18,32.74,18.46,17.43,0.22,0.82,1.17,29.16
Pune,2025-06-19,32.99,18.86,17.16,0.37,0.78,1.37,28.47
Pune,2025-06-20,33.98,17.84,18.16,0.3,0.66,1.35,27.72
Pune,2025-06-21,33.04,19.2,17.23,0.23,0.84,1.33,28.12
Pune,2025-06-22,33.74,18.39,17.59,0.21,0.96,1.3,27.81
Pune,2025-06-23,32.51,19.45,17.59,0.33,0.8,1.38,27.94
Pune,2025-06-24,33.47,19.07,17.17,0.28,0.73,1.13,28.13
Pune,2025-06-25,34.45,18.58,16.72,0.26,0.82,1.53,27.63
Pune,2025-06-26,33.24,18.8,17.47,0.26,0.63,1.14,28.47
Pune,2025-06-27,32.92,18.38,18.21,0.37,0.95,1.03,28.14
Pune,2025-06-28,31.55,18.58,18.48,0.41,0.99,1.43,28.57
Pune,2025-06-29,32.15,18.66,18.27,0.26,0.76,1.16,28.74
Pune,2025-06-30,32.23,18.58,18.66,0.34,0.71,1.57,27.91
Pune,2025-07-01,32.39,19.0,19.96,0.26,0.73,1.32,26.34
Pune,2025-07-02,33.74,18.25,19.11,0.18,0.69,1.34,26.71
Pune,2025-07-03,32.74,18.88,18.96,0.37,0.7,1.41,26.93
Pune,2025-07-04,33.62,18.64,18.82,0.19,0.9,1.19,26.63
Pune,2025-07-05,32.45,18.86,18.13,0.34,0.99,1.18,28.05
Pune,2025-07-06,32.68,19.87,18.01,0.26,0.97,1.41,26.81
Pune,2025-07-07,34.05,19.0,18.06,0.34,0.86,1.52,26.18
Pune,2025-07-08,33.8,20.42,17.55,0.41,0.72,0.99,26.11
Pune,2025-07-09,34.37,19.2,17.12,0.26,0.71,1.2,27.15
Pune,2025-07-10,33.96,20.18,17.08,0.21,0.96,1.35,26.27
Pune,2025-07-11,33.04,19.32,17.58,0.33,0.62,0.98,28.14
Pune,2025-07-12,34.2,19.82,16.02,0.31,0.88,1.2,27.57
Pune,2025-07-13,34.43,19.97,15.67,0.43,0.73,1.24,27.53
Pune,2025-07-14,32.39,20.08,16.99,0.49,0.91,1.15,27.99
Pune,2025-07-15,36.39,19.96,15.53,0.48,0.51,0.98,26.14
Pune,2025-07-16,34.85,19.63,16.79,0.38,0.77,1.17,26.42
Pune,2025-07-17,34.35,20.25,17.08,0.39,1.07,0.92,25.93
Pune,2025-07-18,35.05,19.07,16.67,0.48,0.77,1.23,26.73
Pune,2025-07-19,33.87,18.74,17.89,0.39,0.9,1.09,27.11
Pune,2025-07-20,34.12,20.2,16.71,0.39,0.76,1.06,26.77
Pune,2025-07-21,34.26,20.59,16.41,0.27,1.07,1.2,26.19
Pune,2025-07-22,34.82,20.41,17.11,0.3,0.65,1.03,25.68
Pune,2025-07-23,33.71,21.29,16.54,0.33,1.12,1.12,25.9
Pune,2025-07-24,34.06,20.45,16.21,0.36,0.67,1.12,27.13
Pune,2025-07-25,35.24,20.92,16.61,0.33,0.67,1.03,25.21
Pune,2025-07-26,32.57,19.51,17.61,0.2,1.0,0.9,28.21
Pune,2025-07-27,33.82,19.85,16.82,0.43,0.66,1.13,27.29
Pune,2025-07-28,35.76,19.65,15.99,0.34,0.66,1.2,26.4
Pune,2025-07-29,34.71,19.73,16.96,0.28,0.81,1.07,26.45
Pune,2025-07-30,33.66,19.55,18.05,0.32,0.69,1.27,26.46
Pune,2025-07-31,33.61,19.45,18.8,0.34,0.71,1.19,25.89
Pune,2025-08-01,35.42,19.43,16.65,0.18,0.75,1.04,26.53
Pune,2025-08-02,33.33,19.51,17.06,0.26,0.81,1.09,27.94
Pune,2025-08-03,33.37,19.72,17.71,0.21,0.75,1.37,26.86
Pune,2025-08-04,35.59,18.83,16.69,0.12,0.93,1.25,26.58
Pune,2025-08-05,34.55,20.92,16.22,0.36,0.79,1.29,25.86
Pune,2025-08-06,35.94,20.93,16.94,0.33,0.79,1.28,23.79
Pune,2025-08-07,36.49,20.54,15.21,0.35,0.77,1.03,25.61
Pune,2025-08-08,36.44,20.49,15.86,0.18,1.01,1.02,25.0
Pune,2025-08-09,36.12,21.14,15.61,0.25,1.02,1.29,24.57
Pune,2025-08-10,34.79,20.6,16.45,0.27,1.22,1.19,25.49
Pune,2025-08-11,34.89,20.3,17.27,0.29,0.89,1.24,25.12
Pune,2025-08-12,36.64,20.79,15.67,0.33,0.83,1.24,24.5
Pune,2025-08-13,36.24,20.58,16.21,0.19,0.62,1.26,24.9
Pune,2025-08-14,36.58,20.85,15.33,0.24,0.62,1.42,24.96
Pune,2025-08-15,38.17,19.82,15.61,0.29,0.88,1.12,24.1
Pune,2025-08-16,36.87,19.99,16.08,0.37,0.71,1.38,24.6
Pune,2025-08-17,35.34,19.76,16.58,0.22,0.8,1.04,26.26
Pune,2025-08-18,33.98,20.64,16.51,0.31,0.82,1.15,26.58
Pune,2025-08-19,35.9,19.86,16.54,0.29,0.84,1.43,25.13
Pune,2025-08-20,34.57,20.34,15.88,0.25,0.84,1.46,26.65
Pune,2025-08-21,35.1,21.08,15.94,0.17,0.97,1.25,25.49
Pune,2025-08-22,34.14,19.68,18.67,0.16,0.87,1.04,25.44
Pune,2025-08-23,32.9,20.3,18.01,0.27,0.91,0.94,26.66
Pune,2025-08-24,33.43,20.54,17.04,0.28,0.64,1.28,26.81
Pune,2025-08-25,34.55,20.74,16.59,0.47,0.81,1.32,25.52
Pune,2025-08-26,35.79,20.98,16.32,0.33,0.57,0.97,25.03
Pune,2025-08-27,35.52,21.46,16.05,0.29,0.77,0.86,25.04
Pune,2025-08-28,34.77,20.11,16.95,0.21,0.71,1.07,26.18
Pune,2025-08-29,33.86,20.63,17.31,0.41,0.8,1.27,25.73
Pune,2025-08-30,34.49,20.28,16.97,0.27,0.67,1.22,26.11
Pune,2025-08-31,33.16,21.24,16.28,0.22,0.92,1.08,27.11
Pune,2025-09-01,34.53,20.47,17.38,0.38,0.75,0.88,25.6
Pune,2025-09-02,34.66,19.9,18.06,0.16,0.55,1.11,25.55
Pune,2025-09-03,42.62,23.91,12.53,0.16,0.48,0.95,19.34
Pune,2025-09-04,42.97,24.73,11.93,0.19,0.55,0.79,18.84
Pune,2025-09-05,40.06,24.44,13.74,0.16,0.57,0.85,20.18
Pune,2025-09-06,40.32,24.92,12.89,0.23,0.66,0.88,20.11
Pune,2025-09-07,38.11,25.49,13.14,0.28,0.6,1.03,21.35
Pune,2025-09-08,40.61,24.79,12.37,0.1,0.6,1.01,20.53
Pune,2025-09-09,38.75,24.02,14.38,0.17,0.71,0.75,21.22
Pune,2025-09-10,39.48,23.02,14.51,0.15,0.53,0.91,21.41
Pune,2025-09-11,39.01,23.79,13.55,0.16,0.51,1.14,21.85
Pune,2025-09-12,38.55,22.27,14.33,0.19,0.72,1.02,22.91
Pune,2025-09-13,38.51,22.02,14.77,0.19,0.63,1.1,22.78
Pune,2025-09-14,34.8,21.84,14.36,0.24,0.55,0.98,27.23
Pune,2025-09-15,38.26,22.14,15.06,0.23,0.7,1.04,22.57
Pune,2025-09-16,38.81,21.94,14.78,0.19,0.73,1.1,22.46
Pune,2025-09-17,36.73,23.45,15.21,0.1,0.54,1.09,22.88
Pune,2025-09-18,39.76,21.18,14.58,0.19,0.38,0.79,23.11
Pune,2025-09-19,36.2,20.19,15.55,0.2,0.43,0.97,26.47
Pune,2025-09-20,36.09,21.07,15.66,0.28,0.56,0.88,25.47
Pune,2025-09-21,39.19,21.95,12.21,0.23,0.51,0.79,25.13
Pune,2025-09-22,40.63,24.79,12.46,0.18,0.62,0.77,20.54
Pune,2025-09-23,40.97,23.57,12.84,0.14,0.79,0.68,21.01
Pune,2025-09-24,38.72,22.03,14.38,0.16,0.66,0.86,23.2
Pune,2025-09-25,38.33,23.87,13.65,0.13,0.62,0.91,22.49
Pune,2025-09-26,37.45,22.88,13.95,0.15,0.72,0.86,24.0
Pune,2025-09-27,38.13,22.93,15.06,0.11,0.61,0.89,22.27
Pune,2025-09-28,35.37,21.24,13.59,0.17,0.63,0.58,28.42
Pune,2025-09-29,36.43,22.6,15.05,0.15,0.79,1.03,23.96
Pune,2025-09-30,38.25,21.28,15.34,0.28,0.72,0.94,23.18
Pune,2025-10-01,37.92,23.36,15.14,0.07,0.65,0.84,22.02
Pune,2025-10-02,39.57,23.58,13.79,0.12,0.66,0.94,21.35
Pune,2025-10-03,39.21,23.22,13.82,0.15,0.78,0.98,21.83
Pune,2025-10-04,37.95,22.42,14.85,0.19,0.91,0.69,22.98
Pune,2025-10-05,37.97,22.49,14.45,0.06,0.85,0.97,23.21
Pune,2025-10-06,38.52,22.73,15.33,0.29,0.72,0.93,21.49
Pune,2025-10-07,38.86,22.48,15.01,0.31,0.63,0.82,21.9
Pune,2025-10-08,38.22,22.35,16.01,0.16,0.83,0.96,21.47
Pune,2025-10-09,38.25,23.04,15.0,0.22,0.47,0.88,22.12
Pune,2025-10-10,39.16,22.05,14.31,0.2,0.85,0.75,22.68
Pune,2025-10-11,36.96,22.65,14.56,0.28,0.64,0.96,23.94
Pune,2025-10-12,36.15,22.56,15.53,0.18,0.6,1.02,23.96
Pune,2025-10-13,36.53,21.98,15.64,0.16,0.57,0.82,24.3
Pune,2025-10-14,36.74,22.97,15.41,0.21,0.46,1.06,23.17
Pune,2025-10-15,37.57,22.09,15.45,0.13,0.6,1.24,22.92
Pune,2025-10-16,37.68,22.62,15.22,0.13,0.53,0.93,22.89
Pune,2025-10-17,37.55,22.19,16.22,0.09,0.58,0.86,22.52
Pune,2025-10-18,39.37,22.53,14.63,0.18,0.56,0.73,22.0
Pune,2025-10-19,38.97,22.08,14.98,0.16,0.8,0.75,22.26
Pune,2025-10-20,40.01,23.77,14.37,0.18,0.59,0.91,20.18
Pune,2025-10-21,40.02,22.59,14.37,0.13,0.79,0.74,21.36
Pune,2025-10-22,40.73,24.88,13.41,0.23,0.56,0.89,19.3
Pune,2025-10-23,38.42,23.89,14.43,0.24,0.67,0.8,21.54
Pune,2025-10-24,38.97,24.39,13.84,0.07,0.62,1.07,21.03
Pune,2025-10-25,37.03,24.1,15.09,0.17,0.64,0.98,22.0
Pune,2025-10-26,37.04,23.16,15.4,0.2,0.7,0.96,22.54
Pune,2025-10-27,36.21,23.64,15.47,0.18,0.87,0.81,22.81
Pune,2025-10-28,35.46,23.92,16.18,0.18,0.66,0.94,22.66
Pune,2025-10-29,36.4,22.87,16.07,0.15,0.54,0.96,23.0
Pune,2025-10-30,37.54,22.19,16.48,0.06,0.66,0.82,22.25
Pune,2025-10-31,35.43,22.76,17.03,0.19,0.75,1.05,22.79
Pune,2025-11-01,34.61,21.3,17.88,0.09,0.93,0.9,24.29
Pune,2025-11-02,35.5,21.7,17.4,0.1,0.54,0.98,23.78
Pune,2025-11-03,37.6,21.47,15.99,0.13,0.68,0.99,23.15
Pune,2025-11-04,42.42,25.3,13.08,0.09,0.61,0.66,17.83
Pune,2025-11-05,41.66,24.32,13.76,0.19,0.51,0.65,18.92
Pune,2025-11-06,40.09,23.12,14.79,0.11,0.62,0.69,20.59
Pune,2025-11-07,39.22,22.79,15.04,0.22,0.62,0.71,21.4
Pune,2025-11-08,38.18,22.1,15.61,0.13,0.6,0.84,22.54
Pune,2025-11-09,38.99,22.72,15.08,0.18,0.69,0.76,21.57
Pune,2025-11-10,38.26,23.54,14.87,0.31,0.6,0.7,21.74
Pune,2025-11-11,38.57,23.12,15.2,0.18,0.67,0.82,21.45
Pune,2025-11-12,37.52,22.34,16.32,0.18,0.64,1.05,21.95
Pune,2025-11-13,38.12,23.4,15.26,0.11,0.38,1.05,21.68
Pune,2025-11-14,36.3,21.92,17.22,0.17,0.73,0.85,22.8
Pune,2025-11-15,39.26,22.35,15.11,0.22,0.64,0.83,21.6
Pune,2025-11-16,37.61,22.3,16.15,0.29,0.65,1.07,21.93
Pune,2025-11-17,36.16,22.03,17.09,0.27,0.75,0.82,22.87
Pune,2025-11-18,35.86,20.9,18.63,0.26,0.56,0.79,23.0
Pune,2025-11-19,36.45,20.69,17.86,0.24,0.63,0.95,23.17
Pune,2025-11-20,36.34,21.38,18.41,0.1,0.9,0.98,21.89
Pune,2025-11-21,37.07,20.69,17.44,0.68,0.75,1.02,22.35
Pune,2025-11-22,36.26,21.47,17.38,0.34,0.86,0.97,22.73
Pune,2025-11-23,35.38,20.93,18.3,0.29,0.95,0.86,23.28
Pune,2025-11-24,36.27,21.79,18.17,0.26,0.74,0.76,22.01
Pune,2025-11-25,49.72,26.91,9.98,0.1,0.34,0.42,12.53
Pune,2025-11-26,42.81,24.58,13.91,0.18,0.64,0.66,17.22
Pune,2025-11-27,41.54,24.35,14.27,0.31,0.69,0.67,18.18
Pune,2025-11-28,37.05,22.7,16.91,0.35,0.75,0.93,21.31
Pune,2025-11-29,36.46,21.63,16.98,0.26,0.72,0.97,22.99
Pune,2025-11-30,36.86,22.04,17.04,0.15,0.86,0.63,22.42
Pune,2025-12-01,37.19,21.11,16.88,0.27,0.59,0.77,23.19
Pune,2025-12-02,36.75,21.9,17.38,0.19,0.74,0.74,22.3
Pune,2025-12-03,37.31,21.86,17.33,0.12,0.61,0.83,21.95
Pune,2025-12-04,38.6,22.63,16.68,0.2,0.71,0.73,20.45
Pune,2025-12-05,36.65,21.21,18.44,0.17,0.71,0.81,22.01
Pune,2025-12-06,38.44,21.63,16.11,0.16,0.86,0.71,22.08
Pune,2025-12-07,37.02,22.14,16.83,0.15,0.53,0.87,22.46
Pune,2025-12-08,36.67,21.71,17.22,0.25,0.92,0.91,22.32
Pune,2025-12-09,36.17,21.1,17.75,0.23,0.64,0.7,23.41
Pune,2025-12-10,37.51,21.46,17.71,0.13,0.63,0.73,21.82
Pune,2025-12-11,37.8,20.42,19.02,0.16,0.52,0.86,21.23
Pune,2025-12-12,35.72,21.29,17.77,0.13,0.55,0.88,23.66
Pune,2025-12-13,35.61,19.09,18.18,0.23,0.73,0.85,25.31
Pune,2025-12-14,35.53,20.14,18.08,0.21,0.75,0.82,24.47
Pune,2025-12-15,37.95,21.24,18.15,0.11,0.7,0.91,20.94
Pune,2025-12-16,36.89,21.8,17.71,0.26,0.67,0.82,21.85
Pune,2025-12-17,36.22,21.41,18.38,0.24,0.53,0.45,22.76
Pune,2025-12-18,35.41,21.0,17.96,0.19,0.66,0.61,24.18
Pune,2025-12-19,35.46,21.28,18.2,0.06,0.7,0.98,23.31
Pune,2025-12-20,34.14,20.94,18.34,0.22,0.67,0.86,24.84
Pune,2025-12-21,35.17,19.77,18.42,0.27,1.04,0.7,24.64
Pune,2025-12-22,36.86,20.58,17.65,0.12,0.76,0.93,23.1
Pune,2025-12-23,36.01,20.11,18.99,0.23,0.77,0.89,23.01
Pune,2025-12-24,35.61,20.32,18.75,0.38,0.5,0.89,23.55
Pune,2025-12-25,35.13,20.52,18.95,0.24,0.66,0.91,23.59
Pune,2025-12-26,34.55,20.84,19.57,0.07,0.82,0.69,23.46
Pune,2025-12-27,32.69,21.58,19.46,0.3,0.79,0.63,24.55
Pune,2025-12-28,33.51,21.06,19.82,0.14,0.46,0.66,24.34
Pune,2025-12-29,32.0,20.7,19.89,0.29,0.71,1.0,25.4
Pune,2025-12-30,32.19,20.09,20.17,0.22,0.58,0.78,25.97
Pune,2025-12-31,33.36,20.82,19.55,0.23,0.63,0.86,24.54
Pune,2026-01-01,35.1,21.13,18.66,0.26,0.56,1.03,23.26
Pune,2026-01-02,35.02,21.56,18.79,0.15,0.46,0.91,23.09
Pune,2026-01-03,33.25,20.1,21.27,0.11,0.88,0.83,23.57
Pune,2026-01-04,35.44,21.08,18.76,0.23,0.59,0.66,23.25
Pune,2026-01-05,37.72,21.83,18.65,0.18,0.61,0.63,20.38
Pune,2026-01-06,38.93,21.18,18.61,0.26,0.47,0.87,19.68
Pune,2026-01-07,37.94,22.28,16.98,0.13,0.6,0.84,21.23
Pune,2026-01-08,36.67,22.32,18.5,0.25,0.48,0.82,20.95
Pune,2026-01-09,34.94,22.39,17.81,0.17,0.58,0.84,23.28
Pune,2026-01-10,36.0,19.59,18.96,0.24,0.65,0.9,23.66
Pune,2026-01-11,35.21,22.51,17.96,0.22,0.68,0.81,22.61
Pune,2026-01-12,36.66,22.28,17.49,0.24,0.58,0.84,21.91
Pune,2026-01-13,42.21,24.81,13.95,0.15,0.48,0.59,17.81
Pune,2026-01-14,38.84,23.55,15.86,0.26,0.38,0.88,20.23
Pune,2026-01-15,37.22,22.54,17.18,0.2,0.54,0.74,21.59
Pune,2026-01-16,36.64,22.15,18.58,0.28,0.43,0.78,21.13
Pune,2026-01-17,35.85,20.91,18.25,0.13,0.49,0.81,23.55
Pune,2026-01-18,35.65,21.76,17.2,0.19,0.58,1.04,23.58
Pune,2026-01-19,36.84,21.75,17.42,0.18,0.51,1.0,22.31
Pune,2026-01-20,38.51,21.24,17.4,0.15,0.75,0.72,21.24
Pune,2026-01-21,36.59,22.08,17.73,0.22,0.91,0.52,21.95
Pune,2026-01-22,37.4,21.36,17.68,0.23,0.62,0.73,21.98
Pune,2026-01-23,36.23,21.94,18.48,0.16,0.69,0.95,21.55
Pune,2026-01-24,35.4,20.74,18.92,0.29,0.62,0.83,23.21
Pune,2026-01-25,36.27,20.25,19.34,0.23,0.53,0.71,22.67
Pune,2026-01-26,38.96,22.09,16.55,0.18,0.78,0.87,20.57
Pune,2026-01-27,39.05,22.17,16.77,0.23,0.54,0.87,20.37
Pune,2026-01-28,36.62,21.65,19.09,0.12,0.57,0.68,21.26
Pune,2026-01-29,36.31,21.71,19.2,0.14,0.49,0.91,21.24
Pune,2026-01-30,34.01,21.79,19.48,0.07,0.68,0.66,23.32
Pune,2026-01-31,34.64,19.72,18.99,0.15,0.55,0.92,25.03
Pune,2026-02-01,35.16,20.68,19.37,0.06,0.64,0.72,23.37
Pune,2026-02-02,35.25,21.54,18.73,0.21,0.6,0.78,22.88
Pune,2026-02-03,36.7,21.26,17.92,0.07,0.41,0.64,23.01
Pune,2026-02-04,35.5,20.22,20.03,0.1,0.62,0.79,22.73
Pune,2026-02-05,36.32,20.91,17.99,0.24,0.59,1.45,22.5
Pune,2026-02-06,37.28,20.92,18.0,0.11,0.71,0.93,22.05
Pune,2026-02-07,35.06,20.43,19.27,0.09,0.53,1.11,23.5
Pune,2026-02-08,34.86,21.13,19.16,0.3,0.74,0.83,22.98
Pune,2026-02-09,36.21,21.15,19.5,0.14,0.54,0.96,21.5
Pune,2026-02-10,34.49,22.03,18.62,0.24,0.64,0.85,23.14
Pune,2026-02-11,33.9,21.66,19.58,0.22,0.58,0.98,23.07
Pune,2026-02-12,36.0,21.76,19.28,0.11,0.48,0.8,21.58
Pune,2026-02-13,34.56,19.97,20.1,0.19,0.76,0.86,23.56
Pune,2026-02-14,33.64,19.86,19.28,0.09,0.56,1.07,25.5
Pune,2026-02-15,34.33,21.1,17.34,0.13,0.45,0.75,25.89
Pune,2026-02-16,33.02,21.78,19.46,0.21,0.61,0.98,23.94
Pune,2026-02-17,36.79,22.25,18.75,0.21,0.54,0.86,20.6
Pune,2026-02-18,36.06,21.24,18.69,0.1,0.56,0.62,22.73
Pune,2026-02-19,36.84,21.59,17.29,0.15,0.48,0.66,23.0
Pune,2026-02-20,36.37,22.68,18.4,0.18,0.35,0.91,21.1
Pune,2026-02-21,35.46,21.29,19.23,0.17,0.35,0.89,22.61
Pune,2026-02-22,33.87,19.96,21.18,0.18,0.53,0.52,23.76
Pune,2026-02-23,34.39,20.68,20.03,0.17,0.49,1.13,23.11
Pune,2026-02-24,35.08,20.71,20.17,0.13,0.76,0.76,22.39
Pune,2026-02-25,34.74,20.33,19.1,0.16,0.61,0.68,24.38
Pune,2026-02-26,34.66,18.62,19.65,0.19,0.42,0.73,25.74
Pune,2026-02-27,34.73,20.35,19.22,0.1,0.72,0.82,24.06
Pune,2026-02-28,32.92,19.72,20.98,0.17,0.62,0.94,24.65
Pune,2026-03-01,32.32,18.82,20.43,0.18,0.74,0.78,26.72
Pune,2026-03-02,34.17,21.35,19.05,0.19,0.67,1.45,23.13
Pune,2026-03-03,35.21,20.42,20.62,0.14,0.45,1.02,22.13
Pune,2026-03-04,32.12,20.23,20.67,0.09,0.65,1.02,25.23
Pune,2026-03-05,32.82,19.3,18.61,0.09,0.69,0.75,27.74
Pune,2026-03-06,33.36,19.8,20.81,0.18,0.37,0.98,24.5
Pune,2026-03-07,34.05,19.81,20.48,0.31,0.55,1.1,23.7
Pune,2026-03-08,31.75,19.26,20.67,0.22,0.54,0.97,26.59
Pune,2026-03-09,34.64,19.15,19.45,0.19,0.53,0.69,25.35
Pune,2026-03-10,33.79,20.86,20.88,0.26,0.47,0.81,22.93
Pune,2026-03-11,33.92,19.44,20.16,0.18,0.64,0.87,24.79
Pune,2026-03-12,33.11,20.17,19.6,0.24,0.68,0.88,25.32
Pune,2026-03-13,34.98,19.96,19.83,0.18,0.62,0.69,23.73
Pune,2026-03-14,33.25,19.34,20.86,0.2,0.66,1.11,24.59
Pune,2026-03-15,34.58,19.84,20.4,0.26,0.56,0.89,23.46
Pune,2026-03-16,35.62,20.47,19.11,0.18,0.71,0.84,23.07
Pune,2026-03-17,36.47,21.47,19.4,0.09,0.41,0.62,21.55
Pune,2026-03-18,36.29,19.23,18.64,0.19,0.57,0.87,24.2
Pune,2026-03-19,38.52,20.68,17.83,0.12,0.38,0.69,21.77
Pune,2026-03-20,37.06,20.32,19.13,0.28,0.55,0.81,21.85
Pune,2026-03-21,37.01,20.66,17.83,0.14,0.52,0.89,22.94
Pune,2026-03-22,34.11,20.4,19.23,0.22,0.67,0.88,24.48
Pune,2026-03-23,34.93,20.9,20.34,0.24,0.73,0.87,21.99
Pune,2026-03-24,35.42,19.74,21.04,0.14,0.65,0.73,22.27
Pune,2026-03-25,35.25,20.18,20.05,0.18,0.75,0.86,22.73
Pune,2026-03-26,36.11,20.2,18.47,0.19,0.68,1.17,23.16
Pune,2026-03-27,35.58,21.11,18.53,0.12,0.45,1.1,23.11
Pune,2026-03-28,34.32,20.31,19.89,0.19,0.64,1.09,23.56
Pune,2026-03-29,33.8,21.14,19.14,0.16,0.5,0.86,24.41
Pune,2026-03-30,34.57,20.51,19.39,0.08,0.54,1.02,23.89
Pune,2026-03-31,33.22,21.32,19.18,0.19,0.67,0.86,24.55
Pune,2026-04-01,34.51,21.1,19.93,0.19,0.56,1.06,22.67
Pune,2026-04-02,34.27,20.38,20.02,0.14,0.56,1.17,23.47
Pune,2026-04-03,33.7,19.38,20.9,0.21,0.65,0.78,24.38
Pune,2026-04-04,34.04,19.29,20.65,0.14,0.6,0.89,24.39
Pune,2026-04-05,33.23,20.04,19.46,0.3,0.78,1.22,24.97
Pune,2026-04-06,34.27,19.44,20.77,0.27,0.66,0.99,23.59
Pune,2026-04-07,33.03,19.29,22.1,0.1,0.48,0.97,24.03
Pune,2026-04-08,32.16,20.38,21.28,0.19,0.7,0.75,24.55
Pune,2026-04-09,34.91,19.45,20.21,0.27,0.59,1.07,23.5
Pune,2026-04-10,34.19,19.9,20.52,0.28,0.55,0.93,23.63
Pune,2026-04-11,32.75,19.05,20.85,0.27,0.72,1.17,25.18
Pune,2026-04-12,33.5,19.85,19.74,0.35,0.91,1.21,24.43
Pune,2026-04-13,33.37,18.81,20.06,0.24,0.67,1.0,25.85
Pune,2026-04-14,32.8,19.86,20.64,0.22,0.54,1.03,24.91
Pune,2026-04-15,33.45,19.6,21.61,0.16,0.56,0.89,23.73
Pune,2026-04-16,33.4,19.69,22.09,0.32,0.58,0.93,23.0
Pune,2026-04-17,30.73,19.57,22.61,0.16,0.53,0.98,25.42
Pune,2026-04-18,30.54,20.12,21.19,0.15,0.61,0.83,26.57
Pune,2026-04-19,34.6,19.39,20.49,0.3,0.66,0.62,23.94
Pune,2026-04-20,34.04,20.59,20.44,0.2,0.45,0.72,23.55
Pune,2026-04-21,33.59,19.21,21.58,0.14,0.63,1.1,23.75
Pune,2026-04-22,33.39,19.89,20.43,0.24,0.33,0.93,24.79
Pune,2026-04-23,33.68,20.74,20.24,0.17,0.48,0.85,23.83
Pune,2026-04-24,32.39,19.46,22.83,0.25,0.59,0.99,23.49
Pune,2026-04-25,31.4,18.95,23.72,0.28,0.67,1.16,23.81
Pune,2026-04-26,33.5,18.73,22.08,0.17,0.58,1.21,23.72
Pune,2026-04-27,33.67,19.47,22.82,0.13,0.58,0.87,22.45
Pune,2026-04-28,32.91,19.06,22.05,0.27,0.55,0.71,24.44
Pune,2026-04-29,32.59,19.63,22.05,0.23,0.56,0.9,24.04
Pune,2026-04-30,32.66,18.51,22.75,0.26,0.43,0.89,24.5
Pune,2026-05-01,31.11,18.54,24.17,0.26,0.56,0.86,24.5
Pune,2026-05-02,31.78,19.36,23.08,0.07,0.76,0.94,24.01
Pune,2026-05-03,31.96,20.41,22.39,0.12,0.31,0.98,23.82
Pune,2026-05-04,31.73,19.6,22.42,0.26,0.43,1.01,24.54
Pune,2026-05-05,32.5,18.33,24.54,0.12,0.49,0.84,23.2
Pune,2026-05-06,32.44,18.47,22.57,0.16,0.76,0.73,24.87
Pune,2026-05-07,31.83,20.58,21.72,0.16,0.58,0.59,24.55
Pune,2026-05-08,32.93,19.31,21.37,0.21,0.71,1.06,24.41
Pune,2026-05-09,31.61,18.44,23.92,0.15,0.76,0.78,24.34
Pune,2026-05-10,32.17,19.26,22.05,0.2,0.58,0.81,24.93
Pune,2026-05-11,32.32,18.93,21.46,0.28,0.63,1.11,25.27
Pune,2026-05-12,33.45,19.86,21.59,0.26,0.48,1.05,23.31
Pune,2026-05-13,33.73,19.06,21.87,0.16,0.59,0.69,23.91
Pune,2026-05-14,33.25,19.83,20.91,0.12,0.62,0.95,24.31
Pune,2026-05-15,32.36,19.59,22.4,0.21,0.71,0.74,24.0
Pune,2026-05-16,32.22,18.06,22.76,0.06,0.85,0.89,25.16
Pune,2026-05-17,31.43,18.95,22.6,0.22,0.7,0.92,25.18
Pune,2026-05-18,31.13,19.05,23.32,0.15,0.42,1.02,24.91
Pune,2026-05-19,33.47,18.88,22.64,0.19,0.69,0.79,23.34
Pune,2026-05-20,32.7,20.05,21.67,0.17,0.31,0.97,24.13
Pune,2026-05-21,34.4,20.21,20.15,0.14,0.5,0.75,23.85
Pune,2026-05-22,36.16,18.61,20.15,0.15,0.36,0.86,23.71
Pune,2026-05-23,32.42,18.4,21.18,0.13,0.7,0.96,26.23
Pune,2026-05-24,32.5,19.07,21.51,0.2,0.65,0.84,25.21
Pune,2026-05-25,31.27,20.64,22.33,0.19,0.63,0.88,24.05
Pune,2026-05-26,32.59,20.55,22.06,0.12,0.59,0.85,23.24
Pune,2026-05-27,32.86,21.11,21.14,0.16,0.57,0.78,23.37
Pune,2026-05-28,37.86,22.66,17.38,0.14,0.45,0.72,20.8
Pune,2026-05-29,35.09,21.39,20.52,0.1,0.45,0.78,21.67
Pune,2026-05-30,32.45,20.94,21.3,0.14,0.36,1.06,23.75
Pune,2026-05-31,32.21,19.66,21.75,0.15,0.5,0.66,25.07
Pune,2026-06-01,34.21,19.95,21.42,0.25,0.39,0.61,23.17
Pune,2026-06-02,33.69,20.04,21.29,0.22,0.52,0.82,23.42
Pune,2026-06-03,33.52,20.93,20.42,0.32,0.52,0.93,23.36
Pune,2026-06-04,32.4,21.77,20.15,0.19,0.56,0.93,24.0
Pune,2026-06-05,35.3,20.41,19.74,0.22,0.52,0.79,23.03
Pune,2026-06-06,31.94,20.16,21.22,0.16,0.99,0.9,24.63
Pune,2026-06-07,32.44,20.74,20.56,0.14,1.07,0.81,24.24
Pune,2026-06-08,33.0,20.72,20.74,0.18,0.76,0.87,23.72
Pune,2026-06-09,34.93,19.5,20.35,0.26,0.73,0.77,23.45
Pune,2026-06-10,32.63,20.44,21.5,0.41,0.48,0.99,23.56
Pune,2026-06-11,33.55,20.67,21.0,0.26,0.49,0.8,23.22
Pune,2026-06-12,32.04,20.55,21.69,0.24,0.63,0.89,23.96
Pune,2026-06-13,32.87,21.34,21.45,0.14,0.53,0.9,22.78
Pune,2026-06-14,32.54,19.83,21.1,0.16,0.66,0.86,24.85
Pune,2026-06-15,33.21,19.52,21.54,0.24,0.59,1.06,23.83
Pune,2026-06-16,33.07,19.82,21.5,0.16,0.51,0.98,23.96
Pune,2026-06-17,32.53,19.1,22.52,0.14,0.64,1.1,23.97
Pune,2026-06-18,32.9,19.42,22.31,0.2,0.46,0.64,24.06
Pune,2026-06-19,34.08,19.33,21.12,0.19,0.53,0.88,23.86
Pune,2026-06-20,33.55,18.78,22.16,0.14,0.58,0.7,24.1
Pune,2026-06-21,32.11,18.3,22.93,0.12,0.58,0.71,25.27
Pune,2026-06-22,32.42,19.7,21.51,0.14,0.87,1.17,24.19
Pune,2026-06-23,31.69,19.14,24.0,0.07,0.73,0.82,23.54
Pune,2026-06-24,32.66,18.25,23.93,0.19,0.52,0.91,23.54
Pune,2026-06-25,32.77,17.77,23.02,0.25,0.39,0.82,24.99
Pune,2026-06-26,32.61,17.9,22.43,0.14,0.69,0.8,25.43
Pune,2026-06-27,32.83,17.56,21.22,0.22,0.77,0.78,26.62
Pune,2026-06-28,31.63,17.15,21.85,0.27,0.6,0.87,27.63
Pune,2026-06-29,33.68,18.4,21.98,0.29,0.92,0.87,23.87
Pune,2026-06-30,36.52,18.79,21.42,0.12,0.46,0.68,22.01
Pune,2026-07-01,33.16,19.72,21.45,0.29,0.55,0.84,24.0
Pune,2026-07-02,32.63,19.33,22.57,0.22,0.6,1.03,23.62
Pune,2026-07-03,32.65,17.7,22.32,0.3,0.67,0.76,25.6
Pune,2026-07-04,32.3,18.57,21.64,0.17,0.78,0.93,25.61
Pune,2026-07-05,30.88,18.61,23.26,0.15,0.8,0.8,25.5
Pune,2026-07-06,32.66,18.16,22.05,0.19,0.56,1.1,25.27
Pune,2026-07-07,32.75,18.25,23.37,0.17,0.5,1.08,23.89
Pune,2026-07-08,31.36,21.25,22.34,0.19,0.56,0.75,23.55
Pune,2026-07-09,33.87,22.59,20.24,0.19,0.59,0.9,21.61
Pune,2026-07-10,32.95,20.71,21.69,0.19,0.57,0.82,23.08
Pune,2026-07-11,31.69,19.26,23.33,0.15,0.62,0.87,24.08
Pune,2026-07-12,31.43,21.09,21.61,0.18,0.45,0.7,24.54
Pune,2026-07-13,32.11,20.69,21.78,0.14,0.46,0.8,24.03
Pune,2026-07-14,31.99,20.07,21.99,0.14,0.71,0.91,24.19
Pune,2026-07-15,33.67,19.07,21.84,0.16,0.6,0.66,23.99
Pune,2026-07-16,32.66,19.71,22.65,0.21,0.75,0.66,23.35
Pune,2026-07-17,34.03,18.19,22.56,0.12,0.5,0.87,23.73
Pune,2026-07-18,32.14,18.35,21.98,0.16,0.6,0.65,26.13
Pune,2026-07-19,32.29,18.7,22.95,0.16,0.72,0.64,24.55
Pune,2026-07-20,34.14,18.69,20.68,0.16,0.55,0.62,25.15
Pune,2026-07-21,32.36,18.24,23.12,0.11,0.62,0.9,24.64
Pune,2026-07-22,32.36,17.3,23.39,0.22,0.59,0.76,25.38
Pune,2026-07-23,34.13,20.0,20.12,0.12,0.92,0.64,24.07
Pune,2026-07-24,38.05,21.62,18.43,0.04,0.53,0.5,20.83
Pune,2026-07-25,37.6,18.77,18.56,0.21,0.67,0.7,23.49
Pune,2026-07-26,36.39,18.4,20.01,0.07,0.55,0.75,23.82
Pune,2026-07-27,36.79,19.71,18.44,0.18,0.49,0.9,23.5
Pune,2026-07-28,37.15,18.98,19.45,0.17,0.58,0.69,22.98
Pune,2026-07-29,36.48,18.53,19.36,0.21,0.58,0.71,24.12
Pune,2026-07-30,34.92,19.4,20.17,0.2,0.59,0.82,23.89
Pune,2026-07-31,34.53,20.07,19.57,0.2,0.56,0.96,24.1
Pune,2026-08-01,35.01,18.24,20.4,0.16,0.67,0.85,24.67
Pune,2026-08-02,35.21,19.61,19.65,0.1,0.44,0.78,24.2
Pune,2026-08-03,33.73,19.35,21.41,0.29,0.59,0.75,23.88
Pune,2026-08-04,34.27,18.76,20.78,0.24,0.62,0.78,24.54
Pune,2026-08-05,34.73,20.57,19.71,0.21,0.72,0.86,23.19
Pune,2026-08-06,36.78,19.99,19.65,0.18,0.59,0.85,21.96
Pune,2026-08-07,33.5,20.56,19.83,0.24,0.41,0.78,24.69
Pune,2026-08-08,32.71,19.58,21.46,0.23,0.68,0.99,24.37
Pune,2026-08-09,34.03,18.45,20.14,0.32,0.56,0.54,25.96
Pune,2026-08-10,32.52,18.87,21.75,0.18,0.51,0.69,25.48
Pune,2026-08-11,34.19,18.92,20.95,0.16,0.55,0.64,24.58
Pune,2026-08-12,36.45,19.17,19.3,0.11,0.46,0.87,23.63
Pune,2026-08-13,35.35,18.75,20.34,0.35,0.51,0.82,23.87
Pune,2026-08-14,35.76,18.73,20.42,0.17,0.53,0.59,23.8
Pune,2026-08-15,36.21,18.93,19.25,0.15,0.83,0.71,23.91
Pune,2026-08-16,33.34,19.53,19.8,0.24,0.64,0.86,25.6
Pune,2026-08-17,32.98,18.9,21.08,0.25,0.51,0.63,25.64
Pune,2026-08-18,34.74,19.97,19.94,0.15,0.49,0.65,24.06
Pune,2026-08-19,35.44,18.79,19.59,0.15,0.61,0.75,24.67
Pune,2026-08-20,34.63,20.11,19.72,0.16,0.63,0.65,24.1
Pune,2026-08-21,35.43,18.25,19.69,0.26,0.64,0.87,24.86
Pune,2026-08-22,34.61,18.32,19.74,0.1,0.47,0.69,26.07
Pune,2026-08-23,34.14,18.77,19.56,0.16,0.71,0.68,25.99
Pune,2026-08-24,33.87,19.4,20.07,0.1,0.65,0.75,25.16
Pune,2026-08-25,34.2,19.09,20.67,0.23,0.61,0.9,24.31
Pune,2026-08-26,37.03,20.6,19.64,0.16,0.78,0.87,20.91
Pune,2026-08-27,35.11,18.0,21.21,0.11,0.54,0.89,24.15
Pune,2026-08-28,34.33,18.55,21.03,0.17,0.68,0.79,24.45
Pune,2026-08-29,32.35,19.35,21.16,0.19,0.56,0.87,25.52
Pune,2026-08-30,32.01,19.42,20.81,0.21,0.63,0.55,26.37
Pune,2026-08-31,32.16,19.53,20.14,0.19,0.73,0.95,26.3
Rajkot,2025-01-01,36.7,28.56,23.97,,1.03,0.8,8.94
Rajkot,2025-01-02,39.09,29.87,21.47,0.12,1.4,0.7,7.35
Rajkot,2025-01-03,41.41,30.43,18.81,,0.88,0.38,8.08
Rajkot,2025-01-04,39.26,27.06,23.89,0.13,1.14,1.27,7.24
Rajkot,2025-01-05,38.27,32.75,18.6,,0.94,1.89,7.55
Rajkot,2025-01-06,41.5,28.4,20.36,0.13,1.04,0.26,8.3
Rajkot,2025-01-07,39.14,27.75,23.32,0.27,0.67,0.67,8.18
Rajkot,2025-01-08,36.49,27.16,24.09,0.14,1.11,1.25,9.75
Rajkot,2025-01-09,40.55,29.07,20.78,,1.16,1.31,7.12
Rajkot,2025-01-10,38.29,29.77,22.06,,1.35,0.95,7.58
Rajkot,2025-01-11,40.69,24.75,22.55,0.12,1.47,1.72,8.7
Rajkot,2025-01-12,38.31,27.52,23.65,0.14,0.97,1.38,8.02
Rajkot,2025-01-13,36.48,29.8,23.13,,0.49,1.14,8.96
Rajkot,2025-01-14,40.82,28.99,20.93,,1.03,1.37,6.86
Rajkot,2025-01-15,40.02,31.6,20.45,0.12,0.99,0.37,6.44
Rajkot,2025-01-16,38.63,29.14,21.37,,1.03,1.37,8.46
Rajkot,2025-01-17,43.38,31.01,16.78,0.39,1.18,1.47,5.79
Rajkot,2025-01-18,40.63,28.17,20.97,,1.52,1.32,7.4
Rajkot,2025-01-19,39.14,29.78,20.62,,1.29,1.0,8.17
Rajkot,2025-01-20,38.63,28.0,24.23,,1.09,1.09,6.95
Rajkot,2025-01-21,38.13,30.94,20.26,0.11,0.98,0.98,8.61
Rajkot,2025-01-22,43.23,29.79,20.58,0.09,0.75,0.47,5.08
Rajkot,2025-01-23,38.79,31.1,22.2,,1.43,0.77,5.71
Rajkot,2025-01-24,35.71,34.15,21.43,0.11,1.0,1.56,6.03
Rajkot,2025-01-25,37.02,31.29,24.04,,1.11,0.8,5.73
Rajkot,2025-01-26,40.35,31.89,20.02,,1.14,0.93,5.68
Rajkot,2025-01-27,39.36,28.25,21.29,0.42,0.62,0.93,9.14
Rajkot,2025-01-28,39.9,29.06,22.36,0.1,1.38,1.08,6.11
Rajkot,2025-01-29,37.75,29.51,24.16,0.11,0.89,1.11,6.46
Rajkot,2025-01-30,37.46,29.29,23.34,0.12,1.52,0.82,7.47
Rajkot,2025-01-31,38.33,30.44,23.22,0.11,0.89,0.78,6.22
Rajkot,2025-02-01,37.76,32.32,21.0,,1.74,0.87,6.31
Rajkot,2025-02-02,42.12,31.73,18.65,0.43,0.75,0.96,5.36
Rajkot,2025-02-03,38.84,29.11,22.99,0.11,0.91,0.68,7.36
Rajkot,2025-02-04,40.45,28.52,21.0,,1.31,0.95,7.76
Rajkot,2025-02-05,40.63,28.66,21.88,0.11,0.65,1.4,6.68
Rajkot,2025-02-06,41.08,30.36,19.86,,0.34,1.35,7.0
Rajkot,2025-02-07,37.94,28.29,25.0,,0.66,1.75,6.36
Rajkot,2025-02-08,34.69,32.98,21.7,0.43,1.5,0.75,7.95
Rajkot,2025-02-09,38.9,27.73,23.41,,1.44,1.44,7.08
Rajkot,2025-02-10,37.77,27.71,25.97,,0.97,1.08,6.49
Rajkot,2025-02-11,40.29,29.74,21.44,0.11,1.01,1.01,6.4
Rajkot,2025-02-12,37.09,27.42,26.17,0.11,0.91,1.71,6.6
Rajkot,2025-02-13,42.59,26.41,21.7,,0.92,0.69,7.69
Rajkot,2025-02-14,40.52,27.41,22.41,,1.07,1.31,7.27
Rajkot,2025-02-15,37.35,27.09,27.09,,0.95,0.95,6.56
Rajkot,2025-02-16,37.25,30.39,22.98,,0.87,1.31,7.19
Rajkot,2025-02-17,36.66,29.37,24.55,,0.67,2.02,6.73
Rajkot,2025-02-18,37.35,27.98,23.86,0.22,0.89,1.67,8.03
Rajkot,2025-02-19,37.8,31.21,21.16,0.12,0.92,0.58,8.21
Rajkot,2025-02-20,36.6,32.38,21.96,0.12,0.99,0.62,7.32
Rajkot,2025-02-21,38.97,28.85,20.99,0.22,1.29,1.83,7.86
Rajkot,2025-02-22,38.2,29.53,21.84,0.11,1.1,0.66,8.56
Rajkot,2025-02-23,45.12,30.41,15.95,,0.74,0.74,7.05
Rajkot,2025-02-24,37.3,30.43,23.68,0.23,1.14,0.46,6.75
Rajkot,2025-02-25,35.67,32.1,22.76,,1.6,0.25,7.63
Rajkot,2025-02-26,41.39,26.42,23.0,,1.65,0.83,6.72
Rajkot,2025-02-27,38.22,26.83,25.93,,1.58,0.68,6.76
Rajkot,2025-02-28,38.44,27.44,24.23,0.12,1.11,0.99,7.66
Rajkot,2025-03-01,35.88,32.5,21.5,0.13,0.63,1.0,8.38
Rajkot,2025-03-02,38.94,28.66,24.79,0.12,0.73,0.73,6.05
Rajkot,2025-03-03,37.53,26.76,25.18,,1.09,0.97,8.47
Rajkot,2025-03-04,40.76,26.47,23.67,,1.54,0.14,7.42
Rajkot,2025-03-05,41.12,28.13,22.53,,0.83,1.31,6.08
Rajkot,2025-03-06,41.49,25.89,22.58,,0.71,1.77,7.57
Rajkot,2025-03-07,37.4,29.92,22.77,,0.99,1.21,7.7
Rajkot,2025-03-08,36.74,26.97,26.86,,1.55,0.67,7.21
Rajkot,2025-03-09,41.98,22.85,26.7,,1.41,1.28,5.78
Rajkot,2025-03-10,38.57,22.97,25.63,,1.81,0.85,10.16
Rajkot,2025-03-11,33.68,30.04,24.97,0.26,0.52,0.65,9.88
Rajkot,2025-03-12,37.29,28.49,23.87,,0.88,1.32,8.14
Rajkot,2025-03-13,37.29,28.77,24.16,0.28,0.14,1.12,8.24
Rajkot,2025-03-14,39.28,27.61,22.25,,1.34,1.21,8.31
Rajkot,2025-03-15,39.33,29.09,21.98,0.11,0.86,0.75,7.87
Rajkot,2025-03-16,37.69,29.18,23.05,0.1,0.69,1.19,8.11
Rajkot,2025-03-17,36.48,32.66,20.25,0.11,0.74,1.06,8.7
Rajkot,2025-03-18,37.31,28.68,23.84,0.1,0.68,1.55,7.85
Rajkot,2025-03-19,39.58,27.72,22.83,0.1,1.4,0.8,7.58
Rajkot,2025-03-20,39.94,27.58,22.68,,0.43,0.75,8.63
Rajkot,2025-03-21,36.24,32.53,21.29,,0.87,1.53,7.53
Rajkot,2025-03-22,40.99,24.76,24.97,,1.9,0.84,6.53
Rajkot,2025-03-23,36.97,28.31,25.05,0.1,1.12,1.43,7.03
Rajkot,2025-03-24,39.45,28.38,22.03,,1.33,1.02,7.79
Rajkot,2025-03-25,37.15,32.29,19.65,0.22,0.86,1.4,8.42
Rajkot,2025-03-26,42.1,30.62,20.02,,0.98,0.79,5.5
Rajkot,2025-03-27,37.34,32.43,19.98,0.31,0.94,1.57,7.43
Rajkot,2025-03-28,41.48,26.42,21.4,0.22,1.31,1.97,7.21
Rajkot,2025-03-29,41.97,28.1,20.56,,0.85,1.34,7.18
Rajkot,2025-03-30,39.77,31.07,20.04,,1.38,0.53,7.21
Rajkot,2025-03-31,39.57,26.88,23.33,,1.83,0.97,7.42
Rajkot,2025-04-01,35.99,26.62,24.78,0.22,1.51,1.08,9.81
Rajkot,2025-04-02,42.25,28.93,19.21,,0.66,1.2,7.75
Rajkot,2025-04-03,40.1,27.98,22.9,,1.55,0.83,6.63
Rajkot,2025-04-04,41.8,26.77,21.75,,1.37,1.03,7.29
Rajkot,2025-04-05,37.71,29.67,22.76,,1.47,0.79,7.59
Rajkot,2025-04-06,39.49,31.21,20.91,0.2,0.81,0.61,6.77
Rajkot,2025-04-07,41.92,27.87,21.45,0.25,0.62,0.49,7.4
Rajkot,2025-04-08,40.04,30.65,22.6,0.11,0.67,0.89,5.03
Rajkot,2025-04-09,40.22,26.67,24.7,,0.98,0.77,6.67
Rajkot,2025-04-10,39.74,29.6,20.99,,0.71,1.3,7.67
Rajkot,2025-04-11,38.48,26.68,25.91,,1.54,1.43,5.95
Rajkot,2025-04-12,41.7,27.43,21.65,0.12,0.62,1.35,7.13
Rajkot,2025-04-13,37.16,27.59,24.57,,1.11,1.51,8.06
Rajkot,2025-04-14,36.91,28.69,22.77,0.1,1.2,1.3,9.03
Rajkot,2025-04-15,36.54,31.36,21.65,0.21,0.95,1.06,8.24
Rajkot,2025-04-16,37.46,31.06,20.17,0.11,1.71,1.17,8.32
Rajkot,2025-04-17,37.43,30.69,21.22,,1.31,0.76,8.6
Rajkot,2025-04-18,43.6,27.75,18.76,,1.24,1.57,7.08
Rajkot,2025-04-19,40.19,28.69,22.4,0.24,1.21,1.09,6.17
Rajkot,2025-04-20,37.78,29.78,22.02,,0.81,0.93,8.69
Rajkot,2025-04-21,37.95,29.99,20.99,,0.92,1.38,8.77
Rajkot,2025-04-22,35.51,29.59,20.89,,0.97,1.57,11.47
Rajkot,2025-04-23,39.52,26.42,23.12,0.11,1.48,0.68,8.66
Rajkot,2025-04-24,38.12,30.21,23.14,,0.61,0.61,7.31
Rajkot,2025-04-25,35.22,25.85,25.85,0.11,1.42,1.64,9.92
Rajkot,2025-04-26,33.75,28.35,22.27,0.45,0.79,1.01,13.39
Rajkot,2025-04-27,33.61,29.53,19.9,,1.36,1.05,14.55
Rajkot,2025-04-28,37.78,28.49,23.48,0.12,1.07,0.48,8.58
Rajkot,2025-04-29,34.66,28.63,25.97,0.1,0.92,1.12,8.59
Rajkot,2025-04-30,39.3,28.39,22.35,,0.42,1.06,8.47
Rajkot,2025-05-01,40.02,29.3,19.95,0.23,0.68,0.8,9.01
Rajkot,2025-05-02,39.45,29.15,21.51,,0.51,0.92,8.46
Rajkot,2025-05-03,39.96,27.82,19.29,,1.27,1.47,10.19
Rajkot,2025-05-04,38.95,26.23,23.27,,1.18,0.69,9.66
Rajkot,2025-05-05,40.48,28.9,18.92,,1.72,0.8,9.17
Rajkot,2025-05-06,39.66,29.25,20.81,0.12,0.24,1.35,8.57
Rajkot,2025-05-07,35.76,26.12,26.12,,0.82,2.24,8.94
Rajkot,2025-05-08,36.61,32.19,20.76,0.12,0.86,1.23,8.23
Rajkot,2025-05-09,37.55,33.42,20.65,,1.16,1.55,5.68
Rajkot,2025-05-10,38.96,29.17,19.82,,1.13,1.13,9.8
Rajkot,2025-05-11,37.01,28.82,21.23,,0.91,1.42,10.62
Rajkot,2025-05-12,36.49,29.19,23.12,0.1,1.34,1.34,8.43
Rajkot,2025-05-13,39.43,27.07,23.08,0.1,1.43,0.82,8.07
Rajkot,2025-05-14,37.25,28.72,23.0,0.1,1.46,0.42,9.05
Rajkot,2025-05-15,38.15,28.79,23.8,,0.81,1.22,7.22
Rajkot,2025-05-16,38.51,30.43,20.65,0.09,0.81,0.99,8.53
Rajkot,2025-05-17,40.6,29.75,20.25,,1.15,0.67,7.58
Rajkot,2025-05-18,37.21,30.02,20.96,,1.07,1.24,9.5
Rajkot,2025-05-19,37.21,25.84,24.41,0.08,0.76,1.68,10.02
Rajkot,2025-05-20,36.63,32.13,20.39,0.18,1.24,1.06,8.38
Rajkot,2025-05-21,41.65,27.31,21.42,,1.0,0.54,8.08
Rajkot,2025-05-22,40.78,28.56,19.07,,1.28,0.82,9.49
Rajkot,2025-05-23,40.45,31.74,18.59,,1.17,0.67,7.37
Rajkot,2025-05-24,36.74,34.12,19.0,,0.42,1.1,8.61
Rajkot,2025-05-25,37.81,31.57,18.31,,1.37,1.03,9.92
Rajkot,2025-05-26,35.79,30.7,23.25,,0.64,0.91,8.72
Rajkot,2025-05-27,37.02,30.37,21.11,0.18,0.99,0.99,9.34
Rajkot,2025-05-28,38.54,29.77,20.0,,0.82,1.37,9.5
Rajkot,2025-05-29,35.48,29.68,21.94,,1.47,1.57,9.86
Rajkot,2025-05-30,33.55,28.9,19.05,,0.82,1.0,16.68
Rajkot,2025-05-31,36.52,31.79,20.67,,1.05,1.47,8.5
Rajkot,2025-06-01,33.75,28.5,22.37,0.1,1.07,1.56,12.65
Rajkot,2025-06-02,37.51,30.36,20.96,,1.08,1.18,8.91
Rajkot,2025-06-03,36.5,26.4,20.29,,0.93,2.04,13.84
Rajkot,2025-06-04,39.98,26.92,21.76,0.3,1.11,2.23,7.69
Rajkot,2025-06-05,33.55,32.8,21.99,,0.57,1.99,9.1
Rajkot,2025-06-06,37.28,28.29,22.42,0.09,1.42,1.32,9.18
Rajkot,2025-06-07,38.75,30.17,21.49,,0.46,0.74,8.39
Rajkot,2025-06-08,38.14,30.15,20.21,,1.39,1.3,8.8
Rajkot,2025-06-09,36.39,26.62,23.23,0.2,0.9,1.5,11.17
Rajkot,2025-06-10,38.6,29.21,20.93,0.19,1.21,0.93,8.93
Rajkot,2025-06-11,39.63,29.89,19.67,0.29,2.04,0.88,7.59
Rajkot,2025-06-12,37.53,29.74,22.3,0.12,0.84,1.32,8.15
Rajkot,2025-06-13,38.7,30.86,20.85,,0.52,0.93,8.15
Rajkot,2025-06-14,37.62,29.86,21.32,0.1,1.57,1.67,7.86
Rajkot,2025-06-15,35.39,30.58,19.73,0.42,1.15,1.57,11.17
Rajkot,2025-06-16,35.87,28.94,22.31,0.1,0.58,2.02,10.19
Rajkot,2025-06-17,36.13,28.96,21.7,0.1,1.01,1.01,11.1
Rajkot,2025-06-18,39.98,29.13,20.56,,0.62,1.45,8.26
Rajkot,2025-06-19,38.24,26.78,23.72,0.1,1.78,1.09,8.3
Rajkot,2025-06-20,36.88,25.83,24.52,,0.9,1.41,10.45
Rajkot,2025-06-21,39.8,28.29,22.44,,1.66,1.46,6.34
Rajkot,2025-06-22,37.09,29.28,21.07,,1.88,1.88,8.8
Rajkot,2025-06-23,38.09,26.58,23.52,0.2,0.71,1.43,9.47
Rajkot,2025-06-24,39.34,25.91,23.99,0.11,0.96,0.75,8.96
Rajkot,2025-06-25,38.48,27.79,23.94,0.2,1.09,0.99,7.52
Rajkot,2025-06-26,37.18,29.24,23.94,0.21,0.32,1.06,8.05
Rajkot,2025-06-27,39.98,34.0,17.23,,1.36,1.36,6.07
Rajkot,2025-06-28,36.35,29.08,24.2,0.09,1.51,0.62,8.16
Rajkot,2025-06-29,37.76,30.43,22.16,0.17,0.6,0.78,8.1
Rajkot,2025-06-30,36.97,29.7,24.59,,0.78,1.3,6.67
Rajkot,2025-07-01,38.99,29.35,21.51,,0.9,1.21,8.04
Rajkot,2025-07-02,37.32,31.61,20.89,0.09,1.25,1.43,7.41
Rajkot,2025-07-03,37.39,29.21,23.66,,1.75,0.97,7.01
Rajkot,2025-07-04,36.4,27.39,26.3,0.18,1.27,1.46,7.01
Rajkot,2025-07-05,37.13,27.66,24.59,0.19,1.05,0.96,8.42
Rajkot,2025-07-06,35.66,29.91,25.57,0.09,1.42,0.94,6.42
Rajkot,2025-07-07,38.23,26.24,25.11,0.26,0.7,0.7,8.77
Rajkot,2025-07-08,39.23,25.57,25.85,0.18,0.92,0.73,7.52
Rajkot,2025-07-09,36.83,28.65,24.13,0.19,1.35,0.77,8.08
Rajkot,2025-07-10,35.8,29.27,23.8,0.29,0.58,0.96,9.31
Rajkot,2025-07-11,36.0,31.85,22.68,,0.89,0.79,7.79
Rajkot,2025-07-12,35.35,30.95,22.8,,2.2,0.55,8.15
Rajkot,2025-07-13,35.78,30.39,23.76,0.18,1.24,1.06,7.6
Rajkot,2025-07-14,35.52,27.68,24.07,0.32,1.48,1.59,9.33
Rajkot,2025-07-15,38.5,28.81,21.41,0.26,1.5,0.79,8.72
Rajkot,2025-07-16,39.24,28.86,23.08,,0.63,0.94,7.24
Rajkot,2025-07-17,38.35,30.68,21.41,0.1,1.1,0.5,7.87
Rajkot,2025-07-18,38.45,26.08,22.82,0.1,1.15,1.15,10.26
Rajkot,2025-07-19,36.88,28.1,23.72,,1.21,0.75,9.34
Rajkot,2025-07-20,40.64,26.21,23.38,0.09,0.91,0.55,8.22
Rajkot,2025-07-21,38.57,30.92,21.95,0.1,0.91,0.5,7.05
Rajkot,2025-07-22,41.54,29.13,19.45,0.21,1.05,0.74,7.89
Rajkot,2025-07-23,41.11,28.37,19.42,0.31,0.92,0.1,9.76
Rajkot,2025-07-24,39.24,26.79,22.89,,0.84,0.84,9.39
Rajkot,2025-07-25,38.58,29.14,20.61,0.1,0.81,1.62,9.14
Rajkot,2025-07-26,42.07,27.85,21.75,,1.22,0.2,6.91
Rajkot,2025-07-27,38.86,28.88,18.82,0.35,1.56,1.13,10.41
Rajkot,2025-07-28,37.21,29.99,22.27,0.7,0.6,0.8,8.43
Rajkot,2025-07-29,36.86,28.44,23.01,0.09,1.12,1.22,9.26
Rajkot,2025-07-30,37.59,26.92,24.33,0.1,0.6,1.69,8.77
Rajkot,2025-07-31,35.28,30.09,21.86,,1.3,0.22,11.26
Rajkot,2025-08-01,39.21,29.81,20.3,0.12,1.16,0.93,8.47
Rajkot,2025-08-02,35.91,28.18,22.54,0.11,1.22,1.77,10.28
Rajkot,2025-08-03,37.93,31.03,19.64,,0.94,1.57,8.88
Rajkot,2025-08-04,38.88,30.51,20.89,,0.83,1.65,7.24
Rajkot,2025-08-05,36.77,32.92,20.0,0.52,0.73,1.15,7.92
Rajkot,2025-08-06,38.05,31.89,19.78,,1.08,1.41,7.78
Rajkot,2025-08-07,34.36,33.94,21.7,,1.06,1.81,7.13
Rajkot,2025-08-08,42.19,28.13,19.75,0.1,0.52,1.24,8.07
Rajkot,2025-08-09,37.4,32.41,19.59,,0.98,1.51,8.1
Rajkot,2025-08-10,39.49,32.05,19.89,,0.94,0.66,6.97
Rajkot,2025-08-11,36.72,31.41,22.65,,0.56,0.75,7.92
Rajkot,2025-08-12,38.02,28.92,23.86,0.1,1.42,1.52,6.17
Rajkot,2025-08-13,40.6,27.63,21.7,0.34,0.67,1.45,7.61
Rajkot,2025-08-14,42.68,28.27,19.07,,1.88,1.11,6.98
Rajkot,2025-08-15,39.87,30.5,19.72,,1.42,1.31,7.19
Rajkot,2025-08-16,39.94,32.74,18.98,,1.04,0.52,6.78
Rajkot,2025-08-17,37.76,33.46,18.07,0.1,1.24,1.24,8.13
Rajkot,2025-08-18,36.29,31.67,22.43,0.09,1.23,0.94,7.35
Rajkot,2025-08-19,37.74,29.53,22.23,,0.82,1.07,8.61
Rajkot,2025-08-20,38.24,31.86,21.24,,0.82,0.65,7.19
Rajkot,2025-08-21,37.62,31.32,21.33,,1.18,0.67,7.89
Rajkot,2025-08-22,38.0,29.32,23.47,0.27,0.62,1.15,7.17
Rajkot,2025-08-23,36.78,30.71,22.0,,0.9,0.66,8.95
Rajkot,2025-08-24,37.45,28.41,23.72,,0.87,1.39,8.17
Rajkot,2025-08-25,39.4,27.23,23.03,,1.14,1.93,7.27
Rajkot,2025-08-26,41.96,30.0,19.73,,0.89,1.07,6.34
Rajkot,2025-08-27,42.33,31.27,16.29,,1.48,0.61,8.01
Rajkot,2025-08-28,40.54,29.34,20.56,0.1,1.25,0.97,7.24
Rajkot,2025-08-29,40.42,32.11,19.76,,0.59,0.79,6.32
Rajkot,2025-08-30,39.43,26.38,22.95,0.1,1.71,0.67,8.76
Rajkot,2025-08-31,38.98,29.74,21.76,,0.82,0.73,7.98
Rajkot,2025-09-01,40.96,30.45,20.81,0.22,0.77,0.66,6.13
Rajkot,2025-09-02,41.77,29.38,19.17,,1.15,1.25,7.29
Rajkot,2025-09-03,48.57,31.18,14.13,,0.59,0.52,5.01
Rajkot,2025-09-04,45.48,34.35,13.57,,0.61,0.37,5.62
Rajkot,2025-09-05,44.0,31.8,17.29,0.28,0.56,0.63,5.44
Rajkot,2025-09-06,42.58,34.52,15.48,0.06,0.65,1.1,5.61
Rajkot,2025-09-07,43.4,31.52,16.96,0.12,0.96,1.01,6.03
Rajkot,2025-09-08,42.38,33.57,16.61,0.07,0.93,0.57,5.87
Rajkot,2025-09-09,43.75,29.01,19.52,0.08,0.77,0.69,6.17
Rajkot,2025-09-10,39.71,29.65,22.12,,1.0,1.38,6.14
Rajkot,2025-09-11,42.08,32.88,17.46,0.17,0.68,0.43,6.3
Rajkot,2025-09-12,40.45,34.24,17.44,0.08,0.56,0.56,6.69
Rajkot,2025-09-13,40.19,31.56,20.82,,0.32,1.13,5.97
Rajkot,2025-09-14,39.33,32.6,17.79,0.14,0.71,0.64,8.79
Rajkot,2025-09-15,41.47,32.62,16.19,0.08,0.4,0.56,8.69
Rajkot,2025-09-16,42.48,32.42,17.06,,1.13,1.13,5.79
Rajkot,2025-09-17,43.23,30.34,18.9,,1.04,0.8,5.68
Rajkot,2025-09-18,43.27,30.89,18.99,,0.93,0.54,5.37
Rajkot,2025-09-19,43.15,28.71,17.23,0.16,0.98,1.31,8.45
Rajkot,2025-09-20,44.13,31.85,16.12,,0.69,0.46,6.75
Rajkot,2025-09-21,42.82,32.15,13.85,,1.4,0.25,9.53
Rajkot,2025-09-22,45.22,35.53,13.77,0.06,0.3,0.24,4.88
Rajkot,2025-09-23,44.72,34.77,14.4,0.4,0.86,0.33,4.51
Rajkot,2025-09-24,42.86,32.97,15.63,0.13,1.02,0.7,6.7
Rajkot,2025-09-25,43.36,33.14,15.88,0.07,1.23,0.51,5.8
Rajkot,2025-09-26,42.54,32.55,16.88,0.15,0.45,0.38,7.04
Rajkot,2025-09-27,43.84,31.22,17.03,,1.19,0.67,6.05
Rajkot,2025-09-28,38.91,30.82,15.41,,0.69,0.41,13.75
Rajkot,2025-09-29,40.35,32.08,18.87,,0.65,0.44,7.62
Rajkot,2025-09-30,42.68,34.07,15.93,,1.22,0.53,5.56
Rajkot,2025-10-01,41.25,32.61,19.03,0.07,0.73,0.65,5.66
Rajkot,2025-10-02,42.21,33.04,18.19,,0.94,0.54,5.08
Rajkot,2025-10-03,41.38,33.85,17.16,,1.22,0.54,5.83
Rajkot,2025-10-04,40.73,34.44,17.91,0.07,1.11,0.41,5.33
Rajkot,2025-10-05,39.35,32.81,20.58,,0.86,0.36,6.04
Rajkot,2025-10-06,43.98,30.47,18.44,,0.63,0.49,5.98
Rajkot,2025-10-07,44.08,31.88,15.76,0.15,0.87,0.44,6.83
Rajkot,2025-10-08,39.82,34.73,17.69,0.08,0.57,0.65,6.46
Rajkot,2025-10-09,41.02,34.39,17.64,,0.65,0.16,6.15
Rajkot,2025-10-10,39.95,34.23,18.54,,0.87,0.17,6.24
Rajkot,2025-10-11,41.03,33.04,18.91,,0.49,0.58,5.95
Rajkot,2025-10-12,40.02,34.16,17.66,,0.33,0.66,7.18
Rajkot,2025-10-13,41.95,29.03,20.35,0.1,0.58,0.58,7.43
Rajkot,2025-10-14,39.2,32.73,19.33,0.18,1.0,0.64,6.93
Rajkot,2025-10-15,42.69,30.84,19.16,,0.62,0.62,6.06
Rajkot,2025-10-16,38.72,32.35,21.26,0.09,1.2,0.37,6.01
Rajkot,2025-10-17,40.23,35.54,18.36,0.43,0.64,0.32,4.48
Rajkot,2025-10-18,44.03,34.51,15.02,,1.03,0.47,4.94
Rajkot,2025-10-19,40.59,36.89,14.64,,0.37,0.83,6.67
Rajkot,2025-10-20,40.29,36.09,16.45,,1.1,1.1,4.97
Rajkot,2025-10-21,41.98,33.3,15.84,,1.11,1.01,6.76
Rajkot,2025-10-22,40.73,36.81,14.08,,0.45,0.71,7.22
Rajkot,2025-10-23,40.9,30.83,20.15,,0.3,0.75,7.07
Rajkot,2025-10-24,42.76,32.68,15.96,,1.12,1.26,6.23
Rajkot,2025-10-25,40.87,32.38,16.67,0.06,1.2,1.2,7.6
Rajkot,2025-10-26,38.55,37.15,17.48,,0.67,0.67,5.48
Rajkot,2025-10-27,41.65,31.55,18.18,,0.99,1.05,6.59
Rajkot,2025-10-28,37.75,34.73,19.86,0.07,0.79,0.79,6.03
Rajkot,2025-10-29,40.56,33.42,18.41,,0.66,0.59,6.36
Rajkot,2025-10-30,37.22,34.63,19.76,,0.76,0.46,7.17
Rajkot,2025-10-31,38.94,34.97,19.03,,0.87,0.71,5.47
Rajkot,2025-11-01,37.91,33.28,18.58,0.07,0.75,0.97,8.43
Rajkot,2025-11-02,39.27,32.98,18.45,,1.07,0.72,7.51
Rajkot,2025-11-03,38.66,37.08,17.35,,0.43,0.86,5.62
Rajkot,2025-11-04,44.59,35.56,13.07,0.16,0.38,0.86,5.38
Rajkot,2025-11-05,43.28,35.08,14.86,,0.97,0.65,5.17
Rajkot,2025-11-06,45.46,33.31,16.13,0.07,0.49,0.14,4.4
Rajkot,2025-11-07,45.41,31.78,15.14,,0.43,0.79,6.46
Rajkot,2025-11-08,37.44,33.63,19.09,0.15,0.73,0.81,8.15
Rajkot,2025-11-09,44.9,30.8,17.57,,0.29,0.29,6.15
Rajkot,2025-11-10,38.98,35.62,17.6,,0.59,1.01,6.2
Rajkot,2025-11-11,40.7,35.18,17.92,,0.42,0.5,5.28
Rajkot,2025-11-12,41.06,34.32,16.78,0.08,0.59,1.18,5.99
Rajkot,2025-11-13,41.33,31.61,17.8,0.09,0.64,1.36,7.18
Rajkot,2025-11-14,40.33,31.06,20.53,0.09,1.18,0.27,6.54
Rajkot,2025-11-15,41.79,32.53,18.37,0.23,0.7,0.78,5.6
Rajkot,2025-11-16,44.4,31.49,15.7,,1.02,0.68,6.71
Rajkot,2025-11-17,40.3,31.08,20.72,0.09,0.88,0.7,6.23
Rajkot,2025-11-18,39.57,33.51,19.6,0.09,0.72,0.63,5.87
Rajkot,2025-11-19,40.42,32.44,19.63,,0.96,0.19,6.35
Rajkot,2025-11-20,40.16,32.94,18.86,0.18,1.26,0.81,5.78
Rajkot,2025-11-21,40.13,34.22,17.35,,0.38,0.86,7.05
Rajkot,2025-11-22,37.27,33.21,20.94,0.09,0.83,1.29,6.37
Rajkot,2025-11-23,39.01,35.43,17.72,0.09,0.94,0.6,6.22
Rajkot,2025-11-24,36.05,33.78,22.18,,0.84,0.59,6.55
Rajkot,2025-11-25,46.02,37.0,12.89,0.05,0.37,0.23,3.45
Rajkot,2025-11-26,45.42,35.13,13.53,0.07,0.74,1.01,4.1
Rajkot,2025-11-27,39.99,35.7,17.71,0.07,1.05,0.42,5.06
Rajkot,2025-11-28,42.54,31.62,18.58,,0.86,0.31,6.09
Rajkot,2025-11-29,40.11,36.87,15.4,,0.97,0.41,6.24
Rajkot,2025-11-30,37.85,36.31,19.31,0.17,0.86,0.6,4.89
Rajkot,2025-12-01,39.9,30.05,21.84,0.08,0.33,0.9,6.9
Rajkot,2025-12-02,37.89,30.44,23.07,0.09,0.61,1.49,6.4
Rajkot,2025-12-03,40.78,37.49,16.28,0.09,0.61,0.95,3.81
Rajkot,2025-12-04,41.55,32.43,19.06,0.09,0.99,1.08,4.79
Rajkot,2025-12-05,40.21,33.22,18.6,,0.53,0.8,6.64
Rajkot,2025-12-06,40.67,38.28,15.09,0.16,0.32,0.4,5.08
Rajkot,2025-12-07,41.56,33.44,18.85,0.08,0.79,0.47,4.81
Rajkot,2025-12-08,39.78,34.51,18.03,,0.95,0.6,6.13
Rajkot,2025-12-09,39.84,32.95,20.95,,0.54,0.18,5.55
Rajkot,2025-12-10,41.73,34.98,16.06,0.08,0.64,1.03,5.48
Rajkot,2025-12-11,41.73,35.87,16.8,,0.7,0.7,4.2
Rajkot,2025-12-12,37.61,35.46,18.49,,1.59,0.8,6.06
Rajkot,2025-12-13,40.8,35.71,15.52,,0.41,0.49,7.06
Rajkot,2025-12-14,39.43,34.44,17.52,,0.61,0.85,7.15
Rajkot,2025-12-15,40.11,33.49,17.63,,0.92,0.92,6.93
Rajkot,2025-12-16,41.35,31.12,20.38,,0.68,0.77,5.71
Rajkot,2025-12-17,41.81,32.26,18.86,0.16,0.08,0.72,6.1
Rajkot,2025-12-18,40.36,33.83,18.27,,0.86,0.7,5.99
Rajkot,2025-12-19,41.59,31.67,19.44,,1.07,0.41,5.82
Rajkot,2025-12-20,37.78,34.5,18.89,,0.31,0.39,8.12
Rajkot,2025-12-21,41.71,32.28,19.92,,0.65,0.49,4.96
Rajkot,2025-12-22,40.71,31.19,19.68,,1.43,0.48,6.51
Rajkot,2025-12-23,38.35,35.74,20.21,,0.32,0.79,4.6
Rajkot,2025-12-24,36.72,31.94,23.65,0.09,0.51,0.85,6.23
Rajkot,2025-12-25,36.82,36.17,19.97,,0.49,0.41,6.14
Rajkot,2025-12-26,40.61,30.74,20.52,,0.78,0.87,6.49
Rajkot,2025-12-27,37.29,34.41,21.78,,0.66,0.66,5.2
Rajkot,2025-12-28,37.38,34.37,21.27,0.09,0.86,0.52,5.51
Rajkot,2025-12-29,36.5,33.48,22.82,,0.44,1.33,5.42
Rajkot,2025-12-30,36.71,33.04,22.64,,0.26,0.44,6.91
Rajkot,2025-12-31,38.29,33.02,21.05,,0.62,0.93,6.09
Rajkot,2026-01-01,39.07,34.26,19.54,0.09,0.62,0.36,6.07
Rajkot,2026-01-02,40.88,33.58,18.43,0.19,0.75,0.19,5.99
Rajkot,2026-01-03,41.65,29.13,23.01,,0.97,0.58,4.66
Rajkot,2026-01-04,40.81,37.78,15.44,,0.55,1.1,4.32
Rajkot,2026-01-05,42.4,33.54,17.95,,1.1,0.31,4.7
Rajkot,2026-01-06,41.87,32.54,18.82,0.08,0.64,0.64,5.42
Rajkot,2026-01-07,37.89,33.07,19.66,,1.07,1.52,6.79
Rajkot,2026-01-08,38.26,36.33,17.89,0.09,0.55,1.1,5.78
Rajkot,2026-01-09,41.27,33.3,18.04,,0.77,0.58,6.05
Rajkot,2026-01-10,40.53,34.05,18.2,0.09,1.22,0.84,5.07
Rajkot,2026-01-11,43.37,31.35,18.4,0.1,0.62,0.62,5.55
Rajkot,2026-01-12,41.68,32.49,18.77,0.1,0.71,0.5,5.75
Rajkot,2026-01-13,45.47,35.49,13.26,0.08,0.59,1.01,4.11
Rajkot,2026-01-14,40.61,36.13,15.92,,1.05,0.48,5.82
Rajkot,2026-01-15,41.66,34.91,16.09,,0.59,0.44,6.3
Rajkot,2026-01-16,42.29,36.07,14.65,0.08,1.14,0.23,5.54
Rajkot,2026-01-17,38.47,34.8,17.85,,1.39,0.81,6.68
Rajkot,2026-01-18,39.48,35.38,18.12,0.08,1.1,0.47,5.36
Rajkot,2026-01-19,39.35,34.77,19.01,,0.97,0.44,5.46
Rajkot,2026-01-20,42.63,35.85,15.35,,1.09,0.62,4.44
Rajkot,2026-01-21,42.09,32.37,18.95,,0.66,0.66,5.27
Rajkot,2026-01-22,41.97,32.53,18.23,,0.42,0.59,6.27
Rajkot,2026-01-23,41.72,32.43,18.67,,0.88,0.79,5.52
Rajkot,2026-01-24,40.44,32.44,19.21,,0.64,0.28,6.99
Rajkot,2026-01-25,40.68,32.79,17.41,,0.9,0.9,7.32
Rajkot,2026-01-26,44.36,33.14,15.81,,0.98,0.52,5.18
Rajkot,2026-01-27,41.56,34.37,17.29,0.07,0.55,1.18,4.98
Rajkot,2026-01-28,43.09,31.46,17.64,0.08,0.55,0.78,6.4
Rajkot,2026-01-29,39.88,34.01,16.92,0.34,1.02,0.94,6.89
Rajkot,2026-01-30,40.73,31.69,19.09,0.09,0.55,0.73,7.12
Rajkot,2026-01-31,38.2,32.13,21.21,,1.06,1.23,6.16
Rajkot,2026-02-01,42.62,29.51,17.87,0.16,1.31,0.33,8.2
Rajkot,2026-02-02,39.52,31.86,19.58,,0.65,1.02,7.39
Rajkot,2026-02-03,39.24,31.87,20.6,,1.3,0.75,6.24
Rajkot,2026-02-04,41.13,30.7,20.09,,0.66,1.22,6.2
Rajkot,2026-02-05,39.57,31.23,21.21,,0.89,0.62,6.48
Rajkot,2026-02-06,39.52,32.26,18.84,,1.01,1.1,7.26
Rajkot,2026-02-07,41.12,31.9,18.88,0.09,0.86,0.86,6.29
Rajkot,2026-02-08,37.2,35.61,18.43,,1.08,0.67,7.01
Rajkot,2026-02-09,39.59,36.54,15.98,,0.63,0.99,6.28
Rajkot,2026-02-10,41.44,31.8,19.91,,0.18,0.72,5.95
Rajkot,2026-02-11,38.35,33.64,18.9,,0.62,1.0,7.48
Rajkot,2026-02-12,38.78,33.06,19.3,,0.92,1.11,6.83
Rajkot,2026-02-13,40.69,32.33,17.5,,1.29,1.21,6.98
Rajkot,2026-02-14,40.62,33.48,17.8,,0.88,0.7,6.52
Rajkot,2026-02-15,36.59,29.29,18.46,,0.74,0.08,14.85
Rajkot,2026-02-16,40.95,31.34,18.7,,0.52,0.95,7.53
Rajkot,2026-02-17,43.48,28.73,19.91,,0.78,0.86,6.25
Rajkot,2026-02-18,39.92,34.07,16.71,,0.82,0.82,7.65
Rajkot,2026-02-19,41.4,32.08,18.01,,0.81,0.63,7.08
Rajkot,2026-02-20,41.2,34.3,16.87,0.08,0.4,1.04,6.1
Rajkot,2026-02-21,40.46,33.84,18.28,0.08,0.48,0.8,6.07
Rajkot,2026-02-22,37.69,31.65,18.68,,0.66,0.74,10.58
Rajkot,2026-02-23,36.57,32.13,21.17,0.25,0.91,0.49,8.48
Rajkot,2026-02-24,37.44,33.88,18.81,,0.82,0.46,8.58
Rajkot,2026-02-25,40.6,31.44,18.79,,0.76,1.04,7.37
Rajkot,2026-02-26,36.15,31.15,20.38,,0.38,1.44,10.48
Rajkot,2026-02-27,42.21,30.35,18.39,,0.9,0.9,7.24
Rajkot,2026-02-28,36.53,32.88,23.07,0.1,0.63,0.94,5.85
Rajkot,2026-03-01,41.75,29.93,15.76,,0.64,1.38,10.54
Rajkot,2026-03-02,36.68,33.81,19.57,0.1,0.82,1.54,7.48
Rajkot,2026-03-03,44.04,31.61,18.45,,0.62,0.73,4.56
Rajkot,2026-03-04,40.59,30.28,19.39,0.1,0.67,0.48,8.5
Rajkot,2026-03-05,35.3,32.11,17.89,0.1,0.77,0.39,13.44
Rajkot,2026-03-06,39.35,32.66,19.87,,0.48,1.05,6.59
Rajkot,2026-03-07,36.41,37.58,17.22,0.18,0.9,0.45,7.26
Rajkot,2026-03-08,34.38,32.76,15.38,,0.29,0.67,16.52
Rajkot,2026-03-09,38.75,32.21,18.63,,0.59,0.99,8.82
Rajkot,2026-03-10,35.59,36.07,18.7,,0.86,1.24,7.54
Rajkot,2026-03-11,38.63,33.84,18.76,,0.71,1.43,6.63
Rajkot,2026-03-12,40.76,33.12,16.79,0.09,0.75,0.47,8.02
Rajkot,2026-03-13,41.45,32.9,18.22,,0.28,0.65,6.51
Rajkot,2026-03-14,39.35,34.02,19.16,,0.95,0.52,6.01
Rajkot,2026-03-15,37.3,36.86,18.78,,0.88,0.71,5.47
Rajkot,2026-03-16,38.62,32.79,21.13,,0.96,0.76,5.74
Rajkot,2026-03-17,38.77,33.55,20.22,0.09,0.47,0.37,6.52
Rajkot,2026-03-18,37.19,35.85,19.69,,0.29,0.76,6.21
Rajkot,2026-03-19,39.37,35.55,17.12,,0.98,1.2,5.78
Rajkot,2026-03-20,39.42,33.37,18.47,,0.99,1.09,6.65
Rajkot,2026-03-21,37.77,35.71,19.06,,0.69,0.6,6.18
Rajkot,2026-03-22,42.87,34.84,16.88,0.09,0.36,0.27,4.69
Rajkot,2026-03-23,43.56,31.6,16.94,,0.52,0.83,6.55
Rajkot,2026-03-24,38.3,34.38,19.48,,0.34,0.9,6.61
Rajkot,2026-03-25,38.87,37.35,17.7,0.11,0.33,0.76,4.89
Rajkot,2026-03-26,41.92,33.7,17.72,,0.91,1.19,4.57
Rajkot,2026-03-27,43.3,30.94,17.53,,0.96,1.05,6.23
Rajkot,2026-03-28,41.74,31.48,18.08,,0.68,1.17,6.84
Rajkot,2026-03-29,43.64,32.73,17.03,,0.38,1.15,5.07
Rajkot,2026-03-30,37.81,35.62,18.1,0.1,0.86,1.05,6.48
Rajkot,2026-03-31,37.13,32.64,21.97,0.1,0.73,1.05,6.38
Rajkot,2026-04-01,42.78,31.17,19.14,,0.42,1.26,5.23
Rajkot,2026-04-02,43.24,31.31,18.19,0.1,0.6,1.09,5.47
Rajkot,2026-04-03,37.49,34.6,19.74,0.2,0.8,0.4,6.78
Rajkot,2026-04-04,41.63,32.63,20.13,,0.32,0.74,4.56
Rajkot,2026-04-05,40.74,32.51,18.93,0.1,0.62,0.1,7.0
Rajkot,2026-04-06,38.19,34.39,19.94,,0.32,1.05,6.12
Rajkot,2026-04-07,38.65,31.99,21.72,0.11,0.87,0.76,5.9
Rajkot,2026-04-08,41.48,31.39,20.18,,0.67,0.11,6.17
Rajkot,2026-04-09,38.15,35.24,19.4,0.11,0.65,0.54,5.93
Rajkot,2026-04-10,38.51,33.85,18.09,,0.33,1.22,7.99
Rajkot,2026-04-11,37.43,32.79,20.6,,0.54,0.97,7.66
Rajkot,2026-04-12,38.82,33.11,20.43,0.1,0.48,0.39,6.68
Rajkot,2026-04-13,38.6,32.55,21.35,,1.17,0.39,5.95
Rajkot,2026-04-14,41.04,29.29,20.57,0.1,0.59,0.78,7.64
Rajkot,2026-04-15,41.85,33.08,18.32,,0.29,0.58,5.88
Rajkot,2026-04-16,41.51,28.2,21.07,,0.84,0.52,7.86
Rajkot,2026-04-17,38.71,32.99,20.74,,0.51,0.61,6.44
Rajkot,2026-04-18,39.22,28.96,21.88,0.21,0.85,1.16,7.72
Rajkot,2026-04-19,41.75,33.3,17.74,,0.66,0.47,6.07
Rajkot,2026-04-20,41.76,31.73,19.29,0.1,0.58,0.58,5.98
Rajkot,2026-04-21,38.67,33.85,21.12,0.29,0.39,0.39,5.3
Rajkot,2026-04-22,37.82,32.16,22.12,0.49,0.88,0.68,5.85
Rajkot,2026-04-23,36.91,33.3,19.82,,0.88,1.07,8.01
Rajkot,2026-04-24,40.3,32.32,19.31,0.1,0.79,1.28,5.91
Rajkot,2026-04-25,38.53,31.28,22.83,0.11,0.55,1.65,5.05
Rajkot,2026-04-26,40.28,30.86,21.04,,0.4,1.0,6.41
Rajkot,2026-04-27,37.43,30.35,22.16,0.09,0.74,1.21,8.01
Rajkot,2026-04-28,39.09,28.44,22.44,,0.52,1.03,8.48
Rajkot,2026-04-29,40.13,30.22,20.67,0.09,1.22,0.28,7.39
Rajkot,2026-04-30,36.06,33.17,21.38,,1.1,1.2,7.09
Rajkot,2026-05-01,38.4,31.49,22.52,0.09,0.26,0.86,6.38
Rajkot,2026-05-02,40.0,31.8,18.89,,0.65,0.74,7.93
Rajkot,2026-05-03,37.52,32.46,21.39,,0.84,1.13,6.66
Rajkot,2026-05-04,37.97,30.96,23.45,0.1,0.41,0.71,6.4
Rajkot,2026-05-05,39.83,31.15,20.73,,0.48,0.68,7.14
Rajkot,2026-05-06,39.82,32.5,19.86,,0.8,0.7,6.32
Rajkot,2026-05-07,38.37,32.95,19.85,,1.42,1.14,6.27
Rajkot,2026-05-08,40.68,27.51,22.44,,0.59,0.49,8.29
Rajkot,2026-05-09,39.41,31.82,20.07,,0.65,0.56,7.49
Rajkot,2026-05-10,39.89,32.58,19.4,,0.9,0.72,6.5
Rajkot,2026-05-11,38.91,31.67,21.63,,0.9,0.72,6.15
Rajkot,2026-05-12,36.79,33.48,22.5,,1.52,0.89,4.82
Rajkot,2026-05-13,37.29,33.63,22.26,0.08,0.73,0.65,5.36
Rajkot,2026-05-14,37.31,33.98,20.81,0.18,0.97,0.18,6.58
Rajkot,2026-05-15,36.93,33.9,19.63,,1.07,1.07,7.4
Rajkot,2026-05-16,39.67,31.88,18.77,,1.37,0.6,7.71
Rajkot,2026-05-17,37.19,37.01,16.25,0.09,1.01,0.83,7.62
Rajkot,2026-05-18,38.21,33.37,21.48,,0.48,0.86,5.61
Rajkot,2026-05-19,36.11,33.27,21.83,,0.53,0.71,7.54
Rajkot,2026-05-20,39.1,32.37,21.04,,0.96,0.96,5.57
Rajkot,2026-05-21,40.15,32.77,19.7,,0.47,0.66,6.25
Rajkot,2026-05-22,41.31,35.1,15.92,0.16,0.57,0.82,6.12
Rajkot,2026-05-23,40.27,31.78,19.3,,1.08,0.83,6.74
Rajkot,2026-05-24,42.9,30.37,18.88,,1.03,1.03,5.79
Rajkot,2026-05-25,39.55,32.2,21.64,,0.25,0.83,5.53
Rajkot,2026-05-26,39.06,31.55,20.28,,0.56,0.75,7.79
Rajkot,2026-05-27,40.73,32.2,20.02,0.09,0.78,0.17,6.01
Rajkot,2026-05-28,39.34,38.04,16.1,,0.5,0.19,5.84
Rajkot,2026-05-29,37.77,38.1,16.73,0.08,0.32,0.73,6.26
Rajkot,2026-05-30,43.63,31.74,17.0,,0.78,0.61,6.24
Rajkot,2026-05-31,41.05,28.78,20.2,,0.37,0.83,8.76
Rajkot,2026-06-01,39.16,32.94,19.21,,0.27,0.64,7.78
Rajkot,2026-06-02,41.88,31.52,17.77,0.09,0.71,0.89,7.14
Rajkot,2026-06-03,39.25,33.93,19.98,0.09,0.44,0.53,5.77
Rajkot,2026-06-04,39.43,33.49,19.12,,1.46,0.46,6.04
Rajkot,2026-06-05,40.02,30.12,21.21,,0.98,1.25,6.42
Rajkot,2026-06-06,40.88,30.77,20.22,0.09,1.56,0.86,5.62
Rajkot,2026-06-07,39.62,32.4,19.58,,1.35,0.72,6.32
Rajkot,2026-06-08,42.93,31.14,18.56,0.17,0.78,0.69,5.72
Rajkot,2026-06-09,40.92,29.77,21.57,,0.65,0.83,6.27
Rajkot,2026-06-10,37.84,32.12,20.78,,0.69,0.52,8.05
Rajkot,2026-06-11,39.18,29.36,22.6,,0.95,0.21,7.71
Rajkot,2026-06-12,39.1,30.6,21.1,,0.7,1.3,7.2
Rajkot,2026-06-13,41.43,28.73,20.12,,0.94,0.6,8.18
Rajkot,2026-06-14,40.48,30.58,20.07,,0.6,0.86,7.41
Rajkot,2026-06-15,35.6,31.47,22.75,0.28,1.19,0.83,7.89
Rajkot,2026-06-16,39.83,31.88,20.06,,0.78,0.48,6.98
Rajkot,2026-06-17,38.86,31.3,22.38,,0.68,0.58,6.2
Rajkot,2026-06-18,41.66,31.61,20.2,0.1,0.68,0.78,4.98
Rajkot,2026-06-19,42.39,28.8,21.53,,0.57,0.86,5.84
Rajkot,2026-06-20,38.41,29.8,23.56,,1.42,0.76,6.05
Rajkot,2026-06-21,43.21,30.02,19.78,,0.98,0.79,5.22
Rajkot,2026-06-22,40.77,29.52,21.37,,0.19,1.03,7.12
Rajkot,2026-06-23,40.29,27.27,23.64,,0.48,0.86,7.46
Rajkot,2026-06-24,38.31,29.58,23.67,0.1,1.07,1.07,6.21
Rajkot,2026-06-25,38.57,26.79,25.71,,0.59,0.49,7.85
Rajkot,2026-06-26,40.48,29.71,21.73,,0.7,0.7,6.68
Rajkot,2026-06-27,39.23,31.57,20.89,0.09,0.55,0.91,6.75
Rajkot,2026-06-28,37.77,29.02,23.39,0.09,0.71,0.54,8.48
Rajkot,2026-06-29,42.5,24.83,22.84,,0.5,0.79,8.54
Rajkot,2026-06-30,41.98,32.95,19.28,,0.95,0.66,4.18
Rajkot,2026-07-01,43.07,27.5,21.16,0.11,0.32,1.18,6.66
Rajkot,2026-07-02,40.75,31.5,21.34,,1.12,1.42,3.86
Rajkot,2026-07-03,40.9,28.22,23.82,0.1,0.41,0.72,5.83
Rajkot,2026-07-04,41.4,30.48,19.76,0.2,0.39,0.59,7.18
Rajkot,2026-07-05,40.53,30.28,22.12,0.0,0.63,0.73,5.71
Rajkot,2026-07-06,43.54,26.98,21.77,,0.73,0.42,6.56
Rajkot,2026-07-07,43.1,30.21,18.83,,1.11,0.6,6.14
Rajkot,2026-07-08,41.32,31.72,19.01,,1.26,0.87,5.82
Rajkot,2026-07-09,40.08,31.33,20.41,,0.94,0.47,6.77
Rajkot,2026-07-10,36.52,34.82,19.87,,0.47,0.76,7.57
Rajkot,2026-07-11,40.95,32.26,19.53,0.18,0.45,0.9,5.73
Rajkot,2026-07-12,34.14,34.31,23.46,0.08,0.67,0.92,6.43
Rajkot,2026-07-13,37.1,31.12,22.68,0.19,0.76,1.04,7.12
Rajkot,2026-07-14,39.06,33.09,20.13,0.18,0.64,0.83,6.07
Rajkot,2026-07-15,39.06,30.24,23.99,,0.46,0.83,5.42
Rajkot,2026-07-16,42.06,30.7,19.5,0.16,0.32,0.73,6.53
Rajkot,2026-07-17,39.15,30.88,22.43,0.28,1.1,0.74,5.42
Rajkot,2026-07-18,39.27,27.01,24.6,0.36,0.72,1.34,6.71
Rajkot,2026-07-19,39.61,26.85,24.44,0.18,0.27,0.8,7.85
Rajkot,2026-07-20,42.91,28.74,20.63,0.29,0.78,0.78,5.87
Rajkot,2026-07-21,40.93,30.6,19.79,0.19,0.39,0.39,7.72
Rajkot,2026-07-22,38.18,34.24,19.89,,1.03,0.56,6.1
Rajkot,2026-07-23,40.84,32.38,20.13,,0.57,0.38,5.7
Rajkot,2026-07-24,47.37,31.46,15.98,0.07,0.35,0.7,4.06
Rajkot,2026-07-25,40.68,34.84,17.73,0.07,0.76,0.56,5.35
Rajkot,2026-07-26,39.71,33.1,20.12,0.08,0.69,0.61,5.68
Rajkot,2026-07-27,39.44,30.78,23.12,0.08,0.15,0.7,5.72
Rajkot,2026-07-28,44.4,28.81,19.35,,0.35,0.79,6.3
Rajkot,2026-07-29,41.86,32.56,20.29,,0.08,0.4,4.81
Rajkot,2026-07-30,43.17,29.09,20.95,,0.85,0.68,5.26
Rajkot,2026-07-31,44.16,27.1,19.83,,0.61,1.47,6.84
Rajkot,2026-08-01,39.85,31.57,20.54,0.08,0.57,0.73,6.66
Rajkot,2026-08-02,41.88,29.18,20.94,0.08,0.34,0.34,7.23
Rajkot,2026-08-03,43.97,25.04,22.5,0.08,1.02,1.1,6.28
Rajkot,2026-08-04,42.55,29.89,19.84,0.18,0.63,1.35,5.57
Rajkot,2026-08-05,41.59,31.75,20.36,,0.17,0.35,5.78
Rajkot,2026-08-06,41.52,31.75,18.8,,1.09,0.67,6.18
Rajkot,2026-08-07,41.42,31.6,19.39,0.17,0.34,0.51,6.58
Rajkot,2026-08-08,43.41,29.45,19.15,,0.67,0.67,6.64
Rajkot,2026-08-09,43.21,29.01,20.38,,0.52,0.44,6.45
Rajkot,2026-08-10,41.55,28.73,19.55,,0.82,1.09,8.27
Rajkot,2026-08-11,39.89,30.55,20.67,0.09,0.91,1.18,6.71
Rajkot,2026-08-12,43.96,28.57,21.52,,0.18,0.73,5.04
Rajkot,2026-08-13,37.96,31.02,23.12,,0.96,0.67,6.26
Rajkot,2026-08-14,44.17,26.03,21.1,,0.81,1.62,6.28
Rajkot,2026-08-15,40.98,30.48,20.92,0.08,1.24,0.54,5.75
Rajkot,2026-08-16,43.32,28.99,20.49,0.09,0.52,0.35,6.25
Rajkot,2026-08-17,36.57,34.19,20.32,0.18,0.71,0.71,7.33
Rajkot,2026-08-18,39.39,32.41,21.38,,0.84,0.25,5.72
Rajkot,2026-08-19,39.66,29.91,20.95,0.09,0.6,0.43,8.36
Rajkot,2026-08-20,38.63,28.77,22.47,,0.53,0.8,8.79
Rajkot,2026-08-21,40.57,28.08,21.51,,0.82,0.55,8.48
Rajkot,2026-08-22,39.29,29.18,22.47,0.09,0.7,0.87,7.4
Rajkot,2026-08-23,38.51,30.36,23.76,,1.55,0.39,5.43
Rajkot,2026-08-24,39.81,30.61,19.34,,0.56,1.22,8.45
Rajkot,2026-08-25,41.11,28.99,19.8,,1.21,0.81,8.08
Rajkot,2026-08-26,43.99,29.99,18.34,,0.36,0.9,6.41
Rajkot,2026-08-27,43.0,29.68,20.22,0.1,0.49,0.1,6.41
Rajkot,2026-08-28,42.52,31.62,19.75,,0.62,0.27,5.23
Rajkot,2026-08-29,40.24,28.57,22.49,0.08,0.93,0.59,7.1
Rajkot,2026-08-30,37.88,33.87,18.45,,0.8,0.53,8.47
Rajkot,2026-08-31,37.86,31.17,22.63,,1.03,0.93,6.38
Surat,2025-01-01,38.34,27.64,23.18,0.27,1.44,2.06,7.06
Surat,2025-01-02,36.94,30.16,23.78,0.07,0.85,1.24,6.97
Surat,2025-01-03,37.01,31.53,23.25,0.06,0.64,1.02,6.5
Surat,2025-01-04,38.57,30.2,21.84,0.14,1.29,1.5,6.46
Surat,2025-01-05,35.45,31.02,23.48,0.2,0.93,1.85,7.08
Surat,2025-01-06,36.4,28.4,23.27,0.13,1.4,1.07,9.33
Surat,2025-01-07,36.25,31.03,21.54,0.07,1.15,1.36,8.6
Surat,2025-01-08,34.95,29.47,24.13,0.14,1.66,1.6,8.04
Surat,2025-01-09,35.78,32.59,21.22,0.2,0.75,1.5,7.96
Surat,2025-01-10,36.85,30.71,22.36,0.2,1.27,1.74,6.88
Surat,2025-01-11,39.68,29.4,20.7,0.07,0.72,1.58,7.84
Surat,2025-01-12,35.8,31.2,22.14,0.14,1.44,1.22,8.05
Surat,2025-01-13,37.14,29.73,22.9,0.33,0.67,1.25,7.99
Surat,2025-01-14,40.82,30.55,19.7,0.17,0.83,1.67,6.26
Surat,2025-01-15,39.61,28.62,21.48,0.14,0.98,1.68,7.49
Surat,2025-01-16,38.14,29.91,20.64,0.49,1.17,1.97,7.68
Surat,2025-01-17,39.95,31.11,19.53,0.05,0.47,1.65,7.24
Surat,2025-01-18,38.71,31.36,22.25,,1.33,0.72,5.63
Surat,2025-01-19,39.28,31.93,19.3,0.11,0.9,1.23,7.24
Surat,2025-01-20,39.01,29.81,21.91,0.18,0.65,1.25,7.19
Surat,2025-01-21,41.89,28.76,21.3,0.12,0.36,1.48,6.09
Surat,2025-01-22,38.56,31.99,21.18,0.11,1.47,1.13,5.55
Surat,2025-01-23,38.05,31.07,21.83,,0.89,1.66,6.51
Surat,2025-01-24,40.06,29.28,20.77,0.11,0.88,1.55,7.35
Surat,2025-01-25,37.2,30.63,22.35,0.12,0.65,1.12,7.92
Surat,2025-01-26,38.85,30.36,20.92,0.06,1.05,1.66,7.1
Surat,2025-01-27,36.45,29.89,24.26,0.38,1.04,1.26,6.72
Surat,2025-01-28,34.45,28.6,30.09,0.11,0.48,0.69,5.58
Surat,2025-01-29,37.0,28.77,25.46,0.12,0.77,1.07,6.81
Surat,2025-01-30,37.1,30.99,22.68,0.06,0.92,1.28,6.97
Surat,2025-01-31,39.28,28.6,23.26,0.13,0.98,0.98,6.78
Surat,2025-02-01,39.25,30.73,22.38,,0.71,0.71,6.22
Surat,2025-02-02,41.03,29.55,19.7,0.23,0.76,1.69,7.05
Surat,2025-02-03,37.37,29.78,22.45,0.13,0.98,1.96,7.33
Surat,2025-02-04,35.18,30.1,24.43,0.2,0.98,1.11,8.01
Surat,2025-02-05,38.64,29.32,23.52,0.43,0.56,1.17,6.36
Surat,2025-02-06,37.38,31.28,21.88,0.2,1.01,1.34,6.91
Surat,2025-02-07,36.65,29.56,24.68,0.25,0.95,1.46,6.46
Surat,2025-02-08,35.21,29.58,25.45,0.22,0.78,0.95,7.81
Surat,2025-02-09,35.77,28.52,25.07,0.39,0.95,2.01,7.3
Surat,2025-02-10,35.56,29.94,25.11,0.17,1.01,1.12,7.08
Surat,2025-02-11,37.87,30.17,22.53,0.06,0.83,1.22,7.32
Surat,2025-02-12,35.42,29.67,25.32,0.19,1.15,1.47,6.78
Surat,2025-02-13,36.69,32.66,22.9,,0.65,1.3,5.79
Surat,2025-02-14,34.38,29.94,26.81,0.19,0.88,1.44,6.38
Surat,2025-02-15,34.65,29.4,26.0,0.06,1.85,1.37,6.68
Surat,2025-02-16,36.46,27.9,25.56,0.11,1.42,1.74,6.81
Surat,2025-02-17,35.94,28.78,24.92,0.12,1.69,1.81,6.74
Surat,2025-02-18,37.12,30.5,23.33,0.24,0.43,1.7,6.68
Surat,2025-02-19,34.81,28.8,26.58,0.19,1.14,1.9,6.58
Surat,2025-02-20,36.32,29.86,23.95,0.24,0.98,1.52,7.13
Surat,2025-02-21,37.43,29.2,24.37,,0.72,1.01,7.27
Surat,2025-02-22,31.95,31.3,26.51,0.23,1.29,1.17,7.55
Surat,2025-02-23,37.1,29.19,25.13,0.07,0.47,1.13,6.91
Surat,2025-02-24,35.11,31.83,24.82,0.06,0.71,1.03,6.43
Surat,2025-02-25,37.95,27.47,24.66,0.19,0.81,1.56,7.37
Surat,2025-02-26,35.99,30.43,25.86,0.06,0.43,0.8,6.42
Surat,2025-02-27,34.51,27.33,28.56,0.24,0.71,1.35,7.3
Surat,2025-02-28,34.8,29.14,26.61,0.12,0.96,1.14,7.22
Surat,2025-03-01,32.96,30.5,27.05,,0.92,1.42,7.15
Surat,2025-03-02,35.84,28.88,26.88,0.06,0.19,1.07,7.08
Surat,2025-03-03,33.77,29.59,26.22,0.5,1.37,1.0,7.55
Surat,2025-03-04,31.69,30.41,28.05,0.21,0.5,1.57,7.57
Surat,2025-03-05,37.07,28.25,26.0,0.26,0.64,1.03,6.76
Surat,2025-03-06,36.43,27.33,27.58,0.19,0.68,1.61,6.18
Surat,2025-03-07,36.31,28.83,25.67,0.25,0.51,1.01,7.41
Surat,2025-03-08,34.92,30.53,25.33,0.19,0.5,2.19,6.33
Surat,2025-03-09,36.66,28.37,26.15,0.23,0.54,1.3,6.75
Surat,2025-03-10,37.08,28.07,24.3,0.14,0.63,1.26,8.52
Surat,2025-03-11,36.33,28.43,25.91,0.26,0.58,1.49,6.99
Surat,2025-03-12,35.96,28.79,26.62,0.28,0.84,1.62,5.9
Surat,2025-03-13,33.36,28.19,29.2,0.36,1.08,0.86,6.96
Surat,2025-03-14,38.78,27.73,24.81,0.49,0.76,1.6,5.84
Surat,2025-03-15,34.52,27.96,27.28,0.4,1.41,1.3,7.13
Surat,2025-03-16,36.34,27.82,25.77,0.11,1.06,1.84,7.07
Surat,2025-03-17,35.72,27.26,25.85,0.24,0.94,2.12,7.87
Surat,2025-03-18,39.12,26.02,25.49,0.18,0.83,1.24,7.14
Surat,2025-03-19,37.78,27.84,24.85,0.23,0.88,1.17,7.25
Surat,2025-03-20,37.21,29.5,25.29,0.18,0.82,1.29,5.72
Surat,2025-03-21,35.48,28.98,26.76,0.06,0.67,0.89,7.16
Surat,2025-03-22,36.22,27.9,25.65,0.22,1.18,0.79,8.04
Surat,2025-03-23,36.5,27.66,26.51,0.36,0.97,1.45,6.54
Surat,2025-03-24,39.52,27.53,23.49,0.24,0.78,1.27,7.17
Surat,2025-03-25,36.65,28.85,24.43,0.4,1.41,1.64,6.62
Surat,2025-03-26,35.02,27.61,27.24,0.06,1.3,1.67,7.1
Surat,2025-03-27,36.72,28.6,24.44,0.06,1.55,1.24,7.38
Surat,2025-03-28,35.44,29.4,24.83,0.34,1.34,1.88,6.78
Surat,2025-03-29,38.07,27.03,24.74,0.06,1.49,1.55,7.07
Surat,2025-03-30,36.38,29.97,24.12,0.17,1.53,1.48,6.36
Surat,2025-03-31,36.56,28.66,24.49,0.42,0.77,1.66,7.43
Surat,2025-04-01,36.55,29.04,24.31,0.32,0.44,1.01,8.33
Surat,2025-04-02,38.77,28.39,24.79,0.06,0.43,1.4,6.17
Surat,2025-04-03,34.79,30.3,24.9,0.13,1.17,2.02,6.7
Surat,2025-04-04,34.85,29.66,26.09,0.45,1.3,1.17,6.49
Surat,2025-04-05,35.61,31.56,24.02,,0.76,1.33,6.72
Surat,2025-04-06,36.07,30.87,23.77,0.17,1.12,1.34,6.66
Surat,2025-04-07,33.55,29.04,26.98,0.32,1.48,1.55,7.08
Surat,2025-04-08,33.76,28.66,28.29,0.18,0.73,1.58,6.8
Surat,2025-04-09,34.48,30.03,26.63,0.31,0.5,1.38,6.66
Surat,2025-04-10,35.28,29.89,25.44,0.28,1.33,1.28,6.5
Surat,2025-04-11,37.72,26.99,26.41,0.12,0.87,1.15,6.75
Surat,2025-04-12,35.0,31.12,24.44,0.22,0.79,1.69,6.74
Surat,2025-04-13,35.22,29.29,24.8,0.37,0.43,1.66,8.23
Surat,2025-04-14,34.2,29.89,26.43,0.06,1.19,1.47,6.75
Surat,2025-04-15,36.13,27.74,26.04,0.35,1.0,0.94,7.8
Surat,2025-04-16,34.55,29.27,26.41,0.3,1.34,1.4,6.74
Surat,2025-04-17,35.32,28.13,27.34,0.11,0.67,1.4,7.02
Surat,2025-04-18,35.6,29.35,27.5,0.11,0.76,0.71,5.98
Surat,2025-04-19,38.1,29.16,22.67,0.17,1.08,1.99,6.83
Surat,2025-04-20,34.69,30.73,24.37,0.05,0.96,1.12,8.07
Surat,2025-04-21,32.38,28.45,25.92,0.11,1.4,1.56,10.18
Surat,2025-04-22,33.26,29.31,25.47,0.17,0.72,1.06,10.01
Surat,2025-04-23,33.04,28.1,26.18,,1.23,1.37,10.08
Surat,2025-04-24,33.52,25.2,25.58,0.19,1.07,1.64,12.79
Surat,2025-04-25,36.04,25.39,23.59,0.12,0.66,1.56,12.64
Surat,2025-04-26,34.04,26.54,24.84,0.35,0.7,1.76,11.78
Surat,2025-04-27,32.97,25.04,22.14,0.11,1.42,1.91,16.4
Surat,2025-04-28,35.58,26.68,27.98,0.12,0.74,1.24,7.66
Surat,2025-04-29,34.93,26.47,29.62,0.29,0.74,0.97,6.98
Surat,2025-04-30,35.61,28.33,25.45,0.17,0.73,1.24,8.47
Surat,2025-05-01,32.81,29.73,25.36,,0.81,0.93,10.35
Surat,2025-05-02,34.83,25.44,23.69,0.05,1.36,0.98,13.65
Surat,2025-05-03,32.42,25.41,26.08,0.39,1.23,1.4,13.07
Surat,2025-05-04,32.05,25.68,27.37,0.21,0.63,2.37,11.68
Surat,2025-05-05,35.21,26.71,26.0,0.11,1.08,1.41,9.48
Surat,2025-05-06,35.52,29.34,24.57,0.25,1.08,1.15,8.08
Surat,2025-05-07,35.22,28.46,25.28,0.19,0.78,1.1,8.97
Surat,2025-05-08,34.96,30.08,26.65,0.13,0.73,1.06,6.4
Surat,2025-05-09,33.99,28.81,26.92,0.13,0.39,0.72,9.04
Surat,2025-05-10,34.19,29.33,25.63,0.06,0.94,1.41,8.45
Surat,2025-05-11,35.04,28.1,26.15,0.11,0.56,1.55,8.5
Surat,2025-05-12,33.77,28.89,26.88,0.27,0.65,1.36,8.18
Surat,2025-05-13,33.0,30.55,26.5,0.27,1.01,1.54,7.13
Surat,2025-05-14,34.58,29.32,25.84,0.11,0.81,1.36,7.98
Surat,2025-05-15,34.33,31.08,24.15,0.05,0.6,1.52,8.28
Surat,2025-05-16,36.61,28.46,24.69,0.1,0.99,1.44,7.7
Surat,2025-05-17,35.6,29.82,24.43,0.1,0.63,1.89,7.53
Surat,2025-05-18,35.24,27.98,24.43,0.14,1.12,1.22,9.87
Surat,2025-05-19,35.05,28.84,24.74,0.43,0.62,1.34,8.98
Surat,2025-05-20,36.67,27.21,27.07,0.2,0.64,2.08,6.14
Surat,2025-05-21,33.54,30.81,25.26,0.19,0.85,1.98,7.38
Surat,2025-05-22,36.82,29.57,22.32,0.17,1.0,1.52,8.6
Surat,2025-05-23,36.04,29.86,21.57,0.28,0.88,0.88,10.51
Surat,2025-05-24,36.14,28.3,23.82,0.34,0.58,1.41,9.4
Surat,2025-05-25,32.39,29.22,25.55,0.09,0.67,1.34,10.74
Surat,2025-05-26,34.62,26.77,25.82,0.18,0.82,1.18,10.62
Surat,2025-05-27,34.4,25.81,24.76,0.23,0.87,1.64,12.29
Surat,2025-05-28,35.83,28.75,25.24,0.27,0.96,1.05,7.9
Surat,2025-05-29,32.87,26.39,27.25,0.24,0.81,1.29,11.15
Surat,2025-05-30,30.93,24.89,24.02,0.26,0.7,0.74,18.46
Surat,2025-05-31,34.52,27.88,25.71,0.14,0.67,1.64,9.44
Surat,2025-06-01,33.33,27.32,25.36,0.09,0.79,1.26,11.84
Surat,2025-06-02,34.63,29.39,26.32,0.47,0.36,1.4,7.42
Surat,2025-06-03,32.22,25.79,21.48,0.21,0.72,1.18,18.39
Surat,2025-06-04,36.92,27.5,24.76,0.67,0.82,1.01,8.32
Surat,2025-06-05,37.07,30.94,22.2,0.5,0.6,1.0,7.68
Surat,2025-06-06,34.7,28.53,26.6,0.14,0.53,1.06,8.43
Surat,2025-06-07,37.11,27.91,25.23,0.22,0.76,1.21,7.55
Surat,2025-06-08,33.09,32.62,24.21,0.21,0.94,1.41,7.51
Surat,2025-06-09,35.24,26.7,28.67,0.14,1.13,1.74,6.38
Surat,2025-06-10,35.67,29.06,25.9,0.15,0.89,1.28,7.05
Surat,2025-06-11,34.5,28.42,27.24,0.05,0.89,1.24,7.66
Surat,2025-06-12,36.5,26.46,27.96,0.12,0.96,1.26,6.73
Surat,2025-06-13,35.06,28.54,27.14,0.05,1.08,0.92,7.22
Surat,2025-06-14,34.69,28.14,27.89,0.2,0.5,1.49,7.1
Surat,2025-06-15,35.47,27.39,27.39,0.14,0.67,1.63,7.31
Surat,2025-06-16,34.95,27.34,27.59,0.1,1.25,1.25,7.51
Surat,2025-06-17,36.71,28.25,25.58,0.15,1.53,1.04,6.73
Surat,2025-06-18,33.35,27.8,28.23,0.39,1.16,1.11,7.96
Surat,2025-06-19,34.87,27.73,26.52,0.35,1.06,1.06,8.4
Surat,2025-06-20,33.71,29.09,27.01,0.26,0.68,0.88,8.36
Surat,2025-06-21,31.67,31.43,25.96,0.34,1.17,1.17,8.25
Surat,2025-06-22,35.5,27.81,26.17,0.14,1.27,1.27,7.83
Surat,2025-06-23,36.04,28.85,25.9,,0.69,1.08,7.43
Surat,2025-06-24,35.24,27.72,26.21,0.58,1.12,1.12,8.01
Surat,2025-06-25,37.27,29.41,22.94,0.15,1.38,1.29,7.56
Surat,2025-06-26,36.95,27.42,24.57,0.56,1.07,1.17,8.27
Surat,2025-06-27,35.32,29.74,25.84,0.35,0.91,1.26,6.58
Surat,2025-06-28,37.08,30.21,23.03,0.22,1.34,0.86,7.26
Surat,2025-06-29,36.32,30.44,23.25,0.08,0.82,1.19,7.89
Surat,2025-06-30,36.43,28.62,25.29,0.13,0.94,1.26,7.32
Surat,2025-07-01,33.91,29.36,28.14,0.23,0.56,0.98,6.8
Surat,2025-07-02,35.1,29.36,26.65,0.13,0.62,0.93,7.21
Surat,2025-07-03,35.72,27.42,26.85,0.18,0.83,1.63,7.38
Surat,2025-07-04,36.04,28.0,25.79,0.27,0.77,1.99,7.14
Surat,2025-07-05,34.94,27.53,27.97,0.31,0.92,1.53,6.8
Surat,2025-07-06,35.43,29.05,27.22,0.04,0.65,1.26,6.34
Surat,2025-07-07,36.52,26.68,27.58,0.23,0.9,0.95,7.13
Surat,2025-07-08,35.24,26.04,29.69,0.18,0.53,1.02,7.29
Surat,2025-07-09,37.61,27.67,26.51,,0.43,1.21,6.57
Surat,2025-07-10,34.36,29.03,27.06,0.18,0.92,1.06,7.4
Surat,2025-07-11,34.61,26.81,29.69,0.19,0.95,1.04,6.71
Surat,2025-07-12,32.66,29.94,27.53,0.13,0.85,1.47,7.41
Surat,2025-07-13,35.05,29.34,26.05,0.78,0.82,1.34,6.62
Surat,2025-07-14,33.22,28.67,27.86,0.14,0.85,1.42,7.83
Surat,2025-07-15,37.04,28.02,24.51,0.19,1.03,1.92,7.3
Surat,2025-07-16,33.29,29.72,26.95,0.22,0.92,0.88,8.01
Surat,2025-07-17,35.73,30.08,25.06,0.36,0.81,1.27,6.69
Surat,2025-07-18,36.35,28.56,26.0,0.33,0.93,0.47,7.36
Surat,2025-07-19,37.99,27.46,24.6,0.04,1.29,1.52,7.1
Surat,2025-07-20,37.6,28.08,24.62,0.14,0.51,1.62,7.44
Surat,2025-07-21,35.83,28.2,26.25,0.19,0.88,1.02,7.63
Surat,2025-07-22,36.35,29.7,23.96,0.24,1.0,0.96,7.8
Surat,2025-07-23,36.89,30.29,24.17,0.18,0.94,1.12,6.42
Surat,2025-07-24,38.52,27.68,25.44,0.15,0.97,1.17,6.08
Surat,2025-07-25,38.11,26.93,25.42,0.24,0.61,1.56,7.12
Surat,2025-07-26,38.33,29.85,22.8,0.04,0.8,1.16,7.01
Surat,2025-07-27,38.19,26.42,25.68,0.21,0.86,1.68,6.97
Surat,2025-07-28,38.57,26.17,26.01,0.08,1.01,1.17,6.99
Surat,2025-07-29,36.06,28.11,26.85,0.23,1.16,1.3,6.28
Surat,2025-07-30,35.37,26.84,27.86,0.32,0.79,1.85,6.95
Surat,2025-07-31,38.6,27.57,24.29,0.15,0.75,0.99,7.65
Surat,2025-08-01,34.11,31.16,25.27,0.1,0.97,0.82,7.58
Surat,2025-08-02,38.89,27.55,23.82,,0.95,0.85,7.94
Surat,2025-08-03,37.9,29.28,24.3,0.14,0.78,0.88,6.73
Surat,2025-08-04,37.77,26.88,24.55,0.19,0.77,1.45,8.38
Surat,2025-08-05,38.79,26.9,24.22,0.24,1.17,1.66,7.02
Surat,2025-08-06,37.75,30.31,23.52,0.1,0.94,1.62,5.76
Surat,2025-08-07,38.49,29.47,23.12,0.3,0.86,1.41,6.35
Surat,2025-08-08,36.86,28.32,25.7,0.15,1.02,1.65,6.3
Surat,2025-08-09,36.74,32.6,22.02,0.05,0.6,1.84,6.16
Surat,2025-08-10,36.67,28.81,24.65,0.12,1.23,1.36,7.16
Surat,2025-08-11,34.2,29.94,26.08,0.04,1.14,1.45,7.16
Surat,2025-08-12,34.09,29.14,26.13,,1.8,1.85,6.99
Surat,2025-08-13,37.66,29.24,24.08,0.15,0.69,0.94,7.23
Surat,2025-08-14,35.38,29.72,25.36,0.1,0.77,2.4,6.28
Surat,2025-08-15,37.48,29.11,22.88,0.05,0.77,1.94,7.78
Surat,2025-08-16,39.57,29.41,22.47,0.17,1.02,1.35,6.01
Surat,2025-08-17,38.19,29.79,23.45,0.04,0.71,1.72,6.09
Surat,2025-08-18,35.1,26.7,28.52,0.13,1.1,1.49,6.96
Surat,2025-08-19,35.39,30.59,25.3,0.09,0.87,1.64,6.12
Surat,2025-08-20,39.96,29.49,22.22,0.09,0.91,1.14,6.17
Surat,2025-08-21,37.1,28.86,24.57,0.1,1.07,1.32,6.97
Surat,2025-08-22,38.38,28.59,23.82,0.1,1.17,1.02,6.92
Surat,2025-08-23,34.17,32.31,24.52,0.09,0.99,1.21,6.7
Surat,2025-08-24,36.78,30.01,23.41,0.08,0.84,1.6,7.27
Surat,2025-08-25,34.17,27.36,27.87,0.17,0.89,2.0,7.53
Surat,2025-08-26,38.98,28.01,24.06,0.05,0.91,1.25,6.74
Surat,2025-08-27,35.44,31.32,24.47,0.3,1.17,1.04,6.25
Surat,2025-08-28,36.13,28.93,25.5,0.05,0.57,1.62,7.2
Surat,2025-08-29,35.69,30.15,26.13,0.1,0.88,1.03,6.03
Surat,2025-08-30,36.46,28.97,25.23,0.05,0.9,0.76,7.63
Surat,2025-08-31,34.59,29.15,26.68,0.04,0.3,1.12,8.12
Surat,2025-09-01,35.33,28.49,26.65,0.05,0.69,1.64,7.15
Surat,2025-09-02,34.62,29.72,25.7,0.15,1.03,1.03,7.75
Surat,2025-09-03,43.49,33.44,17.17,0.13,0.29,0.65,4.83
Surat,2025-09-04,45.06,32.88,16.56,0.15,0.4,0.56,4.38
Surat,2025-09-05,39.63,34.52,19.32,0.21,0.43,0.6,5.29
Surat,2025-09-06,43.62,32.64,16.85,,0.53,1.1,5.26
Surat,2025-09-07,39.06,33.0,20.87,0.15,0.46,0.96,5.5
Surat,2025-09-08,38.33,32.69,20.81,0.21,0.73,1.07,6.16
Surat,2025-09-09,39.69,32.2,20.18,0.14,0.39,0.92,6.47
Surat,2025-09-10,39.46,31.69,22.06,0.11,0.72,0.53,5.42
Surat,2025-09-11,39.1,30.07,24.19,0.08,0.76,0.68,5.12
Surat,2025-09-12,36.22,30.8,23.96,0.04,0.75,1.07,7.16
Surat,2025-09-13,37.2,32.35,22.62,0.11,0.93,0.93,5.85
Surat,2025-09-14,35.05,30.98,19.87,0.1,1.01,0.84,12.15
Surat,2025-09-15,38.53,32.06,21.49,0.04,0.78,0.64,6.46
Surat,2025-09-16,38.88,34.13,19.14,0.04,0.53,1.17,6.12
Surat,2025-09-17,36.68,32.02,21.94,0.04,1.42,0.83,7.08
Surat,2025-09-18,38.04,33.11,20.31,,0.93,1.12,6.49
Surat,2025-09-19,36.38,33.65,21.64,0.04,0.49,0.95,6.86
Surat,2025-09-20,39.48,30.53,22.76,,0.88,0.96,5.39
Surat,2025-09-21,42.4,30.22,16.08,0.08,0.56,0.79,9.87
Surat,2025-09-22,42.65,33.76,16.94,0.19,0.86,0.67,4.93
Surat,2025-09-23,39.94,34.48,19.14,0.1,0.75,0.42,5.17
Surat,2025-09-24,39.22,33.21,20.05,,0.76,0.62,6.15
Surat,2025-09-25,40.94,32.64,19.88,0.11,0.59,0.74,5.09
Surat,2025-09-26,39.06,33.66,18.57,0.07,0.72,1.12,6.8
Surat,2025-09-27,38.4,33.03,20.17,0.07,1.01,0.94,6.38
Surat,2025-09-28,34.78,31.68,17.8,,0.74,0.62,14.38
Surat,2025-09-29,37.27,35.5,19.94,0.07,0.81,0.95,5.45
Surat,2025-09-30,37.93,31.81,22.06,0.19,0.72,0.91,6.38
Surat,2025-10-01,36.31,33.17,22.21,0.19,1.06,0.83,6.23
Surat,2025-10-02,39.67,33.14,19.77,0.13,0.67,0.8,5.82
Surat,2025-10-03,39.33,34.16,19.19,0.07,1.12,0.92,5.21
Surat,2025-10-04,37.6,35.47,20.25,0.07,0.63,0.6,5.39
Surat,2025-10-05,38.28,33.02,21.41,0.07,0.96,0.89,5.36
Surat,2025-10-06,39.17,31.67,22.03,0.03,0.85,1.06,5.18
Surat,2025-10-07,37.62,32.88,22.8,0.15,0.53,1.28,4.74
Surat,2025-10-08,37.74,32.71,22.73,0.08,0.69,0.65,5.41
Surat,2025-10-09,39.13,31.39,21.77,0.17,1.21,0.79,5.54
Surat,2025-10-10,38.12,30.96,22.47,0.13,0.72,0.97,6.65
Surat,2025-10-11,37.9,32.61,23.09,0.04,0.81,0.68,4.87
Surat,2025-10-12,39.8,29.18,24.1,0.12,0.66,0.66,5.49
Surat,2025-10-13,36.66,32.19,23.6,,0.82,0.87,5.86
Surat,2025-10-14,38.95,28.89,23.88,,1.03,0.98,6.27
Surat,2025-10-15,40.81,28.84,23.51,0.1,0.64,0.98,5.13
Surat,2025-10-16,38.08,31.29,23.19,0.1,0.7,1.11,5.53
Surat,2025-10-17,37.33,31.91,22.92,,0.74,1.47,5.63
Surat,2025-10-18,39.9,32.88,20.48,0.05,0.82,0.58,5.29
Surat,2025-10-19,41.36,31.97,20.61,0.05,0.89,0.56,4.55
Surat,2025-10-20,41.22,29.83,21.1,0.22,1.05,0.83,5.75
Surat,2025-10-21,36.84,32.53,21.97,0.11,1.06,1.23,6.26
Surat,2025-10-22,37.89,34.77,20.01,0.1,0.74,0.84,5.65
Surat,2025-10-23,38.31,31.16,20.91,0.13,1.12,1.26,7.1
Surat,2025-10-24,35.45,32.21,23.26,0.04,1.27,1.45,6.32
Surat,2025-10-25,35.95,35.41,21.06,0.08,0.83,1.12,5.56
Surat,2025-10-26,37.69,32.04,21.85,,1.04,1.0,6.38
Surat,2025-10-27,37.41,30.77,23.6,0.08,0.72,0.87,6.56
Surat,2025-10-28,37.17,32.89,21.83,0.16,1.01,0.85,6.1
Surat,2025-10-29,39.07,32.27,21.86,0.04,0.71,0.59,5.46
Surat,2025-10-30,35.93,33.49,22.44,0.19,0.84,1.07,6.04
Surat,2025-10-31,38.21,32.88,21.73,0.08,0.62,0.69,5.79
Surat,2025-11-01,37.9,32.42,21.88,0.08,0.79,1.13,5.82
Surat,2025-11-02,38.81,30.69,22.28,,0.97,1.22,6.04
Surat,2025-11-03,39.34,32.78,21.25,0.26,0.48,0.66,5.24
Surat,2025-11-04,42.2,36.08,15.92,0.13,0.49,0.75,4.42
Surat,2025-11-05,40.06,34.62,19.37,0.06,0.41,0.73,4.75
Surat,2025-11-06,40.76,33.45,19.0,0.07,0.59,0.84,5.28
Surat,2025-11-07,42.38,30.68,20.07,0.18,0.88,1.19,4.62
Surat,2025-11-08,35.78,34.25,22.17,0.11,0.73,0.87,6.1
Surat,2025-11-09,37.93,33.88,21.36,0.07,0.8,0.55,5.4
Surat,2025-11-10,38.96,30.59,22.11,0.11,1.01,0.83,6.38
Surat,2025-11-11,38.83,33.37,20.21,0.19,0.74,0.89,5.77
Surat,2025-11-12,36.47,34.43,22.43,0.04,1.0,1.12,4.52
Surat,2025-11-13,36.42,33.33,21.33,0.17,1.5,1.04,6.21
Surat,2025-11-14,37.85,33.26,21.97,,0.99,0.61,5.32
Surat,2025-11-15,40.36,33.72,19.2,0.04,0.64,1.17,4.86
Surat,2025-11-16,38.86,32.57,21.42,0.11,0.79,0.82,5.43
Surat,2025-11-17,36.81,32.03,24.29,0.21,0.49,0.91,5.27
Surat,2025-11-18,36.11,28.97,27.39,,0.48,0.79,6.25
Surat,2025-11-19,36.28,31.84,25.12,0.04,0.92,0.75,5.05
Surat,2025-11-20,35.06,31.05,27.21,0.04,0.26,1.0,5.36
Surat,2025-11-21,36.22,30.07,26.12,,0.85,0.99,5.75
Surat,2025-11-22,36.77,32.4,23.91,0.17,0.81,1.02,4.93
Surat,2025-11-23,37.09,30.69,24.38,0.08,0.66,1.25,5.85
Surat,2025-11-24,36.93,30.67,25.62,0.04,0.81,0.77,5.17
Surat,2025-11-25,43.9,36.74,15.64,,0.37,0.51,2.84
Surat,2025-11-26,41.46,34.11,18.75,0.06,0.22,0.77,4.64
Surat,2025-11-27,39.74,31.69,22.45,,0.45,1.41,4.27
Surat,2025-11-28,37.25,32.58,23.79,,0.87,0.99,4.51
Surat,2025-11-29,38.2,30.82,24.4,0.04,0.83,1.04,4.67
Surat,2025-11-30,38.84,31.6,23.17,0.17,0.51,1.14,4.57
Surat,2025-12-01,36.04,32.23,24.53,0.04,0.54,1.13,5.48
Surat,2025-12-02,36.62,30.36,25.89,0.04,0.48,0.92,5.7
Surat,2025-12-03,38.6,32.03,22.79,0.08,0.44,0.95,5.11
Surat,2025-12-04,36.13,31.67,25.96,0.04,0.75,1.04,4.42
Surat,2025-12-05,37.15,30.39,25.92,0.09,0.48,0.61,5.37
Surat,2025-12-06,36.94,33.43,23.8,0.08,0.28,0.75,4.74
Surat,2025-12-07,38.62,30.59,23.67,,0.6,1.19,5.33
Surat,2025-12-08,34.94,31.89,25.85,0.12,0.92,0.8,5.47
Surat,2025-12-09,35.35,31.2,26.22,0.09,0.87,1.08,5.19
Surat,2025-12-10,37.79,32.74,23.45,,0.85,0.54,4.63
Surat,2025-12-11,38.57,29.87,25.42,0.08,0.46,0.97,4.62
Surat,2025-12-12,37.36,30.69,25.84,,0.78,0.69,4.63
Surat,2025-12-13,36.24,31.41,26.54,0.04,0.76,0.47,4.54
Surat,2025-12-14,38.12,31.18,23.68,0.04,0.77,0.44,5.77
Surat,2025-12-15,42.1,31.43,20.38,0.04,0.62,0.69,4.74
Surat,2025-12-16,36.28,30.44,26.43,0.08,0.55,0.89,5.33
Surat,2025-12-17,36.01,34.25,23.9,,0.53,0.96,4.34
Surat,2025-12-18,35.06,30.43,26.45,,0.82,0.82,6.41
Surat,2025-12-19,35.92,30.58,26.21,0.09,0.62,0.53,6.05
Surat,2025-12-20,36.3,30.69,25.53,0.09,1.09,0.74,5.56
Surat,2025-12-21,35.44,30.58,26.11,0.34,0.47,0.99,6.06
Surat,2025-12-22,34.71,29.01,28.35,0.08,0.53,0.78,6.52
Surat,2025-12-23,36.55,30.19,26.21,0.09,0.66,1.1,5.21
Surat,2025-12-24,34.07,31.68,25.6,0.23,1.1,0.55,6.78
Surat,2025-12-25,34.49,32.56,25.58,0.09,0.79,0.61,5.88
Surat,2025-12-26,34.38,29.01,28.35,0.09,0.61,1.22,6.33
Surat,2025-12-27,32.19,32.59,26.32,0.09,0.89,0.58,7.34
Surat,2025-12-28,32.97,32.14,27.22,,0.79,0.75,6.14
Surat,2025-12-29,34.71,29.76,28.38,0.05,0.33,1.24,5.52
Surat,2025-12-30,34.64,30.11,27.14,0.09,0.76,1.32,5.95
Surat,2025-12-31,32.78,31.1,28.78,0.05,0.59,1.19,5.51
Surat,2026-01-01,36.74,30.78,26.23,0.1,0.64,0.59,4.93
Surat,2026-01-02,39.29,29.39,23.66,0.04,0.54,1.12,5.96
Surat,2026-01-03,36.25,30.32,26.13,0.09,0.68,0.82,5.7
Surat,2026-01-04,38.73,29.78,24.76,0.09,0.83,0.7,5.11
Surat,2026-01-05,36.52,33.68,24.08,0.04,0.35,0.62,4.71
Surat,2026-01-06,34.85,31.49,27.78,0.04,0.6,0.48,4.76
Surat,2026-01-07,36.17,31.27,25.83,,0.89,0.76,5.08
Surat,2026-01-08,36.25,31.09,26.03,,0.41,0.6,5.61
Surat,2026-01-09,35.92,31.65,25.12,0.1,1.23,0.93,5.05
Surat,2026-01-10,33.35,31.39,27.77,0.1,0.48,1.05,5.87
Surat,2026-01-11,37.14,32.68,22.62,0.1,0.2,1.18,6.08
Surat,2026-01-12,36.93,32.48,23.57,0.15,0.44,0.73,5.71
Surat,2026-01-13,39.51,36.81,18.19,0.16,0.31,0.63,4.39
Surat,2026-01-14,39.79,34.0,20.52,,0.5,0.65,4.53
Surat,2026-01-15,37.24,35.22,21.09,0.13,0.54,0.85,4.93
Surat,2026-01-16,37.64,31.55,23.47,0.09,0.61,0.78,5.87
Surat,2026-01-17,36.4,33.14,22.97,0.08,0.84,0.79,5.77
Surat,2026-01-18,38.52,30.8,22.74,,0.8,0.97,6.17
Surat,2026-01-19,37.72,30.91,24.1,,0.65,0.93,5.69
Surat,2026-01-20,40.29,30.75,21.76,0.09,0.38,1.06,5.66
Surat,2026-01-21,37.71,31.59,23.42,,0.23,0.79,6.26
Surat,2026-01-22,36.05,30.83,24.89,0.1,0.77,1.2,6.18
Surat,2026-01-23,38.59,30.08,24.15,0.27,0.58,0.89,5.45
Surat,2026-01-24,38.62,29.9,22.57,0.23,1.11,0.74,6.83
Surat,2026-01-25,35.24,33.06,24.81,,0.89,0.89,5.11
Surat,2026-01-26,39.97,31.09,22.4,0.07,0.78,0.85,4.83
Surat,2026-01-27,38.68,31.61,23.61,0.08,0.49,0.69,4.84
Surat,2026-01-28,37.92,31.75,22.97,0.09,0.84,0.84,5.59
Surat,2026-01-29,36.39,31.03,24.55,,0.39,1.21,6.43
Surat,2026-01-30,35.57,31.4,25.34,0.05,0.74,1.02,5.88
Surat,2026-01-31,36.75,28.41,26.04,0.05,0.56,1.31,6.88
Surat,2026-02-01,35.69,31.95,24.09,,0.55,1.11,6.61
Surat,2026-02-02,34.6,30.25,26.16,0.05,0.45,0.81,7.68
Surat,2026-02-03,36.84,30.58,24.2,0.15,0.46,1.03,6.73
Surat,2026-02-04,34.96,30.58,26.15,0.5,0.5,0.95,6.37
Surat,2026-02-05,34.61,30.62,26.01,0.1,0.41,1.71,6.53
Surat,2026-02-06,34.13,31.73,25.76,0.1,0.69,1.03,6.56
Surat,2026-02-07,35.13,30.08,28.0,0.05,0.57,0.99,5.19
Surat,2026-02-08,35.33,31.26,25.24,0.1,0.81,0.76,6.5
Surat,2026-02-09,34.58,32.1,25.14,0.14,0.98,0.61,6.45
Surat,2026-02-10,36.35,28.27,27.65,0.05,0.39,0.68,6.62
Surat,2026-02-11,35.21,29.63,28.25,0.2,0.77,0.72,5.22
Surat,2026-02-12,36.0,30.94,25.53,0.1,0.56,0.96,5.92
Surat,2026-02-13,36.35,29.75,25.11,0.1,1.15,1.58,5.98
Surat,2026-02-14,36.48,31.41,25.48,,0.55,0.8,5.28
Surat,2026-02-15,31.52,28.39,23.2,,0.63,1.09,15.18
Surat,2026-02-16,35.53,28.16,26.9,0.1,0.48,1.36,7.46
Surat,2026-02-17,37.24,33.46,23.04,,0.51,0.89,4.85
Surat,2026-02-18,36.92,29.4,24.88,0.25,0.83,0.66,7.06
Surat,2026-02-19,36.11,31.94,24.0,,0.63,1.03,6.28
Surat,2026-02-20,36.67,34.24,22.47,0.08,0.57,1.18,4.79
Surat,2026-02-21,36.3,34.06,21.96,,0.63,1.01,6.03
Surat,2026-02-22,36.03,28.14,22.81,,0.43,1.28,11.31
Surat,2026-02-23,34.66,31.5,25.89,0.09,0.65,1.21,6.01
Surat,2026-02-24,35.05,30.37,25.89,0.05,1.04,0.94,6.66
Surat,2026-02-25,35.1,29.27,26.35,0.15,0.44,0.78,7.92
Surat,2026-02-26,30.43,27.02,27.12,0.09,0.28,0.65,14.4
Surat,2026-02-27,33.69,29.19,28.25,0.09,0.56,1.03,7.18
Surat,2026-02-28,32.37,27.46,31.02,0.05,0.72,0.78,7.6
Surat,2026-03-01,32.94,28.35,24.95,,0.54,0.94,12.28
Surat,2026-03-02,32.12,28.64,31.26,0.05,0.32,1.12,6.48
Surat,2026-03-03,34.52,31.97,26.13,0.05,0.37,0.64,6.32
Surat,2026-03-04,33.85,28.6,26.13,,0.21,0.67,10.55
Surat,2026-03-05,30.39,28.01,27.28,0.1,0.49,0.97,12.77
Surat,2026-03-06,33.11,30.28,28.14,0.24,0.68,0.58,6.96
Surat,2026-03-07,35.59,29.1,27.72,0.1,0.38,0.86,6.25
Surat,2026-03-08,31.92,24.64,23.23,0.14,0.38,0.85,18.85
Surat,2026-03-09,33.27,27.94,29.85,0.05,0.5,1.21,7.19
Surat,2026-03-10,33.4,30.16,27.62,,0.61,1.67,6.54
Surat,2026-03-11,33.95,28.42,29.5,,0.78,1.22,6.12
Surat,2026-03-12,35.11,28.13,28.54,,0.6,1.15,6.47
Surat,2026-03-13,32.52,31.0,27.34,0.14,0.81,1.62,6.56
Surat,2026-03-14,35.73,26.99,28.37,0.04,0.66,1.55,6.65
Surat,2026-03-15,36.13,29.22,25.94,0.09,0.47,1.45,6.7
Surat,2026-03-16,35.67,29.36,27.45,,0.58,0.84,6.09
Surat,2026-03-17,36.33,30.17,25.4,0.09,0.23,1.57,6.2
Surat,2026-03-18,35.67,28.75,27.88,0.05,0.49,1.22,5.95
Surat,2026-03-19,36.56,28.96,26.11,0.05,0.66,1.22,6.43
Surat,2026-03-20,37.19,28.89,26.5,0.05,0.23,0.83,6.31
Surat,2026-03-21,37.62,29.3,24.98,0.13,0.76,1.16,6.06
Surat,2026-03-22,36.76,30.7,24.45,,0.41,1.1,6.57
Surat,2026-03-23,36.23,29.5,25.72,0.05,1.04,1.19,6.26
Surat,2026-03-24,36.22,28.54,25.53,0.05,1.04,1.71,6.9
Surat,2026-03-25,35.64,29.64,26.21,0.1,0.45,1.66,6.3
Surat,2026-03-26,34.5,32.38,26.06,0.05,0.3,0.84,5.87
Surat,2026-03-27,34.39,31.87,25.93,0.05,0.69,0.73,6.36
Surat,2026-03-28,35.86,30.79,25.78,,1.13,1.59,4.86
Surat,2026-03-29,36.38,31.88,24.16,0.09,0.51,1.45,5.52
Surat,2026-03-30,36.57,28.59,26.08,0.1,0.47,1.41,6.78
Surat,2026-03-31,35.84,28.53,27.03,0.27,0.37,1.07,6.89
Surat,2026-04-01,38.56,28.18,25.01,0.22,0.87,1.04,6.12
Surat,2026-04-02,38.29,30.2,23.12,0.15,0.54,1.02,6.68
Surat,2026-04-03,34.44,31.73,25.61,0.1,0.62,0.81,6.7
Surat,2026-04-04,35.6,29.68,26.27,0.1,0.44,1.23,6.67
Surat,2026-04-05,35.11,30.28,27.17,0.09,0.74,1.07,5.53
Surat,2026-04-06,33.67,29.04,28.15,,0.47,0.84,7.83
Surat,2026-04-07,33.15,28.94,29.75,0.11,1.03,0.7,6.32
Surat,2026-04-08,35.59,31.01,25.39,0.21,1.04,1.25,5.52
Surat,2026-04-09,35.19,30.71,25.34,0.11,0.33,0.93,7.39
Surat,2026-04-10,36.09,27.41,28.63,0.1,0.51,0.61,6.65
Surat,2026-04-11,36.24,28.93,27.09,0.11,0.63,0.79,6.21
Surat,2026-04-12,34.35,27.98,28.13,0.1,0.57,1.3,7.56
Surat,2026-04-13,33.55,28.32,28.92,0.15,0.91,1.01,7.14
Surat,2026-04-14,36.32,26.41,28.67,0.1,0.86,0.86,6.79
Surat,2026-04-15,36.75,26.34,29.37,0.1,0.47,0.52,6.44
Surat,2026-04-16,36.31,27.38,28.33,0.22,0.44,0.89,6.43
Surat,2026-04-17,36.67,27.64,28.12,0.12,0.36,0.91,6.18
Surat,2026-04-18,34.12,29.11,27.56,0.06,0.62,0.99,7.54
Surat,2026-04-19,34.54,30.91,26.24,0.1,0.41,1.14,6.64
Surat,2026-04-20,34.62,32.0,25.31,0.17,1.06,0.89,5.96
Surat,2026-04-21,37.07,29.06,25.53,,0.84,1.12,6.38
Surat,2026-04-22,33.92,30.65,27.49,0.28,0.55,1.0,6.1
Surat,2026-04-23,33.35,31.21,26.24,0.17,0.73,1.52,6.77
Surat,2026-04-24,34.0,30.61,26.27,,0.56,0.95,7.62
Surat,2026-04-25,33.42,30.17,28.11,,0.76,1.14,6.4
Surat,2026-04-26,37.49,28.0,26.7,,0.81,0.65,6.35
Surat,2026-04-27,35.19,29.19,26.19,0.05,1.0,1.21,7.17
Surat,2026-04-28,33.68,29.89,28.9,0.18,0.53,1.63,5.2
Surat,2026-04-29,35.18,29.11,27.06,,0.74,0.84,7.07
Surat,2026-04-30,33.01,28.68,29.98,0.11,0.49,1.03,6.71
Surat,2026-05-01,34.03,32.15,26.01,0.05,0.88,0.78,6.09
Surat,2026-05-02,33.6,30.97,26.32,0.05,0.4,1.34,7.32
Surat,2026-05-03,34.21,28.72,28.27,,0.54,1.33,6.92
Surat,2026-05-04,30.36,31.46,29.31,,1.16,0.72,7.0
Surat,2026-05-05,34.05,28.18,29.6,0.1,0.73,0.63,6.71
Surat,2026-05-06,34.2,29.15,28.19,,0.71,0.97,6.78
Surat,2026-05-07,31.6,30.52,29.35,,0.51,0.56,7.46
Surat,2026-05-08,36.35,28.14,26.29,0.05,0.85,1.27,7.05
Surat,2026-05-09,35.01,28.71,27.5,0.11,0.58,1.0,7.09
Surat,2026-05-10,35.7,29.36,26.36,0.1,0.52,1.1,6.86
Surat,2026-05-11,35.67,27.51,29.54,0.1,0.42,0.83,5.93
Surat,2026-05-12,35.27,28.46,28.14,0.05,0.26,0.94,6.87
Surat,2026-05-13,36.3,29.69,26.52,0.11,0.33,0.66,6.4
Surat,2026-05-14,38.57,28.9,24.37,0.11,0.54,1.3,6.21
Surat,2026-05-15,36.59,27.54,26.31,0.05,0.51,0.92,8.07
Surat,2026-05-16,38.6,26.69,26.64,0.09,0.28,0.81,6.89
Surat,2026-05-17,37.81,26.63,27.45,0.05,0.77,0.46,6.82
Surat,2026-05-18,36.09,27.5,26.71,,0.74,0.95,8.01
Surat,2026-05-19,36.06,27.62,26.63,0.1,1.19,0.78,7.62
Surat,2026-05-20,36.29,27.7,27.94,0.29,0.48,0.72,6.56
Surat,2026-05-21,37.0,27.36,27.36,,0.44,0.64,7.2
Surat,2026-05-22,37.25,29.77,25.36,,1.03,0.86,5.73
Surat,2026-05-23,35.33,30.45,25.19,,0.43,1.75,6.84
Surat,2026-05-24,33.29,30.55,27.49,,0.42,0.85,7.4
Surat,2026-05-25,33.71,29.9,28.95,,0.54,0.68,6.22
Surat,2026-05-26,35.08,29.2,28.47,,0.34,0.64,6.27
Surat,2026-05-27,32.89,29.76,29.07,0.05,0.59,1.03,6.61
Surat,2026-05-28,39.34,35.26,18.18,0.07,1.04,0.69,5.43
Surat,2026-05-29,36.37,31.88,24.94,,0.35,0.78,5.69
Surat,2026-05-30,37.23,29.93,26.09,,0.89,0.54,5.32
Surat,2026-05-31,35.96,28.28,27.2,0.09,0.84,1.08,6.55
Surat,2026-06-01,34.73,30.03,25.88,0.1,0.7,0.9,7.66
Surat,2026-06-02,35.95,29.64,25.51,0.1,0.75,1.19,6.86
Surat,2026-06-03,35.29,27.99,28.83,0.05,0.69,0.94,6.2
Surat,2026-06-04,36.61,30.31,24.31,,0.69,1.24,6.85
Surat,2026-06-05,36.61,28.05,27.62,,0.94,1.08,5.69
Surat,2026-06-06,34.84,27.62,28.94,0.05,0.97,0.76,6.82
Surat,2026-06-07,37.7,27.51,26.65,0.14,0.72,0.72,6.56
Surat,2026-06-08,34.31,27.43,27.77,0.05,0.89,1.09,8.47
Surat,2026-06-09,33.7,29.54,29.21,0.05,0.38,0.67,6.45
Surat,2026-06-10,35.34,29.92,26.82,0.05,0.6,0.8,6.47
Surat,2026-06-11,36.09,27.04,28.43,0.1,0.31,1.18,6.85
Surat,2026-06-12,37.11,30.2,25.15,0.05,0.74,1.01,5.74
Surat,2026-06-13,33.58,30.17,27.65,0.15,0.64,0.74,7.07
Surat,2026-06-14,33.89,27.91,29.95,0.05,0.76,1.28,6.17
Surat,2026-06-15,34.5,27.81,29.41,0.1,0.41,1.29,6.48
Surat,2026-06-16,34.96,29.71,26.8,0.16,0.74,1.06,6.57
Surat,2026-06-17,36.49,27.44,28.11,0.05,0.57,0.92,6.42
Surat,2026-06-18,34.51,26.23,29.9,0.16,0.93,0.88,7.4
Surat,2026-06-19,37.15,27.62,28.5,0.05,0.62,0.57,5.49
Surat,2026-06-20,33.03,28.02,30.42,0.1,0.51,0.97,6.95
Surat,2026-06-21,34.92,29.49,28.96,0.05,0.53,0.67,5.38
Surat,2026-06-22,35.43,29.3,27.53,0.16,0.52,0.52,6.55
Surat,2026-06-23,34.24,28.28,29.48,0.05,0.58,0.89,6.48
Surat,2026-06-24,35.98,26.16,29.24,0.3,0.64,1.09,6.59
Surat,2026-06-25,34.79,27.31,30.17,0.05,0.67,1.25,5.76
Surat,2026-06-26,33.27,28.96,28.16,0.05,0.85,0.95,7.75
Surat,2026-06-27,36.01,29.25,26.51,0.05,0.59,1.08,6.52
Surat,2026-06-28,36.47,27.66,27.29,0.09,0.74,0.51,7.24
Surat,2026-06-29,32.79,27.09,30.47,0.14,0.72,0.97,7.82
Surat,2026-06-30,37.98,29.58,25.48,0.05,0.15,0.94,5.83
Surat,2026-07-01,36.9,26.96,27.99,,0.46,0.82,6.87
Surat,2026-07-02,34.35,31.25,26.0,0.06,1.05,0.94,6.36
Surat,2026-07-03,38.03,27.72,27.72,0.11,0.83,0.78,4.82
Surat,2026-07-04,34.31,29.19,29.03,0.1,0.84,0.47,6.06
Surat,2026-07-05,35.9,28.59,27.79,0.05,0.4,1.15,6.11
Surat,2026-07-06,33.46,29.86,28.99,0.05,0.87,0.71,6.05
Surat,2026-07-07,38.92,31.06,22.47,,0.24,0.8,6.5
Surat,2026-07-08,34.07,33.59,25.62,0.06,0.54,0.59,5.53
Surat,2026-07-09,34.49,35.04,22.58,0.15,0.45,1.34,5.96
Surat,2026-07-10,35.24,31.09,25.56,0.1,0.35,0.66,7.0
Surat,2026-07-11,34.16,34.12,23.84,0.05,0.56,0.75,6.52
Surat,2026-07-12,32.75,31.91,28.33,0.16,0.83,0.78,5.24
Surat,2026-07-13,34.53,32.52,25.08,0.11,0.81,0.43,6.51
Surat,2026-07-14,32.6,32.38,27.99,,0.38,0.66,5.98
Surat,2026-07-15,37.78,28.19,25.92,0.11,0.74,0.85,6.41
Surat,2026-07-16,36.55,30.14,25.22,0.1,0.82,0.51,6.66
Surat,2026-07-17,40.57,28.0,25.14,,1.02,0.46,4.8
Surat,2026-07-18,35.26,28.74,29.06,0.16,0.59,1.34,4.86
Surat,2026-07-19,38.79,27.59,26.63,0.1,0.75,0.65,5.48
Surat,2026-07-20,35.23,28.98,27.35,0.06,0.62,1.07,6.7
Surat,2026-07-21,35.73,26.97,28.18,0.05,0.79,0.79,7.49
Surat,2026-07-22,35.79,29.02,25.93,0.11,0.6,0.97,7.58
Surat,2026-07-23,37.59,29.2,26.54,,0.77,0.77,5.14
Surat,2026-07-24,41.79,30.65,21.27,0.04,0.74,0.74,4.77
Surat,2026-07-25,39.44,29.41,24.31,0.04,0.65,0.4,5.74
Surat,2026-07-26,37.81,29.23,24.38,0.04,0.53,0.53,7.48
Surat,2026-07-27,38.7,27.2,25.46,0.05,0.7,0.7,7.19
Surat,2026-07-28,38.54,29.4,24.8,,0.66,1.08,5.53
Surat,2026-07-29,38.51,28.21,26.06,,0.63,0.63,5.95
Surat,2026-07-30,39.87,29.17,23.77,0.16,0.52,0.84,5.67
Surat,2026-07-31,37.8,31.5,23.4,0.1,0.45,0.79,5.96
Surat,2026-08-01,36.93,29.8,26.24,0.05,0.67,0.82,5.49
Surat,2026-08-02,37.0,28.51,27.51,,0.41,0.91,5.67
Surat,2026-08-03,36.13,29.62,27.06,,0.54,0.74,5.91
Surat,2026-08-04,38.67,28.43,26.12,0.05,0.7,0.65,5.37
Surat,2026-08-05,39.44,27.94,24.67,0.11,0.39,0.61,6.83
Surat,2026-08-06,38.25,29.34,25.96,,0.77,0.67,5.02
Surat,2026-08-07,36.05,29.28,27.1,,0.57,1.03,5.97
Surat,2026-08-08,35.37,28.3,28.0,,0.55,0.8,6.97
Surat,2026-08-09,35.74,29.25,27.31,0.1,0.63,0.92,6.05
Surat,2026-08-10,34.57,28.21,28.96,0.05,0.65,1.13,6.42
Surat,2026-08-11,39.1,28.62,25.13,,0.57,0.74,5.84
Surat,2026-08-12,37.26,29.49,24.99,,0.6,0.65,7.01
Surat,2026-08-13,38.53,28.38,25.58,0.11,0.53,1.16,5.71
Surat,2026-08-14,39.25,29.42,24.82,,0.39,0.62,5.5
Surat,2026-08-15,39.46,30.5,23.2,0.05,0.41,0.87,5.51
Surat,2026-08-16,40.06,29.23,24.6,,0.64,0.37,5.09
Surat,2026-08-17,35.87,30.08,27.27,0.05,0.73,0.89,5.11
Surat,2026-08-18,39.21,27.64,27.15,0.25,0.89,0.65,4.22
Surat,2026-08-19,38.27,30.27,25.27,0.05,0.62,0.46,5.05
Surat,2026-08-20,36.11,29.77,26.79,,0.61,0.77,5.95
Surat,2026-08-21,39.68,28.05,24.76,0.06,1.06,0.78,5.62
Surat,2026-08-22,36.98,30.26,24.74,0.05,0.8,0.75,6.42
Surat,2026-08-23,38.96,28.59,24.85,0.16,0.92,0.87,5.64
Surat,2026-08-24,36.83,29.46,26.28,0.06,0.4,0.74,6.24
Surat,2026-08-25,37.96,27.52,25.55,,0.85,1.07,7.05
Surat,2026-08-26,42.71,28.49,23.13,,0.36,0.93,4.38
Surat,2026-08-27,38.29,29.95,24.13,0.06,0.76,0.88,5.93
Surat,2026-08-28,36.44,32.01,24.99,0.1,0.46,0.76,5.24
Surat,2026-08-29,38.77,27.71,24.91,0.1,0.84,0.93,6.73
Surat,2026-08-30,36.67,29.68,25.51,,0.91,0.57,6.65
Surat,2026-08-31,35.05,27.45,29.45,0.17,0.55,0.55,6.77
Vadodara,2025-01-01,43.47,27.94,19.21,,1.65,1.01,6.71
Vadodara,2025-01-02,42.37,30.14,18.72,0.09,1.74,1.1,5.84
Vadodara,2025-01-03,41.19,28.63,19.08,,1.56,1.56,7.98
Vadodara,2025-01-04,41.08,30.56,17.59,,1.26,0.93,8.59
Vadodara,2025-01-05,43.11,29.69,16.84,,1.11,1.48,7.77
Vadodara,2025-01-06,38.16,30.78,19.9,,1.75,1.55,7.86
Vadodara,2025-01-07,45.45,28.95,16.4,,1.28,0.99,6.92
Vadodara,2025-01-08,41.37,29.55,19.61,0.09,1.88,0.75,6.75
Vadodara,2025-01-09,41.76,30.91,17.2,0.1,1.33,0.82,7.88
Vadodara,2025-01-10,41.16,28.14,20.23,0.09,1.14,0.79,8.44
Vadodara,2025-01-11,41.9,30.11,16.94,0.28,1.93,1.29,7.55
Vadodara,2025-01-12,44.08,29.67,15.55,0.09,1.42,1.14,8.06
Vadodara,2025-01-13,43.3,30.01,14.47,0.36,2.02,1.19,8.66
Vadodara,2025-01-14,43.33,30.74,14.57,0.25,1.6,0.86,8.64
Vadodara,2025-01-15,45.59,29.88,13.96,,1.75,0.41,8.42
Vadodara,2025-01-16,46.23,28.64,17.25,,1.51,0.67,5.7
Vadodara,2025-01-17,42.55,31.65,17.32,0.14,0.57,0.93,6.84
Vadodara,2025-01-18,43.38,29.39,18.06,0.22,1.18,0.67,7.11
Vadodara,2025-01-19,43.28,31.72,15.33,0.08,0.98,0.91,7.7
Vadodara,2025-01-20,43.92,30.23,16.37,0.08,1.54,1.38,6.48
Vadodara,2025-01-21,39.01,30.16,18.8,0.42,1.67,1.67,8.27
Vadodara,2025-01-22,41.66,31.5,18.29,,1.1,0.76,6.69
Vadodara,2025-01-23,45.29,25.67,18.83,0.09,1.6,1.42,7.1
Vadodara,2025-01-24,40.94,31.84,17.22,0.08,1.3,0.97,7.64
Vadodara,2025-01-25,45.18,28.85,16.76,0.07,1.37,1.08,6.69
Vadodara,2025-01-26,43.14,31.57,15.71,,1.76,1.53,6.28
Vadodara,2025-01-27,47.98,26.47,16.93,,1.14,1.22,6.25
Vadodara,2025-01-28,36.69,28.61,24.83,,1.26,0.96,7.64
Vadodara,2025-01-29,40.65,26.29,21.54,,2.0,1.17,8.35
Vadodara,2025-01-30,41.11,27.81,20.12,0.26,2.33,1.9,6.48
Vadodara,2025-01-31,43.42,30.76,16.68,,0.59,0.67,7.88
Vadodara,2025-02-01,40.88,30.44,18.01,0.24,1.67,1.43,7.33
Vadodara,2025-02-02,42.5,29.11,18.98,,1.28,1.44,6.7
Vadodara,2025-02-03,43.15,29.38,18.72,0.35,1.39,0.78,6.24
Vadodara,2025-02-04,40.28,29.65,18.58,,1.38,1.99,8.12
Vadodara,2025-02-05,38.09,28.61,22.47,0.16,1.12,0.88,8.69
Vadodara,2025-02-06,40.26,31.49,18.38,0.17,1.28,1.87,6.55
Vadodara,2025-02-07,40.51,29.02,19.37,,1.21,1.21,8.68
Vadodara,2025-02-08,37.48,32.01,20.98,,1.49,1.08,6.97
Vadodara,2025-02-09,39.78,29.68,22.65,0.24,1.26,1.03,5.37
Vadodara,2025-02-10,41.47,28.24,20.98,0.08,1.31,0.82,7.1
Vadodara,2025-02-11,41.63,29.26,18.52,,1.71,1.25,7.63
Vadodara,2025-02-12,42.21,26.71,20.69,0.16,1.57,0.91,7.75
Vadodara,2025-02-13,42.43,28.7,19.69,,1.31,1.4,6.47
Vadodara,2025-02-14,42.59,26.28,19.58,,1.85,1.15,8.55
Vadodara,2025-02-15,41.96,28.24,19.22,0.24,1.96,1.33,7.06
Vadodara,2025-02-16,40.78,29.3,20.35,0.08,2.06,1.27,6.18
Vadodara,2025-02-17,40.53,30.94,17.73,0.08,1.85,1.29,7.57
Vadodara,2025-02-18,40.93,26.94,21.76,0.16,1.65,1.41,7.15
Vadodara,2025-02-19,43.12,26.49,20.29,,1.61,1.44,7.05
Vadodara,2025-02-20,39.14,31.16,19.23,0.17,1.37,0.77,8.15
Vadodara,2025-02-21,36.61,32.15,21.74,0.08,1.49,1.24,6.69
Vadodara,2025-02-22,38.89,31.59,19.92,0.16,1.51,1.03,6.9
Vadodara,2025-02-23,40.13,32.18,17.34,0.29,1.82,1.72,6.51
Vadodara,2025-02-24,38.69,30.21,21.2,0.09,0.71,1.41,7.69
Vadodara,2025-02-25,43.32,27.83,20.14,0.08,0.68,1.27,6.68
Vadodara,2025-02-26,39.8,29.17,19.86,0.44,0.98,1.06,8.69
Vadodara,2025-02-27,41.23,27.22,21.41,0.18,1.23,1.67,7.05
Vadodara,2025-02-28,39.03,28.28,23.88,0.18,1.1,0.64,6.89
Vadodara,2025-03-01,39.89,27.67,22.25,,0.81,1.13,8.25
Vadodara,2025-03-02,42.54,27.21,20.9,0.08,1.15,0.98,7.13
Vadodara,2025-03-03,42.12,28.57,19.41,,0.73,0.82,8.33
Vadodara,2025-03-04,39.75,26.15,23.22,0.21,1.78,0.84,8.05
Vadodara,2025-03-05,40.31,29.35,21.1,0.36,1.44,0.72,6.73
Vadodara,2025-03-06,43.21,30.05,18.29,0.17,0.7,0.87,6.71
Vadodara,2025-03-07,41.42,28.28,21.1,0.26,1.49,0.88,6.57
Vadodara,2025-03-08,42.06,27.59,20.4,0.17,1.92,1.0,6.86
Vadodara,2025-03-09,40.09,30.18,21.81,0.11,1.32,0.44,6.06
Vadodara,2025-03-10,39.78,27.6,22.3,,1.47,0.39,8.45
Vadodara,2025-03-11,38.78,28.57,21.52,,1.39,0.83,8.91
Vadodara,2025-03-12,41.22,28.51,19.24,,1.32,0.71,9.0
Vadodara,2025-03-13,41.39,27.56,20.6,0.2,1.39,1.59,7.26
Vadodara,2025-03-14,41.96,30.0,18.14,0.2,0.98,1.37,7.35
Vadodara,2025-03-15,39.44,29.44,20.48,0.08,1.77,0.97,7.82
Vadodara,2025-03-16,39.21,28.06,21.74,,1.03,0.71,9.25
Vadodara,2025-03-17,37.97,28.38,23.02,0.24,1.44,0.88,8.07
Vadodara,2025-03-18,40.4,28.77,20.59,0.09,1.64,1.98,6.55
Vadodara,2025-03-19,39.22,30.1,20.73,0.08,0.91,1.0,7.96
Vadodara,2025-03-20,40.8,31.0,19.2,0.08,1.27,0.88,6.77
Vadodara,2025-03-21,39.72,29.31,19.74,0.25,2.31,0.83,7.84
Vadodara,2025-03-22,40.79,30.51,18.26,0.24,1.74,1.42,7.04
Vadodara,2025-03-23,41.83,28.67,19.17,0.08,1.17,1.58,7.5
Vadodara,2025-03-24,42.9,26.68,20.31,,1.37,1.18,7.56
Vadodara,2025-03-25,42.57,29.09,17.27,,1.66,0.83,8.59
Vadodara,2025-03-26,40.33,27.88,18.59,0.46,1.58,1.77,9.39
Vadodara,2025-03-27,40.43,29.97,17.81,,1.51,1.41,8.86
Vadodara,2025-03-28,41.93,27.02,20.36,0.19,1.5,0.84,8.16
Vadodara,2025-03-29,39.43,26.95,22.38,0.19,1.81,2.1,7.14
Vadodara,2025-03-30,43.18,26.72,20.26,0.17,1.49,1.49,6.7
Vadodara,2025-03-31,43.49,26.44,18.86,,1.82,0.87,8.52
Vadodara,2025-04-01,43.13,27.03,20.34,,1.08,0.63,7.78
Vadodara,2025-04-02,39.51,30.03,20.8,0.09,1.57,0.26,7.75
Vadodara,2025-04-03,40.03,28.89,20.44,0.17,1.35,1.1,8.02
Vadodara,2025-04-04,43.86,27.42,19.21,0.46,1.39,0.55,7.11
Vadodara,2025-04-05,40.18,26.87,21.69,0.16,1.73,1.48,7.89
Vadodara,2025-04-06,42.48,29.86,20.44,0.15,1.52,0.61,4.94
Vadodara,2025-04-07,41.54,27.54,21.04,,1.65,1.28,6.95
Vadodara,2025-04-08,42.4,27.91,19.68,0.09,1.61,0.63,7.69
Vadodara,2025-04-09,43.63,25.58,20.79,,1.03,0.77,8.21
Vadodara,2025-04-10,41.49,28.49,19.5,0.17,1.63,1.03,7.7
Vadodara,2025-04-11,41.41,26.02,19.47,,2.21,1.7,9.18
Vadodara,2025-04-12,39.72,30.14,19.07,,2.0,1.42,7.66
Vadodara,2025-04-13,39.88,30.66,20.33,0.09,1.55,0.69,6.8
Vadodara,2025-04-14,40.74,26.94,20.83,0.08,1.57,1.16,8.68
Vadodara,2025-04-15,40.16,26.19,23.29,0.09,0.97,1.85,7.47
Vadodara,2025-04-16,39.47,28.86,20.96,0.09,1.75,1.32,7.54
Vadodara,2025-04-17,39.83,28.19,21.07,,1.57,1.66,7.67
Vadodara,2025-04-18,38.51,31.54,18.84,,1.41,1.24,8.46
Vadodara,2025-04-19,41.99,27.53,19.53,0.16,1.55,0.98,8.25
Vadodara,2025-04-20,37.35,31.49,19.18,0.08,1.42,1.34,9.13
Vadodara,2025-04-21,36.63,29.08,18.71,,1.93,1.12,12.53
Vadodara,2025-04-22,36.94,26.41,20.58,0.09,2.07,1.03,12.88
Vadodara,2025-04-23,37.54,26.74,20.06,0.1,1.43,0.96,13.18
Vadodara,2025-04-24,36.97,25.67,21.9,0.1,2.08,0.89,12.39
Vadodara,2025-04-25,40.02,26.3,18.64,,2.08,1.32,11.64
Vadodara,2025-04-26,38.41,26.93,20.08,0.08,1.43,1.27,11.79
Vadodara,2025-04-27,38.05,28.79,17.62,,1.55,0.81,13.18
Vadodara,2025-04-28,37.88,28.57,21.01,0.18,2.12,1.75,8.48
Vadodara,2025-04-29,37.82,29.26,21.5,0.09,1.43,1.61,8.3
Vadodara,2025-04-30,39.65,31.54,19.03,,1.23,0.79,7.75
Vadodara,2025-05-01,38.24,26.76,21.39,0.09,1.67,0.74,11.11
Vadodara,2025-05-02,38.49,26.27,18.54,0.09,1.49,1.93,13.18
Vadodara,2025-05-03,40.5,28.65,17.45,0.16,1.14,1.79,10.31
Vadodara,2025-05-04,37.73,27.13,20.12,0.15,2.21,1.75,10.9
Vadodara,2025-05-05,36.28,32.25,19.39,,0.77,1.82,9.5
Vadodara,2025-05-06,43.0,24.9,19.75,,2.06,1.75,8.54
Vadodara,2025-05-07,42.8,24.46,21.14,0.1,2.8,1.04,7.67
Vadodara,2025-05-08,36.74,30.03,22.88,0.11,1.1,1.76,7.37
Vadodara,2025-05-09,35.82,27.83,24.31,,0.85,2.13,9.06
Vadodara,2025-05-10,37.73,29.89,19.37,,1.29,1.75,9.96
Vadodara,2025-05-11,39.61,26.33,20.23,,1.09,2.73,10.0
Vadodara,2025-05-12,39.6,25.76,21.56,0.17,1.26,1.26,10.4
Vadodara,2025-05-13,43.11,26.9,19.12,0.08,1.3,0.97,8.51
Vadodara,2025-05-14,40.18,26.44,22.68,,1.12,0.88,8.71
Vadodara,2025-05-15,40.2,30.24,18.91,0.17,1.11,1.53,7.84
Vadodara,2025-05-16,37.62,27.9,22.28,0.22,1.83,1.24,8.91
Vadodara,2025-05-17,40.68,28.33,21.52,0.08,0.98,0.83,7.58
Vadodara,2025-05-18,39.42,25.8,20.49,0.3,2.17,1.12,10.7
Vadodara,2025-05-19,38.41,26.22,23.82,0.16,1.28,1.12,8.98
Vadodara,2025-05-20,37.06,28.41,23.73,0.08,1.35,1.35,8.02
Vadodara,2025-05-21,41.48,28.71,19.79,0.08,1.74,1.18,7.02
Vadodara,2025-05-22,46.16,26.51,15.95,0.15,2.14,1.62,7.46
Vadodara,2025-05-23,39.32,28.93,18.34,0.13,1.18,1.71,10.39
Vadodara,2025-05-24,36.99,29.65,21.4,0.14,0.84,1.05,9.93
Vadodara,2025-05-25,39.38,26.11,19.87,,0.86,1.58,12.2
Vadodara,2025-05-26,40.8,27.48,19.58,0.15,1.27,0.89,9.83
Vadodara,2025-05-27,42.17,25.54,18.5,0.15,1.72,0.97,10.94
Vadodara,2025-05-28,37.62,29.85,18.77,0.16,1.05,1.7,10.84
Vadodara,2025-05-29,38.08,27.78,20.21,,1.06,1.21,11.66
Vadodara,2025-05-30,36.59,23.35,20.44,0.14,1.39,0.97,17.12
Vadodara,2025-05-31,37.93,25.64,23.54,,1.95,0.75,10.19
Vadodara,2025-06-01,34.68,26.08,21.05,,1.65,1.46,15.09
Vadodara,2025-06-02,35.9,28.59,24.09,,1.24,1.01,9.17
Vadodara,2025-06-03,34.44,25.9,19.12,,1.02,0.54,18.98
Vadodara,2025-06-04,38.29,26.31,20.68,0.16,1.45,0.97,12.15
Vadodara,2025-06-05,38.96,27.69,21.04,,1.27,1.57,9.48
Vadodara,2025-06-06,41.54,27.77,19.76,,1.25,1.18,8.49
Vadodara,2025-06-07,42.05,28.17,18.53,,1.62,1.08,8.56
Vadodara,2025-06-08,39.61,29.69,19.19,0.29,1.51,0.93,8.77
Vadodara,2025-06-09,37.48,28.09,20.84,0.23,1.83,0.99,10.53
Vadodara,2025-06-10,38.52,27.87,22.13,,0.82,1.04,9.61
Vadodara,2025-06-11,38.64,27.59,22.34,,1.18,0.94,9.33
Vadodara,2025-06-12,37.87,29.94,19.68,,2.24,0.75,9.51
Vadodara,2025-06-13,35.91,28.84,22.75,0.08,1.62,1.38,9.42
Vadodara,2025-06-14,40.33,27.02,20.93,,1.52,0.99,9.21
Vadodara,2025-06-15,39.73,27.77,21.06,0.4,1.46,1.2,8.37
Vadodara,2025-06-16,39.16,29.0,20.47,,1.85,1.07,8.46
Vadodara,2025-06-17,41.03,27.33,20.18,0.07,1.86,1.49,8.04
Vadodara,2025-06-18,38.55,29.66,20.98,0.07,1.35,1.35,8.04
Vadodara,2025-06-19,40.14,28.9,20.57,0.15,1.76,1.45,7.03
Vadodara,2025-06-20,34.63,33.31,20.05,,1.79,1.25,8.97
Vadodara,2025-06-21,37.2,29.79,21.89,0.14,1.78,0.82,8.37
Vadodara,2025-06-22,37.38,28.61,22.65,0.07,1.82,1.19,8.27
Vadodara,2025-06-23,39.59,28.06,21.12,0.08,2.1,1.17,7.87
Vadodara,2025-06-24,38.23,28.67,22.09,0.08,1.76,0.92,8.26
Vadodara,2025-06-25,38.8,27.76,21.77,,1.89,1.18,8.6
Vadodara,2025-06-26,37.95,24.88,24.02,0.08,1.81,0.71,10.55
Vadodara,2025-06-27,42.52,27.5,18.9,,1.62,1.62,7.83
Vadodara,2025-06-28,37.14,28.83,22.34,,1.95,1.75,7.99
Vadodara,2025-06-29,41.9,25.7,21.46,,1.73,1.37,7.83
Vadodara,2025-06-30,40.13,27.54,17.75,,1.69,1.62,11.27
Vadodara,2025-07-01,38.98,27.96,21.01,0.15,1.33,1.78,8.8
Vadodara,2025-07-02,36.65,29.11,21.79,0.08,2.19,1.21,8.97
Vadodara,2025-07-03,40.53,26.82,20.45,0.08,1.74,1.82,8.56
Vadodara,2025-07-04,37.75,28.65,21.35,0.21,1.15,2.08,8.81
Vadodara,2025-07-05,36.79,27.8,24.39,0.2,1.18,1.11,8.52
Vadodara,2025-07-06,36.29,26.54,27.23,0.19,1.2,1.46,7.09
Vadodara,2025-07-07,38.44,24.84,25.49,0.07,1.51,1.18,8.48
Vadodara,2025-07-08,37.78,26.27,25.21,,1.06,1.62,8.05
Vadodara,2025-07-09,37.17,28.42,23.26,0.15,0.9,1.5,8.6
Vadodara,2025-07-10,38.0,25.78,22.65,0.3,1.79,1.27,10.21
Vadodara,2025-07-11,39.75,26.58,23.23,0.23,1.01,1.33,7.87
Vadodara,2025-07-12,37.14,29.05,22.18,,1.77,1.43,8.44
Vadodara,2025-07-13,37.62,29.65,22.68,,0.79,1.44,7.82
Vadodara,2025-07-14,40.72,26.7,21.42,0.08,2.04,0.9,8.14
Vadodara,2025-07-15,40.98,26.84,22.15,0.2,1.56,1.43,6.84
Vadodara,2025-07-16,39.6,24.62,26.42,0.07,0.86,1.08,7.34
Vadodara,2025-07-17,38.04,28.02,22.37,0.21,1.62,1.34,8.4
Vadodara,2025-07-18,36.83,27.68,21.81,,1.49,1.02,11.18
Vadodara,2025-07-19,42.31,26.42,21.87,0.07,1.21,0.93,7.19
Vadodara,2025-07-20,39.35,29.81,21.36,0.19,1.17,0.71,7.4
Vadodara,2025-07-21,39.61,25.25,25.04,0.07,0.94,1.3,7.79
Vadodara,2025-07-22,40.79,25.63,22.14,0.15,1.34,1.26,8.69
Vadodara,2025-07-23,40.78,26.67,22.51,0.31,1.18,1.02,7.53
Vadodara,2025-07-24,39.97,29.23,20.21,0.08,0.98,1.13,8.41
Vadodara,2025-07-25,41.32,27.3,19.81,0.15,2.15,0.82,8.46
Vadodara,2025-07-26,41.43,28.4,20.22,,1.83,0.92,7.2
Vadodara,2025-07-27,41.33,27.09,21.39,0.13,1.46,0.82,7.78
Vadodara,2025-07-28,38.58,27.35,23.59,0.07,1.61,0.74,8.06
Vadodara,2025-07-29,41.72,28.8,20.52,,1.22,1.52,6.23
Vadodara,2025-07-30,36.94,26.21,24.09,0.09,1.53,1.62,9.53
Vadodara,2025-07-31,38.47,26.45,23.05,,1.33,1.66,9.04
Vadodara,2025-08-01,38.01,28.15,22.7,0.17,1.62,0.85,8.5
Vadodara,2025-08-02,39.0,29.37,21.19,,1.04,1.28,8.11
Vadodara,2025-08-03,40.75,28.53,20.99,0.07,1.83,0.59,7.24
Vadodara,2025-08-04,38.99,25.2,23.3,0.16,1.82,1.58,8.95
Vadodara,2025-08-05,39.39,27.61,20.98,0.16,1.48,0.94,9.44
Vadodara,2025-08-06,39.93,27.0,21.36,0.25,1.8,1.47,8.18
Vadodara,2025-08-07,43.67,25.04,22.01,,1.52,1.16,6.6
Vadodara,2025-08-08,40.96,25.43,21.75,,1.47,1.72,8.67
Vadodara,2025-08-09,38.62,30.22,22.9,,1.15,0.79,6.32
Vadodara,2025-08-10,41.38,27.67,20.32,0.12,2.35,1.05,7.1
Vadodara,2025-08-11,41.12,27.65,20.77,0.07,1.61,0.98,7.79
Vadodara,2025-08-12,41.42,28.88,18.32,0.07,1.23,1.16,8.92
Vadodara,2025-08-13,41.66,27.91,20.01,,0.88,1.43,8.1
Vadodara,2025-08-14,41.88,28.65,19.12,,1.23,1.71,7.4
Vadodara,2025-08-15,39.63,29.03,21.07,0.13,1.73,1.28,7.13
Vadodara,2025-08-16,43.57,28.13,19.03,0.3,1.62,1.32,6.04
Vadodara,2025-08-17,44.74,26.85,18.46,0.06,1.19,1.13,7.57
Vadodara,2025-08-18,41.64,29.41,18.09,0.13,1.76,1.3,7.68
Vadodara,2025-08-19,40.72,29.67,18.77,0.07,0.99,0.78,8.99
Vadodara,2025-08-20,43.53,29.07,17.08,0.07,0.87,0.87,8.5
Vadodara,2025-08-21,41.59,28.55,20.14,0.14,1.16,1.38,7.03
Vadodara,2025-08-22,40.78,29.64,21.07,,0.81,0.74,6.95
Vadodara,2025-08-23,40.91,27.58,21.39,0.06,1.64,1.03,7.39
Vadodara,2025-08-24,41.18,28.67,20.46,,1.48,0.64,7.57
Vadodara,2025-08-25,39.51,28.19,21.67,,1.71,1.44,7.48
Vadodara,2025-08-26,41.58,28.92,20.54,0.07,1.66,0.94,6.29
Vadodara,2025-08-27,39.86,31.01,19.73,,1.15,1.08,7.16
Vadodara,2025-08-28,40.28,28.4,22.87,,0.75,1.27,6.43
Vadodara,2025-08-29,37.34,27.8,24.19,,1.2,1.28,8.19
Vadodara,2025-08-30,37.18,31.82,20.62,0.07,1.58,1.51,7.22
Vadodara,2025-08-31,40.04,30.43,20.82,,0.9,1.24,6.57
Vadodara,2025-09-01,39.77,29.73,20.08,0.23,1.31,1.0,7.88
Vadodara,2025-09-02,40.36,31.48,18.94,0.09,0.85,1.19,7.08
Vadodara,2025-09-03,49.01,30.64,14.11,0.1,0.89,0.45,4.8
Vadodara,2025-09-04,47.9,32.86,13.05,,0.66,0.57,4.95
Vadodara,2025-09-05,46.02,33.47,13.26,0.05,0.87,1.03,5.3
Vadodara,2025-09-06,48.38,32.41,12.68,0.05,0.81,0.52,5.15
Vadodara,2025-09-07,43.64,35.14,14.38,0.05,1.06,0.88,4.85
Vadodara,2025-09-08,46.34,33.68,13.85,0.15,1.1,0.75,4.14
Vadodara,2025-09-09,43.16,33.37,16.39,0.11,0.54,0.92,5.52
Vadodara,2025-09-10,43.12,33.66,16.62,0.06,0.97,0.67,4.91
Vadodara,2025-09-11,43.89,32.36,15.27,0.06,1.18,1.31,5.92
Vadodara,2025-09-12,43.58,32.38,15.44,0.18,1.03,0.67,6.72
Vadodara,2025-09-13,43.44,32.93,15.73,0.11,1.31,1.09,5.39
Vadodara,2025-09-14,40.9,30.84,14.2,,0.83,0.98,12.23
Vadodara,2025-09-15,44.83,32.18,14.41,0.06,1.21,0.66,6.66
Vadodara,2025-09-16,45.66,31.37,16.29,,0.86,0.63,5.2
Vadodara,2025-09-17,47.71,31.4,14.43,0.06,0.48,0.54,5.37
Vadodara,2025-09-18,45.44,32.18,15.32,,0.57,0.34,6.15
Vadodara,2025-09-19,43.75,31.65,14.97,0.06,1.38,1.09,7.11
Vadodara,2025-09-20,44.63,32.05,14.52,,1.78,0.61,6.4
Vadodara,2025-09-21,46.61,31.57,12.23,,0.81,0.28,8.49
Vadodara,2025-09-22,48.26,31.45,13.56,,0.92,0.68,5.13
Vadodara,2025-09-23,49.01,32.19,11.33,0.28,1.27,0.66,5.26
Vadodara,2025-09-24,45.35,33.43,13.46,,0.57,0.67,6.51
Vadodara,2025-09-25,46.34,31.75,13.93,0.05,1.2,0.49,6.23
Vadodara,2025-09-26,42.29,32.56,15.73,0.1,0.83,0.98,7.51
Vadodara,2025-09-27,43.77,33.97,14.65,0.11,1.58,0.62,5.3
Vadodara,2025-09-28,40.68,29.68,11.96,,0.88,0.75,16.05
Vadodara,2025-09-29,43.8,30.75,16.42,0.12,1.22,0.47,7.22
Vadodara,2025-09-30,43.48,33.81,15.28,0.06,1.36,0.71,5.31
Vadodara,2025-10-01,44.88,30.19,17.52,,1.68,0.58,5.15
Vadodara,2025-10-02,43.7,31.52,16.24,0.09,1.57,1.02,5.86
Vadodara,2025-10-03,44.4,31.96,16.44,0.09,1.11,0.71,5.29
Vadodara,2025-10-04,43.43,32.94,15.92,,1.32,0.41,5.98
Vadodara,2025-10-05,43.17,30.67,18.22,,0.79,0.98,6.18
Vadodara,2025-10-06,45.07,32.5,15.32,0.05,1.45,1.1,4.51
Vadodara,2025-10-07,45.02,30.8,16.47,0.11,1.31,0.71,5.58
Vadodara,2025-10-08,42.57,32.74,17.58,0.06,1.07,0.89,5.09
Vadodara,2025-10-09,43.21,32.31,17.52,,1.16,0.7,5.1
Vadodara,2025-10-10,43.55,30.66,17.19,0.06,1.52,1.07,5.94
Vadodara,2025-10-11,43.46,32.43,17.1,,1.36,0.65,5.01
Vadodara,2025-10-12,43.09,30.87,17.45,,1.53,0.63,6.42
Vadodara,2025-10-13,44.58,28.52,18.54,,1.37,1.24,5.74
Vadodara,2025-10-14,45.49,27.85,19.79,,0.28,0.56,6.04
Vadodara,2025-10-15,43.02,31.71,18.44,,0.91,0.83,5.08
Vadodara,2025-10-16,43.75,29.42,18.85,,0.59,0.44,6.95
Vadodara,2025-10-17,43.38,31.95,17.46,0.08,0.94,0.23,5.95
Vadodara,2025-10-18,41.97,31.76,17.49,,1.43,0.5,6.85
Vadodara,2025-10-19,45.28,32.05,15.54,,1.12,0.49,5.53
Vadodara,2025-10-20,43.53,29.66,19.65,0.08,0.92,0.69,5.47
Vadodara,2025-10-21,43.43,30.85,18.11,,0.88,0.4,6.33
Vadodara,2025-10-22,43.6,32.12,15.99,0.22,1.26,0.74,6.07
Vadodara,2025-10-23,44.51,30.95,17.03,0.06,1.65,0.98,4.82
Vadodara,2025-10-24,42.69,30.19,19.68,,1.51,0.78,5.15
Vadodara,2025-10-25,42.21,30.94,18.14,,2.05,0.73,5.93
Vadodara,2025-10-26,40.79,30.53,19.54,0.05,1.91,1.17,6.01
Vadodara,2025-10-27,41.11,31.29,19.48,0.05,1.28,0.82,5.96
Vadodara,2025-10-28,38.82,32.77,20.77,0.05,0.93,0.49,6.16
Vadodara,2025-10-29,42.52,29.39,20.03,,1.57,0.37,6.12
Vadodara,2025-10-30,43.73,29.74,18.25,0.06,1.52,0.35,6.36
Vadodara,2025-10-31,41.57,30.02,20.21,0.23,1.27,0.58,6.12
Vadodara,2025-11-01,39.57,31.47,20.54,0.05,1.2,0.84,6.33
Vadodara,2025-11-02,40.02,30.37,22.86,0.05,0.93,0.82,4.93
Vadodara,2025-11-03,44.08,30.95,17.77,0.05,0.88,0.77,5.51
Vadodara,2025-11-04,48.97,31.57,14.36,0.15,0.41,0.41,4.13
Vadodara,2025-11-05,42.73,33.44,17.72,0.09,0.82,0.36,4.85
Vadodara,2025-11-06,44.64,30.84,16.67,0.16,0.96,0.96,5.79
Vadodara,2025-11-07,45.52,31.15,16.1,,0.89,0.89,5.45
Vadodara,2025-11-08,42.08,30.5,18.75,,0.99,0.72,6.95
Vadodara,2025-11-09,42.54,30.21,19.17,0.11,1.62,0.97,5.39
Vadodara,2025-11-10,42.08,32.2,16.66,0.06,1.53,0.94,6.53
Vadodara,2025-11-11,42.08,30.13,18.61,0.06,0.72,0.78,7.62
Vadodara,2025-11-12,40.77,30.62,19.8,0.06,1.16,0.98,6.6
Vadodara,2025-11-13,41.39,30.42,19.72,,1.21,0.67,6.59
Vadodara,2025-11-14,40.94,31.65,19.22,0.06,1.67,0.38,6.09
Vadodara,2025-11-15,40.4,32.87,17.1,,1.69,0.88,7.06
Vadodara,2025-11-16,42.32,30.31,19.13,0.11,1.28,0.33,6.51
Vadodara,2025-11-17,41.07,31.44,19.74,0.07,0.83,0.69,6.16
Vadodara,2025-11-18,38.17,31.74,22.13,,1.19,0.8,5.96
Vadodara,2025-11-19,39.7,30.38,21.33,,1.57,0.98,6.04
Vadodara,2025-11-20,37.82,31.16,22.41,,1.75,1.12,5.74
Vadodara,2025-11-21,38.86,33.08,20.29,,1.24,1.03,5.5
Vadodara,2025-11-22,40.85,32.94,18.73,0.06,1.13,0.69,5.59
Vadodara,2025-11-23,40.78,30.63,20.68,0.13,1.34,1.08,5.36
Vadodara,2025-11-24,40.26,31.47,20.1,,0.94,0.88,6.34
Vadodara,2025-11-25,48.27,34.86,11.38,0.03,1.31,0.57,3.57
Vadodara,2025-11-26,46.32,33.41,13.53,0.05,1.11,1.01,4.57
Vadodara,2025-11-27,44.3,35.35,14.95,,0.76,0.49,4.15
Vadodara,2025-11-28,43.39,33.98,16.2,0.18,0.67,0.61,4.98
Vadodara,2025-11-29,42.19,32.25,19.05,,1.39,0.48,4.64
Vadodara,2025-11-30,43.09,32.57,16.32,0.07,1.18,0.86,5.92
Vadodara,2025-12-01,40.47,31.66,20.14,0.06,1.32,0.69,5.66
Vadodara,2025-12-02,40.01,32.46,20.31,0.07,1.07,0.87,5.21
Vadodara,2025-12-03,40.63,30.21,21.45,0.06,1.1,0.86,5.7
Vadodara,2025-12-04,39.97,31.39,19.99,,1.13,0.75,6.77
Vadodara,2025-12-05,40.25,30.76,21.34,,1.18,0.65,5.82
Vadodara,2025-12-06,42.61,30.99,18.7,,0.85,0.85,6.01
Vadodara,2025-12-07,42.13,29.4,20.4,,1.05,0.46,6.57
Vadodara,2025-12-08,42.63,30.97,18.61,0.06,0.84,0.13,6.76
Vadodara,2025-12-09,39.78,33.05,19.53,,0.98,0.65,6.01
Vadodara,2025-12-10,45.21,31.41,16.32,,0.92,0.61,5.52
Vadodara,2025-12-11,41.63,30.8,19.96,,1.08,1.01,5.51
Vadodara,2025-12-12,40.26,29.81,21.09,0.32,1.22,0.96,6.35
Vadodara,2025-12-13,41.42,30.33,18.54,0.13,1.77,1.13,6.68
Vadodara,2025-12-14,39.26,32.31,19.2,0.18,1.11,0.8,7.14
Vadodara,2025-12-15,41.28,32.76,18.02,0.06,1.04,0.58,6.28
Vadodara,2025-12-16,41.8,30.33,19.71,0.07,1.13,0.86,6.1
Vadodara,2025-12-17,39.59,31.39,19.63,0.13,0.92,0.53,7.81
Vadodara,2025-12-18,39.09,32.52,21.25,,1.22,0.84,5.09
Vadodara,2025-12-19,40.58,34.0,18.4,,0.99,0.5,5.53
Vadodara,2025-12-20,40.0,31.22,21.47,0.13,0.77,0.51,5.9
Vadodara,2025-12-21,37.92,31.35,22.12,0.06,1.49,1.67,5.39
Vadodara,2025-12-22,39.85,29.86,21.95,,1.23,0.74,6.38
Vadodara,2025-12-23,38.53,31.59,23.07,,1.26,0.46,5.09
Vadodara,2025-12-24,38.19,31.46,20.44,0.24,1.1,0.61,7.96
Vadodara,2025-12-25,41.37,27.6,22.43,0.06,1.62,1.0,5.92
Vadodara,2025-12-26,39.93,30.59,23.16,0.07,1.05,0.2,5.0
Vadodara,2025-12-27,41.34,28.12,22.94,0.19,0.77,0.38,6.26
Vadodara,2025-12-28,39.62,31.22,20.21,,0.73,0.67,7.55
Vadodara,2025-12-29,38.48,30.38,21.01,0.32,1.2,1.39,7.22
Vadodara,2025-12-30,39.38,28.07,22.09,,1.36,0.52,8.58
Vadodara,2025-12-31,36.9,29.16,23.53,,1.33,1.41,7.66
Vadodara,2026-01-01,42.17,30.92,18.41,0.2,1.14,0.94,6.22
Vadodara,2026-01-02,41.83,28.11,21.77,,1.04,1.28,5.98
Vadodara,2026-01-03,42.91,27.85,21.05,0.06,1.39,0.88,5.86
Vadodara,2026-01-04,41.91,28.51,22.4,,0.69,0.88,5.6
Vadodara,2026-01-05,42.86,29.64,20.3,0.12,0.95,1.19,4.94
Vadodara,2026-01-06,43.09,30.76,19.24,0.12,0.74,0.62,5.43
Vadodara,2026-01-07,42.55,29.39,20.61,0.07,0.93,0.86,5.59
Vadodara,2026-01-08,39.04,32.43,20.29,0.15,0.51,0.96,6.62
Vadodara,2026-01-09,41.44,28.85,21.61,0.07,0.79,0.72,6.52
Vadodara,2026-01-10,41.33,30.27,20.18,0.13,0.71,0.65,6.73
Vadodara,2026-01-11,38.03,30.12,21.46,0.08,0.75,0.9,8.66
Vadodara,2026-01-12,41.44,30.79,18.59,0.29,1.03,0.96,6.91
Vadodara,2026-01-13,46.01,33.73,14.9,,0.6,0.48,4.29
Vadodara,2026-01-14,43.46,30.95,19.73,,0.4,0.48,4.97
Vadodara,2026-01-15,42.62,30.87,17.85,0.15,1.13,1.2,6.17
Vadodara,2026-01-16,42.45,30.71,18.91,,1.46,0.63,5.84
Vadodara,2026-01-17,41.02,30.52,20.21,,1.03,0.85,6.37
Vadodara,2026-01-18,41.1,32.72,18.75,0.06,1.3,0.65,5.42
Vadodara,2026-01-19,40.7,30.96,20.29,,1.06,1.0,5.99
Vadodara,2026-01-20,44.12,32.03,15.98,0.06,1.01,0.76,6.04
Vadodara,2026-01-21,43.91,29.32,18.36,,0.94,0.54,6.93
Vadodara,2026-01-22,42.85,29.58,18.48,0.22,0.6,1.64,6.63
Vadodara,2026-01-23,40.27,31.62,19.03,0.07,1.0,0.86,7.15
Vadodara,2026-01-24,39.64,28.94,21.86,0.07,1.47,1.14,6.89
Vadodara,2026-01-25,40.59,30.07,21.03,0.12,1.04,0.79,6.36
Vadodara,2026-01-26,43.83,28.84,18.62,,1.76,0.99,5.96
Vadodara,2026-01-27,44.21,28.93,18.06,,1.12,0.47,7.2
Vadodara,2026-01-28,43.47,29.05,18.6,0.2,0.65,0.91,7.11
Vadodara,2026-01-29,41.88,30.92,17.81,,1.64,0.75,7.0
Vadodara,2026-01-30,40.53,29.84,19.87,,0.86,1.15,7.75
Vadodara,2026-01-31,35.66,31.86,21.47,0.28,2.01,1.39,7.34
Vadodara,2026-02-01,39.86,30.86,20.16,,0.72,0.92,7.49
Vadodara,2026-02-02,38.64,29.64,22.93,0.07,1.07,1.0,6.64
Vadodara,2026-02-03,39.55,32.21,20.22,,0.6,0.6,6.82
Vadodara,2026-02-04,38.77,30.76,21.44,,0.58,1.59,6.86
Vadodara,2026-02-05,43.34,29.46,19.48,0.07,0.35,0.85,6.44
Vadodara,2026-02-06,41.73,30.21,21.17,,1.0,0.87,5.02
Vadodara,2026-02-07,42.34,27.91,20.69,0.13,1.53,1.02,6.39
Vadodara,2026-02-08,40.37,30.46,20.62,,0.68,1.29,6.58
Vadodara,2026-02-09,37.02,34.87,20.62,,0.72,0.72,6.05
Vadodara,2026-02-10,38.71,32.66,20.5,0.07,0.79,0.36,6.91
Vadodara,2026-02-11,37.03,31.34,23.74,0.07,1.07,0.85,5.9
Vadodara,2026-02-12,36.2,33.47,20.75,0.07,1.47,0.56,7.48
Vadodara,2026-02-13,39.24,28.78,22.81,,0.95,0.54,7.67
Vadodara,2026-02-14,40.8,31.06,19.54,,1.2,0.89,6.51
Vadodara,2026-02-15,37.41,28.59,17.34,,1.18,0.5,14.98
Vadodara,2026-02-16,39.25,28.33,20.89,,1.09,0.82,9.62
Vadodara,2026-02-17,41.02,29.99,20.95,,0.82,0.76,6.46
Vadodara,2026-02-18,41.79,28.68,18.13,,1.03,0.46,9.92
Vadodara,2026-02-19,41.11,31.93,17.78,,1.21,0.85,7.11
Vadodara,2026-02-20,41.86,31.07,17.75,0.12,1.0,1.0,7.19
Vadodara,2026-02-21,39.8,31.13,19.34,,1.24,1.0,7.49
Vadodara,2026-02-22,37.46,28.61,23.12,0.06,0.69,0.58,9.48
Vadodara,2026-02-23,40.36,28.37,21.16,0.13,1.07,0.63,8.29
Vadodara,2026-02-24,41.5,27.34,21.34,,1.38,0.86,7.58
Vadodara,2026-02-25,38.33,31.0,21.0,,1.47,0.73,7.47
Vadodara,2026-02-26,34.31,29.06,19.95,,0.93,1.0,14.76
Vadodara,2026-02-27,37.19,28.07,23.26,,1.72,0.57,9.19
Vadodara,2026-02-28,38.63,28.06,23.56,0.08,0.9,0.6,8.18
Vadodara,2026-03-01,38.24,27.43,21.48,,1.31,0.8,10.74
Vadodara,2026-03-02,42.35,26.89,20.72,0.16,1.23,1.23,7.4
Vadodara,2026-03-03,35.79,31.85,22.8,,1.26,1.17,7.12
Vadodara,2026-03-04,37.11,28.65,21.43,,1.32,1.24,10.25
Vadodara,2026-03-05,34.98,25.38,21.42,0.14,0.9,0.97,16.2
Vadodara,2026-03-06,38.29,29.69,20.54,,1.47,1.09,8.91
Vadodara,2026-03-07,40.15,29.65,20.11,,0.82,0.89,8.38
Vadodara,2026-03-08,35.96,26.46,18.06,,0.58,0.73,18.2
Vadodara,2026-03-09,36.7,29.14,24.35,,0.65,1.6,7.56
Vadodara,2026-03-10,39.24,30.23,20.08,0.08,0.84,1.22,8.32
Vadodara,2026-03-11,39.32,28.38,21.96,0.08,0.98,1.06,8.23
Vadodara,2026-03-12,38.22,30.96,19.97,0.07,0.57,1.29,8.91
Vadodara,2026-03-13,39.47,30.56,18.78,0.15,1.55,0.52,8.98
Vadodara,2026-03-14,37.53,30.33,22.04,0.06,0.96,0.39,8.68
Vadodara,2026-03-15,43.35,28.71,19.2,,1.27,0.57,6.91
Vadodara,2026-03-16,41.66,27.68,20.51,,1.21,1.14,7.81
Vadodara,2026-03-17,41.32,29.72,19.01,0.21,0.48,0.96,8.3
Vadodara,2026-03-18,37.91,30.86,21.68,0.08,0.76,0.76,7.96
Vadodara,2026-03-19,40.74,30.37,20.0,,1.18,0.44,7.28
Vadodara,2026-03-20,38.8,28.03,22.34,,0.87,1.2,8.76
Vadodara,2026-03-21,39.57,30.0,20.68,,1.06,0.75,7.95
Vadodara,2026-03-22,42.38,29.83,19.59,,1.15,0.77,6.27
Vadodara,2026-03-23,39.36,28.79,21.82,,0.61,0.92,8.5
Vadodara,2026-03-24,40.97,29.95,20.3,,0.36,1.02,7.4
Vadodara,2026-03-25,38.99,27.51,22.96,,1.15,0.82,8.56
Vadodara,2026-03-26,41.98,28.84,18.88,,0.62,1.38,8.3
Vadodara,2026-03-27,39.3,30.17,20.26,0.14,0.65,0.93,8.55
Vadodara,2026-03-28,39.1,31.6,20.05,0.07,1.28,1.01,6.89
Vadodara,2026-03-29,39.08,28.39,22.62,0.07,1.44,1.51,6.89
Vadodara,2026-03-30,37.59,30.4,21.95,,1.03,0.95,8.08
Vadodara,2026-03-31,38.87,27.9,22.57,,1.47,1.24,7.96
Vadodara,2026-04-01,40.17,28.6,21.49,0.17,0.91,0.99,7.69
Vadodara,2026-04-02,38.74,33.19,17.89,0.14,1.73,0.87,7.43
Vadodara,2026-04-03,39.43,30.5,19.79,0.14,0.64,0.64,8.86
Vadodara,2026-04-04,39.1,27.9,23.99,,0.8,0.99,7.22
Vadodara,2026-04-05,36.93,28.79,22.86,0.21,1.43,1.29,8.5
Vadodara,2026-04-06,36.86,27.66,23.65,0.22,1.82,0.95,8.83
Vadodara,2026-04-07,37.13,30.76,21.48,,0.67,1.35,8.61
Vadodara,2026-04-08,37.83,26.1,23.7,0.08,0.88,1.28,10.14
Vadodara,2026-04-09,37.9,27.63,23.29,,0.84,0.61,9.74
Vadodara,2026-04-10,34.46,29.55,21.18,0.08,1.53,1.13,12.08
Vadodara,2026-04-11,36.24,28.26,21.33,0.07,1.04,1.04,12.01
Vadodara,2026-04-12,38.72,29.53,20.06,0.07,0.97,0.56,10.1
Vadodara,2026-04-13,36.68,29.42,19.12,,1.29,0.81,12.68
Vadodara,2026-04-14,35.64,25.93,21.48,0.07,0.33,1.6,14.96
Vadodara,2026-04-15,37.56,25.54,21.72,,1.0,0.5,13.68
Vadodara,2026-04-16,39.38,23.75,22.58,,0.5,0.67,13.13
Vadodara,2026-04-17,37.73,24.11,22.38,0.09,0.61,1.65,13.44
Vadodara,2026-04-18,34.82,28.72,22.22,,0.86,1.02,12.36
Vadodara,2026-04-19,34.61,27.46,21.53,0.22,1.37,0.94,13.87
Vadodara,2026-04-20,37.6,26.52,19.78,,1.05,0.82,14.23
Vadodara,2026-04-21,35.86,29.53,22.58,0.08,0.86,0.78,10.31
Vadodara,2026-04-22,36.71,26.95,22.26,,1.14,1.14,11.81
Vadodara,2026-04-23,36.08,27.83,21.23,0.08,1.34,0.86,12.58
Vadodara,2026-04-24,35.95,29.16,21.45,0.08,1.22,0.61,11.53
Vadodara,2026-04-25,34.75,27.66,23.42,,1.53,1.18,11.47
Vadodara,2026-04-26,35.23,27.09,23.71,,1.23,1.38,11.36
Vadodara,2026-04-27,35.55,28.5,22.08,0.08,1.25,0.63,11.9
Vadodara,2026-04-28,37.6,25.21,22.82,0.08,1.23,0.99,12.07
Vadodara,2026-04-29,36.93,26.54,24.09,0.16,0.79,0.71,10.79
Vadodara,2026-04-30,35.48,27.42,24.08,0.09,0.77,1.63,10.54
Vadodara,2026-05-01,35.89,27.62,23.86,,1.4,0.81,10.41
Vadodara,2026-05-02,35.03,28.81,23.5,,1.54,0.77,10.35
Vadodara,2026-05-03,35.7,28.31,23.03,0.22,1.09,0.65,11.01
Vadodara,2026-05-04,36.03,26.0,22.69,,2.08,1.47,11.73
Vadodara,2026-05-05,37.49,24.36,24.51,,1.09,0.95,11.6
Vadodara,2026-05-06,41.18,26.54,21.55,,0.42,0.75,9.57
Vadodara,2026-05-07,39.76,26.46,21.51,0.07,1.33,0.96,9.9
Vadodara,2026-05-08,38.35,28.65,21.49,0.07,1.3,1.37,8.76
Vadodara,2026-05-09,37.07,27.92,21.66,0.38,1.3,1.14,10.53
Vadodara,2026-05-10,39.16,28.25,20.74,,0.72,0.72,10.4
Vadodara,2026-05-11,36.49,28.37,21.36,,0.95,1.26,11.58
Vadodara,2026-05-12,36.72,23.69,25.83,,1.03,0.72,12.0
Vadodara,2026-05-13,40.29,25.04,22.65,0.08,1.16,0.54,10.25
Vadodara,2026-05-14,39.09,25.84,22.25,0.07,1.02,0.73,10.98
Vadodara,2026-05-15,41.94,26.7,20.77,,0.8,0.64,9.14
Vadodara,2026-05-16,39.78,27.9,19.48,0.07,1.24,0.76,10.77
Vadodara,2026-05-17,38.45,28.54,20.08,,0.83,0.89,11.21
Vadodara,2026-05-18,39.4,24.04,22.89,,1.46,0.77,11.44
Vadodara,2026-05-19,38.38,27.79,23.55,,0.47,0.55,9.26
Vadodara,2026-05-20,37.19,26.83,23.51,0.23,0.76,0.83,10.66
Vadodara,2026-05-21,41.5,25.94,20.83,0.08,1.43,0.68,9.55
Vadodara,2026-05-22,44.59,25.98,19.42,0.07,0.95,0.74,8.25
Vadodara,2026-05-23,36.87,29.19,19.84,,1.27,0.94,11.89
Vadodara,2026-05-24,37.02,29.56,20.11,,1.26,0.67,11.38
Vadodara,2026-05-25,36.99,29.81,20.5,,1.24,0.48,10.97
Vadodara,2026-05-26,36.02,27.61,23.83,,0.84,0.63,11.07
Vadodara,2026-05-27,38.42,26.73,21.74,,1.41,0.74,10.95
Vadodara,2026-05-28,44.75,31.98,15.24,0.05,1.13,0.31,6.54
Vadodara,2026-05-29,38.75,29.96,20.61,,1.07,0.7,8.91
Vadodara,2026-05-30,39.52,28.58,19.5,,1.79,0.73,9.88
Vadodara,2026-05-31,36.38,30.35,21.48,,1.22,0.54,10.03
Vadodara,2026-06-01,37.84,26.6,22.42,0.08,0.76,0.99,11.32
Vadodara,2026-06-02,40.65,27.05,21.28,,0.61,0.84,9.57
Vadodara,2026-06-03,39.88,27.11,20.46,0.22,1.72,0.75,9.86
Vadodara,2026-06-04,40.48,27.4,20.12,0.08,1.08,0.54,10.29
Vadodara,2026-06-05,37.32,28.63,20.49,0.08,1.28,0.72,11.48
Vadodara,2026-06-06,37.93,27.8,20.49,,1.22,1.07,11.5
Vadodara,2026-06-07,36.33,27.93,21.08,0.07,1.92,0.88,11.79
Vadodara,2026-06-08,38.89,28.2,20.27,0.15,1.57,0.9,10.02
Vadodara,2026-06-09,36.66,28.17,22.34,0.08,1.42,0.63,10.7
Vadodara,2026-06-10,37.47,26.81,22.31,0.25,1.08,0.67,11.41
Vadodara,2026-06-11,38.6,26.52,21.37,,1.18,0.51,11.82
Vadodara,2026-06-12,37.7,27.09,23.53,,1.33,0.58,9.78
Vadodara,2026-06-13,38.13,26.41,20.91,0.07,1.01,0.94,12.52
Vadodara,2026-06-14,38.2,26.95,23.45,,1.1,0.88,9.42
Vadodara,2026-06-15,40.03,24.66,23.46,0.32,1.12,0.88,9.53
Vadodara,2026-06-16,39.12,27.79,21.09,,0.58,1.32,10.09
Vadodara,2026-06-17,36.05,26.19,24.09,,1.54,0.32,11.8
Vadodara,2026-06-18,36.31,26.04,25.1,,0.94,1.02,10.59
Vadodara,2026-06-19,36.21,27.07,23.64,,1.26,0.92,10.9
Vadodara,2026-06-20,37.34,25.24,25.08,,1.2,0.8,10.34
Vadodara,2026-06-21,35.49,25.51,24.41,,1.4,1.48,11.7
Vadodara,2026-06-22,38.46,24.32,24.24,,1.56,0.66,10.76
Vadodara,2026-06-23,35.25,25.82,24.78,,1.68,0.88,11.59
Vadodara,2026-06-24,38.6,23.97,25.29,0.0,1.25,0.7,10.19
Vadodara,2026-06-25,35.86,27.54,23.88,0.08,1.25,0.83,10.57
Vadodara,2026-06-26,36.22,26.28,22.04,,0.8,0.88,13.78
Vadodara,2026-06-27,36.51,28.98,21.16,,1.07,0.57,11.72
Vadodara,2026-06-28,35.35,24.88,25.36,0.07,0.62,0.62,13.09
Vadodara,2026-06-29,34.32,28.04,23.2,0.08,1.36,0.91,12.09
Vadodara,2026-06-30,39.79,27.93,21.61,,0.42,1.05,9.19
Vadodara,2026-07-01,38.2,25.47,24.57,,0.6,0.75,10.41
Vadodara,2026-07-02,39.61,23.77,23.44,0.08,0.97,0.32,11.8
Vadodara,2026-07-03,36.89,29.2,20.02,0.08,1.02,0.63,12.17
Vadodara,2026-07-04,36.34,27.18,21.37,0.08,1.76,0.99,12.29
Vadodara,2026-07-05,39.33,24.87,23.11,0.08,0.99,0.54,11.09
Vadodara,2026-07-06,39.34,26.72,18.97,0.44,0.35,0.44,13.75
Vadodara,2026-07-07,38.13,26.17,22.16,,0.92,0.5,12.12
Vadodara,2026-07-08,36.31,29.72,21.7,,1.0,0.42,10.85
Vadodara,2026-07-09,39.31,28.74,19.96,0.07,1.04,0.74,10.13
Vadodara,2026-07-10,37.18,28.91,19.73,,1.37,0.76,12.06
Vadodara,2026-07-11,37.23,29.55,19.46,0.22,1.68,1.02,10.83
Vadodara,2026-07-12,35.79,30.16,22.15,,0.65,0.43,10.82
Vadodara,2026-07-13,37.76,27.91,21.2,,0.86,0.93,11.35
Vadodara,2026-07-14,35.37,29.34,21.28,0.08,0.86,1.02,12.05
Vadodara,2026-07-15,34.98,29.7,21.53,,1.57,0.58,11.63
Vadodara,2026-07-16,41.81,27.45,19.26,,0.67,0.94,9.87
Vadodara,2026-07-17,39.23,27.36,20.54,,0.43,1.21,11.23
Vadodara,2026-07-18,39.07,26.72,21.34,,1.44,0.92,10.51
Vadodara,2026-07-19,38.51,25.3,22.98,0.07,1.34,0.56,11.24
Vadodara,2026-07-20,41.31,24.1,21.36,,1.1,0.94,11.19
Vadodara,2026-07-21,41.83,24.35,20.0,0.08,0.92,0.61,12.21
Vadodara,2026-07-22,39.51,21.83,25.59,,1.17,0.63,11.27
Vadodara,2026-07-23,37.37,28.12,21.49,0.15,0.39,0.31,12.17
Vadodara,2026-07-24,46.04,30.78,14.52,,0.69,0.74,7.23
Vadodara,2026-07-25,42.12,29.57,16.6,,0.68,0.58,10.45
Vadodara,2026-07-26,42.4,25.72,19.55,0.17,1.27,0.94,9.97
Vadodara,2026-07-27,43.1,29.62,16.15,,0.45,0.76,9.92
Vadodara,2026-07-28,41.11,28.07,19.35,,0.57,0.35,10.56
Vadodara,2026-07-29,43.86,28.17,17.26,0.07,0.68,0.34,9.62
Vadodara,2026-07-30,41.83,25.84,20.49,,1.0,0.5,10.35
Vadodara,2026-07-31,43.24,25.29,20.33,0.07,0.95,0.61,9.52
Vadodara,2026-08-01,39.26,27.3,21.04,,0.96,0.45,11.0
Vadodara,2026-08-02,38.5,25.77,21.53,,1.03,1.48,11.7
Vadodara,2026-08-03,41.56,23.77,22.57,,0.84,0.63,10.62
Vadodara,2026-08-04,38.39,26.26,25.02,,1.04,0.28,9.01
Vadodara,2026-08-05,38.03,28.98,22.24,,1.19,0.59,8.97
Vadodara,2026-08-06,43.62,26.55,19.15,,0.74,0.4,9.54
Vadodara,2026-08-07,40.59,27.67,20.29,0.14,0.63,0.7,9.97
Vadodara,2026-08-08,38.32,25.31,22.53,0.07,1.53,0.63,11.61
Vadodara,2026-08-09,40.01,28.38,19.97,0.13,1.68,0.61,9.21
Vadodara,2026-08-10,40.33,27.72,17.67,,0.49,0.55,13.24
Vadodara,2026-08-11,39.25,27.19,21.05,0.07,0.15,0.95,11.33
Vadodara,2026-08-12,37.62,31.8,18.16,,0.92,0.54,10.96
Vadodara,2026-08-13,41.29,26.43,16.97,,1.13,0.53,13.66
Vadodara,2026-08-14,40.18,28.62,17.51,0.07,1.1,1.18,11.33
Vadodara,2026-08-15,42.34,25.38,18.17,0.12,0.61,0.73,12.66
Vadodara,2026-08-16,39.28,28.25,19.67,0.18,0.61,0.74,11.27
Vadodara,2026-08-17,39.19,27.15,22.16,,0.82,0.55,10.12
Vadodara,2026-08-18,38.19,28.72,19.59,,0.79,0.6,12.11
Vadodara,2026-08-19,42.41,27.75,18.7,0.07,0.52,0.6,9.95
Vadodara,2026-08-20,43.79,25.75,17.89,,1.05,0.75,10.78
Vadodara,2026-08-21,39.93,25.49,21.73,0.07,1.66,0.36,10.76
Vadodara,2026-08-22,37.74,29.21,19.4,,1.14,0.78,11.73
Vadodara,2026-08-23,39.62,28.07,19.27,0.07,0.81,1.01,11.15
Vadodara,2026-08-24,39.55,26.24,20.28,,1.24,0.46,12.23
Vadodara,2026-08-25,41.19,25.08,20.13,,1.01,0.5,12.08
Vadodara,2026-08-26,43.48,29.42,16.3,0.14,0.8,0.8,9.06
Vadodara,2026-08-27,40.66,27.91,19.57,,0.8,0.8,10.26
Vadodara,2026-08-28,38.58,26.45,19.15,0.07,1.45,0.79,13.51
Vadodara,2026-08-29,39.0,26.82,22.15,,1.24,0.69,10.11
Vadodara,2026-08-30,38.76,27.36,20.95,0.12,1.29,1.11,10.41
Vadodara,2026-08-31,38.95,27.89,18.95,0.08,1.2,0.45,12.48
Visakhapatnam,2025-01-01,53.76,24.27,9.68,0.15,2.76,3.07,6.3
Visakhapatnam,2025-01-02,48.97,27.65,10.43,,3.32,3.0,6.64
Visakhapatnam,2025-01-03,58.41,21.34,9.97,0.16,1.4,1.56,7.17
Visakhapatnam,2025-01-04,50.33,22.3,14.26,,0.82,3.28,9.02
Visakhapatnam,2025-01-05,51.06,27.88,6.97,0.15,2.12,3.33,8.48
Visakhapatnam,2025-01-06,51.73,21.07,11.01,,2.52,5.03,8.65
Visakhapatnam,2025-01-07,55.06,23.27,10.43,0.32,1.28,3.53,6.1
Visakhapatnam,2025-01-08,55.3,21.36,10.95,,1.44,3.05,7.9
Visakhapatnam,2025-01-09,51.52,25.0,10.81,,2.36,1.69,8.61
Visakhapatnam,2025-01-10,46.69,27.58,12.48,0.31,2.47,3.7,6.78
Visakhapatnam,2025-01-11,49.35,27.61,9.8,,2.12,2.61,8.5
Visakhapatnam,2025-01-12,51.2,22.84,13.44,,0.92,2.95,8.66
Visakhapatnam,2025-01-13,49.16,28.76,9.53,0.17,2.01,3.85,6.52
Visakhapatnam,2025-01-14,51.65,24.8,11.46,0.16,1.57,3.45,6.91
Visakhapatnam,2025-01-15,55.16,24.04,9.14,,1.62,2.06,7.96
Visakhapatnam,2025-01-16,50.12,30.58,8.03,0.12,1.44,2.16,7.55
Visakhapatnam,2025-01-17,50.99,26.25,8.87,0.12,2.33,3.5,7.93
Visakhapatnam,2025-01-18,51.25,25.44,10.97,,2.87,3.37,6.11
Visakhapatnam,2025-01-19,52.44,27.62,9.16,,2.07,2.95,5.76
Visakhapatnam,2025-01-20,51.27,25.78,8.35,0.3,2.24,2.83,9.24
Visakhapatnam,2025-01-21,50.82,25.0,9.07,0.14,3.57,3.3,8.1
Visakhapatnam,2025-01-22,54.07,22.96,10.07,,3.11,2.07,7.7
Visakhapatnam,2025-01-23,53.44,21.35,10.32,0.29,3.01,3.72,7.88
Visakhapatnam,2025-01-24,49.93,24.49,13.13,,2.33,2.05,8.07
Visakhapatnam,2025-01-25,54.27,24.66,10.74,,2.62,2.07,5.65
Visakhapatnam,2025-01-26,54.07,25.1,9.79,,1.93,2.48,6.62
Visakhapatnam,2025-01-27,48.64,25.38,13.44,,1.81,1.96,8.76
Visakhapatnam,2025-01-28,53.62,23.4,10.64,0.28,2.13,3.4,6.52
Visakhapatnam,2025-01-29,51.56,23.55,11.77,0.15,1.19,2.24,9.54
Visakhapatnam,2025-01-30,54.73,24.32,10.14,0.34,1.52,2.7,6.25
Visakhapatnam,2025-01-31,55.99,24.11,7.63,,1.63,5.31,5.31
Visakhapatnam,2025-02-01,50.78,22.58,11.88,0.13,2.48,3.39,8.75
Visakhapatnam,2025-02-02,50.14,25.64,10.76,0.14,2.69,4.11,6.52
Visakhapatnam,2025-02-03,49.72,27.42,9.42,0.28,2.35,1.94,8.86
Visakhapatnam,2025-02-04,51.91,26.39,11.44,0.15,2.49,1.47,6.16
Visakhapatnam,2025-02-05,52.7,23.11,11.08,0.14,3.38,2.16,7.43
Visakhapatnam,2025-02-06,54.52,25.93,9.63,0.15,1.33,2.22,6.22
Visakhapatnam,2025-02-07,50.76,25.46,11.13,0.3,2.74,2.59,7.01
Visakhapatnam,2025-02-08,50.61,27.53,9.85,0.27,2.02,2.7,7.02
Visakhapatnam,2025-02-09,52.57,26.57,8.86,,1.57,2.71,7.71
Visakhapatnam,2025-02-10,49.86,25.57,11.79,,2.27,2.13,8.38
Visakhapatnam,2025-02-11,51.04,24.41,9.43,0.28,2.64,3.88,8.32
Visakhapatnam,2025-02-12,50.81,28.08,9.25,0.32,1.14,2.44,7.95
Visakhapatnam,2025-02-13,50.5,26.16,8.77,,2.32,2.15,10.1
Visakhapatnam,2025-02-14,50.44,26.25,10.85,,2.05,2.64,7.77
Visakhapatnam,2025-02-15,52.25,25.25,8.27,,1.74,1.6,10.89
Visakhapatnam,2025-02-16,53.11,25.76,8.39,,1.16,3.76,7.81
Visakhapatnam,2025-02-17,51.91,26.11,8.76,0.16,2.87,3.5,6.69
Visakhapatnam,2025-02-18,50.43,22.48,12.68,,1.73,4.18,8.5
Visakhapatnam,2025-02-19,52.29,21.17,11.06,0.32,2.05,3.95,9.16
Visakhapatnam,2025-02-20,50.78,24.14,13.64,0.16,1.72,2.04,7.52
Visakhapatnam,2025-02-21,50.94,24.03,11.94,0.14,1.73,4.17,7.05
Visakhapatnam,2025-02-22,49.69,28.66,9.66,,2.18,3.43,6.39
Visakhapatnam,2025-02-23,51.25,24.45,10.59,0.78,1.25,3.27,8.41
Visakhapatnam,2025-02-24,50.23,24.26,11.27,0.16,2.82,4.69,6.57
Visakhapatnam,2025-02-25,48.92,26.16,10.37,0.15,2.63,3.41,8.36
Visakhapatnam,2025-02-26,48.83,25.33,11.83,0.17,2.5,3.33,8.0
Visakhapatnam,2025-02-27,51.46,24.5,12.94,0.15,2.31,2.62,6.01
Visakhapatnam,2025-02-28,51.1,22.24,12.56,0.51,2.21,3.06,8.32
Visakhapatnam,2025-03-01,50.85,26.78,12.37,,1.19,2.71,6.1
Visakhapatnam,2025-03-02,49.58,23.09,11.88,0.34,2.04,2.72,10.36
Visakhapatnam,2025-03-03,50.53,23.37,12.29,0.15,1.52,3.95,8.19
Visakhapatnam,2025-03-04,53.85,22.41,10.87,0.17,2.34,2.17,8.19
Visakhapatnam,2025-03-05,51.1,23.27,11.3,,2.36,3.54,8.43
Visakhapatnam,2025-03-06,52.31,23.46,12.96,,2.01,2.31,6.94
Visakhapatnam,2025-03-07,52.79,21.87,13.57,0.15,2.56,2.56,6.49
Visakhapatnam,2025-03-08,46.86,25.44,11.27,0.48,3.22,3.22,9.5
Visakhapatnam,2025-03-09,47.72,27.37,10.18,0.35,2.81,3.16,8.42
Visakhapatnam,2025-03-10,49.23,25.21,10.29,0.17,2.57,4.29,8.23
Visakhapatnam,2025-03-11,50.08,22.76,12.85,,2.11,4.07,8.13
Visakhapatnam,2025-03-12,51.86,22.45,10.84,0.15,1.7,3.41,9.6
Visakhapatnam,2025-03-13,50.94,22.01,14.94,,1.89,2.99,7.23
Visakhapatnam,2025-03-14,52.36,21.7,13.05,,1.73,2.36,8.81
Visakhapatnam,2025-03-15,46.37,26.57,12.38,,1.98,4.62,8.09
Visakhapatnam,2025-03-16,45.87,24.92,11.16,,2.75,4.74,10.55
Visakhapatnam,2025-03-17,47.9,26.35,12.72,,1.35,4.04,7.63
Visakhapatnam,2025-03-18,48.7,25.36,13.26,0.14,2.16,3.75,6.63
Visakhapatnam,2025-03-19,51.53,27.91,8.28,,1.07,3.83,7.36
Visakhapatnam,2025-03-20,48.47,24.85,13.5,0.15,2.76,2.76,7.52
Visakhapatnam,2025-03-21,49.71,21.57,14.43,0.14,1.57,3.14,9.43
Visakhapatnam,2025-03-22,49.51,25.25,12.27,0.28,2.12,2.68,7.9
Visakhapatnam,2025-03-23,47.47,26.19,12.2,0.15,2.98,2.83,8.18
Visakhapatnam,2025-03-24,51.19,21.76,11.58,0.42,4.32,2.79,7.95
Visakhapatnam,2025-03-25,48.01,26.71,9.38,0.16,2.38,4.29,9.06
Visakhapatnam,2025-03-26,50.6,22.36,12.24,0.3,1.66,5.29,7.55
Visakhapatnam,2025-03-27,46.08,25.27,13.92,0.14,2.7,1.76,10.14
Visakhapatnam,2025-03-28,48.19,29.9,12.34,,1.45,2.32,5.81
Visakhapatnam,2025-03-29,49.85,26.16,11.63,0.15,2.62,2.18,7.41
Visakhapatnam,2025-03-30,54.36,23.84,8.28,,1.45,4.65,7.41
Visakhapatnam,2025-03-31,50.28,22.87,12.36,,1.7,3.69,9.09
Visakhapatnam,2025-04-01,46.69,28.13,12.96,,2.8,3.39,6.04
Visakhapatnam,2025-04-02,51.91,25.96,9.87,0.64,1.43,2.87,7.32
Visakhapatnam,2025-04-03,45.4,25.64,14.78,0.3,3.02,1.81,9.05
Visakhapatnam,2025-04-04,48.18,24.67,13.74,0.33,3.48,2.81,6.79
Visakhapatnam,2025-04-05,51.0,23.58,11.33,0.31,1.99,4.29,7.5
Visakhapatnam,2025-04-06,49.93,24.82,11.03,0.29,1.89,3.77,8.27
Visakhapatnam,2025-04-07,51.84,26.07,10.12,0.15,1.99,2.91,6.9
Visakhapatnam,2025-04-08,47.03,25.16,12.66,0.31,3.91,2.97,7.97
Visakhapatnam,2025-04-09,51.45,23.55,10.97,0.65,1.94,3.23,8.23
Visakhapatnam,2025-04-10,49.56,25.51,12.24,0.29,2.48,2.92,7.0
Visakhapatnam,2025-04-11,50.95,23.94,11.97,0.44,2.92,1.75,8.03
Visakhapatnam,2025-04-12,53.26,23.37,10.93,,2.88,2.12,7.44
Visakhapatnam,2025-04-13,49.92,24.06,12.78,,2.41,3.91,6.92
Visakhapatnam,2025-04-14,51.38,22.65,12.02,0.14,2.07,3.18,8.56
Visakhapatnam,2025-04-15,50.15,25.44,10.8,0.15,2.37,2.81,8.28
Visakhapatnam,2025-04-16,51.4,20.59,13.17,0.14,3.36,2.66,8.68
Visakhapatnam,2025-04-17,53.2,23.76,10.24,0.28,1.85,3.13,7.54
Visakhapatnam,2025-04-18,50.57,26.5,11.03,0.14,1.29,3.01,7.45
Visakhapatnam,2025-04-19,48.29,23.36,11.4,0.28,2.14,3.85,10.68
Visakhapatnam,2025-04-20,49.04,24.26,11.55,,2.05,3.21,9.88
Visakhapatnam,2025-04-21,46.83,24.88,10.73,0.49,1.83,2.93,12.32
Visakhapatnam,2025-04-22,49.14,22.57,10.43,0.14,1.86,2.71,13.14
Visakhapatnam,2025-04-23,48.76,21.98,10.19,0.44,2.18,2.33,14.12
Visakhapatnam,2025-04-24,47.02,22.32,10.57,0.15,1.49,2.98,15.48
Visakhapatnam,2025-04-25,49.71,20.55,10.92,,1.44,2.3,15.09
Visakhapatnam,2025-04-26,45.63,27.56,10.81,,2.22,2.07,11.7
Visakhapatnam,2025-04-27,43.96,21.84,11.95,,2.34,2.61,17.31
Visakhapatnam,2025-04-28,43.07,24.67,15.04,0.15,3.21,2.63,11.24
Visakhapatnam,2025-04-29,46.37,25.55,11.04,,3.31,3.94,9.78
Visakhapatnam,2025-04-30,46.92,24.96,14.53,,2.21,3.95,7.42
Visakhapatnam,2025-05-01,43.09,26.28,9.31,0.15,4.05,2.4,14.71
Visakhapatnam,2025-05-02,47.94,22.42,10.03,,2.65,2.65,14.31
Visakhapatnam,2025-05-03,45.31,23.02,12.17,,1.47,2.35,15.69
Visakhapatnam,2025-05-04,47.27,22.41,10.78,0.14,1.87,3.59,13.94
Visakhapatnam,2025-05-05,51.98,19.49,10.78,0.48,3.96,2.54,10.78
Visakhapatnam,2025-05-06,50.65,22.42,11.61,,1.61,4.35,9.35
Visakhapatnam,2025-05-07,48.51,23.02,12.83,,2.46,2.46,10.72
Visakhapatnam,2025-05-08,50.27,19.89,14.74,1.24,0.53,1.78,11.55
Visakhapatnam,2025-05-09,45.96,25.59,12.79,0.17,2.02,2.19,11.28
Visakhapatnam,2025-05-10,49.26,21.65,12.23,0.17,1.98,3.47,11.24
Visakhapatnam,2025-05-11,46.12,24.71,11.49,0.14,2.44,3.45,11.64
Visakhapatnam,2025-05-12,45.94,24.9,13.03,,3.1,3.48,9.55
Visakhapatnam,2025-05-13,48.45,21.33,13.28,0.71,2.26,3.95,10.03
Visakhapatnam,2025-05-14,46.14,23.45,12.25,0.3,2.72,2.42,12.71
Visakhapatnam,2025-05-15,45.51,26.12,12.36,0.56,1.97,3.09,10.39
Visakhapatnam,2025-05-16,46.22,25.35,10.92,,1.54,3.5,12.46
Visakhapatnam,2025-05-17,46.64,25.35,11.66,,2.03,3.3,11.03
Visakhapatnam,2025-05-18,47.36,22.21,10.31,0.12,2.94,3.31,13.74
Visakhapatnam,2025-05-19,48.08,23.15,14.71,0.38,1.53,3.32,8.82
Visakhapatnam,2025-05-20,47.84,23.24,12.73,,3.58,4.2,8.41
Visakhapatnam,2025-05-21,46.53,25.99,11.84,0.41,2.72,3.67,8.84
Visakhapatnam,2025-05-22,42.12,27.74,15.76,0.13,1.77,2.52,9.96
Visakhapatnam,2025-05-23,48.19,24.49,10.61,0.11,2.37,2.71,11.51
Visakhapatnam,2025-05-24,46.01,25.32,11.91,,2.54,3.47,10.75
Visakhapatnam,2025-05-25,45.06,24.07,10.37,0.37,2.47,4.94,12.72
Visakhapatnam,2025-05-26,47.48,25.42,10.86,0.34,2.35,2.24,11.31
Visakhapatnam,2025-05-27,46.53,23.08,11.35,0.13,2.4,3.15,13.37
Visakhapatnam,2025-05-28,45.93,23.23,13.12,0.13,2.23,2.36,12.99
Visakhapatnam,2025-05-29,40.4,22.73,12.5,,1.64,2.15,20.58
Visakhapatnam,2025-05-30,37.07,25.2,8.06,0.11,2.58,3.25,23.74
Visakhapatnam,2025-05-31,44.88,23.01,11.76,0.25,2.65,3.79,13.65
Visakhapatnam,2025-06-01,39.72,21.75,7.45,,1.77,2.36,26.95
Visakhapatnam,2025-06-02,46.16,21.83,10.85,0.4,1.59,3.04,16.14
Visakhapatnam,2025-06-03,42.33,21.85,6.86,0.11,1.83,2.52,24.49
Visakhapatnam,2025-06-04,44.48,27.83,9.04,0.14,2.87,3.3,12.34
Visakhapatnam,2025-06-05,42.46,28.84,10.98,0.53,2.51,3.97,10.71
Visakhapatnam,2025-06-06,45.07,24.06,12.75,0.29,2.03,4.49,11.3
Visakhapatnam,2025-06-07,43.28,27.82,11.3,,2.62,4.4,10.58
Visakhapatnam,2025-06-08,45.68,28.02,10.09,0.27,2.66,3.59,9.69
Visakhapatnam,2025-06-09,49.28,21.94,11.7,,3.02,2.5,11.56
Visakhapatnam,2025-06-10,47.05,22.12,10.46,,3.22,3.49,13.67
Visakhapatnam,2025-06-11,48.62,23.59,10.09,0.13,3.01,3.54,11.01
Visakhapatnam,2025-06-12,49.48,20.84,13.64,0.15,2.25,2.55,11.09
Visakhapatnam,2025-06-13,44.02,25.95,11.37,,2.62,4.08,11.95
Visakhapatnam,2025-06-14,47.37,24.56,9.89,0.32,4.47,3.67,9.73
Visakhapatnam,2025-06-15,45.06,25.99,12.99,0.28,3.11,2.26,10.31
Visakhapatnam,2025-06-16,49.57,25.71,10.71,0.14,1.14,3.71,9.0
Visakhapatnam,2025-06-17,46.79,24.51,11.96,0.15,2.84,1.35,12.41
Visakhapatnam,2025-06-18,48.91,24.53,10.89,0.15,2.18,2.47,10.89
Visakhapatnam,2025-06-19,47.31,22.79,14.37,0.29,1.16,3.19,10.89
Visakhapatnam,2025-06-20,46.64,23.09,13.46,0.31,1.68,3.06,11.77
Visakhapatnam,2025-06-21,50.45,25.53,10.51,0.15,0.75,2.4,10.21
Visakhapatnam,2025-06-22,44.35,22.32,13.14,,2.82,1.69,15.68
Visakhapatnam,2025-06-23,49.66,21.61,11.81,0.13,1.61,3.09,12.08
Visakhapatnam,2025-06-24,46.81,24.07,11.74,0.45,2.38,3.57,11.0
Visakhapatnam,2025-06-25,49.87,18.52,11.64,0.13,2.25,2.91,14.68
Visakhapatnam,2025-06-26,49.55,21.45,9.82,0.15,1.51,2.27,15.26
Visakhapatnam,2025-06-27,48.1,23.18,11.22,0.15,0.73,2.33,14.29
Visakhapatnam,2025-06-28,44.91,26.36,13.67,,2.09,2.23,10.74
Visakhapatnam,2025-06-29,43.85,23.32,12.57,0.98,1.4,2.65,15.22
Visakhapatnam,2025-06-30,45.99,22.36,10.69,0.28,3.66,1.69,15.33
Visakhapatnam,2025-07-01,46.45,26.05,10.56,0.43,2.32,2.32,11.87
Visakhapatnam,2025-07-02,45.96,24.35,10.68,0.26,2.86,2.6,13.28
Visakhapatnam,2025-07-03,46.32,24.23,11.35,0.15,2.76,3.37,11.81
Visakhapatnam,2025-07-04,39.94,20.91,13.99,0.16,4.87,3.62,16.51
Visakhapatnam,2025-07-05,47.63,23.02,10.07,,1.58,5.32,12.37
Visakhapatnam,2025-07-06,43.42,27.58,11.32,,2.26,1.7,13.72
Visakhapatnam,2025-07-07,45.27,24.45,13.25,0.32,2.05,2.52,12.15
Visakhapatnam,2025-07-08,46.05,23.24,10.33,0.14,2.01,4.02,14.2
Visakhapatnam,2025-07-09,48.72,23.68,9.95,0.15,1.51,3.77,12.22
Visakhapatnam,2025-07-10,47.74,23.56,11.86,0.47,1.72,3.74,10.92
Visakhapatnam,2025-07-11,46.46,23.98,11.31,0.27,1.5,1.77,14.71
Visakhapatnam,2025-07-12,45.48,26.74,9.04,0.13,1.97,1.57,15.07
Visakhapatnam,2025-07-13,51.41,23.48,11.0,,1.04,2.97,10.1
Visakhapatnam,2025-07-14,47.32,26.49,10.12,0.15,1.49,1.93,12.5
Visakhapatnam,2025-07-15,48.04,29.61,8.1,0.14,1.54,2.51,10.06
Visakhapatnam,2025-07-16,44.64,25.8,13.04,0.14,1.3,2.61,12.46
Visakhapatnam,2025-07-17,42.99,26.12,10.34,0.14,1.36,4.63,14.42
Visakhapatnam,2025-07-18,46.54,22.62,12.1,0.43,1.15,3.46,13.69
Visakhapatnam,2025-07-19,44.62,25.35,12.32,0.28,0.99,2.97,13.46
Visakhapatnam,2025-07-20,44.03,28.5,10.4,,2.05,3.21,11.81
Visakhapatnam,2025-07-21,43.94,26.13,12.26,0.29,1.61,3.07,12.7
Visakhapatnam,2025-07-22,45.41,25.3,9.17,0.15,2.66,2.96,14.35
Visakhapatnam,2025-07-23,42.68,26.14,12.28,0.16,1.73,2.83,14.17
Visakhapatnam,2025-07-24,46.92,24.96,14.22,0.16,1.11,1.58,11.06
Visakhapatnam,2025-07-25,47.48,24.18,9.2,,2.82,2.52,13.8
Visakhapatnam,2025-07-26,44.22,27.19,8.28,0.16,2.66,2.5,15.0
Visakhapatnam,2025-07-27,47.37,29.96,7.83,,1.89,2.16,10.8
Visakhapatnam,2025-07-28,43.66,27.79,8.4,,1.53,5.19,13.44
Visakhapatnam,2025-07-29,44.52,28.06,10.0,0.32,2.58,2.58,11.94
Visakhapatnam,2025-07-30,43.69,24.4,13.82,0.17,2.05,3.07,12.8
Visakhapatnam,2025-07-31,47.43,23.81,8.38,,2.67,1.9,15.81
Visakhapatnam,2025-08-01,44.1,27.95,11.47,,0.48,2.42,13.57
Visakhapatnam,2025-08-02,49.56,23.98,9.06,0.89,1.6,1.78,13.14
Visakhapatnam,2025-08-03,50.86,25.72,8.48,0.14,2.16,2.01,10.63
Visakhapatnam,2025-08-04,49.53,25.95,9.81,0.32,1.11,1.74,11.55
Visakhapatnam,2025-08-05,47.31,22.99,11.79,,1.49,2.84,13.58
Visakhapatnam,2025-08-06,48.33,26.42,10.16,0.44,1.16,2.47,11.03
Visakhapatnam,2025-08-07,47.31,25.3,9.88,0.15,1.95,1.5,13.92
Visakhapatnam,2025-08-08,45.71,24.75,8.44,0.14,1.69,1.97,17.3
Visakhapatnam,2025-08-09,45.01,27.27,8.65,,1.32,3.08,14.66
Visakhapatnam,2025-08-10,48.68,23.09,8.97,,2.94,1.76,14.56
Visakhapatnam,2025-08-11,47.03,23.44,9.7,0.29,2.6,2.89,14.04
Visakhapatnam,2025-08-12,45.84,22.85,13.96,0.14,1.27,2.96,12.98
Visakhapatnam,2025-08-13,46.43,25.99,10.3,0.16,2.38,2.38,12.36
Visakhapatnam,2025-08-14,45.6,27.85,8.8,0.14,1.73,3.32,12.55
Visakhapatnam,2025-08-15,49.27,26.03,8.68,0.4,2.4,1.74,11.48
Visakhapatnam,2025-08-16,45.43,28.17,8.76,,2.28,2.41,12.94
Visakhapatnam,2025-08-17,41.07,30.57,10.29,0.21,2.63,2.84,12.39
Visakhapatnam,2025-08-18,46.47,25.06,10.83,0.25,1.26,2.9,13.22
Visakhapatnam,2025-08-19,48.73,26.54,9.89,0.36,2.29,2.17,10.01
Visakhapatnam,2025-08-20,47.99,23.25,9.99,,2.83,1.94,14.01
Visakhapatnam,2025-08-21,45.11,25.72,10.78,,2.59,1.87,13.94
Visakhapatnam,2025-08-22,44.41,28.37,11.46,0.14,1.86,2.58,11.17
Visakhapatnam,2025-08-23,43.21,26.09,9.88,,1.98,3.16,15.68
Visakhapatnam,2025-08-24,46.12,22.18,13.03,0.38,1.38,2.01,14.91
Visakhapatnam,2025-08-25,44.94,26.25,11.14,0.13,1.92,2.3,13.32
Visakhapatnam,2025-08-26,50.4,22.49,10.45,,2.38,1.98,12.3
Visakhapatnam,2025-08-27,44.35,23.61,11.16,0.29,2.15,1.86,16.6
Visakhapatnam,2025-08-28,41.16,22.94,13.23,0.27,1.62,3.37,17.41
Visakhapatnam,2025-08-29,47.47,22.77,11.01,,0.89,2.08,15.77
Visakhapatnam,2025-08-30,43.48,26.23,11.5,,1.4,3.79,13.6
Visakhapatnam,2025-08-31,47.08,25.94,9.0,0.3,1.2,2.1,14.39
Visakhapatnam,2025-09-01,47.63,23.16,13.54,0.49,1.31,0.98,12.89
Visakhapatnam,2025-09-02,43.54,25.23,11.23,0.46,0.92,3.38,15.23
Visakhapatnam,2025-09-03,55.08,25.33,7.49,0.1,1.03,2.56,8.41
Visakhapatnam,2025-09-04,56.07,24.86,7.69,0.09,1.23,0.95,9.11
Visakhapatnam,2025-09-05,50.62,27.17,7.78,0.34,1.92,1.69,10.48
Visakhapatnam,2025-09-06,50.64,28.18,7.94,0.21,1.06,1.8,10.17
Visakhapatnam,2025-09-07,47.17,29.5,9.46,,1.44,2.36,10.07
Visakhapatnam,2025-09-08,52.97,26.22,9.13,0.11,1.06,1.17,9.34
Visakhapatnam,2025-09-09,53.88,24.54,9.59,0.11,0.68,1.6,9.59
Visakhapatnam,2025-09-10,51.59,23.41,8.46,,1.23,2.94,12.38
Visakhapatnam,2025-09-11,48.49,27.76,11.31,0.13,0.88,2.89,8.54
Visakhapatnam,2025-09-12,48.38,23.74,9.6,,1.3,3.11,13.88
Visakhapatnam,2025-09-13,44.97,28.99,10.06,0.24,2.84,2.13,10.77
Visakhapatnam,2025-09-14,46.08,23.76,7.24,0.12,1.09,2.77,18.94
Visakhapatnam,2025-09-15,47.16,26.18,8.41,,2.37,2.61,13.27
Visakhapatnam,2025-09-16,50.94,27.3,7.8,0.25,0.88,1.51,11.32
Visakhapatnam,2025-09-17,47.61,27.93,8.51,0.4,2.39,1.6,11.57
Visakhapatnam,2025-09-18,48.51,24.54,10.78,0.46,1.38,1.72,12.61
Visakhapatnam,2025-09-19,51.79,23.1,9.52,,1.55,1.55,12.5
Visakhapatnam,2025-09-20,55.73,23.54,8.05,,1.46,1.59,9.63
Visakhapatnam,2025-09-21,52.84,25.87,5.78,0.09,1.1,1.1,13.21
Visakhapatnam,2025-09-22,55.26,26.13,6.08,,1.35,1.25,9.93
Visakhapatnam,2025-09-23,51.82,27.58,7.46,0.59,1.37,1.77,9.42
Visakhapatnam,2025-09-24,47.5,27.16,8.41,,1.6,0.85,14.48
Visakhapatnam,2025-09-25,49.37,25.76,9.52,,1.65,1.52,12.18
Visakhapatnam,2025-09-26,49.55,24.94,9.84,0.22,1.12,1.68,12.64
Visakhapatnam,2025-09-27,49.21,24.04,9.26,0.11,2.6,2.26,12.53
Visakhapatnam,2025-09-28,43.9,20.81,8.82,,0.99,1.39,24.08
Visakhapatnam,2025-09-29,48.82,22.99,9.0,0.12,2.13,2.84,14.1
Visakhapatnam,2025-09-30,47.37,25.44,8.28,0.35,1.75,2.68,14.12
Visakhapatnam,2025-10-01,51.67,23.05,9.54,,1.12,1.12,13.51
Visakhapatnam,2025-10-02,50.89,24.72,8.43,,1.66,1.33,12.97
Visakhapatnam,2025-10-03,48.78,25.5,9.2,0.11,2.77,1.22,12.42
Visakhapatnam,2025-10-04,44.57,25.16,10.33,0.31,1.57,2.09,15.97
Visakhapatnam,2025-10-05,51.2,25.14,8.34,0.11,2.17,1.71,11.31
Visakhapatnam,2025-10-06,51.35,26.04,7.5,,1.67,1.56,11.88
Visakhapatnam,2025-10-07,49.88,24.88,9.27,0.24,2.07,0.73,12.93
Visakhapatnam,2025-10-08,48.85,28.9,8.28,,0.54,1.76,11.67
Visakhapatnam,2025-10-09,45.61,26.95,9.27,0.24,1.34,2.32,14.27
Visakhapatnam,2025-10-10,46.83,25.63,11.02,0.24,2.4,1.56,12.34
Visakhapatnam,2025-10-11,45.58,26.94,9.91,0.22,1.08,1.62,14.66
Visakhapatnam,2025-10-12,45.74,28.95,9.98,,1.22,2.55,11.56
Visakhapatnam,2025-10-13,46.22,27.2,10.73,,2.68,0.61,12.56
Visakhapatnam,2025-10-14,46.53,25.56,9.06,0.12,1.61,2.85,14.27
Visakhapatnam,2025-10-15,45.34,29.62,8.07,,1.53,1.11,14.33
Visakhapatnam,2025-10-16,50.9,25.21,8.93,,2.65,1.33,10.98
Visakhapatnam,2025-10-17,48.2,27.06,7.47,0.13,1.29,1.8,14.05
Visakhapatnam,2025-10-18,49.39,24.58,9.44,0.48,1.45,2.06,12.59
Visakhapatnam,2025-10-19,46.82,27.37,8.49,,0.89,2.12,14.3
Visakhapatnam,2025-10-20,47.75,24.16,9.97,0.42,2.25,2.95,12.5
Visakhapatnam,2025-10-21,46.59,25.23,9.01,,1.93,1.54,15.7
Visakhapatnam,2025-10-22,48.4,24.83,9.15,0.14,1.8,2.64,13.04
Visakhapatnam,2025-10-23,51.74,22.46,10.3,0.12,2.23,1.86,11.29
Visakhapatnam,2025-10-24,49.13,25.68,9.31,0.25,1.74,1.24,12.66
Visakhapatnam,2025-10-25,52.49,23.34,8.29,0.24,0.59,1.3,13.74
Visakhapatnam,2025-10-26,53.64,24.31,7.15,0.12,1.31,0.95,12.51
Visakhapatnam,2025-10-27,46.64,22.09,11.77,0.45,1.35,1.79,15.92
Visakhapatnam,2025-10-28,48.29,23.19,7.37,0.27,1.09,2.86,16.92
Visakhapatnam,2025-10-29,53.01,25.1,6.91,,1.54,2.3,11.14
Visakhapatnam,2025-10-30,44.55,26.03,9.48,0.28,2.69,1.56,15.42
Visakhapatnam,2025-10-31,44.84,23.73,10.17,0.15,0.92,2.0,18.18
Visakhapatnam,2025-11-01,49.79,22.13,7.8,0.28,2.13,2.98,14.89
Visakhapatnam,2025-11-02,52.6,23.57,9.77,,1.56,1.56,10.94
Visakhapatnam,2025-11-03,50.07,20.9,10.8,0.14,1.4,1.82,14.87
Visakhapatnam,2025-11-04,49.47,30.02,7.4,0.11,1.8,1.06,10.15
Visakhapatnam,2025-11-05,50.76,26.33,8.23,,1.52,0.89,12.28
Visakhapatnam,2025-11-06,46.81,28.89,9.72,,0.97,1.67,11.94
Visakhapatnam,2025-11-07,46.96,26.03,10.18,,1.56,2.4,12.87
Visakhapatnam,2025-11-08,49.31,24.31,8.38,,1.92,2.88,13.19
Visakhapatnam,2025-11-09,52.23,24.65,8.5,,1.67,1.81,11.14
Visakhapatnam,2025-11-10,50.9,22.67,11.11,0.15,2.7,1.65,10.81
Visakhapatnam,2025-11-11,51.09,23.07,8.32,0.15,2.19,2.77,12.41
Visakhapatnam,2025-11-12,50.81,24.96,8.12,0.3,1.92,1.77,12.11
Visakhapatnam,2025-11-13,49.63,24.81,9.96,0.15,2.23,1.78,11.44
Visakhapatnam,2025-11-14,50.78,22.2,7.76,0.16,2.33,1.86,14.91
Visakhapatnam,2025-11-15,51.6,28.17,7.11,,1.39,2.09,9.62
Visakhapatnam,2025-11-16,50.66,26.92,7.96,0.27,2.52,2.52,9.15
Visakhapatnam,2025-11-17,44.04,28.89,8.84,0.42,2.38,2.24,13.18
Visakhapatnam,2025-11-18,46.44,23.9,8.31,0.17,2.03,1.69,17.46
Visakhapatnam,2025-11-19,47.22,23.26,12.33,,1.04,1.22,14.93
Visakhapatnam,2025-11-20,45.45,25.45,11.74,0.17,2.15,1.65,13.39
Visakhapatnam,2025-11-21,47.3,25.58,9.09,0.15,1.23,2.16,14.48
Visakhapatnam,2025-11-22,49.32,24.28,7.99,,1.96,3.17,13.27
Visakhapatnam,2025-11-23,47.47,29.43,4.75,0.16,1.9,2.22,14.08
Visakhapatnam,2025-11-24,49.38,23.18,9.05,0.14,1.78,1.92,14.54
Visakhapatnam,2025-11-25,55.19,30.15,5.92,0.08,0.65,0.89,7.13
Visakhapatnam,2025-11-26,50.56,28.54,6.97,,1.35,1.46,11.12
Visakhapatnam,2025-11-27,52.54,25.29,8.21,,1.69,1.43,10.82
Visakhapatnam,2025-11-28,47.14,26.66,9.49,0.15,1.05,1.66,13.86
Visakhapatnam,2025-11-29,50.81,27.18,6.94,,0.15,1.33,13.59
Visakhapatnam,2025-11-30,51.98,26.44,6.53,,1.37,1.22,12.46
Visakhapatnam,2025-12-01,48.48,23.36,12.32,,1.92,1.92,12.0
Visakhapatnam,2025-12-02,49.78,21.42,10.13,0.14,2.03,3.18,13.31
Visakhapatnam,2025-12-03,48.4,26.97,8.75,0.15,1.02,1.02,13.7
Visakhapatnam,2025-12-04,49.09,24.55,9.56,,1.48,1.81,13.51
Visakhapatnam,2025-12-05,46.61,23.55,11.13,,2.26,0.97,15.48
Visakhapatnam,2025-12-06,54.51,23.46,6.72,,2.0,1.57,11.73
Visakhapatnam,2025-12-07,48.88,26.05,9.94,,1.4,0.98,12.75
Visakhapatnam,2025-12-08,52.69,24.02,9.17,,1.31,2.47,10.33
Visakhapatnam,2025-12-09,44.15,26.17,10.53,,2.19,2.34,14.62
Visakhapatnam,2025-12-10,50.0,23.62,7.25,0.14,1.88,1.88,15.22
Visakhapatnam,2025-12-11,45.75,26.74,8.81,,1.7,3.71,13.29
Visakhapatnam,2025-12-12,49.16,27.41,7.5,0.15,1.23,0.77,13.78
Visakhapatnam,2025-12-13,46.01,25.11,8.56,,1.89,1.6,16.84
Visakhapatnam,2025-12-14,49.86,25.86,7.86,,2.29,1.29,12.86
Visakhapatnam,2025-12-15,47.2,22.29,10.69,,3.52,1.69,14.6
Visakhapatnam,2025-12-16,47.84,26.44,9.05,,2.01,2.44,12.21
Visakhapatnam,2025-12-17,45.07,23.67,8.19,,1.67,2.12,19.27
Visakhapatnam,2025-12-18,48.6,26.69,9.56,,1.65,1.15,12.36
Visakhapatnam,2025-12-19,44.88,25.62,11.18,0.16,2.33,2.17,13.66
Visakhapatnam,2025-12-20,46.46,26.4,8.85,0.29,2.8,0.59,14.6
Visakhapatnam,2025-12-21,43.84,28.08,10.55,0.14,2.33,1.78,13.29
Visakhapatnam,2025-12-22,44.61,26.38,11.33,0.28,1.52,0.97,14.92
Visakhapatnam,2025-12-23,45.97,24.52,10.0,,2.1,1.77,15.65
Visakhapatnam,2025-12-24,50.52,23.56,11.26,,2.52,0.89,11.26
Visakhapatnam,2025-12-25,44.98,25.68,11.99,0.13,1.43,1.43,14.34
Visakhapatnam,2025-12-26,45.32,24.56,10.31,0.14,2.17,1.9,15.6
Visakhapatnam,2025-12-27,45.75,25.81,8.06,,2.35,1.61,16.42
Visakhapatnam,2025-12-28,43.33,27.95,9.53,0.25,2.16,2.29,14.49
Visakhapatnam,2025-12-29,40.81,23.68,11.84,,1.87,2.65,19.16
Visakhapatnam,2025-12-30,44.36,24.73,9.43,0.46,1.24,1.85,17.93
Visakhapatnam,2025-12-31,46.02,26.73,8.85,,1.59,2.12,14.69
Visakhapatnam,2026-01-01,46.22,27.82,8.56,0.14,0.86,1.85,14.55
Visakhapatnam,2026-01-02,44.53,28.46,9.35,0.13,1.98,3.29,12.25
Visakhapatnam,2026-01-03,49.26,24.22,9.07,,1.62,1.22,14.61
Visakhapatnam,2026-01-04,48.47,23.9,9.69,0.13,1.99,1.59,14.21
Visakhapatnam,2026-01-05,47.39,27.92,9.18,,1.49,0.87,13.15
Visakhapatnam,2026-01-06,48.24,27.46,9.72,,1.09,1.22,12.27
Visakhapatnam,2026-01-07,45.42,27.1,9.29,0.13,2.58,1.81,13.68
Visakhapatnam,2026-01-08,44.83,27.34,10.81,,1.27,1.59,14.15
Visakhapatnam,2026-01-09,47.34,24.65,12.04,,2.24,0.7,13.03
Visakhapatnam,2026-01-10,43.8,26.86,10.36,0.44,0.88,2.48,15.18
Visakhapatnam,2026-01-11,48.54,23.14,7.71,0.13,1.99,1.86,16.62
Visakhapatnam,2026-01-12,47.2,23.95,8.4,0.14,2.1,1.26,16.95
Visakhapatnam,2026-01-13,48.64,28.51,6.86,,1.85,1.52,12.62
Visakhapatnam,2026-01-14,48.66,25.18,6.61,,1.97,1.41,16.17
Visakhapatnam,2026-01-15,46.87,24.33,8.81,0.45,1.94,2.24,15.37
Visakhapatnam,2026-01-16,49.86,26.4,6.42,,1.26,1.82,14.25
Visakhapatnam,2026-01-17,49.41,24.44,8.8,0.13,2.23,1.31,13.67
Visakhapatnam,2026-01-18,49.57,27.85,5.64,0.12,1.47,1.35,13.99
Visakhapatnam,2026-01-19,44.58,26.6,9.98,,1.23,2.09,15.52
Visakhapatnam,2026-01-20,46.59,28.35,8.15,,1.46,1.34,14.11
Visakhapatnam,2026-01-21,49.8,22.88,10.23,0.13,2.02,2.15,12.79
Visakhapatnam,2026-01-22,45.69,23.2,12.45,0.42,1.56,1.98,14.71
Visakhapatnam,2026-01-23,46.45,26.37,10.58,,1.61,2.81,12.18
Visakhapatnam,2026-01-24,48.81,24.11,9.97,,0.74,1.64,14.73
Visakhapatnam,2026-01-25,48.9,24.02,8.95,0.12,1.23,2.21,14.58
Visakhapatnam,2026-01-26,49.02,26.46,10.95,0.22,1.3,1.41,10.63
Visakhapatnam,2026-01-27,51.28,26.25,7.12,0.33,1.22,2.11,11.68
Visakhapatnam,2026-01-28,47.09,26.69,9.13,0.12,1.54,2.61,12.81
Visakhapatnam,2026-01-29,48.48,29.67,7.81,,1.74,3.18,9.12
Visakhapatnam,2026-01-30,46.61,24.24,8.47,,2.37,2.88,15.42
Visakhapatnam,2026-01-31,50.5,21.91,9.87,,1.17,2.51,14.05
Visakhapatnam,2026-02-01,48.93,23.8,9.42,,1.49,1.98,14.38
Visakhapatnam,2026-02-02,45.37,25.99,10.87,,0.88,2.94,13.95
Visakhapatnam,2026-02-03,45.75,22.95,9.84,,2.09,1.34,18.03
Visakhapatnam,2026-02-04,44.21,25.71,10.38,0.15,1.2,1.65,16.69
Visakhapatnam,2026-02-05,46.55,26.58,9.31,,1.5,1.05,15.02
Visakhapatnam,2026-02-06,49.93,21.0,10.72,0.29,1.03,2.06,14.98
Visakhapatnam,2026-02-07,47.35,25.59,9.71,0.15,1.62,2.5,13.09
Visakhapatnam,2026-02-08,49.26,21.53,7.96,0.29,1.62,2.8,16.52
Visakhapatnam,2026-02-09,46.86,25.11,7.3,0.29,1.61,2.34,16.5
Visakhapatnam,2026-02-10,47.3,24.47,10.96,,2.1,1.2,13.96
Visakhapatnam,2026-02-11,47.12,21.41,10.06,0.16,2.08,1.76,17.41
Visakhapatnam,2026-02-12,45.59,24.07,9.57,0.3,2.09,2.84,15.55
Visakhapatnam,2026-02-13,44.79,23.96,12.05,0.15,1.64,1.93,15.48
Visakhapatnam,2026-02-14,46.59,23.72,11.08,0.14,1.85,2.56,14.06
Visakhapatnam,2026-02-15,40.61,19.92,9.2,,1.28,2.17,26.82
Visakhapatnam,2026-02-16,45.69,22.62,8.92,,0.92,2.15,19.69
Visakhapatnam,2026-02-17,48.91,25.61,9.86,0.51,1.54,0.9,12.68
Visakhapatnam,2026-02-18,49.17,25.61,8.54,,1.66,1.53,13.5
Visakhapatnam,2026-02-19,44.57,26.83,8.94,0.15,1.17,1.76,16.57
Visakhapatnam,2026-02-20,48.56,27.43,7.41,0.41,1.37,2.33,12.48
Visakhapatnam,2026-02-21,46.86,24.97,9.21,,1.6,2.54,14.82
Visakhapatnam,2026-02-22,40.98,22.83,13.11,0.12,2.34,1.29,19.32
Visakhapatnam,2026-02-23,43.06,26.82,12.42,,1.98,0.79,14.93
Visakhapatnam,2026-02-24,42.64,26.73,8.71,,1.95,1.8,18.17
Visakhapatnam,2026-02-25,46.94,23.19,8.19,0.14,1.67,1.39,18.47
Visakhapatnam,2026-02-26,44.78,18.08,10.85,0.14,0.83,1.95,23.37
Visakhapatnam,2026-02-27,46.03,23.54,12.89,,1.05,1.5,14.99
Visakhapatnam,2026-02-28,45.4,22.62,9.05,,2.42,1.45,19.06
Visakhapatnam,2026-03-01,47.9,21.63,8.42,0.15,0.87,1.16,19.88
Visakhapatnam,2026-03-02,45.85,19.72,11.89,,0.94,3.29,18.31
Visakhapatnam,2026-03-03,45.13,23.11,10.22,0.16,1.89,1.26,18.24
Visakhapatnam,2026-03-04,44.37,25.21,10.92,0.17,1.01,2.02,16.3
Visakhapatnam,2026-03-05,41.63,23.5,10.29,,0.92,1.84,21.81
Visakhapatnam,2026-03-06,44.43,23.99,10.99,,1.7,2.48,16.41
Visakhapatnam,2026-03-07,43.64,27.57,10.57,0.15,2.91,1.84,13.32
Visakhapatnam,2026-03-08,35.89,20.82,12.05,,1.23,0.96,29.04
Visakhapatnam,2026-03-09,43.92,24.48,11.42,,1.34,1.04,17.8
Visakhapatnam,2026-03-10,48.88,20.51,10.81,,0.7,2.11,16.99
Visakhapatnam,2026-03-11,48.16,23.84,9.28,0.16,1.28,2.88,14.4
Visakhapatnam,2026-03-12,43.8,29.1,9.65,0.15,1.23,1.99,14.09
Visakhapatnam,2026-03-13,43.94,23.03,11.21,,1.97,2.42,17.42
Visakhapatnam,2026-03-14,45.24,25.24,8.69,,1.24,2.34,17.24
Visakhapatnam,2026-03-15,46.67,23.33,9.86,0.29,2.03,1.59,16.23
Visakhapatnam,2026-03-16,44.38,24.26,9.76,0.15,1.78,2.37,17.31
Visakhapatnam,2026-03-17,47.65,23.41,9.83,,1.8,3.46,13.85
Visakhapatnam,2026-03-18,45.19,24.22,10.71,,1.55,2.02,16.3
Visakhapatnam,2026-03-19,44.87,24.67,9.96,,1.19,2.97,16.34
Visakhapatnam,2026-03-20,38.86,25.41,10.6,,0.95,2.45,21.74
Visakhapatnam,2026-03-21,43.21,23.76,10.57,0.13,1.83,3.79,16.71
Visakhapatnam,2026-03-22,45.0,23.78,9.86,0.27,1.49,2.16,17.43
Visakhapatnam,2026-03-23,42.13,26.38,11.49,,1.84,2.41,15.74
Visakhapatnam,2026-03-24,44.62,21.96,12.59,0.28,2.38,1.54,16.64
Visakhapatnam,2026-03-25,48.13,23.36,10.28,0.62,0.47,3.12,14.02
Visakhapatnam,2026-03-26,46.41,20.63,9.38,,2.03,2.03,19.53
Visakhapatnam,2026-03-27,46.21,23.77,9.21,0.3,2.08,1.19,17.24
Visakhapatnam,2026-03-28,49.72,22.93,9.83,0.14,1.42,2.56,13.39
Visakhapatnam,2026-03-29,46.8,25.19,9.85,0.13,1.15,1.28,15.6
Visakhapatnam,2026-03-30,44.41,26.59,9.62,0.28,2.26,0.71,16.12
Visakhapatnam,2026-03-31,49.74,20.87,8.0,,1.39,1.91,18.09
Visakhapatnam,2026-04-01,41.17,28.09,9.54,0.53,1.59,2.3,16.78
Visakhapatnam,2026-04-02,44.37,23.11,8.99,0.29,1.57,3.85,17.83
Visakhapatnam,2026-04-03,40.15,28.24,10.84,0.15,1.98,3.05,15.57
Visakhapatnam,2026-04-04,42.38,23.48,12.35,0.15,0.91,1.52,19.21
Visakhapatnam,2026-04-05,45.86,20.89,7.49,,1.05,1.18,23.52
Visakhapatnam,2026-04-06,41.92,24.4,8.23,,1.2,3.14,21.11
Visakhapatnam,2026-04-07,43.47,26.14,8.51,0.15,1.06,3.19,17.48
Visakhapatnam,2026-04-08,46.07,25.12,7.86,0.15,2.47,2.31,16.02
Visakhapatnam,2026-04-09,50.5,24.5,9.44,0.17,0.99,1.82,12.58
Visakhapatnam,2026-04-10,47.18,23.51,9.72,,1.41,1.57,16.61
Visakhapatnam,2026-04-11,46.94,20.85,11.52,0.15,2.04,2.19,16.33
Visakhapatnam,2026-04-12,44.62,27.27,7.69,,1.12,1.4,17.9
Visakhapatnam,2026-04-13,44.43,25.76,9.7,0.14,1.88,2.32,15.77
Visakhapatnam,2026-04-14,46.09,21.76,8.25,0.14,2.42,2.56,18.78
Visakhapatnam,2026-04-15,45.02,27.2,12.07,,0.57,2.49,12.64
Visakhapatnam,2026-04-16,46.49,22.14,8.3,,1.29,3.14,18.63
Visakhapatnam,2026-04-17,47.7,22.95,9.98,0.4,1.6,2.99,14.37
Visakhapatnam,2026-04-18,45.2,24.72,9.04,0.18,1.85,3.32,15.68
Visakhapatnam,2026-04-19,49.91,23.43,10.55,0.36,1.07,1.97,12.7
Visakhapatnam,2026-04-20,47.7,23.17,9.37,0.34,1.36,2.21,15.84
Visakhapatnam,2026-04-21,50.26,23.22,6.59,0.17,1.21,2.95,15.6
Visakhapatnam,2026-04-22,50.26,22.43,8.7,,1.39,1.57,15.65
Visakhapatnam,2026-04-23,53.18,22.79,7.42,0.18,1.59,1.94,12.9
Visakhapatnam,2026-04-24,48.79,21.6,11.92,0.56,1.12,1.12,14.9
Visakhapatnam,2026-04-25,48.02,26.55,8.66,0.38,1.32,1.51,13.56
Visakhapatnam,2026-04-26,46.89,23.8,9.06,,1.95,2.84,15.45
Visakhapatnam,2026-04-27,50.33,21.59,9.47,,0.83,2.99,14.78
Visakhapatnam,2026-04-28,49.48,17.94,10.98,0.17,0.52,2.61,18.29
Visakhapatnam,2026-04-29,49.03,23.75,8.49,,1.93,2.9,13.9
Visakhapatnam,2026-04-30,52.17,19.66,10.02,,1.89,0.95,15.31
Visakhapatnam,2026-05-01,41.76,24.31,10.39,,2.35,3.33,17.84
Visakhapatnam,2026-05-02,40.49,23.59,11.44,,1.76,2.82,19.89
Visakhapatnam,2026-05-03,48.08,20.11,8.41,,2.38,4.02,17.0
Visakhapatnam,2026-05-04,44.02,19.88,10.81,,1.54,1.74,22.01
Visakhapatnam,2026-05-05,46.65,21.56,8.36,,1.3,2.04,20.07
Visakhapatnam,2026-05-06,42.36,26.27,9.37,,1.22,4.07,16.7
Visakhapatnam,2026-05-07,44.19,22.29,12.19,,1.33,1.9,18.1
Visakhapatnam,2026-05-08,42.09,25.43,10.04,0.43,2.56,1.92,17.52
Visakhapatnam,2026-05-09,43.3,25.87,11.93,0.18,2.39,1.28,15.05
Visakhapatnam,2026-05-10,47.37,24.7,9.92,,1.62,1.01,15.38
Visakhapatnam,2026-05-11,47.81,26.48,9.52,0.76,2.67,1.33,11.43
Visakhapatnam,2026-05-12,46.55,26.03,8.45,,2.41,1.55,15.0
Visakhapatnam,2026-05-13,47.76,23.32,8.77,,1.68,2.43,16.04
Visakhapatnam,2026-05-14,49.51,25.25,8.48,,1.58,1.97,13.21
Visakhapatnam,2026-05-15,46.24,26.32,8.83,,0.94,3.38,14.29
Visakhapatnam,2026-05-16,44.19,23.08,11.09,,1.43,3.04,17.17
Visakhapatnam,2026-05-17,44.93,22.73,13.81,,3.32,1.75,13.46
Visakhapatnam,2026-05-18,43.71,23.13,7.82,0.17,1.87,2.55,20.75
Visakhapatnam,2026-05-19,44.12,27.02,10.11,,3.13,2.21,13.42
Visakhapatnam,2026-05-20,42.62,25.87,9.45,,2.32,2.32,17.41
Visakhapatnam,2026-05-21,43.39,19.68,7.26,0.16,1.61,1.94,25.97
Visakhapatnam,2026-05-22,49.01,22.37,7.24,,1.64,3.45,16.28
Visakhapatnam,2026-05-23,44.06,20.0,9.13,0.14,2.03,2.75,21.88
Visakhapatnam,2026-05-24,41.86,21.4,12.09,0.16,1.71,2.33,20.47
Visakhapatnam,2026-05-25,46.4,21.47,11.38,0.14,0.86,2.45,17.29
Visakhapatnam,2026-05-26,44.7,24.0,11.3,0.17,1.04,1.22,17.57
Visakhapatnam,2026-05-27,42.05,21.1,10.1,0.45,3.12,1.78,21.4
Visakhapatnam,2026-05-28,48.52,25.85,8.09,,0.91,0.57,16.06
Visakhapatnam,2026-05-29,41.55,23.76,11.94,0.38,2.16,2.8,17.41
Visakhapatnam,2026-05-30,43.46,22.22,11.39,0.42,1.69,1.13,19.69
Visakhapatnam,2026-05-31,43.46,24.45,11.99,,1.71,1.09,17.29
Visakhapatnam,2026-06-01,44.92,24.24,10.17,,1.19,2.37,17.12
Visakhapatnam,2026-06-02,44.26,22.97,10.14,,3.21,2.36,17.06
Visakhapatnam,2026-06-03,42.05,27.06,11.52,,1.1,0.91,17.37
Visakhapatnam,2026-06-04,47.9,20.45,9.97,,1.22,1.57,18.88
Visakhapatnam,2026-06-05,44.02,23.74,12.65,,1.73,1.91,15.94
Visakhapatnam,2026-06-06,45.3,22.33,11.48,,3.03,1.75,16.11
Visakhapatnam,2026-06-07,45.36,22.85,9.77,,4.47,0.33,17.22
Visakhapatnam,2026-06-08,46.93,22.17,8.41,,0.81,3.24,18.45
Visakhapatnam,2026-06-09,44.99,22.67,10.19,,2.46,1.93,17.75
Visakhapatnam,2026-06-10,42.73,24.96,13.29,,1.62,1.62,15.8
Visakhapatnam,2026-06-11,43.12,23.73,11.23,,1.45,2.17,18.3
Visakhapatnam,2026-06-12,43.63,24.35,11.44,0.33,0.82,1.8,17.65
Visakhapatnam,2026-06-13,40.14,21.74,13.33,,1.16,3.19,20.43
Visakhapatnam,2026-06-14,40.17,26.32,8.89,,2.05,0.85,21.71
Visakhapatnam,2026-06-15,43.0,21.75,14.66,0.16,0.99,1.15,18.29
Visakhapatnam,2026-06-16,38.41,22.76,11.9,0.21,2.09,1.67,22.96
Visakhapatnam,2026-06-17,41.99,21.75,12.14,0.17,1.69,1.35,20.91
Visakhapatnam,2026-06-18,41.17,24.8,9.24,,2.43,1.78,20.58
Visakhapatnam,2026-06-19,43.91,21.37,15.19,,1.34,2.34,15.86
Visakhapatnam,2026-06-20,40.21,21.82,11.51,,3.09,2.58,20.79
Visakhapatnam,2026-06-21,47.31,21.86,11.11,,2.51,2.33,14.87
Visakhapatnam,2026-06-22,42.56,22.49,9.71,,2.59,2.43,20.23
Visakhapatnam,2026-06-23,44.54,21.5,10.92,,2.22,2.05,18.77
Visakhapatnam,2026-06-24,47.53,24.51,9.54,,1.15,3.13,14.14
Visakhapatnam,2026-06-25,39.44,21.74,13.98,,1.86,2.64,20.34
Visakhapatnam,2026-06-26,41.21,23.93,11.67,0.15,2.22,1.48,19.35
Visakhapatnam,2026-06-27,39.94,23.73,12.74,0.14,1.88,2.17,19.39
Visakhapatnam,2026-06-28,40.61,23.46,13.11,0.16,1.46,2.1,19.09
Visakhapatnam,2026-06-29,44.3,20.68,11.07,0.49,1.3,1.47,20.68
Visakhapatnam,2026-06-30,49.92,21.1,11.27,,1.77,1.93,14.01
Visakhapatnam,2026-07-01,50.94,20.57,9.62,,0.75,2.45,15.66
Visakhapatnam,2026-07-02,46.59,22.53,10.24,,1.37,3.07,16.21
Visakhapatnam,2026-07-03,48.9,18.61,10.66,0.17,1.69,2.2,17.77
Visakhapatnam,2026-07-04,44.08,23.03,8.55,,1.32,2.3,20.72
Visakhapatnam,2026-07-05,46.07,21.97,10.0,0.16,1.97,2.62,17.21
Visakhapatnam,2026-07-06,45.71,21.14,8.38,0.38,1.33,3.43,19.62
Visakhapatnam,2026-07-07,45.58,21.02,9.72,0.35,1.77,2.3,19.26
Visakhapatnam,2026-07-08,44.24,24.01,9.87,,1.32,2.14,18.42
Visakhapatnam,2026-07-09,44.7,27.41,9.81,,1.87,2.34,13.86
Visakhapatnam,2026-07-10,44.68,22.8,13.1,,1.85,1.85,15.72
Visakhapatnam,2026-07-11,42.26,24.31,9.55,0.14,1.45,2.75,19.54
Visakhapatnam,2026-07-12,41.19,27.07,9.32,,1.75,4.37,16.3
Visakhapatnam,2026-07-13,38.99,22.02,13.87,,1.79,1.79,21.53
Visakhapatnam,2026-07-14,46.84,23.34,10.21,,1.94,2.27,15.4
Visakhapatnam,2026-07-15,44.46,21.99,11.55,0.16,1.9,2.53,17.41
Visakhapatnam,2026-07-16,42.75,21.68,15.57,0.15,1.53,2.6,15.73
Visakhapatnam,2026-07-17,43.12,21.98,12.25,0.17,3.02,1.17,18.29
Visakhapatnam,2026-07-18,42.14,23.66,12.16,,0.81,2.27,18.96
Visakhapatnam,2026-07-19,44.67,24.27,10.2,,1.39,2.47,17.0
Visakhapatnam,2026-07-20,42.55,21.81,12.9,,2.0,2.61,18.13
Visakhapatnam,2026-07-21,45.05,22.72,12.04,0.19,2.52,1.55,15.92
Visakhapatnam,2026-07-22,46.29,23.05,10.74,0.59,1.95,2.73,14.65
Visakhapatnam,2026-07-23,50.24,21.46,10.57,,1.46,1.79,14.47
Visakhapatnam,2026-07-24,48.56,25.09,10.41,,0.5,2.01,13.43
Visakhapatnam,2026-07-25,44.95,23.76,11.95,,1.56,2.56,15.22
Visakhapatnam,2026-07-26,45.71,25.11,10.98,,1.2,1.2,15.79
Visakhapatnam,2026-07-27,43.37,23.2,11.67,,1.73,1.15,18.88
Visakhapatnam,2026-07-28,46.64,22.48,9.48,0.15,1.22,1.99,18.04
Visakhapatnam,2026-07-29,43.42,25.49,11.18,,1.15,2.63,16.12
Visakhapatnam,2026-07-30,43.86,24.57,11.51,,2.33,1.56,16.17
Visakhapatnam,2026-07-31,44.99,22.66,9.36,0.16,1.31,1.97,19.54
Visakhapatnam,2026-08-01,44.83,21.96,13.07,,1.63,1.81,16.7
Visakhapatnam,2026-08-02,47.44,21.15,9.62,,1.28,2.56,17.95
Visakhapatnam,2026-08-03,42.84,21.19,11.19,0.15,2.39,3.58,18.66
Visakhapatnam,2026-08-04,43.9,18.64,10.68,,3.05,3.9,19.83
Visakhapatnam,2026-08-05,46.36,19.69,11.01,0.16,2.17,3.1,17.52
Visakhapatnam,2026-08-06,48.34,22.72,10.42,0.43,1.88,1.74,14.47
Visakhapatnam,2026-08-07,41.93,20.51,11.31,,2.26,1.96,22.02
Visakhapatnam,2026-08-08,38.96,23.01,14.26,,2.15,2.3,19.33
Visakhapatnam,2026-08-09,41.14,24.5,13.56,0.15,2.31,1.85,16.49
Visakhapatnam,2026-08-10,44.59,23.77,12.13,,1.48,2.79,15.25
Visakhapatnam,2026-08-11,43.99,23.18,14.72,0.17,1.35,2.2,14.38
Visakhapatnam,2026-08-12,43.25,23.48,11.09,0.18,2.03,2.03,17.93
Visakhapatnam,2026-08-13,44.46,24.24,12.52,0.32,1.61,2.09,14.77
Visakhapatnam,2026-08-14,47.57,23.6,8.47,,2.34,1.62,16.4
Visakhapatnam,2026-08-15,46.79,24.93,10.2,,1.31,2.33,14.43
Visakhapatnam,2026-08-16,46.63,23.4,8.65,,1.44,2.56,17.31
Visakhapatnam,2026-08-17,43.62,20.84,11.31,,2.58,3.72,17.93
Visakhapatnam,2026-08-18,45.7,22.62,10.86,0.45,1.36,2.87,16.14
Visakhapatnam,2026-08-19,47.26,19.52,10.81,,0.65,3.39,18.39
Visakhapatnam,2026-08-20,47.39,17.81,12.09,,2.12,1.31,19.28
Visakhapatnam,2026-08-21,49.77,21.53,8.58,,1.87,1.56,16.69
Visakhapatnam,2026-08-22,38.26,26.28,11.51,,1.4,3.27,19.28
Visakhapatnam,2026-08-23,46.33,19.57,16.67,,1.99,2.45,13.0
Visakhapatnam,2026-08-24,44.48,21.17,13.96,,1.69,2.15,16.56
Visakhapatnam,2026-08-25,45.41,21.38,14.49,0.18,3.0,0.71,14.84
Visakhapatnam,2026-08-26,46.01,21.63,13.5,,2.48,1.65,14.74
Visakhapatnam,2026-08-27,43.21,24.67,11.09,0.17,2.81,0.83,17.22
Visakhapatnam,2026-08-28,45.09,19.32,14.49,0.32,0.81,2.25,17.71
Visakhapatnam,2026-08-29,41.13,21.28,15.74,0.28,1.84,1.13,18.58
Visakhapatnam,2026-08-30,45.2,21.67,14.09,0.15,2.17,1.08,15.63
Visakhapatnam,2026-08-31,41.44,20.72,16.27,,2.57,1.2,17.81
